					Render 0:00:00:006
*** executable info
Timestamp:     	6aad2d75
Date:          	Fri Sep 18 08:24:21 2026
Command line:  	-nointro
Compiler:      	195136247, 142 (VS 2019) or newer


*** hardware info
CPU name      	Intel(R) Core(TM) i7-14700K
CPU MHz       	3418
CPU cores     	20/28
Phys. Memory   	65278 MBytes
Memory In Use  	40%
Disk Free      	1225462 MBytes


*** OS info
OS:            	Windows 11
Version:       	10.0.26100 


*** Debug::Init()


					Render 0:00:00:091
Steam initialized (AppId 3215050)
					Render 0:00:00:094
Drive type for game installation: SSD, savegames: SSD
Language: English
					Render 0:00:01:499
*** graphics info
GPU                            	NVIDIA GeForce RTX 4080 Feature Level: 12.1 {  DoublePrecisionFloatShaderOps: 1 OutputMergerLogicOp: 1 MinPrecisionSupport: 2 TiledResourcesTier: 4 ResourceBindingTier: 3 PSSpecifiedStencilRefSupported: 0 TypedUAVLoadAdditionalFormats: 1 ROVsSupported: 1 ConservativeRasterizationTier: 3 MaxGPUVirtualAddressBitsPerResource: 40 StandardSwizzle64KBSupported: 0 CrossNodeSharingTier: 0 CrossAdapterRowMajorTextureSupported: 0 VPAndRTArrayIndexFromAnyShaderFeedingRasterizerSupportedWithoutGSEmulation: 1 ResourceHeapTier: 2 NotZeroedPools: 1 UMA: 0 UnalignedBlockTextures: 1}
API                            	d3d12
GPU Driver Version             	32.0.16.1074
GPU Driver Package Version     	610.74
GPU Dedicated Video Memory     	16048 MB
					Render 0:00:01:650

Libs: Network, Sequences, MouseTrackWin, DumbAI, MapGen, Paradox, TriggersAndEvents, Notifications, Research, Resources, Tutorial, Objectives 

					Render 0:00:01:893

Platform: desktop, editor, goldmaster, paradox, pc, steam

					Render 0:00:02:936
*** audio info
Audio Endpoint                 	Speakers (Razer Leviathan V2)
						Lua 0:00:02:937
Lua revision: 405907
Assets revision: 33225
Steam AppID: 3215050
Build version: 1.1.1.405907
Build branch:  Release
						Lua 0:00:02:945
Account storage loaded successfully in 6 ms
						Lua 0:00:02:946
DLC norman loaded, lua revision 405907, assets revision 33225
DLC thomas loaded, lua revision 405907, assets revision 33225
						Lua 0:00:02:950
[mod] Loaded mod def TEMPORARY - Linux NVIDIA 580 Crash Workaround (id SMR_FR1TempWorkaround, v0.00-003) unpacked from appdata
[mod] Loaded mod def DEV ONLY - Rail Shaft (cross-map train tunnel prototype) (id SMR_RailShaftDev_20260923, v0.00-001) unpacked from appdata
[mod] Loaded mod def Passage Network (id iooW34Y, v1.00-038) packed from steam
[mod] Loaded mod def DEV ONLY - Train Hub Prototype (id SMR_TrainHubPrototype_20260918, v0.00-002) unpacked from appdata
[mod] Loaded mod def Relaunched Fix Pack (id SMR_CommunityFixPack, v1.00-021) unpacked from appdata
[mod] Loaded mod def Relaunched Fix Pack: Opt-In Modules (id SMR_CommunityOptInPack, v1.00-000) unpacked from appdata
[mod] Loaded mod def DEV ONLY - Train Hub (Module B build) (id SMR_TrainHubDev_20260918, v0.00-052) unpacked from appdata
[mod] Loaded mod def Community Fix Pack — Test Kit (id SMR_CommunityFixPackTestKit, v0.00-001) unpacked from appdata
						Lua 0:00:03:348
[mod] [CommunityFixPack] LoadFirst: already first of 5 (SMR_CommunityFixPack, SMR_CommunityFixPackTestKit, SMR_TrainHubDev_20260918, SMR_CommunityOptInPack, SMR_RailShaftDev_20260923); nothing written
[mod] [CommunityFixPack] LoadFirst: applied
[mod] [CommunityFixPack] LanderEmptyLaunch: applied
[mod] [CommunityFixPack] ShelterReflex: applied
[mod] [CommunityFixPack] TrackSalvageWipe: applied
[mod] [CommunityFixPack] LakeEntombment: applied
[mod] [CommunityFixPack] RocketDroneChurn: applied
[mod] [CommunityFixPack] ShuttleTransportCache: applied
[mod] [CommunityFixPack] VacuumWalks: applied
						Lua 0:00:03:349
[mod] [CommunityFixPack] ArrivalDeaths: applied
[mod] [CommunityFixPack] PassageHubSalvageDrain: applied
[mod] [CommunityFixPack] HubLocalAccess: applied
[mod] [CommunityFixPack] HubMarkerDeparture: applied
[mod] [CommunityFixPack] RescueReturnText: applied
[mod] [CommunityFixPack] ObsoleteHomeRescue: applied
[mod] [CommunityFixPack] StaleReservations: applied
[mod] [CommunityFixPack] CrystalMysteryHang: applied
[mod] [CommunityFixPack] DustSicknessBiorobots: applied
						Lua 0:00:03:350
[mod] [CommunityFixPack] PayloadTemplateRefill: applied
[mod] [CommunityFixPack] ShuttleHubOffAvailable: applied
[mod] [CommunityFixPack] FreedHousingNotice: applied
[mod] [CommunityFixPack] LandscapeUnitFilter: applied
						Lua 0:00:03:351
[mod] [CommunityFixPack] RocketInteractGuard: applied
[mod] [CommunityFixPack] TrackConnectorPingPong: applied
[mod] [CommunityFixPack] TrackTunnelPowerBridge: applied
[mod] [CommunityFixPack] SequenceLatents: applied
[mod] [CommunityFixPack] TrackSalvageRefund: applied
[mod] [CommunityFixPack] DroneTransportMinors: applied
[mod] [CommunityFixPack] ScanDowngrade: applied
						Lua 0:00:03:352
[mod] [CommunityFixPack] BombardmentSpread: applied
[mod] [CommunityFixPack] ExtenderFlapChurn: applied
[mod] [CommunityFixPack] SaintBlessing: applied
[mod] [CommunityFixPack] ExoticDepositSign: applied
[mod] [CommunityFixPack] JumboCaveReinforcementWedge: applied
[mod] [CommunityFixPack] SilentHitMomentFX: applied
[mod] [CommunityFixPack] CloggedBuildingRelease: applied
						Lua 0:00:03:353
[mod] [CommunityFixPack] FactionDomeSizeGate: applied
[mod] [CommunityFixPack] HabitatExpeditionReturn: applied
[mod] [CommunityFixPack] HabitatExpeditionDraft: applied
[mod] [CommunityFixPack] RoverSubclassManifest: applied
[mod] [CommunityFixPack] DryFarmingFarms: applied
[mod] [CommunityFixPack] WildfireCureVisit: applied
						Lua 0:00:03:354
[mod] [CommunityFixPack] GhostPowerCells: applied
[mod] [CommunityFixPack] SaveSanitizer: applied
[mod] [SMRTest] console enable requested (flag set, no overlay) — press Enter (or Alt-Shift-C) once in a colony
[SMRTest] console enable requested (flag set, no overlay) — press Enter (or Alt-Shift-C) once in a colony
						Lua 0:00:03:355
[mod] [SMRTest] no debug.getinfo (mod sandbox) — [install] probes will SKIP
[SMRTest] no debug.getinfo (mod sandbox) — [install] probes will SKIP
[mod] [SMRTest] test kit loaded — SMRTest.RunAll(), SMRTest.List(), SMRTest.<ProbeId>()
[SMRTest] test kit loaded — SMRTest.RunAll(), SMRTest.List(), SMRTest.<ProbeId>()
						Lua 0:00:03:359
[mod] [SMRTK] SMRTK_CORE loaded=true tee=false t=0 id=1
[SMRTK] SMRTK_CORE loaded=true tee=false t=0 id=1
						Lua 0:00:03:363
[mod] [SMRTest][carry] fixture-carry dump available — run SMRTest.FixtureCarry()
						Lua 0:00:03:365
[TrainHubDev] hub classes loaded: six-connector hub, built-in drone controller, maintenance reserve
						Lua 0:00:03:366
[TrainHubDev] train export floor loaded (standing + transient holds)
[TrainDistribution] synchronous console prototype loaded; drone baselines are samples only
						Lua 0:00:03:367
[mod] [CommunityOptInPack] AcknowledgedWarnings: applied
[mod] [CommunityOptInPack] ResidencyControl: inactive (opt-in module, off by default — enable it in Options → Mod Options)
[mod] [CommunityOptInPack] MultipleSuns: applied
[mod] [CommunityOptInPack] DroneStatDials: applied
[RailShaftDev] loaded: cross-map train tunnel prototype. UNVERIFIED IN GAME.
						Lua 0:00:04:090
[TrainHubDev] save guard: native waiter snapshot; legacy hub load mapping retained
						Lua 0:00:04:165
[mod] [CommunityFixPack] SaintBlessing: inactive (no dome-colonists trait presets)
						Lua 0:00:04:253
Reloading done in 1303 ms
						Lua 0:00:04:255
Available DLCs: norman(Feeding the Future),thomas(Interplanetary Codex) 
						Lua 0:00:04:302
[mod] [SMRTK] SMRTK_CONSOLE_ARM enabled=true hook=DataLoading t=0 id=2
[SMRTK] SMRTK_CONSOLE_ARM enabled=true hook=DataLoading t=0 id=2
						Lua 0:00:04:678
[preset] Preset postprocess took 154 ms.
						Lua 0:00:04:725
482 / 482 particle streams loaded in 40 ms.
5 / 5 particle streams loaded in 0 ms.
						Lua 0:00:04:727
[mod] [CommunityFixPack] SilentHitMomentFX: registered 11 missing animation-moment preset(s)
[mod] [CommunityFixPack] FactionDomeSizeGate: 7 faction dislike(s) now wait for 10 colonists in a dome
[mod] [CommunityFixPack] DryFarmingFarms: left 1 farm(s) alone because DryFarming already reaches them (FarmUnderground via Farm)
[mod] [CommunityFixPack] DryFarmingFarms: added 2 water entr(y/ies) at -50% to DryFarming (1 adopted, 4 of 4 farms loaded)
[mod] [CommunityOptInPack] MultipleSuns: BuildingTemplates.ArtificialSun not found — build limit NOT lifted (binding fix still active)
						Lua 0:00:04:943
[mod] [CommunityFixPack] SaintBlessing: the shipped code resolves the trait label itself — data left untouched; save re-base armed for 1 preset(s) of 2
						Lua 0:00:04:944
[mod] [CommunityFixPack] DryFarmingFarms: left 1 farm(s) alone because DryFarming already reaches them (FarmUnderground via Farm)
[mod] [CommunityOptInPack] MultipleSuns: Artificial Sun build-once limit lifted
						Lua 0:00:05:035
[mod] [SMRTK] SMRTK_SHORTCUT console=true key=Ctrl-Shift-F11 t=0 id=3
						Lua 0:00:05:071
[mod] [SMRTK] SMRTK_SHORTCUT console=true key=Ctrl-Shift-F11 t=0 id=4
						Lua 0:00:05:086
[mod] Loaded mod items for: SMR_CommunityFixPack, SMR_CommunityFixPackTestKit, SMR_TrainHubDev_20260918, SMR_CommunityOptInPack, SMR_RailShaftDev_20260923
						Lua 0:00:05:342
[mod] [CommunityFixPack] SaintBlessing: the shipped code resolves the trait label itself — data left untouched; save re-base armed for 1 preset(s) of 2
[mod] [CommunityFixPack] DryFarmingFarms: left 1 farm(s) alone because DryFarming already reaches them (FarmUnderground via Farm)
						Lua 0:00:05:441
[mod] [SMRTK] SMRTK_SHORTCUT console=true key=Ctrl-Shift-F11 t=0 id=5
						Lua 0:00:06:074
[PdxSDK] Started up. Took 1279
						Lua 0:00:06:474
[Braze] SessionStart error The server name or address could not be resolved

						Lua 0:00:06:475
[Braze] Failed sending launcher ev The server name or address could not be resolved

[Braze] Failed to init
						Lua 0:00:06:700
[Braze] SessionStart error The server name or address could not be resolved

						Lua 0:00:06:701
[Braze] Failed sending launcher ev The server name or address could not be resolved

[Braze] Failed to init
						Lua 0:00:10:870
Load Game: 
	lua_revision: 405907 (last saved with) 
	orig_lua_revision: 403908 (created with) 
	assets_revision: 33225 

	dlcs: norman, thomas 

	mods: SMR_CommunityOptInPack, SMR_CommunityFixPackTestKit, SMR_CommunityFixPack, SMR_TrainHubDev_20260918, SMR_RailShaftDev_20260923 
						Lua 0:00:10:877
*** Reloading assets from folder 'BinAssets/'
						Lua 0:00:14:089
*** Assets reloaded in 3.2 s, read 359.0 MB, read speed 111.8 MB/s, average read 8137 bytes.
						Lua 0:00:15:165
[mod] [SMRTK] SMRTK_SHORTCUT console=true key=Ctrl-Shift-F11 t=4644 id=6
						Lua 0:00:16:008
[mod] [SMRTK] SMRTK_CONSOLE_ARM enabled=true hook=PreLoadGame t=4644 id=7
[SMRTK] SMRTK_CONSOLE_ARM enabled=true hook=PreLoadGame t=4644 id=7
						Lua 0:00:16:662
Unpersist missing permanent: Preset:NotificationPreset.SMROptInTrackRepair | Fallback permanent: NotificationPreset "BreakthroughDiscovered": 00000297EA1C81D8
						Lua 0:00:18:028
[mod] [CommunityFixPack] SilentHitMomentFX: restored 2 missing hit-moment tracker(s) on load
[mod] [SMRTest] console enable requested (flag set, no overlay) — press Enter (or Alt-Shift-C) once in a colony
[SMRTest] console enable requested (flag set, no overlay) — press Enter (or Alt-Shift-C) once in a colony
[TrainHubDev] SMROptInTrainHub6 connector spots: from the body
						Lua 0:00:18:029
[TrainHubDev] reactor palette: channel 1 = 18,32,78 roughness 0 metallic 0
[TrainHubDev] reactor palette: channel 2 = 18,32,78 roughness 0 metallic 0
[TrainHubDev] reactor palette: channel 3 = 200,205,210 roughness -90 metallic 110
[TrainHubDev] reactor palette: P4 "navy + steel on 3 and 4", 3 of 4 channels written on the attached copy only (vanilla's own per-object call; no material is restyled)
[TrainHubDev] lights: arm 0, flanks the reactor (red flank) = B2 "Deep blue wash" (SpotLight), 12 lights, engine bearing 0 deg
[TrainHubDev] lights: arm 1, flanks the reactor (blue flank) = B2 "Deep blue wash" (SpotLight), 12 lights, engine bearing 60 deg
[TrainHubDev] lights: arm 2, next to the blue flank = B2 "Deep blue wash" (SpotLight), 12 lights, engine bearing 120 deg
						Lua 0:00:18:030
[TrainHubDev] lights: arm 3, opposite the red flank = B2 "Deep blue wash" (SpotLight), 12 lights, engine bearing 180 deg
[TrainHubDev] lights: arm 4, opposite the blue flank = B2 "Deep blue wash" (SpotLight), 12 lights, engine bearing 240 deg
[TrainHubDev] lights: arm 5, next to the red flank = B2 "Deep blue wash" (SpotLight), 12 lights, engine bearing 300 deg
[TrainHubDev] lights: arm tune intensity 50, side 150 cm, height 200 cm, radius 500 cm, cone 50/100, colour 0,40,255
[TrainHubDev] structure lights: portal rims ON, 30 lights (intensity 4, radius 350 cm)
[TrainHubDev] structure lights: drone pit kerb OFF, 0 lights (intensity 15, radius 300 cm)
[TrainHubDev] structure lights: ring rim strip OFF, 0 lights (intensity 12, radius 400 cm)
						Lua 0:00:18:031
[TrainHubDev] structure lights: floor edge strip OFF, 0 lights (intensity 30, radius 300 cm)
[TrainHubDev] structure lights: crown floor light ON, 0 lights (intensity 150, radius 4000 cm)
[TrainHubDev] structure lights: crown floor light follows the VANILLA night schedule (OnMsg.LightmodelChange -> map.NightLightsState, NightLightObjects.lua:250-259, :22 on build 1.1.0.403908); it is DAY now, so it is NOT PLACED -- hanging at z 1900 cm, colour 255,214,170, cone 0/0
[TrainHubDev] structure lights: under-deck fill ON, 0 lights (intensity 40, radius 1200 cm)
[TrainHubDev] structure lights: under-deck fill follows the VANILLA night schedule (OnMsg.LightmodelChange -> map.NightLightsState, NightLightObjects.lua:250-259, :22 on build 1.1.0.403908); it is DAY now, so it is NOT PLACED -- hanging at z 700 cm, colour 255,214,170, cone 0/0
[TrainHubDev] lights: 102 placed (72 arm + 30 structure); a stopped hub destroys them all
[RailShaftDev] loaded; underground is locked in this save, so the tunnel stays surface-only.
[RailShaftDev] ready. SMRRailShaft.Status() for where things stand.
						Lua 0:00:18:137
game_settings:
    sponsor: SpaceY
    profile: politician
    founding_faction: UnitedColonistFront
    rival_colonies: NASA, Brazil, paradox
    mystery_random: 
    game_rules: (none)
more_game_settings: save_game_id: IsDKXg6Ddmz3wE5g, mystery: UnitedEarthMystery, coordinates: 15N179E, landing_spot: , logo: SpaceY
map_conditions: altitude: -3699, temperature: -43, cold_wave: 109, dust_devils: 39, dust_storm: 0, meteors: 37
map_resources: concrete: 243, metals: 147, precious_metals: 147, water: 147
						Lua 0:00:18:310
[mod] [CommunityFixPack] GhostPowerCells: maps=2 cleared=0 tunnel_skipped=18 shape_protected=0 reconnected=0 retry_failed=0 unbuilt_skipped=0 map_failed=0 elapsed_ms=0
[mod] [CommunityFixPack] SaveSanitizer: F95 astrogeologist-residue pass removed 0 modifier(s), left 0 unidentified
Game Loaded in 7441 ms
[mod] [SMRTK] SMRTK_PROVENANCE actions=336 last=slot_1 last_id=787 present=true session=1790433232:221505491:422028144:1223109773 t=32779848 id=8
[SMRTK] SMRTK_PROVENANCE actions=336 last=slot_1 last_id=787 present=true session=1790433232:221505491:422028144:1223109773 t=32779848 id=8
						Lua 0:00:18:320
[mod] [SMRTK] SMRTK_SHORTCUT console=true key=Ctrl-Shift-F11 t=32779848 id=9
						Lua 0:00:18:332
[mod] [SMRTK] SMRTK_DOCK action=dock_attach attached=true route="idBottom sibling" status=OK surface=one-toggle+tasks t=32779848 id=10
						Lua 0:00:18:338
[mod] [SMRTest] console enable requested (flag set, no overlay) — press Enter (or Alt-Shift-C) once in a colony
[SMRTest] console enable requested (flag set, no overlay) — press Enter (or Alt-Shift-C) once in a colony
						Lua 0:00:18:452
[mod] [SMRTK] SMRTK_SHORTCUT console=true key=Ctrl-Shift-F11 t=32779848 id=11
						Lua 0:00:19:012
Game loaded on map BlankBig_01 in 8302 ms
						Lua 0:00:19:313
[mod] [SMRTK] SMRTK_PANEL_RESTORE open=true tab=Agent t=32780678 id=12
						Lua 0:00:19:840
[TrainHubDev] build relaunched: elements 5, 1256 m, deadline in 33525 ms (launch 4000 + travel 17525 + work 12000) at t=32781195 site=7420 track=7360
						Lua 0:00:26:749
[TrainHubDev] SMROptInTrainHub6 line radii d0..d5 = 6 6 6 6 6 6
						Lua 0:00:32:887
[mod] [SMRTK] SMRTK_SECTION action=section_attach attached=true dialog=ipBuilding object=SMROptInTrainHub6(6430) status=OK t=32793440 id=13
						Lua 0:00:36:695
[mod] [SMRTK] SMRTK_MARK action=mark label=BUILD5_READ mark=51 status=OK t=32793440 id=14
[SMRTK] SMRTK_MARK action=mark label=BUILD5_READ mark=51 status=OK t=32793440 id=14
[mod] [SMRTK] SMRTK_FINGERPRINT action=fingerprint fix_pack_present=43/43 game=405907 mark_action=mark mods=SMR_CommunityFixPack,SMR_CommunityFixPackTestKit,SMR_CommunityOptInPack,SMR_RailShaftDev_20260923,SMR_TrainHubDev_20260918 pack_version=21 read="live registry" save=train_hub_build5_midjob.savegame.sav sol=46 status=OK t=32793440 id=15
[SMRTK] SMRTK_FINGERPRINT action=fingerprint fix_pack_present=43/43 game=405907 mark_action=mark mods=SMR_CommunityFixPack,SMR_CommunityFixPackTestKit,SMR_CommunityOptInPack,SMR_RailShaftDev_20260923,SMR_TrainHubDev_20260918 pack_version=21 read="live registry" save=train_hub_build5_midjob.savegame.sav sol=46 status=OK t=32793440 id=15
						Lua 0:00:36:702
[mod] [SMRTK] SMRTK_DUMP element=7509 elements=5 kind=build leg=READ row=candidate site=7503 track=7504 t=32793440 id=16
[SMRTK] SMRTK_DUMP element=7509 elements=5 kind=build leg=READ row=candidate site=7503 track=7504 t=32793440 id=16
[mod] [SMRTK] SMRTK_DUMP actual=200 leg=READ res=Metals row=demand site=7503 target=200 t=32793440 id=17
[SMRTK] SMRTK_DUMP actual=200 leg=READ res=Metals row=demand site=7503 target=200 t=32793440 id=17
[mod] [SMRTK] SMRTK_DUMP element=7498 elements=5 kind=build leg=READ row=candidate site=7497 track=7360 t=32793440 id=18
[SMRTK] SMRTK_DUMP element=7498 elements=5 kind=build leg=READ row=candidate site=7497 track=7360 t=32793440 id=18
[mod] [SMRTK] SMRTK_DUMP actual=200 leg=READ res=Metals row=demand site=7497 target=200 t=32793440 id=19
[SMRTK] SMRTK_DUMP actual=200 leg=READ res=Metals row=demand site=7497 target=200 t=32793440 id=19
[mod] [SMRTK] SMRTK_DUMP element=7409 elements=5 kind=build leg=READ row=candidate site=7408 track=7360 t=32793440 id=20
[SMRTK] SMRTK_DUMP element=7409 elements=5 kind=build leg=READ row=candidate site=7408 track=7360 t=32793440 id=20
						Lua 0:00:36:703
[mod] [SMRTK] SMRTK_DUMP actual=200 leg=READ res=Metals row=demand site=7408 target=200 t=32793440 id=21
[SMRTK] SMRTK_DUMP actual=200 leg=READ res=Metals row=demand site=7408 target=200 t=32793440 id=21
[mod] [SMRTK] SMRTK_DUMP element=7373 elements=5 kind=build leg=READ row=candidate site=7372 track=7360 t=32793440 id=22
[SMRTK] SMRTK_DUMP element=7373 elements=5 kind=build leg=READ row=candidate site=7372 track=7360 t=32793440 id=22
[mod] [SMRTK] SMRTK_DUMP actual=200 leg=READ res=Metals row=demand site=7372 target=200 t=32793440 id=23
[SMRTK] SMRTK_DUMP actual=200 leg=READ res=Metals row=demand site=7372 target=200 t=32793440 id=23
[mod] [SMRTK] SMRTK_DUMP element=7492 elements=5 kind=build leg=READ row=candidate site=7491 track=7360 t=32793440 id=24
[SMRTK] SMRTK_DUMP element=7492 elements=5 kind=build leg=READ row=candidate site=7491 track=7360 t=32793440 id=24
[mod] [SMRTK] SMRTK_DUMP actual=200 leg=READ res=Metals row=demand site=7491 target=200 t=32793440 id=25
[SMRTK] SMRTK_DUMP actual=200 leg=READ res=Metals row=demand site=7491 target=200 t=32793440 id=25
[mod] [SMRTK] SMRTK_DUMP element=7421 elements=5 kind=build leg=READ row=candidate site=7420 track=7360 t=32793440 id=26
[SMRTK] SMRTK_DUMP element=7421 elements=5 kind=build leg=READ row=candidate site=7420 track=7360 t=32793440 id=26
[mod] [SMRTK] SMRTK_DUMP actual=200 leg=READ res=Metals row=demand site=7420 target=200 t=32793440 id=27
[SMRTK] SMRTK_DUMP actual=200 leg=READ res=Metals row=demand site=7420 target=200 t=32793440 id=27
[mod] [SMRTK] SMRTK_DUMP element=7361 elements=5 kind=build leg=READ row=candidate site=7359 track=7360 t=32793440 id=28
[SMRTK] SMRTK_DUMP element=7361 elements=5 kind=build leg=READ row=candidate site=7359 track=7360 t=32793440 id=28
[mod] [SMRTK] SMRTK_DUMP actual=200 leg=READ res=Metals row=demand site=7359 target=200 t=32793440 id=29
[SMRTK] SMRTK_DUMP actual=200 leg=READ res=Metals row=demand site=7359 target=200 t=32793440 id=29
[mod] [SMRTK] SMRTK_DUMP element=7571 elements=1 kind=build leg=READ row=candidate site=7570 track=7504 t=32793440 id=30
[SMRTK] SMRTK_DUMP element=7571 elements=1 kind=build leg=READ row=candidate site=7570 track=7504 t=32793440 id=30
[mod] [SMRTK] SMRTK_DUMP actual=200 leg=READ res=Metals row=demand site=7570 target=200 t=32793440 id=31
[SMRTK] SMRTK_DUMP actual=200 leg=READ res=Metals row=demand site=7570 target=200 t=32793440 id=31
[mod] [SMRTK] SMRTK_DUMP element=7427 elements=5 kind=build leg=READ row=candidate site=7426 track=7360 t=32793440 id=32
[SMRTK] SMRTK_DUMP element=7427 elements=5 kind=build leg=READ row=candidate site=7426 track=7360 t=32793440 id=32
[mod] [SMRTK] SMRTK_DUMP actual=200 leg=READ res=Metals row=demand site=7426 target=200 t=32793440 id=33
[SMRTK] SMRTK_DUMP actual=200 leg=READ res=Metals row=demand site=7426 target=200 t=32793440 id=33
[mod] [SMRTK] SMRTK_DUMP element=7367 elements=5 kind=build leg=READ row=candidate site=7366 track=7360 t=32793440 id=34
[SMRTK] SMRTK_DUMP element=7367 elements=5 kind=build leg=READ row=candidate site=7366 track=7360 t=32793440 id=34
[mod] [SMRTK] SMRTK_DUMP actual=200 leg=READ res=Metals row=demand site=7366 target=200 t=32793440 id=35
[SMRTK] SMRTK_DUMP actual=200 leg=READ res=Metals row=demand site=7366 target=200 t=32793440 id=35
[mod] [SMRTK] SMRTK_DUMP element=7379 elements=5 kind=build leg=READ row=candidate site=7378 track=7360 t=32793440 id=36
[SMRTK] SMRTK_DUMP element=7379 elements=5 kind=build leg=READ row=candidate site=7378 track=7360 t=32793440 id=36
[mod] [SMRTK] SMRTK_DUMP actual=200 leg=READ res=Metals row=demand site=7378 target=200 t=32793440 id=37
[SMRTK] SMRTK_DUMP actual=200 leg=READ res=Metals row=demand site=7378 target=200 t=32793440 id=37
[mod] [SMRTK] SMRTK_DUMP element=7569 elements=5 kind=build leg=READ row=candidate site=7564 track=7504 t=32793440 id=38
[SMRTK] SMRTK_DUMP element=7569 elements=5 kind=build leg=READ row=candidate site=7564 track=7504 t=32793440 id=38
[mod] [SMRTK] SMRTK_DUMP actual=200 leg=READ res=Metals row=demand site=7564 target=200 t=32793440 id=39
[SMRTK] SMRTK_DUMP actual=200 leg=READ res=Metals row=demand site=7564 target=200 t=32793440 id=39
[mod] [SMRTK] SMRTK_DUMP element=7480 elements=5 kind=build leg=READ row=candidate site=7479 track=7360 t=32793440 id=40
[SMRTK] SMRTK_DUMP element=7480 elements=5 kind=build leg=READ row=candidate site=7479 track=7360 t=32793440 id=40
[mod] [SMRTK] SMRTK_DUMP actual=200 leg=READ res=Metals row=demand site=7479 target=200 t=32793440 id=41
[SMRTK] SMRTK_DUMP actual=200 leg=READ res=Metals row=demand site=7479 target=200 t=32793440 id=41
[mod] [SMRTK] SMRTK_DUMP element=7515 elements=5 kind=build leg=READ row=candidate site=7510 track=7504 t=32793440 id=42
[SMRTK] SMRTK_DUMP element=7515 elements=5 kind=build leg=READ row=candidate site=7510 track=7504 t=32793440 id=42
[mod] [SMRTK] SMRTK_DUMP actual=200 leg=READ res=Metals row=demand site=7510 target=200 t=32793440 id=43
[SMRTK] SMRTK_DUMP actual=200 leg=READ res=Metals row=demand site=7510 target=200 t=32793440 id=43
[mod] [SMRTK] SMRTK_DUMP element=7521 elements=5 kind=build leg=READ row=candidate site=7516 track=7504 t=32793440 id=44
[SMRTK] SMRTK_DUMP element=7521 elements=5 kind=build leg=READ row=candidate site=7516 track=7504 t=32793440 id=44
[mod] [SMRTK] SMRTK_DUMP actual=200 leg=READ res=Metals row=demand site=7516 target=200 t=32793440 id=45
[SMRTK] SMRTK_DUMP actual=200 leg=READ res=Metals row=demand site=7516 target=200 t=32793440 id=45
[mod] [SMRTK] SMRTK_DUMP element=7563 elements=5 kind=build leg=READ row=candidate site=7558 track=7504 t=32793440 id=46
[SMRTK] SMRTK_DUMP element=7563 elements=5 kind=build leg=READ row=candidate site=7558 track=7504 t=32793440 id=46
[mod] [SMRTK] SMRTK_DUMP actual=200 leg=READ res=Metals row=demand site=7558 target=200 t=32793440 id=47
[SMRTK] SMRTK_DUMP actual=200 leg=READ res=Metals row=demand site=7558 target=200 t=32793440 id=47
[mod] [SMRTK] SMRTK_DUMP element=7527 elements=5 kind=build leg=READ row=candidate site=7522 track=7504 t=32793440 id=48
[SMRTK] SMRTK_DUMP element=7527 elements=5 kind=build leg=READ row=candidate site=7522 track=7504 t=32793440 id=48
[mod] [SMRTK] SMRTK_DUMP actual=200 leg=READ res=Metals row=demand site=7522 target=200 t=32793440 id=49
[SMRTK] SMRTK_DUMP actual=200 leg=READ res=Metals row=demand site=7522 target=200 t=32793440 id=49
[mod] [SMRTK] SMRTK_DUMP element=7557 elements=5 kind=build leg=READ row=candidate site=7552 track=7504 t=32793440 id=50
[SMRTK] SMRTK_DUMP element=7557 elements=5 kind=build leg=READ row=candidate site=7552 track=7504 t=32793440 id=50
[mod] [SMRTK] SMRTK_DUMP actual=200 leg=READ res=Metals row=demand site=7552 target=200 t=32793440 id=51
[SMRTK] SMRTK_DUMP actual=200 leg=READ res=Metals row=demand site=7552 target=200 t=32793440 id=51
						Lua 0:00:36:704
[mod] [SMRTK] SMRTK_DUMP element=7415 elements=5 kind=build leg=READ row=candidate site=7414 track=7360 t=32793440 id=52
[SMRTK] SMRTK_DUMP element=7415 elements=5 kind=build leg=READ row=candidate site=7414 track=7360 t=32793440 id=52
[mod] [SMRTK] SMRTK_DUMP actual=200 leg=READ res=Metals row=demand site=7414 target=200 t=32793440 id=53
[SMRTK] SMRTK_DUMP actual=200 leg=READ res=Metals row=demand site=7414 target=200 t=32793440 id=53
[mod] [SMRTK] SMRTK_DUMP element=7486 elements=5 kind=build leg=READ row=candidate site=7485 track=7360 t=32793440 id=54
[SMRTK] SMRTK_DUMP element=7486 elements=5 kind=build leg=READ row=candidate site=7485 track=7360 t=32793440 id=54
[mod] [SMRTK] SMRTK_DUMP actual=200 leg=READ res=Metals row=demand site=7485 target=200 t=32793440 id=55
[SMRTK] SMRTK_DUMP actual=200 leg=READ res=Metals row=demand site=7485 target=200 t=32793440 id=55
[mod] [SMRTK] SMRTK_DUMP leg=READ object=2007 on_graph=true row=network_station t=32793440 id=56
[SMRTK] SMRTK_DUMP leg=READ object=2007 on_graph=true row=network_station t=32793440 id=56
[mod] [SMRTK] SMRTK_DUMP leg=READ object=2008 on_graph=true row=network_station t=32793440 id=57
[SMRTK] SMRTK_DUMP leg=READ object=2008 on_graph=true row=network_station t=32793440 id=57
[mod] [SMRTK] SMRTK_DUMP leg=READ object=7353 on_graph=false row=network_station t=32793440 id=58
[SMRTK] SMRTK_DUMP leg=READ object=7353 on_graph=false row=network_station t=32793440 id=58
[mod] [SMRTK] SMRTK_DUMP leg=READ object=2009 on_graph=true row=network_station t=32793440 id=59
[SMRTK] SMRTK_DUMP leg=READ object=2009 on_graph=true row=network_station t=32793440 id=59
[mod] [SMRTK] SMRTK_DUMP leg=READ object=6430 on_graph=true row=network_station t=32793440 id=60
[SMRTK] SMRTK_DUMP leg=READ object=6430 on_graph=true row=network_station t=32793440 id=60
[mod] [SMRTK] SMRTK_DUMP leg=READ object=1994 on_graph=true row=network_station t=32793440 id=61
[SMRTK] SMRTK_DUMP leg=READ object=1994 on_graph=true row=network_station t=32793440 id=61
[mod] [SMRTK] SMRTK_DUMP leg=READ object=2011 on_graph=true row=network_station t=32793440 id=62
						Lua 0:00:36:705
[SMRTK] SMRTK_DUMP leg=READ object=2011 on_graph=true row=network_station t=32793440 id=62
[mod] [SMRTK] SMRTK_DUMP leg=READ object=2012 on_graph=true row=network_station t=32793440 id=63
[SMRTK] SMRTK_DUMP leg=READ object=2012 on_graph=true row=network_station t=32793440 id=63
[mod] [SMRTK] SMRTK_DUMP leg=READ object=7042 on_graph=false row=network_station t=32793440 id=64
[SMRTK] SMRTK_DUMP leg=READ object=7042 on_graph=false row=network_station t=32793440 id=64
[mod] [SMRTK] SMRTK_DUMP leg=READ object=6243 on_graph=true row=network_station t=32793440 id=65
[SMRTK] SMRTK_DUMP leg=READ object=6243 on_graph=true row=network_station t=32793440 id=65
[mod] [SMRTK] SMRTK_DUMP command=none deadline=false drone=false element=7557 elements=5 kind=build leg=READ row=job site=7552 started=false track=7504 waiting=false t=32793440 id=66
[SMRTK] SMRTK_DUMP command=none deadline=false drone=false element=7557 elements=5 kind=build leg=READ row=job site=7552 started=false track=7504 waiting=false t=32793440 id=66
[mod] [SMRTK] SMRTK_DUMP command=none deadline=false drone=false element=7367 elements=5 kind=build leg=READ row=job site=7366 started=false track=7360 waiting=false t=32793440 id=67
[SMRTK] SMRTK_DUMP command=none deadline=false drone=false element=7367 elements=5 kind=build leg=READ row=job site=7366 started=false track=7360 waiting=false t=32793440 id=67
[mod] [SMRTK] SMRTK_DUMP command=none deadline=false drone=false element=7415 elements=5 kind=build leg=READ row=job site=7414 started=false track=7360 waiting=false t=32793440 id=68
[SMRTK] SMRTK_DUMP command=none deadline=false drone=false element=7415 elements=5 kind=build leg=READ row=job site=7414 started=false track=7360 waiting=false t=32793440 id=68
[mod] [SMRTK] SMRTK_DUMP command=none deadline=false drone=false element=7427 elements=5 kind=build leg=READ row=job site=7426 started=false track=7360 waiting=false t=32793440 id=69
[SMRTK] SMRTK_DUMP command=none deadline=false drone=false element=7427 elements=5 kind=build leg=READ row=job site=7426 started=false track=7360 waiting=false t=32793440 id=69
[mod] [SMRTK] SMRTK_DUMP command=none deadline=false drone=false element=7498 elements=5 kind=build leg=READ row=job site=7497 started=false track=7360 waiting=false t=32793440 id=70
[SMRTK] SMRTK_DUMP command=none deadline=false drone=false element=7498 elements=5 kind=build leg=READ row=job site=7497 started=false track=7360 waiting=false t=32793440 id=70
[mod] [SMRTK] SMRTK_DUMP command=none deadline=false drone=false element=7373 elements=5 kind=build leg=READ row=job site=7372 started=false track=7360 waiting=false t=32793440 id=71
[SMRTK] SMRTK_DUMP command=none deadline=false drone=false element=7373 elements=5 kind=build leg=READ row=job site=7372 started=false track=7360 waiting=false t=32793440 id=71
[mod] [SMRTK] SMRTK_DUMP command=none deadline=false drone=false element=7569 elements=5 kind=build leg=READ row=job site=7564 started=false track=7504 waiting=false t=32793440 id=72
[SMRTK] SMRTK_DUMP command=none deadline=false drone=false element=7569 elements=5 kind=build leg=READ row=job site=7564 started=false track=7504 waiting=false t=32793440 id=72
[mod] [SMRTK] SMRTK_DUMP command=none deadline=false drone=false element=7486 elements=5 kind=build leg=READ row=job site=7485 started=false track=7360 waiting=false t=32793440 id=73
[SMRTK] SMRTK_DUMP command=none deadline=false drone=false element=7486 elements=5 kind=build leg=READ row=job site=7485 started=false track=7360 waiting=false t=32793440 id=73
[mod] [SMRTK] SMRTK_DUMP command=none deadline=false drone=false element=7492 elements=5 kind=build leg=READ row=job site=7491 started=false track=7360 waiting=false t=32793440 id=74
[SMRTK] SMRTK_DUMP command=none deadline=false drone=false element=7492 elements=5 kind=build leg=READ row=job site=7491 started=false track=7360 waiting=false t=32793440 id=74
[mod] [SMRTK] SMRTK_DUMP command=none deadline=false drone=false element=7480 elements=5 kind=build leg=READ row=job site=7479 started=false track=7360 waiting=false t=32793440 id=75
[SMRTK] SMRTK_DUMP command=none deadline=false drone=false element=7480 elements=5 kind=build leg=READ row=job site=7479 started=false track=7360 waiting=false t=32793440 id=75
[mod] [SMRTK] SMRTK_DUMP command=none deadline=false drone=false element=7563 elements=5 kind=build leg=READ row=job site=7558 started=false track=7504 waiting=false t=32793440 id=76
[SMRTK] SMRTK_DUMP command=none deadline=false drone=false element=7563 elements=5 kind=build leg=READ row=job site=7558 started=false track=7504 waiting=false t=32793440 id=76
[mod] [SMRTK] SMRTK_DUMP command=none deadline=false drone=false element=7409 elements=5 kind=build leg=READ row=job site=7408 started=false track=7360 waiting=false t=32793440 id=77
[SMRTK] SMRTK_DUMP command=none deadline=false drone=false element=7409 elements=5 kind=build leg=READ row=job site=7408 started=false track=7360 waiting=false t=32793440 id=77
[mod] [SMRTK] SMRTK_DUMP command=none deadline=false drone=false element=7509 elements=5 kind=build leg=READ row=job site=7503 started=false track=7504 waiting=false t=32793440 id=78
[SMRTK] SMRTK_DUMP command=none deadline=false drone=false element=7509 elements=5 kind=build leg=READ row=job site=7503 started=false track=7504 waiting=false t=32793440 id=78
[mod] [SMRTK] SMRTK_DUMP command=none deadline=false drone=false element=7361 elements=5 kind=build leg=READ row=job site=7359 started=false track=7360 waiting=false t=32793440 id=79
[SMRTK] SMRTK_DUMP command=none deadline=false drone=false element=7361 elements=5 kind=build leg=READ row=job site=7359 started=false track=7360 waiting=false t=32793440 id=79
[mod] [SMRTK] SMRTK_DUMP command=none deadline=false drone=false element=7571 elements=1 kind=build leg=READ row=job site=7570 started=false track=7504 waiting=false t=32793440 id=80
[SMRTK] SMRTK_DUMP command=none deadline=false drone=false element=7571 elements=1 kind=build leg=READ row=job site=7570 started=false track=7504 waiting=false t=32793440 id=80
[mod] [SMRTK] SMRTK_DUMP command=none deadline=false drone=false element=7521 elements=5 kind=build leg=READ row=job site=7516 started=false track=7504 waiting=false t=32793440 id=81
[SMRTK] SMRTK_DUMP command=none deadline=false drone=false element=7521 elements=5 kind=build leg=READ row=job site=7516 started=false track=7504 waiting=false t=32793440 id=81
[mod] [SMRTK] SMRTK_DUMP command=none deadline=false drone=false element=7379 elements=5 kind=build leg=READ row=job site=7378 started=false track=7360 waiting=false t=32793440 id=82
[SMRTK] SMRTK_DUMP command=none deadline=false drone=false element=7379 elements=5 kind=build leg=READ row=job site=7378 started=false track=7360 waiting=false t=32793440 id=82
[mod] [SMRTK] SMRTK_DUMP command=FlightGoto deadline=32814720 drone=2000002008 element=7421 elements=5 kind=build leg=READ row=job site=7420 started=32781195 track=7360 waiting=false t=32793440 id=83
[SMRTK] SMRTK_DUMP command=FlightGoto deadline=32814720 drone=2000002008 element=7421 elements=5 kind=build leg=READ row=job site=7420 started=32781195 track=7360 waiting=false t=32793440 id=83
[mod] [SMRTK] SMRTK_DUMP command=FlightGoto deadline=32810435 drone=2000002006 element=7515 elements=5 kind=build leg=READ row=job site=7510 started=32771195 track=7504 waiting=false t=32793440 id=84
[SMRTK] SMRTK_DUMP command=FlightGoto deadline=32810435 drone=2000002006 element=7515 elements=5 kind=build leg=READ row=job site=7510 started=32771195 track=7504 waiting=false t=32793440 id=84
[mod] [SMRTK] SMRTK_DUMP command=false deadline=32804919 drone=2000002005 element=7527 elements=5 kind=build leg=READ row=job site=7522 started=32766195 track=7504 waiting=false t=32793440 id=85
[SMRTK] SMRTK_DUMP command=false deadline=32804919 drone=2000002005 element=7527 elements=5 kind=build leg=READ row=job site=7522 started=32766195 track=7504 waiting=false t=32793440 id=85
[mod] [SMRTK] SMRTK_DUMP actual=70000 leg=READ res=Bread row=stock target=70000 t=32793440 id=86
[SMRTK] SMRTK_DUMP actual=70000 leg=READ res=Bread row=stock target=70000 t=32793440 id=86
[mod] [SMRTK] SMRTK_DUMP actual=67000 leg=READ res=Herbs row=stock target=67000 t=32793440 id=87
[SMRTK] SMRTK_DUMP actual=67000 leg=READ res=Herbs row=stock target=67000 t=32793440 id=87
						Lua 0:00:36:706
[mod] [SMRTK] SMRTK_DUMP actual=71600 leg=READ res=Metals row=stock target=71600 t=32793440 id=88
[SMRTK] SMRTK_DUMP actual=71600 leg=READ res=Metals row=stock target=71600 t=32793440 id=88
[mod] [SMRTK] SMRTK_DUMP actual=65000 leg=READ res=Cheese row=stock target=65000 t=32793440 id=89
[SMRTK] SMRTK_DUMP actual=65000 leg=READ res=Cheese row=stock target=65000 t=32793440 id=89
[mod] [SMRTK] SMRTK_DUMP actual=67000 leg=READ res=PreciousMetals row=stock target=67000 t=32793440 id=90
[SMRTK] SMRTK_DUMP actual=67000 leg=READ res=PreciousMetals row=stock target=67000 t=32793440 id=90
[mod] [SMRTK] SMRTK_DUMP actual=67000 leg=READ res=Polymers row=stock target=67000 t=32793440 id=91
[SMRTK] SMRTK_DUMP actual=67000 leg=READ res=Polymers row=stock target=67000 t=32793440 id=91
[mod] [SMRTK] SMRTK_DUMP actual=67000 leg=READ res=Spices row=stock target=67000 t=32793440 id=92
[SMRTK] SMRTK_DUMP actual=67000 leg=READ res=Spices row=stock target=67000 t=32793440 id=92
[mod] [SMRTK] SMRTK_DUMP actual=68000 leg=READ res=Fuel row=stock target=68000 t=32793440 id=93
[SMRTK] SMRTK_DUMP actual=68000 leg=READ res=Fuel row=stock target=68000 t=32793440 id=93
[mod] [SMRTK] SMRTK_DUMP actual=73000 leg=READ res=Concrete row=stock target=73000 t=32793440 id=94
[SMRTK] SMRTK_DUMP actual=73000 leg=READ res=Concrete row=stock target=73000 t=32793440 id=94
[mod] [SMRTK] SMRTK_DUMP actual=71000 leg=READ res=MachineParts row=stock target=71000 t=32793440 id=95
[SMRTK] SMRTK_DUMP actual=71000 leg=READ res=MachineParts row=stock target=71000 t=32793440 id=95
[mod] [SMRTK] SMRTK_DUMP actual=63000 leg=READ res=Meat row=stock target=63000 t=32793440 id=96
[SMRTK] SMRTK_DUMP actual=63000 leg=READ res=Meat row=stock target=63000 t=32793440 id=96
[mod] [SMRTK] SMRTK_DUMP actual=59000 leg=READ res=Sugar row=stock target=59000 t=32793440 id=97
[SMRTK] SMRTK_DUMP actual=59000 leg=READ res=Sugar row=stock target=59000 t=32793440 id=97
[mod] [SMRTK] SMRTK_DUMP actual=64000 leg=READ res=Food row=stock target=64000 t=32793440 id=98
[SMRTK] SMRTK_DUMP actual=64000 leg=READ res=Food row=stock target=64000 t=32793440 id=98
[mod] [SMRTK] SMRTK_DUMP actual=72000 leg=READ res=Coffee row=stock target=72000 t=32793440 id=99
[SMRTK] SMRTK_DUMP actual=72000 leg=READ res=Coffee row=stock target=72000 t=32793440 id=99
[mod] [SMRTK] SMRTK_DUMP actual=66000 leg=READ res=Butter row=stock target=66000 t=32793440 id=100
[SMRTK] SMRTK_DUMP actual=66000 leg=READ res=Butter row=stock target=66000 t=32793440 id=100
[mod] [SMRTK] SMRTK_DUMP actual=72000 leg=READ res=Electronics row=stock target=69200 t=32793440 id=101
[SMRTK] SMRTK_DUMP actual=72000 leg=READ res=Electronics row=stock target=69200 t=32793440 id=101
[mod] [SMRTK] SMRTK_DUMP actual=69000 leg=READ res=Seeds row=stock target=69000 t=32793440 id=102
[SMRTK] SMRTK_DUMP actual=69000 leg=READ res=Seeds row=stock target=69000 t=32793440 id=102
[mod] [SMRTK] SMRTK_DUMP actual=69000 leg=READ res=PreciousMinerals row=stock target=69000 t=32793440 id=103
[SMRTK] SMRTK_DUMP actual=69000 leg=READ res=PreciousMinerals row=stock target=69000 t=32793440 id=103
[mod] [SMRTK] SMRTK_DUMP actual=73000 leg=READ res=WasteRock row=stock target=73000 t=32793440 id=104
[SMRTK] SMRTK_DUMP actual=73000 leg=READ res=WasteRock row=stock target=73000 t=32793440 id=104
[mod] [SMRTK] SMRTK_ACTION action=slot_1 active=3 candidate_elements=96 candidate_groups=20 errors=0 fleet=5 game_time=32793440 hub=6430 mark=51 max_drones=60 sitting=build5_pass2_smoke status=OK track_work=false waiting=17 t=32793440 id=105
[SMRTK] SMRTK_ACTION action=slot_1 active=3 candidate_elements=96 candidate_groups=20 errors=0 fleet=5 game_time=32793440 hub=6430 mark=51 max_drones=60 sitting=build5_pass2_smoke status=OK track_work=false waiting=17 t=32793440 id=105
						Lua 0:00:52:766
[TrainHubDev] engine leg out: 1170 m in 16621 ms = 7040 units per s (move_speed 8960) at t=32801826
						Lua 0:00:55:837
[TrainHubDev] build done: elements 5, elapsed 38692 ms, 0 ms after the deadline, the Wasp's stage work at t=32804887 site=7522
						Lua 0:00:55:939
[TrainHubDev] lights: arm 0, flanks the reactor (red flank) = B2 "Deep blue wash" (SpotLight), 12 lights, engine bearing 0 deg
[TrainHubDev] lights: arm 1, flanks the reactor (blue flank) = B2 "Deep blue wash" (SpotLight), 12 lights, engine bearing 60 deg
						Lua 0:00:55:940
[TrainHubDev] lights: arm 2, next to the blue flank = B2 "Deep blue wash" (SpotLight), 12 lights, engine bearing 120 deg
[TrainHubDev] lights: arm 3, opposite the red flank = B2 "Deep blue wash" (SpotLight), 12 lights, engine bearing 180 deg
						Lua 0:00:55:941
[TrainHubDev] lights: arm 4, opposite the blue flank = B2 "Deep blue wash" (SpotLight), 12 lights, engine bearing 240 deg
[TrainHubDev] lights: arm 5, next to the red flank = B2 "Deep blue wash" (SpotLight), 12 lights, engine bearing 300 deg
[TrainHubDev] lights: arm tune intensity 50, side 150 cm, height 200 cm, radius 500 cm, cone 50/100, colour 0,40,255
[TrainHubDev] structure lights: portal rims ON, 30 lights (intensity 4, radius 350 cm)
[TrainHubDev] structure lights: drone pit kerb OFF, 0 lights (intensity 15, radius 300 cm)
[TrainHubDev] structure lights: ring rim strip OFF, 0 lights (intensity 12, radius 400 cm)
[TrainHubDev] structure lights: floor edge strip OFF, 0 lights (intensity 30, radius 300 cm)
[TrainHubDev] structure lights: crown floor light ON, 1 lights (intensity 150, radius 4000 cm)
[TrainHubDev] structure lights: crown floor light follows the VANILLA night schedule (OnMsg.LightmodelChange -> map.NightLightsState, NightLightObjects.lua:250-259, :22 on build 1.1.0.403908); it is NIGHT now, so it is LIT -- hanging at z 1900 cm, colour 255,214,170, cone 0/0
						Lua 0:00:55:942
[TrainHubDev] structure lights: under-deck fill ON, 18 lights (intensity 40, radius 1200 cm)
[TrainHubDev] structure lights: under-deck fill follows the VANILLA night schedule (OnMsg.LightmodelChange -> map.NightLightsState, NightLightObjects.lua:250-259, :22 on build 1.1.0.403908); it is NIGHT now, so it is LIT -- hanging at z 700 cm, colour 255,214,170, cone 0/0
[TrainHubDev] lights: 121 placed (72 arm + 49 structure); a stopped hub destroys them all
						Lua 0:01:01:178
[TrainHubDev] build done: elements 5, elapsed 39034 ms, 0 ms after the deadline, the Wasp's stage work at t=32810229 site=7510
						Lua 0:01:06:630
[TrainHubDev] build done: elements 5, elapsed 34487 ms, 962 ms after the deadline, the Wasp's stage work at t=32815682 site=7420
						Lua 0:01:17:899
[TrainHubDev] engine leg back: 1547 m in 22045 ms = 7017 units per s (move_speed 8960) at t=32826932
						Lua 0:01:23:117
[TrainHubDev] engine leg back: 1582 m in 21951 ms = 7208 units per s (move_speed 8960) at t=32832180
						Lua 0:01:23:225
[TrainHubDev] engine leg back: 1170 m in 16607 ms = 7046 units per s (move_speed 8960) at t=32832289
						Lua 0:04:00:503
[mod] [SMRTK] SMRTK_SECTION action=section_attach attached=true dialog=ipBuilding object=SMROptInTrainHub6(6430) status=OK t=32988754 id=106
						Lua 0:04:05:501
[mod] [SMRTK] SMRTK_MARK action=mark label=BUILD5_READ mark=167 status=OK t=32988754 id=107
[SMRTK] SMRTK_MARK action=mark label=BUILD5_READ mark=167 status=OK t=32988754 id=107
[mod] [SMRTK] SMRTK_FINGERPRINT action=fingerprint fix_pack_present=43/43 game=405907 mark_action=mark mods=SMR_CommunityFixPack,SMR_CommunityFixPackTestKit,SMR_CommunityOptInPack,SMR_RailShaftDev_20260923,SMR_TrainHubDev_20260918 pack_version=21 read="live registry" save=train_hub_build5_midjob.savegame.sav sol=47 status=OK t=32988754 id=108
[SMRTK] SMRTK_FINGERPRINT action=fingerprint fix_pack_present=43/43 game=405907 mark_action=mark mods=SMR_CommunityFixPack,SMR_CommunityFixPackTestKit,SMR_CommunityOptInPack,SMR_RailShaftDev_20260923,SMR_TrainHubDev_20260918 pack_version=21 read="live registry" save=train_hub_build5_midjob.savegame.sav sol=47 status=OK t=32988754 id=108
						Lua 0:04:05:508
[mod] [SMRTK] SMRTK_DUMP element=7509 elements=5 kind=build leg=READ row=candidate site=7503 track=7504 t=32988754 id=109
[SMRTK] SMRTK_DUMP element=7509 elements=5 kind=build leg=READ row=candidate site=7503 track=7504 t=32988754 id=109
[mod] [SMRTK] SMRTK_DUMP actual=200 leg=READ res=Metals row=demand site=7503 target=200 t=32988754 id=110
[SMRTK] SMRTK_DUMP actual=200 leg=READ res=Metals row=demand site=7503 target=200 t=32988754 id=110
[mod] [SMRTK] SMRTK_DUMP element=7498 elements=5 kind=build leg=READ row=candidate site=7497 track=7504 t=32988754 id=111
[SMRTK] SMRTK_DUMP element=7498 elements=5 kind=build leg=READ row=candidate site=7497 track=7504 t=32988754 id=111
[mod] [SMRTK] SMRTK_DUMP actual=200 leg=READ res=Metals row=demand site=7497 target=200 t=32988754 id=112
[SMRTK] SMRTK_DUMP actual=200 leg=READ res=Metals row=demand site=7497 target=200 t=32988754 id=112
[mod] [SMRTK] SMRTK_DUMP element=7409 elements=5 kind=build leg=READ row=candidate site=7408 track=7504 t=32988754 id=113
[SMRTK] SMRTK_DUMP element=7409 elements=5 kind=build leg=READ row=candidate site=7408 track=7504 t=32988754 id=113
[mod] [SMRTK] SMRTK_DUMP actual=200 leg=READ res=Metals row=demand site=7408 target=200 t=32988754 id=114
[SMRTK] SMRTK_DUMP actual=200 leg=READ res=Metals row=demand site=7408 target=200 t=32988754 id=114
[mod] [SMRTK] SMRTK_DUMP element=7373 elements=5 kind=build leg=READ row=candidate site=7372 track=7504 t=32988754 id=115
[SMRTK] SMRTK_DUMP element=7373 elements=5 kind=build leg=READ row=candidate site=7372 track=7504 t=32988754 id=115
[mod] [SMRTK] SMRTK_DUMP actual=200 leg=READ res=Metals row=demand site=7372 target=200 t=32988754 id=116
[SMRTK] SMRTK_DUMP actual=200 leg=READ res=Metals row=demand site=7372 target=200 t=32988754 id=116
[mod] [SMRTK] SMRTK_DUMP element=7492 elements=5 kind=build leg=READ row=candidate site=7491 track=7504 t=32988754 id=117
						Lua 0:04:05:509
[SMRTK] SMRTK_DUMP element=7492 elements=5 kind=build leg=READ row=candidate site=7491 track=7504 t=32988754 id=117
[mod] [SMRTK] SMRTK_DUMP actual=200 leg=READ res=Metals row=demand site=7491 target=200 t=32988754 id=118
[SMRTK] SMRTK_DUMP actual=200 leg=READ res=Metals row=demand site=7491 target=200 t=32988754 id=118
[mod] [SMRTK] SMRTK_DUMP element=7361 elements=5 kind=build leg=READ row=candidate site=7359 track=7504 t=32988754 id=119
[SMRTK] SMRTK_DUMP element=7361 elements=5 kind=build leg=READ row=candidate site=7359 track=7504 t=32988754 id=119
[mod] [SMRTK] SMRTK_DUMP actual=200 leg=READ res=Metals row=demand site=7359 target=200 t=32988754 id=120
[SMRTK] SMRTK_DUMP actual=200 leg=READ res=Metals row=demand site=7359 target=200 t=32988754 id=120
[mod] [SMRTK] SMRTK_DUMP element=7571 elements=1 kind=build leg=READ row=candidate site=7570 track=7504 t=32988754 id=121
[SMRTK] SMRTK_DUMP element=7571 elements=1 kind=build leg=READ row=candidate site=7570 track=7504 t=32988754 id=121
[mod] [SMRTK] SMRTK_DUMP actual=200 leg=READ res=Metals row=demand site=7570 target=200 t=32988754 id=122
[SMRTK] SMRTK_DUMP actual=200 leg=READ res=Metals row=demand site=7570 target=200 t=32988754 id=122
[mod] [SMRTK] SMRTK_DUMP element=7427 elements=5 kind=build leg=READ row=candidate site=7426 track=7504 t=32988754 id=123
[SMRTK] SMRTK_DUMP element=7427 elements=5 kind=build leg=READ row=candidate site=7426 track=7504 t=32988754 id=123
[mod] [SMRTK] SMRTK_DUMP actual=200 leg=READ res=Metals row=demand site=7426 target=200 t=32988754 id=124
[SMRTK] SMRTK_DUMP actual=200 leg=READ res=Metals row=demand site=7426 target=200 t=32988754 id=124
[mod] [SMRTK] SMRTK_DUMP element=7367 elements=5 kind=build leg=READ row=candidate site=7366 track=7504 t=32988754 id=125
[SMRTK] SMRTK_DUMP element=7367 elements=5 kind=build leg=READ row=candidate site=7366 track=7504 t=32988754 id=125
[mod] [SMRTK] SMRTK_DUMP actual=200 leg=READ res=Metals row=demand site=7366 target=200 t=32988754 id=126
[SMRTK] SMRTK_DUMP actual=200 leg=READ res=Metals row=demand site=7366 target=200 t=32988754 id=126
[mod] [SMRTK] SMRTK_DUMP element=7379 elements=5 kind=build leg=READ row=candidate site=7378 track=7504 t=32988754 id=127
[SMRTK] SMRTK_DUMP element=7379 elements=5 kind=build leg=READ row=candidate site=7378 track=7504 t=32988754 id=127
[mod] [SMRTK] SMRTK_DUMP actual=200 leg=READ res=Metals row=demand site=7378 target=200 t=32988754 id=128
[SMRTK] SMRTK_DUMP actual=200 leg=READ res=Metals row=demand site=7378 target=200 t=32988754 id=128
[mod] [SMRTK] SMRTK_DUMP element=7569 elements=5 kind=build leg=READ row=candidate site=7564 track=7504 t=32988754 id=129
[SMRTK] SMRTK_DUMP element=7569 elements=5 kind=build leg=READ row=candidate site=7564 track=7504 t=32988754 id=129
[mod] [SMRTK] SMRTK_DUMP actual=200 leg=READ res=Metals row=demand site=7564 target=200 t=32988754 id=130
[SMRTK] SMRTK_DUMP actual=200 leg=READ res=Metals row=demand site=7564 target=200 t=32988754 id=130
[mod] [SMRTK] SMRTK_DUMP element=7480 elements=5 kind=build leg=READ row=candidate site=7479 track=7504 t=32988754 id=131
[SMRTK] SMRTK_DUMP element=7480 elements=5 kind=build leg=READ row=candidate site=7479 track=7504 t=32988754 id=131
[mod] [SMRTK] SMRTK_DUMP actual=200 leg=READ res=Metals row=demand site=7479 target=200 t=32988754 id=132
[SMRTK] SMRTK_DUMP actual=200 leg=READ res=Metals row=demand site=7479 target=200 t=32988754 id=132
[mod] [SMRTK] SMRTK_DUMP element=7563 elements=5 kind=build leg=READ row=candidate site=7558 track=7504 t=32988754 id=133
[SMRTK] SMRTK_DUMP element=7563 elements=5 kind=build leg=READ row=candidate site=7558 track=7504 t=32988754 id=133
[mod] [SMRTK] SMRTK_DUMP actual=200 leg=READ res=Metals row=demand site=7558 target=200 t=32988754 id=134
[SMRTK] SMRTK_DUMP actual=200 leg=READ res=Metals row=demand site=7558 target=200 t=32988754 id=134
[mod] [SMRTK] SMRTK_DUMP element=7557 elements=5 kind=build leg=READ row=candidate site=7552 track=7504 t=32988754 id=135
[SMRTK] SMRTK_DUMP element=7557 elements=5 kind=build leg=READ row=candidate site=7552 track=7504 t=32988754 id=135
[mod] [SMRTK] SMRTK_DUMP actual=200 leg=READ res=Metals row=demand site=7552 target=200 t=32988754 id=136
[SMRTK] SMRTK_DUMP actual=200 leg=READ res=Metals row=demand site=7552 target=200 t=32988754 id=136
[mod] [SMRTK] SMRTK_DUMP element=7521 elements=5 kind=build leg=READ row=candidate site=7516 track=7504 t=32988754 id=137
[SMRTK] SMRTK_DUMP element=7521 elements=5 kind=build leg=READ row=candidate site=7516 track=7504 t=32988754 id=137
[mod] [SMRTK] SMRTK_DUMP actual=200 leg=READ res=Metals row=demand site=7516 target=200 t=32988754 id=138
[SMRTK] SMRTK_DUMP actual=200 leg=READ res=Metals row=demand site=7516 target=200 t=32988754 id=138
[mod] [SMRTK] SMRTK_DUMP element=7415 elements=5 kind=build leg=READ row=candidate site=7414 track=7504 t=32988754 id=139
[SMRTK] SMRTK_DUMP element=7415 elements=5 kind=build leg=READ row=candidate site=7414 track=7504 t=32988754 id=139
[mod] [SMRTK] SMRTK_DUMP actual=200 leg=READ res=Metals row=demand site=7414 target=200 t=32988754 id=140
[SMRTK] SMRTK_DUMP actual=200 leg=READ res=Metals row=demand site=7414 target=200 t=32988754 id=140
[mod] [SMRTK] SMRTK_DUMP element=7486 elements=5 kind=build leg=READ row=candidate site=7485 track=7504 t=32988754 id=141
[SMRTK] SMRTK_DUMP element=7486 elements=5 kind=build leg=READ row=candidate site=7485 track=7504 t=32988754 id=141
[mod] [SMRTK] SMRTK_DUMP actual=200 leg=READ res=Metals row=demand site=7485 target=200 t=32988754 id=142
[SMRTK] SMRTK_DUMP actual=200 leg=READ res=Metals row=demand site=7485 target=200 t=32988754 id=142
						Lua 0:04:05:510
[mod] [SMRTK] SMRTK_DUMP leg=READ object=2007 on_graph=true row=network_station t=32988754 id=143
[SMRTK] SMRTK_DUMP leg=READ object=2007 on_graph=true row=network_station t=32988754 id=143
[mod] [SMRTK] SMRTK_DUMP leg=READ object=2008 on_graph=true row=network_station t=32988754 id=144
[SMRTK] SMRTK_DUMP leg=READ object=2008 on_graph=true row=network_station t=32988754 id=144
[mod] [SMRTK] SMRTK_DUMP leg=READ object=7353 on_graph=false row=network_station t=32988754 id=145
[SMRTK] SMRTK_DUMP leg=READ object=7353 on_graph=false row=network_station t=32988754 id=145
[mod] [SMRTK] SMRTK_DUMP leg=READ object=2009 on_graph=true row=network_station t=32988754 id=146
[SMRTK] SMRTK_DUMP leg=READ object=2009 on_graph=true row=network_station t=32988754 id=146
[mod] [SMRTK] SMRTK_DUMP leg=READ object=6430 on_graph=true row=network_station t=32988754 id=147
[SMRTK] SMRTK_DUMP leg=READ object=6430 on_graph=true row=network_station t=32988754 id=147
[mod] [SMRTK] SMRTK_DUMP leg=READ object=1994 on_graph=true row=network_station t=32988754 id=148
[SMRTK] SMRTK_DUMP leg=READ object=1994 on_graph=true row=network_station t=32988754 id=148
[mod] [SMRTK] SMRTK_DUMP leg=READ object=2011 on_graph=true row=network_station t=32988754 id=149
[SMRTK] SMRTK_DUMP leg=READ object=2011 on_graph=true row=network_station t=32988754 id=149
[mod] [SMRTK] SMRTK_DUMP leg=READ object=2012 on_graph=true row=network_station t=32988754 id=150
[SMRTK] SMRTK_DUMP leg=READ object=2012 on_graph=true row=network_station t=32988754 id=150
[mod] [SMRTK] SMRTK_DUMP leg=READ object=7042 on_graph=false row=network_station t=32988754 id=151
[SMRTK] SMRTK_DUMP leg=READ object=7042 on_graph=false row=network_station t=32988754 id=151
[mod] [SMRTK] SMRTK_DUMP leg=READ object=6243 on_graph=true row=network_station t=32988754 id=152
[SMRTK] SMRTK_DUMP leg=READ object=6243 on_graph=true row=network_station t=32988754 id=152
[mod] [SMRTK] SMRTK_DUMP command=none deadline=false drone=false element=7557 elements=5 kind=build leg=READ row=job site=7552 started=false track=7504 waiting=false t=32988754 id=153
[SMRTK] SMRTK_DUMP command=none deadline=false drone=false element=7557 elements=5 kind=build leg=READ row=job site=7552 started=false track=7504 waiting=false t=32988754 id=153
[mod] [SMRTK] SMRTK_DUMP command=none deadline=false drone=false element=7367 elements=5 kind=build leg=READ row=job site=7366 started=false track=7504 waiting=false t=32988754 id=154
[SMRTK] SMRTK_DUMP command=none deadline=false drone=false element=7367 elements=5 kind=build leg=READ row=job site=7366 started=false track=7504 waiting=false t=32988754 id=154
[mod] [SMRTK] SMRTK_DUMP command=none deadline=false drone=false element=7415 elements=5 kind=build leg=READ row=job site=7414 started=false track=7504 waiting=false t=32988754 id=155
[SMRTK] SMRTK_DUMP command=none deadline=false drone=false element=7415 elements=5 kind=build leg=READ row=job site=7414 started=false track=7504 waiting=false t=32988754 id=155
[mod] [SMRTK] SMRTK_DUMP command=none deadline=false drone=false element=7427 elements=5 kind=build leg=READ row=job site=7426 started=false track=7504 waiting=false t=32988754 id=156
[SMRTK] SMRTK_DUMP command=none deadline=false drone=false element=7427 elements=5 kind=build leg=READ row=job site=7426 started=false track=7504 waiting=false t=32988754 id=156
[mod] [SMRTK] SMRTK_DUMP command=none deadline=false drone=false element=7498 elements=5 kind=build leg=READ row=job site=7497 started=false track=7504 waiting=false t=32988754 id=157
[SMRTK] SMRTK_DUMP command=none deadline=false drone=false element=7498 elements=5 kind=build leg=READ row=job site=7497 started=false track=7504 waiting=false t=32988754 id=157
[mod] [SMRTK] SMRTK_DUMP command=none deadline=false drone=false element=7373 elements=5 kind=build leg=READ row=job site=7372 started=false track=7504 waiting=false t=32988754 id=158
[SMRTK] SMRTK_DUMP command=none deadline=false drone=false element=7373 elements=5 kind=build leg=READ row=job site=7372 started=false track=7504 waiting=false t=32988754 id=158
[mod] [SMRTK] SMRTK_DUMP command=none deadline=false drone=false element=7569 elements=5 kind=build leg=READ row=job site=7564 started=false track=7504 waiting=false t=32988754 id=159
[SMRTK] SMRTK_DUMP command=none deadline=false drone=false element=7569 elements=5 kind=build leg=READ row=job site=7564 started=false track=7504 waiting=false t=32988754 id=159
						Lua 0:04:05:511
[mod] [SMRTK] SMRTK_DUMP command=none deadline=false drone=false element=7486 elements=5 kind=build leg=READ row=job site=7485 started=false track=7504 waiting=false t=32988754 id=160
[SMRTK] SMRTK_DUMP command=none deadline=false drone=false element=7486 elements=5 kind=build leg=READ row=job site=7485 started=false track=7504 waiting=false t=32988754 id=160
[mod] [SMRTK] SMRTK_DUMP command=none deadline=false drone=false element=7492 elements=5 kind=build leg=READ row=job site=7491 started=false track=7504 waiting=false t=32988754 id=161
[SMRTK] SMRTK_DUMP command=none deadline=false drone=false element=7492 elements=5 kind=build leg=READ row=job site=7491 started=false track=7504 waiting=false t=32988754 id=161
[mod] [SMRTK] SMRTK_DUMP command=none deadline=false drone=false element=7480 elements=5 kind=build leg=READ row=job site=7479 started=false track=7504 waiting=false t=32988754 id=162
[SMRTK] SMRTK_DUMP command=none deadline=false drone=false element=7480 elements=5 kind=build leg=READ row=job site=7479 started=false track=7504 waiting=false t=32988754 id=162
[mod] [SMRTK] SMRTK_DUMP command=none deadline=false drone=false element=7563 elements=5 kind=build leg=READ row=job site=7558 started=false track=7504 waiting=false t=32988754 id=163
[SMRTK] SMRTK_DUMP command=none deadline=false drone=false element=7563 elements=5 kind=build leg=READ row=job site=7558 started=false track=7504 waiting=false t=32988754 id=163
[mod] [SMRTK] SMRTK_DUMP command=none deadline=false drone=false element=7409 elements=5 kind=build leg=READ row=job site=7408 started=false track=7504 waiting=false t=32988754 id=164
[SMRTK] SMRTK_DUMP command=none deadline=false drone=false element=7409 elements=5 kind=build leg=READ row=job site=7408 started=false track=7504 waiting=false t=32988754 id=164
[mod] [SMRTK] SMRTK_DUMP command=none deadline=false drone=false element=7509 elements=5 kind=build leg=READ row=job site=7503 started=false track=7504 waiting=false t=32988754 id=165
[SMRTK] SMRTK_DUMP command=none deadline=false drone=false element=7509 elements=5 kind=build leg=READ row=job site=7503 started=false track=7504 waiting=false t=32988754 id=165
[mod] [SMRTK] SMRTK_DUMP command=none deadline=false drone=false element=7361 elements=5 kind=build leg=READ row=job site=7359 started=false track=7504 waiting=false t=32988754 id=166
[SMRTK] SMRTK_DUMP command=none deadline=false drone=false element=7361 elements=5 kind=build leg=READ row=job site=7359 started=false track=7504 waiting=false t=32988754 id=166
[mod] [SMRTK] SMRTK_DUMP command=none deadline=false drone=false element=7571 elements=1 kind=build leg=READ row=job site=7570 started=false track=7504 waiting=false t=32988754 id=167
[SMRTK] SMRTK_DUMP command=none deadline=false drone=false element=7571 elements=1 kind=build leg=READ row=job site=7570 started=false track=7504 waiting=false t=32988754 id=167
[mod] [SMRTK] SMRTK_DUMP command=none deadline=false drone=false element=7521 elements=5 kind=build leg=READ row=job site=7516 started=false track=7504 waiting=false t=32988754 id=168
[SMRTK] SMRTK_DUMP command=none deadline=false drone=false element=7521 elements=5 kind=build leg=READ row=job site=7516 started=false track=7504 waiting=false t=32988754 id=168
[mod] [SMRTK] SMRTK_DUMP command=none deadline=false drone=false element=7379 elements=5 kind=build leg=READ row=job site=7378 started=false track=7504 waiting=false t=32988754 id=169
[SMRTK] SMRTK_DUMP command=none deadline=false drone=false element=7379 elements=5 kind=build leg=READ row=job site=7378 started=false track=7504 waiting=false t=32988754 id=169
[mod] [SMRTK] SMRTK_DUMP actual=65000 leg=READ res=Bread row=stock target=65000 t=32988754 id=170
[SMRTK] SMRTK_DUMP actual=65000 leg=READ res=Bread row=stock target=65000 t=32988754 id=170
[mod] [SMRTK] SMRTK_DUMP actual=65000 leg=READ res=Herbs row=stock target=65000 t=32988754 id=171
[SMRTK] SMRTK_DUMP actual=65000 leg=READ res=Herbs row=stock target=65000 t=32988754 id=171
[mod] [SMRTK] SMRTK_DUMP actual=69000 leg=READ res=Metals row=stock target=69000 t=32988754 id=172
[SMRTK] SMRTK_DUMP actual=69000 leg=READ res=Metals row=stock target=69000 t=32988754 id=172
[mod] [SMRTK] SMRTK_DUMP actual=63000 leg=READ res=Cheese row=stock target=63000 t=32988754 id=173
[SMRTK] SMRTK_DUMP actual=63000 leg=READ res=Cheese row=stock target=63000 t=32988754 id=173
[mod] [SMRTK] SMRTK_DUMP actual=67000 leg=READ res=PreciousMetals row=stock target=67000 t=32988754 id=174
[SMRTK] SMRTK_DUMP actual=67000 leg=READ res=PreciousMetals row=stock target=67000 t=32988754 id=174
[mod] [SMRTK] SMRTK_DUMP actual=67000 leg=READ res=Polymers row=stock target=67000 t=32988754 id=175
[SMRTK] SMRTK_DUMP actual=67000 leg=READ res=Polymers row=stock target=67000 t=32988754 id=175
[mod] [SMRTK] SMRTK_DUMP actual=63000 leg=READ res=Spices row=stock target=63000 t=32988754 id=176
[SMRTK] SMRTK_DUMP actual=63000 leg=READ res=Spices row=stock target=63000 t=32988754 id=176
[mod] [SMRTK] SMRTK_DUMP actual=67000 leg=READ res=Fuel row=stock target=67000 t=32988754 id=177
[SMRTK] SMRTK_DUMP actual=67000 leg=READ res=Fuel row=stock target=67000 t=32988754 id=177
[mod] [SMRTK] SMRTK_DUMP actual=73000 leg=READ res=Concrete row=stock target=73000 t=32988754 id=178
[SMRTK] SMRTK_DUMP actual=73000 leg=READ res=Concrete row=stock target=73000 t=32988754 id=178
[mod] [SMRTK] SMRTK_DUMP actual=71000 leg=READ res=MachineParts row=stock target=71000 t=32988754 id=179
[SMRTK] SMRTK_DUMP actual=71000 leg=READ res=MachineParts row=stock target=71000 t=32988754 id=179
[mod] [SMRTK] SMRTK_DUMP actual=59000 leg=READ res=Meat row=stock target=59000 t=32988754 id=180
[SMRTK] SMRTK_DUMP actual=59000 leg=READ res=Meat row=stock target=59000 t=32988754 id=180
[mod] [SMRTK] SMRTK_DUMP actual=56000 leg=READ res=Sugar row=stock target=56000 t=32988754 id=181
[SMRTK] SMRTK_DUMP actual=56000 leg=READ res=Sugar row=stock target=56000 t=32988754 id=181
[mod] [SMRTK] SMRTK_DUMP actual=61000 leg=READ res=Food row=stock target=61000 t=32988754 id=182
[SMRTK] SMRTK_DUMP actual=61000 leg=READ res=Food row=stock target=61000 t=32988754 id=182
[mod] [SMRTK] SMRTK_DUMP actual=69000 leg=READ res=Coffee row=stock target=69000 t=32988754 id=183
[SMRTK] SMRTK_DUMP actual=69000 leg=READ res=Coffee row=stock target=69000 t=32988754 id=183
[mod] [SMRTK] SMRTK_DUMP actual=63000 leg=READ res=Butter row=stock target=63000 t=32988754 id=184
[SMRTK] SMRTK_DUMP actual=63000 leg=READ res=Butter row=stock target=63000 t=32988754 id=184
[mod] [SMRTK] SMRTK_DUMP actual=75000 leg=READ res=Electronics row=stock target=72200 t=32988754 id=185
[SMRTK] SMRTK_DUMP actual=75000 leg=READ res=Electronics row=stock target=72200 t=32988754 id=185
[mod] [SMRTK] SMRTK_DUMP actual=69000 leg=READ res=Seeds row=stock target=69000 t=32988754 id=186
[SMRTK] SMRTK_DUMP actual=69000 leg=READ res=Seeds row=stock target=69000 t=32988754 id=186
[mod] [SMRTK] SMRTK_DUMP actual=69000 leg=READ res=PreciousMinerals row=stock target=69000 t=32988754 id=187
[SMRTK] SMRTK_DUMP actual=69000 leg=READ res=PreciousMinerals row=stock target=69000 t=32988754 id=187
[mod] [SMRTK] SMRTK_DUMP actual=74000 leg=READ res=WasteRock row=stock target=74000 t=32988754 id=188
[SMRTK] SMRTK_DUMP actual=74000 leg=READ res=WasteRock row=stock target=74000 t=32988754 id=188
[mod] [SMRTK] SMRTK_ACTION action=slot_1 active=0 candidate_elements=81 candidate_groups=17 errors=0 fleet=5 game_time=32988754 hub=6430 mark=167 max_drones=60 sitting=build5_pass2_smoke status=OK track_work=false waiting=17 t=32988754 id=189
[SMRTK] SMRTK_ACTION action=slot_1 active=0 candidate_elements=81 candidate_groups=17 errors=0 fleet=5 game_time=32988754 hub=6430 mark=167 max_drones=60 sitting=build5_pass2_smoke status=OK track_work=false waiting=17 t=32988754 id=189
						Lua 0:04:07:171
[mod] [SMRTK] SMRTK_COPY action=copy flushed=true from=167 lines=83 status=OK truncated=false t=32988754 id=190
[SMRTK] SMRTK_COPY action=copy flushed=true from=167 lines=83 status=OK truncated=false t=32988754 id=190
						Lua 0:06:18:864
[mod] [SMRTK] SMRTK_SECTION action=section_attach attached=true dialog=ipBuilding object=SMROptInTrainHub6(6430) status=OK t=32988754 id=191
						Lua 0:06:22:578
[mod] [SMRTK] SMRTK_MARK action=mark label=BUILD5_TOGGLE_true mark=252 status=OK t=32988754 id=192
[SMRTK] SMRTK_MARK action=mark label=BUILD5_TOGGLE_true mark=252 status=OK t=32988754 id=192
[mod] [SMRTK] SMRTK_FINGERPRINT action=fingerprint fix_pack_present=43/43 game=405907 mark_action=mark mods=SMR_CommunityFixPack,SMR_CommunityFixPackTestKit,SMR_CommunityOptInPack,SMR_RailShaftDev_20260923,SMR_TrainHubDev_20260918 pack_version=21 read="live registry" save=train_hub_build5_midjob.savegame.sav sol=47 status=OK t=32988754 id=193
[SMRTK] SMRTK_FINGERPRINT action=fingerprint fix_pack_present=43/43 game=405907 mark_action=mark mods=SMR_CommunityFixPack,SMR_CommunityFixPackTestKit,SMR_CommunityOptInPack,SMR_RailShaftDev_20260923,SMR_TrainHubDev_20260918 pack_version=21 read="live registry" save=train_hub_build5_midjob.savegame.sav sol=47 status=OK t=32988754 id=193
[mod] [SMRTK] SMRTK_MARK action=mark label=BUILD5_ON mark=254 status=OK t=32988754 id=194
[SMRTK] SMRTK_MARK action=mark label=BUILD5_ON mark=254 status=OK t=32988754 id=194
[mod] [SMRTK] SMRTK_FINGERPRINT action=fingerprint fix_pack_present=43/43 game=405907 mark_action=mark mods=SMR_CommunityFixPack,SMR_CommunityFixPackTestKit,SMR_CommunityOptInPack,SMR_RailShaftDev_20260923,SMR_TrainHubDev_20260918 pack_version=21 read="live registry" save=train_hub_build5_midjob.savegame.sav sol=47 status=OK t=32988754 id=195
[SMRTK] SMRTK_FINGERPRINT action=fingerprint fix_pack_present=43/43 game=405907 mark_action=mark mods=SMR_CommunityFixPack,SMR_CommunityFixPackTestKit,SMR_CommunityOptInPack,SMR_RailShaftDev_20260923,SMR_TrainHubDev_20260918 pack_version=21 read="live registry" save=train_hub_build5_midjob.savegame.sav sol=47 status=OK t=32988754 id=195
						Lua 0:06:22:585
[mod] [SMRTK] SMRTK_DUMP element=7509 elements=5 kind=build leg=ON row=candidate site=7503 track=7504 t=32988754 id=196
[SMRTK] SMRTK_DUMP element=7509 elements=5 kind=build leg=ON row=candidate site=7503 track=7504 t=32988754 id=196
						Lua 0:06:22:586
[mod] [SMRTK] SMRTK_DUMP actual=200 leg=ON res=Metals row=demand site=7503 target=200 t=32988754 id=197
[SMRTK] SMRTK_DUMP actual=200 leg=ON res=Metals row=demand site=7503 target=200 t=32988754 id=197
[mod] [SMRTK] SMRTK_DUMP element=7498 elements=5 kind=build leg=ON row=candidate site=7497 track=7504 t=32988754 id=198
[SMRTK] SMRTK_DUMP element=7498 elements=5 kind=build leg=ON row=candidate site=7497 track=7504 t=32988754 id=198
[mod] [SMRTK] SMRTK_DUMP actual=200 leg=ON res=Metals row=demand site=7497 target=200 t=32988754 id=199
[SMRTK] SMRTK_DUMP actual=200 leg=ON res=Metals row=demand site=7497 target=200 t=32988754 id=199
[mod] [SMRTK] SMRTK_DUMP element=7409 elements=5 kind=build leg=ON row=candidate site=7408 track=7504 t=32988754 id=200
[SMRTK] SMRTK_DUMP element=7409 elements=5 kind=build leg=ON row=candidate site=7408 track=7504 t=32988754 id=200
[mod] [SMRTK] SMRTK_DUMP actual=200 leg=ON res=Metals row=demand site=7408 target=200 t=32988754 id=201
[SMRTK] SMRTK_DUMP actual=200 leg=ON res=Metals row=demand site=7408 target=200 t=32988754 id=201
[mod] [SMRTK] SMRTK_DUMP element=7373 elements=5 kind=build leg=ON row=candidate site=7372 track=7504 t=32988754 id=202
[SMRTK] SMRTK_DUMP element=7373 elements=5 kind=build leg=ON row=candidate site=7372 track=7504 t=32988754 id=202
[mod] [SMRTK] SMRTK_DUMP actual=200 leg=ON res=Metals row=demand site=7372 target=200 t=32988754 id=203
[SMRTK] SMRTK_DUMP actual=200 leg=ON res=Metals row=demand site=7372 target=200 t=32988754 id=203
[mod] [SMRTK] SMRTK_DUMP element=7492 elements=5 kind=build leg=ON row=candidate site=7491 track=7504 t=32988754 id=204
[SMRTK] SMRTK_DUMP element=7492 elements=5 kind=build leg=ON row=candidate site=7491 track=7504 t=32988754 id=204
[mod] [SMRTK] SMRTK_DUMP actual=200 leg=ON res=Metals row=demand site=7491 target=200 t=32988754 id=205
[SMRTK] SMRTK_DUMP actual=200 leg=ON res=Metals row=demand site=7491 target=200 t=32988754 id=205
[mod] [SMRTK] SMRTK_DUMP element=7361 elements=5 kind=build leg=ON row=candidate site=7359 track=7504 t=32988754 id=206
[SMRTK] SMRTK_DUMP element=7361 elements=5 kind=build leg=ON row=candidate site=7359 track=7504 t=32988754 id=206
[mod] [SMRTK] SMRTK_DUMP actual=200 leg=ON res=Metals row=demand site=7359 target=200 t=32988754 id=207
[SMRTK] SMRTK_DUMP actual=200 leg=ON res=Metals row=demand site=7359 target=200 t=32988754 id=207
[mod] [SMRTK] SMRTK_DUMP element=7571 elements=1 kind=build leg=ON row=candidate site=7570 track=7504 t=32988754 id=208
[SMRTK] SMRTK_DUMP element=7571 elements=1 kind=build leg=ON row=candidate site=7570 track=7504 t=32988754 id=208
[mod] [SMRTK] SMRTK_DUMP actual=200 leg=ON res=Metals row=demand site=7570 target=200 t=32988754 id=209
[SMRTK] SMRTK_DUMP actual=200 leg=ON res=Metals row=demand site=7570 target=200 t=32988754 id=209
[mod] [SMRTK] SMRTK_DUMP element=7427 elements=5 kind=build leg=ON row=candidate site=7426 track=7504 t=32988754 id=210
[SMRTK] SMRTK_DUMP element=7427 elements=5 kind=build leg=ON row=candidate site=7426 track=7504 t=32988754 id=210
[mod] [SMRTK] SMRTK_DUMP actual=200 leg=ON res=Metals row=demand site=7426 target=200 t=32988754 id=211
[SMRTK] SMRTK_DUMP actual=200 leg=ON res=Metals row=demand site=7426 target=200 t=32988754 id=211
[mod] [SMRTK] SMRTK_DUMP element=7367 elements=5 kind=build leg=ON row=candidate site=7366 track=7504 t=32988754 id=212
[SMRTK] SMRTK_DUMP element=7367 elements=5 kind=build leg=ON row=candidate site=7366 track=7504 t=32988754 id=212
[mod] [SMRTK] SMRTK_DUMP actual=200 leg=ON res=Metals row=demand site=7366 target=200 t=32988754 id=213
[SMRTK] SMRTK_DUMP actual=200 leg=ON res=Metals row=demand site=7366 target=200 t=32988754 id=213
[mod] [SMRTK] SMRTK_DUMP element=7379 elements=5 kind=build leg=ON row=candidate site=7378 track=7504 t=32988754 id=214
[SMRTK] SMRTK_DUMP element=7379 elements=5 kind=build leg=ON row=candidate site=7378 track=7504 t=32988754 id=214
[mod] [SMRTK] SMRTK_DUMP actual=200 leg=ON res=Metals row=demand site=7378 target=200 t=32988754 id=215
[SMRTK] SMRTK_DUMP actual=200 leg=ON res=Metals row=demand site=7378 target=200 t=32988754 id=215
[mod] [SMRTK] SMRTK_DUMP element=7569 elements=5 kind=build leg=ON row=candidate site=7564 track=7504 t=32988754 id=216
[SMRTK] SMRTK_DUMP element=7569 elements=5 kind=build leg=ON row=candidate site=7564 track=7504 t=32988754 id=216
[mod] [SMRTK] SMRTK_DUMP actual=200 leg=ON res=Metals row=demand site=7564 target=200 t=32988754 id=217
[SMRTK] SMRTK_DUMP actual=200 leg=ON res=Metals row=demand site=7564 target=200 t=32988754 id=217
[mod] [SMRTK] SMRTK_DUMP element=7480 elements=5 kind=build leg=ON row=candidate site=7479 track=7504 t=32988754 id=218
[SMRTK] SMRTK_DUMP element=7480 elements=5 kind=build leg=ON row=candidate site=7479 track=7504 t=32988754 id=218
[mod] [SMRTK] SMRTK_DUMP actual=200 leg=ON res=Metals row=demand site=7479 target=200 t=32988754 id=219
[SMRTK] SMRTK_DUMP actual=200 leg=ON res=Metals row=demand site=7479 target=200 t=32988754 id=219
[mod] [SMRTK] SMRTK_DUMP element=7563 elements=5 kind=build leg=ON row=candidate site=7558 track=7504 t=32988754 id=220
[SMRTK] SMRTK_DUMP element=7563 elements=5 kind=build leg=ON row=candidate site=7558 track=7504 t=32988754 id=220
[mod] [SMRTK] SMRTK_DUMP actual=200 leg=ON res=Metals row=demand site=7558 target=200 t=32988754 id=221
[SMRTK] SMRTK_DUMP actual=200 leg=ON res=Metals row=demand site=7558 target=200 t=32988754 id=221
[mod] [SMRTK] SMRTK_DUMP element=7557 elements=5 kind=build leg=ON row=candidate site=7552 track=7504 t=32988754 id=222
[SMRTK] SMRTK_DUMP element=7557 elements=5 kind=build leg=ON row=candidate site=7552 track=7504 t=32988754 id=222
[mod] [SMRTK] SMRTK_DUMP actual=200 leg=ON res=Metals row=demand site=7552 target=200 t=32988754 id=223
[SMRTK] SMRTK_DUMP actual=200 leg=ON res=Metals row=demand site=7552 target=200 t=32988754 id=223
[mod] [SMRTK] SMRTK_DUMP element=7521 elements=5 kind=build leg=ON row=candidate site=7516 track=7504 t=32988754 id=224
[SMRTK] SMRTK_DUMP element=7521 elements=5 kind=build leg=ON row=candidate site=7516 track=7504 t=32988754 id=224
[mod] [SMRTK] SMRTK_DUMP actual=200 leg=ON res=Metals row=demand site=7516 target=200 t=32988754 id=225
[SMRTK] SMRTK_DUMP actual=200 leg=ON res=Metals row=demand site=7516 target=200 t=32988754 id=225
[mod] [SMRTK] SMRTK_DUMP element=7415 elements=5 kind=build leg=ON row=candidate site=7414 track=7504 t=32988754 id=226
[SMRTK] SMRTK_DUMP element=7415 elements=5 kind=build leg=ON row=candidate site=7414 track=7504 t=32988754 id=226
[mod] [SMRTK] SMRTK_DUMP actual=200 leg=ON res=Metals row=demand site=7414 target=200 t=32988754 id=227
[SMRTK] SMRTK_DUMP actual=200 leg=ON res=Metals row=demand site=7414 target=200 t=32988754 id=227
[mod] [SMRTK] SMRTK_DUMP element=7486 elements=5 kind=build leg=ON row=candidate site=7485 track=7504 t=32988754 id=228
[SMRTK] SMRTK_DUMP element=7486 elements=5 kind=build leg=ON row=candidate site=7485 track=7504 t=32988754 id=228
[mod] [SMRTK] SMRTK_DUMP actual=200 leg=ON res=Metals row=demand site=7485 target=200 t=32988754 id=229
[SMRTK] SMRTK_DUMP actual=200 leg=ON res=Metals row=demand site=7485 target=200 t=32988754 id=229
						Lua 0:06:22:587
[mod] [SMRTK] SMRTK_DUMP leg=ON object=2007 on_graph=true row=network_station t=32988754 id=230
[SMRTK] SMRTK_DUMP leg=ON object=2007 on_graph=true row=network_station t=32988754 id=230
[mod] [SMRTK] SMRTK_DUMP leg=ON object=2008 on_graph=true row=network_station t=32988754 id=231
[SMRTK] SMRTK_DUMP leg=ON object=2008 on_graph=true row=network_station t=32988754 id=231
[mod] [SMRTK] SMRTK_DUMP leg=ON object=7353 on_graph=false row=network_station t=32988754 id=232
[SMRTK] SMRTK_DUMP leg=ON object=7353 on_graph=false row=network_station t=32988754 id=232
[mod] [SMRTK] SMRTK_DUMP leg=ON object=2009 on_graph=true row=network_station t=32988754 id=233
[SMRTK] SMRTK_DUMP leg=ON object=2009 on_graph=true row=network_station t=32988754 id=233
[mod] [SMRTK] SMRTK_DUMP leg=ON object=6430 on_graph=true row=network_station t=32988754 id=234
[SMRTK] SMRTK_DUMP leg=ON object=6430 on_graph=true row=network_station t=32988754 id=234
[mod] [SMRTK] SMRTK_DUMP leg=ON object=1994 on_graph=true row=network_station t=32988754 id=235
[SMRTK] SMRTK_DUMP leg=ON object=1994 on_graph=true row=network_station t=32988754 id=235
[mod] [SMRTK] SMRTK_DUMP leg=ON object=2011 on_graph=true row=network_station t=32988754 id=236
[SMRTK] SMRTK_DUMP leg=ON object=2011 on_graph=true row=network_station t=32988754 id=236
[mod] [SMRTK] SMRTK_DUMP leg=ON object=2012 on_graph=true row=network_station t=32988754 id=237
[SMRTK] SMRTK_DUMP leg=ON object=2012 on_graph=true row=network_station t=32988754 id=237
[mod] [SMRTK] SMRTK_DUMP leg=ON object=7042 on_graph=false row=network_station t=32988754 id=238
[SMRTK] SMRTK_DUMP leg=ON object=7042 on_graph=false row=network_station t=32988754 id=238
						Lua 0:06:22:588
[mod] [SMRTK] SMRTK_DUMP leg=ON object=6243 on_graph=true row=network_station t=32988754 id=239
[SMRTK] SMRTK_DUMP leg=ON object=6243 on_graph=true row=network_station t=32988754 id=239
[mod] [SMRTK] SMRTK_DUMP command=none deadline=false drone=false element=7557 elements=5 kind=build leg=ON row=job site=7552 started=false track=7504 waiting=false t=32988754 id=240
[SMRTK] SMRTK_DUMP command=none deadline=false drone=false element=7557 elements=5 kind=build leg=ON row=job site=7552 started=false track=7504 waiting=false t=32988754 id=240
[mod] [SMRTK] SMRTK_DUMP command=none deadline=false drone=false element=7367 elements=5 kind=build leg=ON row=job site=7366 started=false track=7504 waiting=false t=32988754 id=241
[SMRTK] SMRTK_DUMP command=none deadline=false drone=false element=7367 elements=5 kind=build leg=ON row=job site=7366 started=false track=7504 waiting=false t=32988754 id=241
[mod] [SMRTK] SMRTK_DUMP command=none deadline=false drone=false element=7415 elements=5 kind=build leg=ON row=job site=7414 started=false track=7504 waiting=false t=32988754 id=242
[SMRTK] SMRTK_DUMP command=none deadline=false drone=false element=7415 elements=5 kind=build leg=ON row=job site=7414 started=false track=7504 waiting=false t=32988754 id=242
[mod] [SMRTK] SMRTK_DUMP command=none deadline=false drone=false element=7427 elements=5 kind=build leg=ON row=job site=7426 started=false track=7504 waiting=false t=32988754 id=243
[SMRTK] SMRTK_DUMP command=none deadline=false drone=false element=7427 elements=5 kind=build leg=ON row=job site=7426 started=false track=7504 waiting=false t=32988754 id=243
[mod] [SMRTK] SMRTK_DUMP command=none deadline=false drone=false element=7498 elements=5 kind=build leg=ON row=job site=7497 started=false track=7504 waiting=false t=32988754 id=244
[SMRTK] SMRTK_DUMP command=none deadline=false drone=false element=7498 elements=5 kind=build leg=ON row=job site=7497 started=false track=7504 waiting=false t=32988754 id=244
[mod] [SMRTK] SMRTK_DUMP command=none deadline=false drone=false element=7373 elements=5 kind=build leg=ON row=job site=7372 started=false track=7504 waiting=false t=32988754 id=245
[SMRTK] SMRTK_DUMP command=none deadline=false drone=false element=7373 elements=5 kind=build leg=ON row=job site=7372 started=false track=7504 waiting=false t=32988754 id=245
[mod] [SMRTK] SMRTK_DUMP command=none deadline=false drone=false element=7569 elements=5 kind=build leg=ON row=job site=7564 started=false track=7504 waiting=false t=32988754 id=246
[SMRTK] SMRTK_DUMP command=none deadline=false drone=false element=7569 elements=5 kind=build leg=ON row=job site=7564 started=false track=7504 waiting=false t=32988754 id=246
[mod] [SMRTK] SMRTK_DUMP command=none deadline=false drone=false element=7486 elements=5 kind=build leg=ON row=job site=7485 started=false track=7504 waiting=false t=32988754 id=247
[SMRTK] SMRTK_DUMP command=none deadline=false drone=false element=7486 elements=5 kind=build leg=ON row=job site=7485 started=false track=7504 waiting=false t=32988754 id=247
[mod] [SMRTK] SMRTK_DUMP command=none deadline=false drone=false element=7492 elements=5 kind=build leg=ON row=job site=7491 started=false track=7504 waiting=false t=32988754 id=248
[SMRTK] SMRTK_DUMP command=none deadline=false drone=false element=7492 elements=5 kind=build leg=ON row=job site=7491 started=false track=7504 waiting=false t=32988754 id=248
[mod] [SMRTK] SMRTK_DUMP command=none deadline=false drone=false element=7480 elements=5 kind=build leg=ON row=job site=7479 started=false track=7504 waiting=false t=32988754 id=249
[SMRTK] SMRTK_DUMP command=none deadline=false drone=false element=7480 elements=5 kind=build leg=ON row=job site=7479 started=false track=7504 waiting=false t=32988754 id=249
[mod] [SMRTK] SMRTK_DUMP command=none deadline=false drone=false element=7563 elements=5 kind=build leg=ON row=job site=7558 started=false track=7504 waiting=false t=32988754 id=250
[SMRTK] SMRTK_DUMP command=none deadline=false drone=false element=7563 elements=5 kind=build leg=ON row=job site=7558 started=false track=7504 waiting=false t=32988754 id=250
[mod] [SMRTK] SMRTK_DUMP command=none deadline=false drone=false element=7409 elements=5 kind=build leg=ON row=job site=7408 started=false track=7504 waiting=false t=32988754 id=251
[SMRTK] SMRTK_DUMP command=none deadline=false drone=false element=7409 elements=5 kind=build leg=ON row=job site=7408 started=false track=7504 waiting=false t=32988754 id=251
[mod] [SMRTK] SMRTK_DUMP command=none deadline=false drone=false element=7509 elements=5 kind=build leg=ON row=job site=7503 started=false track=7504 waiting=false t=32988754 id=252
[SMRTK] SMRTK_DUMP command=none deadline=false drone=false element=7509 elements=5 kind=build leg=ON row=job site=7503 started=false track=7504 waiting=false t=32988754 id=252
[mod] [SMRTK] SMRTK_DUMP command=none deadline=false drone=false element=7361 elements=5 kind=build leg=ON row=job site=7359 started=false track=7504 waiting=false t=32988754 id=253
[SMRTK] SMRTK_DUMP command=none deadline=false drone=false element=7361 elements=5 kind=build leg=ON row=job site=7359 started=false track=7504 waiting=false t=32988754 id=253
[mod] [SMRTK] SMRTK_DUMP command=none deadline=false drone=false element=7571 elements=1 kind=build leg=ON row=job site=7570 started=false track=7504 waiting=false t=32988754 id=254
[SMRTK] SMRTK_DUMP command=none deadline=false drone=false element=7571 elements=1 kind=build leg=ON row=job site=7570 started=false track=7504 waiting=false t=32988754 id=254
[mod] [SMRTK] SMRTK_DUMP command=none deadline=false drone=false element=7521 elements=5 kind=build leg=ON row=job site=7516 started=false track=7504 waiting=false t=32988754 id=255
[SMRTK] SMRTK_DUMP command=none deadline=false drone=false element=7521 elements=5 kind=build leg=ON row=job site=7516 started=false track=7504 waiting=false t=32988754 id=255
[mod] [SMRTK] SMRTK_DUMP command=none deadline=false drone=false element=7379 elements=5 kind=build leg=ON row=job site=7378 started=false track=7504 waiting=false t=32988754 id=256
[SMRTK] SMRTK_DUMP command=none deadline=false drone=false element=7379 elements=5 kind=build leg=ON row=job site=7378 started=false track=7504 waiting=false t=32988754 id=256
[mod] [SMRTK] SMRTK_DUMP actual=65000 leg=ON res=Bread row=stock target=65000 t=32988754 id=257
[SMRTK] SMRTK_DUMP actual=65000 leg=ON res=Bread row=stock target=65000 t=32988754 id=257
[mod] [SMRTK] SMRTK_DUMP actual=65000 leg=ON res=Herbs row=stock target=65000 t=32988754 id=258
[SMRTK] SMRTK_DUMP actual=65000 leg=ON res=Herbs row=stock target=65000 t=32988754 id=258
[mod] [SMRTK] SMRTK_DUMP actual=69000 leg=ON res=Metals row=stock target=69000 t=32988754 id=259
[SMRTK] SMRTK_DUMP actual=69000 leg=ON res=Metals row=stock target=69000 t=32988754 id=259
[mod] [SMRTK] SMRTK_DUMP actual=63000 leg=ON res=Cheese row=stock target=63000 t=32988754 id=260
[SMRTK] SMRTK_DUMP actual=63000 leg=ON res=Cheese row=stock target=63000 t=32988754 id=260
[mod] [SMRTK] SMRTK_DUMP actual=67000 leg=ON res=PreciousMetals row=stock target=67000 t=32988754 id=261
[SMRTK] SMRTK_DUMP actual=67000 leg=ON res=PreciousMetals row=stock target=67000 t=32988754 id=261
[mod] [SMRTK] SMRTK_DUMP actual=67000 leg=ON res=Polymers row=stock target=67000 t=32988754 id=262
[SMRTK] SMRTK_DUMP actual=67000 leg=ON res=Polymers row=stock target=67000 t=32988754 id=262
[mod] [SMRTK] SMRTK_DUMP actual=63000 leg=ON res=Spices row=stock target=63000 t=32988754 id=263
[SMRTK] SMRTK_DUMP actual=63000 leg=ON res=Spices row=stock target=63000 t=32988754 id=263
[mod] [SMRTK] SMRTK_DUMP actual=67000 leg=ON res=Fuel row=stock target=67000 t=32988754 id=264
[SMRTK] SMRTK_DUMP actual=67000 leg=ON res=Fuel row=stock target=67000 t=32988754 id=264
[mod] [SMRTK] SMRTK_DUMP actual=73000 leg=ON res=Concrete row=stock target=73000 t=32988754 id=265
[SMRTK] SMRTK_DUMP actual=73000 leg=ON res=Concrete row=stock target=73000 t=32988754 id=265
[mod] [SMRTK] SMRTK_DUMP actual=71000 leg=ON res=MachineParts row=stock target=71000 t=32988754 id=266
[SMRTK] SMRTK_DUMP actual=71000 leg=ON res=MachineParts row=stock target=71000 t=32988754 id=266
						Lua 0:06:22:589
[mod] [SMRTK] SMRTK_DUMP actual=59000 leg=ON res=Meat row=stock target=59000 t=32988754 id=267
[SMRTK] SMRTK_DUMP actual=59000 leg=ON res=Meat row=stock target=59000 t=32988754 id=267
[mod] [SMRTK] SMRTK_DUMP actual=56000 leg=ON res=Sugar row=stock target=56000 t=32988754 id=268
[SMRTK] SMRTK_DUMP actual=56000 leg=ON res=Sugar row=stock target=56000 t=32988754 id=268
[mod] [SMRTK] SMRTK_DUMP actual=61000 leg=ON res=Food row=stock target=61000 t=32988754 id=269
[SMRTK] SMRTK_DUMP actual=61000 leg=ON res=Food row=stock target=61000 t=32988754 id=269
[mod] [SMRTK] SMRTK_DUMP actual=69000 leg=ON res=Coffee row=stock target=69000 t=32988754 id=270
[SMRTK] SMRTK_DUMP actual=69000 leg=ON res=Coffee row=stock target=69000 t=32988754 id=270
[mod] [SMRTK] SMRTK_DUMP actual=63000 leg=ON res=Butter row=stock target=63000 t=32988754 id=271
[SMRTK] SMRTK_DUMP actual=63000 leg=ON res=Butter row=stock target=63000 t=32988754 id=271
[mod] [SMRTK] SMRTK_DUMP actual=75000 leg=ON res=Electronics row=stock target=72200 t=32988754 id=272
[SMRTK] SMRTK_DUMP actual=75000 leg=ON res=Electronics row=stock target=72200 t=32988754 id=272
[mod] [SMRTK] SMRTK_DUMP actual=69000 leg=ON res=Seeds row=stock target=69000 t=32988754 id=273
[SMRTK] SMRTK_DUMP actual=69000 leg=ON res=Seeds row=stock target=69000 t=32988754 id=273
[mod] [SMRTK] SMRTK_DUMP actual=69000 leg=ON res=PreciousMinerals row=stock target=69000 t=32988754 id=274
[SMRTK] SMRTK_DUMP actual=69000 leg=ON res=PreciousMinerals row=stock target=69000 t=32988754 id=274
[mod] [SMRTK] SMRTK_DUMP actual=74000 leg=ON res=WasteRock row=stock target=74000 t=32988754 id=275
[SMRTK] SMRTK_DUMP actual=74000 leg=ON res=WasteRock row=stock target=74000 t=32988754 id=275
[mod] [SMRTK] SMRTK_ACTION action=slot_3 active=0 candidate_elements=81 candidate_groups=17 errors=0 fleet=5 game_time=32988754 hub=6430 mark=254 max_drones=60 sitting=build5_pass2_smoke status=OK track_work=true waiting=17 t=32988754 id=276
[SMRTK] SMRTK_ACTION action=slot_3 active=0 candidate_elements=81 candidate_groups=17 errors=0 fleet=5 game_time=32988754 hub=6430 mark=254 max_drones=60 sitting=build5_pass2_smoke status=OK track_work=true waiting=17 t=32988754 id=276
						Lua 0:06:30:932
[TrainHubDev] build dispatched: elements 5, 1132 m, deadline in 31788 ms (launch 4000 + travel 15788 + work 12000) at t=32991195 site=7378 track=7504
						Lua 0:06:31:441
[mod] [SMRTK] SMRTK_PANEL action=panel_toggle open=false status=OK tab=Agent t=32991712 id=277
						Lua 0:06:35:932
[TrainHubDev] build dispatched: elements 5, 1659 m, deadline in 39141 ms (launch 4000 + travel 23141 + work 12000) at t=32996195 site=7516 track=7504
						Lua 0:06:40:932
[TrainHubDev] build dispatched: elements 1, 1488 m, deadline in 32759 ms (launch 4000 + travel 20759 + work 8000) at t=33001195 site=7570 track=7504
						Lua 0:06:45:932
[TrainHubDev] build dispatched: elements 5, 992 m, deadline in 29839 ms (launch 4000 + travel 13839 + work 12000) at t=33006195 site=7359 track=7504
						Lua 0:06:49:933
[TrainHubDev] engine leg out: 1045 m in 15000 ms = 6966 units per s (move_speed 8960) at t=33010205
						Lua 0:06:50:933
[TrainHubDev] build dispatched: elements 5, 1674 m, deadline in 39359 ms (launch 4000 + travel 23359 + work 12000) at t=33011195 site=7503 track=7504
						Lua 0:06:55:932
[TrainHubDev] build dispatched: elements 5, 1180 m, deadline in 32464 ms (launch 4000 + travel 16464 + work 12000) at t=33016195 site=7408 track=7504
						Lua 0:07:00:932
[TrainHubDev] build dispatched: elements 5, 1543 m, deadline in 37524 ms (launch 4000 + travel 21524 + work 12000) at t=33021195 site=7558 track=7504
						Lua 0:07:01:536
[TrainHubDev] engine leg out: 1576 m in 21602 ms = 7296 units per s (move_speed 8960) at t=33021807
						Lua 0:07:03:196
[TrainHubDev] engine leg out: 906 m in 13263 ms = 6829 units per s (move_speed 8960) at t=33023468
						Lua 0:07:03:260
[TrainHubDev] build done: elements 5, elapsed 32324 ms, 536 ms after the deadline, the Wasp's stage work at t=33023519 site=7378
[TrainHubDev] build dispatched: elements 5, 1330 m, deadline in 34561 ms (launch 4000 + travel 18561 + work 12000) at t=33023519 site=7479 track=7504
						Lua 0:07:03:848
[TrainHubDev] engine leg out: 1407 m in 18910 ms = 7438 units per s (move_speed 8960) at t=33024115
						Lua 0:07:05:932
[TrainHubDev] build dispatched: elements 5, 1408 m, deadline in 35641 ms (launch 4000 + travel 19641 + work 12000) at t=33026195 site=7491 track=7504
						Lua 0:07:10:932
[TrainHubDev] build dispatched: elements 5, 1369 m, deadline in 35096 ms (launch 4000 + travel 19096 + work 12000) at t=33031195 site=7485 track=7504
						Lua 0:07:13:210
[TrainHubDev] build done: elements 1, elapsed 32276 ms, 0 ms after the deadline, the Wasp's stage work at t=33033471 site=7570
[TrainHubDev] build dispatched: elements 5, 1497 m, deadline in 36886 ms (launch 4000 + travel 20886 + work 12000) at t=33033471 site=7564 track=7504
						Lua 0:07:14:867
[TrainHubDev] build done: elements 5, elapsed 38932 ms, 0 ms after the deadline, the Wasp's stage work at t=33035127 site=7516
[TrainHubDev] build dispatched: elements 5, 1083 m, deadline in 31114 ms (launch 4000 + travel 15114 + work 12000) at t=33035127 site=7372 track=7504
						Lua 0:07:15:587
[TrainHubDev] engine leg out: 1093 m in 15654 ms = 6982 units per s (move_speed 8960) at t=33035859
						Lua 0:07:15:933
[TrainHubDev] build dispatched: elements 5, 1448 m, deadline in 36195 ms (launch 4000 + travel 20195 + work 12000) at t=33036195 site=7497 track=7504
						Lua 0:07:16:483
[TrainHubDev] engine leg out: 1590 m in 21549 ms = 7377 units per s (move_speed 8960) at t=33036754
						Lua 0:07:16:502
[TrainHubDev] build done: elements 5, elapsed 30567 ms, 728 ms after the deadline, the Wasp's stage work at t=33036762 site=7359
[TrainHubDev] build dispatched: elements 5, 1293 m, deadline in 34037 ms (launch 4000 + travel 18037 + work 12000) at t=33036762 site=7426 track=7504
						Lua 0:07:18:249
[TrainHubDev] engine leg back: 1045 m in 15001 ms = 6965 units per s (move_speed 8960) at t=33038520
						Lua 0:07:20:933
[TrainHubDev] build dispatched: elements 5, 1220 m, deadline in 33027 ms (launch 4000 + travel 17027 + work 12000) at t=33041195 site=7414 track=7504
						Lua 0:07:24:446
[TrainHubDev] engine leg out: 1246 m in 17387 ms = 7166 units per s (move_speed 8960) at t=33044714
						Lua 0:07:24:998
[TrainHubDev] engine leg out: 1461 m in 20268 ms = 7207 units per s (move_speed 8960) at t=33045270
						Lua 0:07:25:932
[TrainHubDev] build dispatched: elements 5, 1035 m, deadline in 30442 ms (launch 4000 + travel 14442 + work 12000) at t=33046195 site=7366 track=7504
						Lua 0:07:27:334
[TrainHubDev] engine leg out: 1325 m in 18125 ms = 7310 units per s (move_speed 8960) at t=33048330
						Lua 0:07:27:508
[TrainHubDev] build done: elements 5, elapsed 32958 ms, 494 ms after the deadline, the Wasp's stage work at t=33049153 site=7408
[TrainHubDev] build dispatched: elements 5, 1588 m, deadline in 38148 ms (launch 4000 + travel 22148 + work 12000) at t=33049153 site=7552 track=7504
						Lua 0:07:27:675
[TrainHubDev] engine leg back: 906 m in 13278 ms = 6821 units per s (move_speed 8960) at t=33050040
						Lua 0:07:27:694
[TrainHubDev] build done: elements 5, elapsed 38883 ms, 0 ms after the deadline, the Wasp's stage work at t=33050078 site=7503
						Lua 0:07:28:232
[TrainHubDev] engine leg back: 1407 m in 19343 ms = 7271 units per s (move_speed 8960) at t=33052814
						Lua 0:07:28:233
[TrainHubDev] engine leg out: 1285 m in 17609 ms = 7298 units per s (move_speed 8960) at t=33052814
						Lua 0:07:28:379
[TrainHubDev] engine leg out: 997 m in 14590 ms = 6832 units per s (move_speed 8960) at t=33053563
						Lua 0:07:29:016
[TrainHubDev] engine leg out: 1416 m in 19416 ms = 7290 units per s (move_speed 8960) at t=33056748
						Lua 0:07:29:054
[TrainHubDev] engine leg back: 1576 m in 21807 ms = 7228 units per s (move_speed 8960) at t=33056934
						Lua 0:07:29:269
[TrainHubDev] engine leg out: 1208 m in 17372 ms = 6951 units per s (move_speed 8960) at t=33058012
						Lua 0:07:29:319
[TrainHubDev] build done: elements 5, elapsed 34677 ms, 116 ms after the deadline, the Wasp's stage work at t=33058196 site=7479
						Lua 0:07:29:420
[TrainHubDev] engine leg out: 1365 m in 18739 ms = 7286 units per s (move_speed 8960) at t=33058767
						Lua 0:07:29:482
[TrainHubDev] build done: elements 5, elapsed 37819 ms, 295 ms after the deadline, the Wasp's stage work at t=33059014 site=7558
						Lua 0:07:29:955
[TrainHubDev] engine leg out: 1134 m in 16392 ms = 6916 units per s (move_speed 8960) at t=33061434
						Lua 0:07:30:040
[TrainHubDev] build done: elements 5, elapsed 35607 ms, 0 ms after the deadline, the Wasp's stage work at t=33061802 site=7491
						Lua 0:07:30:430
[TrainHubDev] engine leg out: 949 m in 13778 ms = 6888 units per s (move_speed 8960) at t=33063818
						Lua 0:07:30:629
[TrainHubDev] engine leg back: 1093 m in 15660 ms = 6980 units per s (move_speed 8960) at t=33064813
						Lua 0:07:30:942
[TrainHubDev] build done: elements 5, elapsed 35121 ms, 25 ms after the deadline, the Wasp's stage work at t=33066316 site=7485
						Lua 0:07:31:053
[TrainHubDev] build done: elements 5, elapsed 31748 ms, 634 ms after the deadline, the Wasp's stage work at t=33066875 site=7372
						Lua 0:07:31:725
[TrainHubDev] build done: elements 5, elapsed 36765 ms, 0 ms after the deadline, the Wasp's stage work at t=33070236 site=7564
						Lua 0:07:31:983
[TrainHubDev] build done: elements 5, elapsed 34760 ms, 723 ms after the deadline, the Wasp's stage work at t=33071522 site=7426
[TrainHubDev] engine leg back: 1590 m in 21444 ms = 7413 units per s (move_speed 8960) at t=33071522
						Lua 0:07:32:099
[TrainHubDev] build done: elements 5, elapsed 35898 ms, 0 ms after the deadline, the Wasp's stage work at t=33072093 site=7497
						Lua 0:07:32:530
[TrainHubDev] engine leg out: 1505 m in 21151 ms = 7116 units per s (move_speed 8960) at t=33074314
						Lua 0:07:32:620
[TrainHubDev] build done: elements 5, elapsed 33507 ms, 480 ms after the deadline, the Wasp's stage work at t=33074702 site=7414
						Lua 0:07:32:825
[TrainHubDev] engine leg back: 1246 m in 17594 ms = 7081 units per s (move_speed 8960) at t=33075790
						Lua 0:07:33:110
[TrainHubDev] build done: elements 5, elapsed 30964 ms, 522 ms after the deadline, the Wasp's stage work at t=33077159 site=7366
						Lua 0:07:33:609
[TrainHubDev] engine leg back: 1461 m in 20695 ms = 7058 units per s (move_speed 8960) at t=33079709
						Lua 0:07:33:721
[TrainHubDev] engine leg back: 1325 m in 18470 ms = 7173 units per s (move_speed 8960) at t=33080272
						Lua 0:07:33:952
[TrainHubDev] engine leg back: 997 m in 14551 ms = 6851 units per s (move_speed 8960) at t=33081426
						Lua 0:07:34:531
[TrainHubDev] engine leg back: 1285 m in 18004 ms = 7137 units per s (move_speed 8960) at t=33084320
						Lua 0:07:35:212
[TrainHubDev] build done: elements 5, elapsed 38457 ms, 309 ms after the deadline, the Wasp's stage work at t=33087610 site=7552
						Lua 0:07:35:424
[TrainHubDev] engine leg back: 1208 m in 17266 ms = 6994 units per s (move_speed 8960) at t=33088788
						Lua 0:07:35:585
[TrainHubDev] engine leg back: 1416 m in 19353 ms = 7314 units per s (move_speed 8960) at t=33089589
						Lua 0:07:35:671
[TrainHubDev] lights: arm 0, flanks the reactor (red flank) = B2 "Deep blue wash" (SpotLight), 12 lights, engine bearing 0 deg
[TrainHubDev] lights: arm 1, flanks the reactor (blue flank) = B2 "Deep blue wash" (SpotLight), 12 lights, engine bearing 60 deg
[TrainHubDev] lights: arm 2, next to the blue flank = B2 "Deep blue wash" (SpotLight), 12 lights, engine bearing 120 deg
[TrainHubDev] lights: arm 3, opposite the red flank = B2 "Deep blue wash" (SpotLight), 12 lights, engine bearing 180 deg
						Lua 0:07:35:672
[TrainHubDev] lights: arm 4, opposite the blue flank = B2 "Deep blue wash" (SpotLight), 12 lights, engine bearing 240 deg
[TrainHubDev] lights: arm 5, next to the red flank = B2 "Deep blue wash" (SpotLight), 12 lights, engine bearing 300 deg
[TrainHubDev] lights: arm tune intensity 50, side 150 cm, height 200 cm, radius 500 cm, cone 50/100, colour 0,40,255
[TrainHubDev] structure lights: portal rims ON, 30 lights (intensity 4, radius 350 cm)
[TrainHubDev] structure lights: drone pit kerb OFF, 0 lights (intensity 15, radius 300 cm)
[TrainHubDev] structure lights: ring rim strip OFF, 0 lights (intensity 12, radius 400 cm)
[TrainHubDev] structure lights: floor edge strip OFF, 0 lights (intensity 30, radius 300 cm)
[TrainHubDev] structure lights: crown floor light ON, 0 lights (intensity 150, radius 4000 cm)
[TrainHubDev] structure lights: crown floor light follows the VANILLA night schedule (OnMsg.LightmodelChange -> map.NightLightsState, NightLightObjects.lua:250-259, :22 on build 1.1.0.403908); it is DAY now, so it is NOT PLACED -- hanging at z 1900 cm, colour 255,214,170, cone 0/0
[TrainHubDev] structure lights: under-deck fill ON, 0 lights (intensity 40, radius 1200 cm)
[TrainHubDev] structure lights: under-deck fill follows the VANILLA night schedule (OnMsg.LightmodelChange -> map.NightLightsState, NightLightObjects.lua:250-259, :22 on build 1.1.0.403908); it is DAY now, so it is NOT PLACED -- hanging at z 700 cm, colour 255,214,170, cone 0/0
[TrainHubDev] lights: 102 placed (72 arm + 30 structure); a stopped hub destroys them all
						Lua 0:07:35:794
[TrainHubDev] engine leg back: 1365 m in 18542 ms = 7364 units per s (move_speed 8960) at t=33090635
						Lua 0:07:35:849
[TrainHubDev] engine leg back: 949 m in 13753 ms = 6901 units per s (move_speed 8960) at t=33090912
						Lua 0:07:35:865
[TrainHubDev] engine leg back: 1134 m in 16289 ms = 6960 units per s (move_speed 8960) at t=33090991
						Lua 0:07:35:916
[TrainHubDev] build dispatched: elements 5, 1830 m, deadline in 41525 ms (launch 4000 + travel 25525 + work 12000) at t=33091195 site=7199 track=7134
						Lua 0:07:36:916
[TrainHubDev] build dispatched: elements 5, 1788 m, deadline in 40946 ms (launch 4000 + travel 24946 + work 12000) at t=33096195 site=7187 track=7134
						Lua 0:07:37:916
[TrainHubDev] build dispatched: elements 5, 1769 m, deadline in 40682 ms (launch 4000 + travel 24682 + work 12000) at t=33101195 site=7181 track=7134
						Lua 0:07:38:915
[TrainHubDev] build dispatched: elements 5, 1808 m, deadline in 41228 ms (launch 4000 + travel 25228 + work 12000) at t=33106195 site=7193 track=7134
						Lua 0:07:39:243
[TrainHubDev] engine leg back: 1505 m in 20268 ms = 7427 units per s (move_speed 8960) at t=33107878
						Lua 0:07:39:917
[TrainHubDev] build dispatched: elements 5, 1875 m, deadline in 42165 ms (launch 4000 + travel 26165 + work 12000) at t=33111195 site=7256 track=7134
						Lua 0:07:40:915
[TrainHubDev] build dispatched: elements 5, 1900 m, deadline in 42507 ms (launch 4000 + travel 26507 + work 12000) at t=33116195 site=7262 track=7134
						Lua 0:07:41:284
[TrainHubDev] engine leg out: 1740 m in 23102 ms = 7531 units per s (move_speed 8960) at t=33118085
						Lua 0:07:41:915
[TrainHubDev] build dispatched: elements 5, 1751 m, deadline in 40434 ms (launch 4000 + travel 24434 + work 12000) at t=33121195 site=7152 track=7134
						Lua 0:07:42:201
[TrainHubDev] engine leg out: 1699 m in 22466 ms = 7562 units per s (move_speed 8960) at t=33122671
						Lua 0:07:42:916
[TrainHubDev] build dispatched: elements 5, 1952 m, deadline in 43231 ms (launch 4000 + travel 27231 + work 12000) at t=33126195 site=7341 track=7134
						Lua 0:07:43:201
[TrainHubDev] engine leg out: 1680 m in 22466 ms = 7479 units per s (move_speed 8960) at t=33127671
						Lua 0:07:43:916
[TrainHubDev] build dispatched: elements 5, 1925 m, deadline in 42862 ms (launch 4000 + travel 26862 + work 12000) at t=33131195 site=7268 track=7134
						Lua 0:07:43:932
[TrainHubDev] build done: elements 5, elapsed 40070 ms, 0 ms after the deadline, the Wasp's stage work at t=33131265 site=7199
[TrainHubDev] build dispatched: elements 4, 1979 m, deadline in 42612 ms (launch 4000 + travel 27612 + work 11000) at t=33131265 site=7347 track=7134
						Lua 0:07:44:207
[TrainHubDev] engine leg out: 1719 m in 22493 ms = 7641 units per s (move_speed 8960) at t=33132698
						Lua 0:07:44:873
[TrainHubDev] build done: elements 5, elapsed 39780 ms, 0 ms after the deadline, the Wasp's stage work at t=33135975 site=7187
[TrainHubDev] build dispatched: elements 5, 1852 m, deadline in 41837 ms (launch 4000 + travel 25837 + work 12000) at t=33135975 site=7250 track=7134
						Lua 0:07:44:915
[TrainHubDev] build dispatched: elements 5, 1720 m, deadline in 39992 ms (launch 4000 + travel 23992 + work 12000) at t=33136195 site=7140 track=7134
						Lua 0:07:45:422
[TrainHubDev] engine leg out: 1786 m in 23571 ms = 7575 units per s (move_speed 8960) at t=33138776
						Lua 0:07:45:877
[TrainHubDev] build done: elements 5, elapsed 39794 ms, 0 ms after the deadline, the Wasp's stage work at t=33140989 site=7181
[TrainHubDev] build dispatched: elements 5, 1735 m, deadline in 40204 ms (launch 4000 + travel 24204 + work 12000) at t=33140989 site=7146 track=7134
						Lua 0:07:45:916
[TrainHubDev] build dispatched: elements 5, 1706 m, deadline in 39798 ms (launch 4000 + travel 23798 + work 12000) at t=33141195 site=7133 track=7134
						Lua 0:07:46:584
[TrainHubDev] engine leg out: 1810 m in 24379 ms = 7424 units per s (move_speed 8960) at t=33144584
						Lua 0:07:46:880
[TrainHubDev] build done: elements 5, elapsed 39813 ms, 0 ms after the deadline, the Wasp's stage work at t=33146008 site=7193
						Lua 0:07:47:105
[TrainHubDev] engine leg out: 1663 m in 21984 ms = 7564 units per s (move_speed 8960) at t=33147189
						Lua 0:07:48:111
[TrainHubDev] build done: elements 5, elapsed 40973 ms, 0 ms after the deadline, the Wasp's stage work at t=33152168 site=7256
						Lua 0:07:48:500
[TrainHubDev] engine leg back: 1740 m in 22903 ms = 7597 units per s (move_speed 8960) at t=33154168
						Lua 0:07:48:725
[TrainHubDev] engine leg out: 1862 m in 25079 ms = 7425 units per s (move_speed 8960) at t=33155284
						Lua 0:07:49:238
[TrainHubDev] build done: elements 5, elapsed 41599 ms, 0 ms after the deadline, the Wasp's stage work at t=33157794 site=7262
						Lua 0:07:49:355
[TrainHubDev] engine leg back: 1699 m in 22460 ms = 7564 units per s (move_speed 8960) at t=33158435
						Lua 0:07:49:635
[TrainHubDev] engine leg out: 1836 m in 24813 ms = 7397 units per s (move_speed 8960) at t=33159838
						Lua 0:07:49:775
[TrainHubDev] build done: elements 5, elapsed 39292 ms, 0 ms after the deadline, the Wasp's stage work at t=33160487 site=7152
						Lua 0:07:49:815
[TrainHubDev] engine leg out: 1889 m in 25502 ms = 7409 units per s (move_speed 8960) at t=33160734
						Lua 0:07:50:070
[TrainHubDev] engine leg out: 1632 m in 21846 ms = 7471 units per s (move_speed 8960) at t=33162008
						Lua 0:07:50:299
[TrainHubDev] engine leg back: 1680 m in 22171 ms = 7578 units per s (move_speed 8960) at t=33163160
						Lua 0:07:50:300
[TrainHubDev] engine leg out: 1762 m in 23205 ms = 7594 units per s (move_speed 8960) at t=33163160
						Lua 0:07:50:949
[TrainHubDev] engine leg out: 1619 m in 21248 ms = 7619 units per s (move_speed 8960) at t=33166410
						Lua 0:07:50:974
[TrainHubDev] engine leg out: 1647 m in 21575 ms = 7633 units per s (move_speed 8960) at t=33166530
						Lua 0:07:51:400
[TrainHubDev] engine leg back: 1719 m in 22656 ms = 7586 units per s (move_speed 8960) at t=33168664
						Lua 0:07:51:413
[TrainHubDev] build done: elements 5, elapsed 42469 ms, 0 ms after the deadline, the Wasp's stage work at t=33168664 site=7341
						Lua 0:07:52:258
[TrainHubDev] build done: elements 4, elapsed 41629 ms, 0 ms after the deadline, the Wasp's stage work at t=33172894 site=7347
						Lua 0:07:52:274
[TrainHubDev] build done: elements 5, elapsed 41775 ms, 0 ms after the deadline, the Wasp's stage work at t=33172970 site=7268
						Lua 0:07:52:740
[TrainHubDev] build done: elements 5, elapsed 39117 ms, 0 ms after the deadline, the Wasp's stage work at t=33175312 site=7140
						Lua 0:07:52:827
[TrainHubDev] engine leg back: 1786 m in 23634 ms = 7555 units per s (move_speed 8960) at t=33175802
						Lua 0:07:52:967
[TrainHubDev] build done: elements 5, elapsed 40469 ms, 0 ms after the deadline, the Wasp's stage work at t=33176444 site=7250
						Lua 0:07:53:627
[TrainHubDev] build done: elements 5, elapsed 38547 ms, 0 ms after the deadline, the Wasp's stage work at t=33179742 site=7133
						Lua 0:07:53:669
[TrainHubDev] build done: elements 5, elapsed 38877 ms, 0 ms after the deadline, the Wasp's stage work at t=33179866 site=7146
						Lua 0:07:53:990
[TrainHubDev] engine leg back: 1810 m in 23822 ms = 7598 units per s (move_speed 8960) at t=33181616
						Lua 0:07:54:211
[TrainHubDev] engine leg back: 1663 m in 22230 ms = 7480 units per s (move_speed 8960) at t=33182717
						Lua 0:07:56:369
[TrainHubDev] engine leg back: 1862 m in 24840 ms = 7496 units per s (move_speed 8960) at t=33193504
						Lua 0:07:57:089
[TrainHubDev] engine leg back: 1632 m in 21799 ms = 7487 units per s (move_speed 8960) at t=33197111
						Lua 0:07:57:118
[TrainHubDev] engine leg back: 1836 m in 24280 ms = 7560 units per s (move_speed 8960) at t=33197250
						Lua 0:07:57:309
[TrainHubDev] engine leg back: 1889 m in 25315 ms = 7464 units per s (move_speed 8960) at t=33198209
						Lua 0:07:57:601
[TrainHubDev] engine leg back: 1762 m in 23225 ms = 7587 units per s (move_speed 8960) at t=33199669
						Lua 0:07:57:915
[TrainHubDev] engine leg back: 1619 m in 21480 ms = 7537 units per s (move_speed 8960) at t=33201222
						Lua 0:07:58:118
[TrainHubDev] engine leg back: 1647 m in 22384 ms = 7357 units per s (move_speed 8960) at t=33202250
						Lua 0:08:02:317
[mod] [SMRTK] SMRTK_SECTION action=section_attach attached=true dialog=ipBuilding object=SMROptInTrainHub6(6430) status=OK t=33218503 id=278
						Lua 0:08:05:670
[mod] [SMRTK] SMRTK_PANEL action=panel_toggle open=true status=OK tab=Agent t=33218503 id=279
						Lua 0:08:08:401
[mod] [SMRTK] SMRTK_MARK action=mark label=BUILD5_READ mark=480 status=OK t=33218503 id=280
[SMRTK] SMRTK_MARK action=mark label=BUILD5_READ mark=480 status=OK t=33218503 id=280
[mod] [SMRTK] SMRTK_FINGERPRINT action=fingerprint fix_pack_present=43/43 game=405907 mark_action=mark mods=SMR_CommunityFixPack,SMR_CommunityFixPackTestKit,SMR_CommunityOptInPack,SMR_RailShaftDev_20260923,SMR_TrainHubDev_20260918 pack_version=21 read="live registry" save=train_hub_build5_midjob.savegame.sav sol=47 status=OK t=33218503 id=281
[SMRTK] SMRTK_FINGERPRINT action=fingerprint fix_pack_present=43/43 game=405907 mark_action=mark mods=SMR_CommunityFixPack,SMR_CommunityFixPackTestKit,SMR_CommunityOptInPack,SMR_RailShaftDev_20260923,SMR_TrainHubDev_20260918 pack_version=21 read="live registry" save=train_hub_build5_midjob.savegame.sav sol=47 status=OK t=33218503 id=281
						Lua 0:08:08:409
[mod] [SMRTK] SMRTK_DUMP leg=READ object=2007 on_graph=true row=network_station t=33218503 id=282
[SMRTK] SMRTK_DUMP leg=READ object=2007 on_graph=true row=network_station t=33218503 id=282
[mod] [SMRTK] SMRTK_DUMP leg=READ object=2008 on_graph=true row=network_station t=33218503 id=283
[SMRTK] SMRTK_DUMP leg=READ object=2008 on_graph=true row=network_station t=33218503 id=283
						Lua 0:08:08:410
[mod] [SMRTK] SMRTK_DUMP leg=READ object=7353 on_graph=true row=network_station t=33218503 id=284
[SMRTK] SMRTK_DUMP leg=READ object=7353 on_graph=true row=network_station t=33218503 id=284
[mod] [SMRTK] SMRTK_DUMP leg=READ object=2009 on_graph=true row=network_station t=33218503 id=285
[SMRTK] SMRTK_DUMP leg=READ object=2009 on_graph=true row=network_station t=33218503 id=285
[mod] [SMRTK] SMRTK_DUMP leg=READ object=6430 on_graph=true row=network_station t=33218503 id=286
[SMRTK] SMRTK_DUMP leg=READ object=6430 on_graph=true row=network_station t=33218503 id=286
[mod] [SMRTK] SMRTK_DUMP leg=READ object=1994 on_graph=true row=network_station t=33218503 id=287
[SMRTK] SMRTK_DUMP leg=READ object=1994 on_graph=true row=network_station t=33218503 id=287
[mod] [SMRTK] SMRTK_DUMP leg=READ object=2011 on_graph=true row=network_station t=33218503 id=288
[SMRTK] SMRTK_DUMP leg=READ object=2011 on_graph=true row=network_station t=33218503 id=288
[mod] [SMRTK] SMRTK_DUMP leg=READ object=2012 on_graph=true row=network_station t=33218503 id=289
[SMRTK] SMRTK_DUMP leg=READ object=2012 on_graph=true row=network_station t=33218503 id=289
[mod] [SMRTK] SMRTK_DUMP leg=READ object=7042 on_graph=true row=network_station t=33218503 id=290
[SMRTK] SMRTK_DUMP leg=READ object=7042 on_graph=true row=network_station t=33218503 id=290
[mod] [SMRTK] SMRTK_DUMP leg=READ object=6243 on_graph=true row=network_station t=33218503 id=291
[SMRTK] SMRTK_DUMP leg=READ object=6243 on_graph=true row=network_station t=33218503 id=291
[mod] [SMRTK] SMRTK_DUMP actual=66000 leg=READ res=Bread row=stock target=66000 t=33218503 id=292
[SMRTK] SMRTK_DUMP actual=66000 leg=READ res=Bread row=stock target=66000 t=33218503 id=292
[mod] [SMRTK] SMRTK_DUMP actual=65000 leg=READ res=Herbs row=stock target=65000 t=33218503 id=293
[SMRTK] SMRTK_DUMP actual=65000 leg=READ res=Herbs row=stock target=65000 t=33218503 id=293
[mod] [SMRTK] SMRTK_DUMP actual=67800 leg=READ res=Metals row=stock target=67800 t=33218503 id=294
[SMRTK] SMRTK_DUMP actual=67800 leg=READ res=Metals row=stock target=67800 t=33218503 id=294
[mod] [SMRTK] SMRTK_DUMP actual=62000 leg=READ res=Cheese row=stock target=62000 t=33218503 id=295
[SMRTK] SMRTK_DUMP actual=62000 leg=READ res=Cheese row=stock target=62000 t=33218503 id=295
[mod] [SMRTK] SMRTK_DUMP actual=67000 leg=READ res=PreciousMetals row=stock target=67000 t=33218503 id=296
[SMRTK] SMRTK_DUMP actual=67000 leg=READ res=PreciousMetals row=stock target=67000 t=33218503 id=296
[mod] [SMRTK] SMRTK_DUMP actual=67000 leg=READ res=Polymers row=stock target=67000 t=33218503 id=297
[SMRTK] SMRTK_DUMP actual=67000 leg=READ res=Polymers row=stock target=67000 t=33218503 id=297
[mod] [SMRTK] SMRTK_DUMP actual=65000 leg=READ res=Spices row=stock target=65000 t=33218503 id=298
[SMRTK] SMRTK_DUMP actual=65000 leg=READ res=Spices row=stock target=65000 t=33218503 id=298
[mod] [SMRTK] SMRTK_DUMP actual=67000 leg=READ res=Fuel row=stock target=67000 t=33218503 id=299
[SMRTK] SMRTK_DUMP actual=67000 leg=READ res=Fuel row=stock target=67000 t=33218503 id=299
[mod] [SMRTK] SMRTK_DUMP actual=73000 leg=READ res=Concrete row=stock target=73000 t=33218503 id=300
[SMRTK] SMRTK_DUMP actual=73000 leg=READ res=Concrete row=stock target=73000 t=33218503 id=300
[mod] [SMRTK] SMRTK_DUMP actual=71000 leg=READ res=MachineParts row=stock target=71000 t=33218503 id=301
[SMRTK] SMRTK_DUMP actual=71000 leg=READ res=MachineParts row=stock target=71000 t=33218503 id=301
[mod] [SMRTK] SMRTK_DUMP actual=61000 leg=READ res=Meat row=stock target=61000 t=33218503 id=302
[SMRTK] SMRTK_DUMP actual=61000 leg=READ res=Meat row=stock target=61000 t=33218503 id=302
[mod] [SMRTK] SMRTK_DUMP actual=57000 leg=READ res=Sugar row=stock target=57000 t=33218503 id=303
[SMRTK] SMRTK_DUMP actual=57000 leg=READ res=Sugar row=stock target=57000 t=33218503 id=303
[mod] [SMRTK] SMRTK_DUMP actual=61000 leg=READ res=Food row=stock target=61000 t=33218503 id=304
[SMRTK] SMRTK_DUMP actual=61000 leg=READ res=Food row=stock target=61000 t=33218503 id=304
[mod] [SMRTK] SMRTK_DUMP actual=70000 leg=READ res=Coffee row=stock target=70000 t=33218503 id=305
[SMRTK] SMRTK_DUMP actual=70000 leg=READ res=Coffee row=stock target=70000 t=33218503 id=305
[mod] [SMRTK] SMRTK_DUMP actual=63000 leg=READ res=Butter row=stock target=63000 t=33218503 id=306
[SMRTK] SMRTK_DUMP actual=63000 leg=READ res=Butter row=stock target=63000 t=33218503 id=306
[mod] [SMRTK] SMRTK_DUMP actual=78000 leg=READ res=Electronics row=stock target=75200 t=33218503 id=307
[SMRTK] SMRTK_DUMP actual=78000 leg=READ res=Electronics row=stock target=75200 t=33218503 id=307
[mod] [SMRTK] SMRTK_DUMP actual=69000 leg=READ res=Seeds row=stock target=69000 t=33218503 id=308
[SMRTK] SMRTK_DUMP actual=69000 leg=READ res=Seeds row=stock target=69000 t=33218503 id=308
[mod] [SMRTK] SMRTK_DUMP actual=69000 leg=READ res=PreciousMinerals row=stock target=69000 t=33218503 id=309
[SMRTK] SMRTK_DUMP actual=69000 leg=READ res=PreciousMinerals row=stock target=69000 t=33218503 id=309
[mod] [SMRTK] SMRTK_DUMP actual=74000 leg=READ res=WasteRock row=stock target=74000 t=33218503 id=310
[SMRTK] SMRTK_DUMP actual=74000 leg=READ res=WasteRock row=stock target=74000 t=33218503 id=310
[mod] [SMRTK] SMRTK_ACTION action=slot_1 active=0 candidate_elements=0 candidate_groups=0 errors=0 fleet=5 game_time=33218503 hub=6430 mark=480 max_drones=60 sitting=build5_pass2_smoke status=OK track_work=true waiting=0 t=33218503 id=311
[SMRTK] SMRTK_ACTION action=slot_1 active=0 candidate_elements=0 candidate_groups=0 errors=0 fleet=5 game_time=33218503 hub=6430 mark=480 max_drones=60 sitting=build5_pass2_smoke status=OK track_work=true waiting=0 t=33218503 id=311
						Lua 0:08:11:150
[mod] [SMRTK] SMRTK_COPY action=copy flushed=true from=480 lines=32 status=OK truncated=false t=33218503 id=312
[SMRTK] SMRTK_COPY action=copy flushed=true from=480 lines=32 status=OK truncated=false t=33218503 id=312
