					Render 0:00:00:006
*** executable info
					Render 0:00:00:007
Timestamp:     	6aad2d75
Date:          	Fri Sep 18 08:24:21 2026
Command line:  	
Compiler:      	195136247, 142 (VS 2019) or newer


*** hardware info
CPU name      	Intel(R) Core(TM) i7-14700K
CPU MHz       	3418
CPU cores     	20/28
Phys. Memory   	65278 MBytes
Memory In Use  	40%
Disk Free      	1225794 MBytes


*** OS info
OS:            	Windows 11
Version:       	10.0.26100 


*** Debug::Init()


					Render 0:00:00:062
Steam initialized (AppId 3215050)
					Render 0:00:00:065
Drive type for game installation: SSD, savegames: SSD
					Render 0:00:00:066
Language: English
					Render 0:00:01:520
*** graphics info
GPU                            	NVIDIA GeForce RTX 4080 Feature Level: 12.1 {  DoublePrecisionFloatShaderOps: 1 OutputMergerLogicOp: 1 MinPrecisionSupport: 2 TiledResourcesTier: 4 ResourceBindingTier: 3 PSSpecifiedStencilRefSupported: 0 TypedUAVLoadAdditionalFormats: 1 ROVsSupported: 1 ConservativeRasterizationTier: 3 MaxGPUVirtualAddressBitsPerResource: 40 StandardSwizzle64KBSupported: 0 CrossNodeSharingTier: 0 CrossAdapterRowMajorTextureSupported: 0 VPAndRTArrayIndexFromAnyShaderFeedingRasterizerSupportedWithoutGSEmulation: 1 ResourceHeapTier: 2 NotZeroedPools: 1 UMA: 0 UnalignedBlockTextures: 1}
API                            	d3d12
GPU Driver Version             	32.0.16.1074
GPU Driver Package Version     	610.74
GPU Dedicated Video Memory     	16048 MB
					Render 0:00:01:713

Libs: Network, Sequences, MouseTrackWin, DumbAI, MapGen, Paradox, TriggersAndEvents, Notifications, Research, Resources, Tutorial, Objectives 

					Render 0:00:02:015

Platform: desktop, editor, goldmaster, paradox, pc, steam

					Render 0:00:03:226
*** audio info
Audio Endpoint                 	Speakers (Razer Leviathan V2)
						Lua 0:00:03:227
Lua revision: 405907
Assets revision: 33225
Steam AppID: 3215050
Build version: 1.1.1.405907
Build branch:  Release
						Lua 0:00:16:737
Account storage loaded successfully in 5 ms
						Lua 0:00:16:738
DLC norman loaded, lua revision 405907, assets revision 33225
DLC thomas loaded, lua revision 405907, assets revision 33225
						Lua 0:00:16:751
[mod] Loaded mod def Relaunched Fix Pack: Opt-In Modules (id SMR_CommunityOptInPack, v1.00-000) unpacked from appdata
[mod] Loaded mod def DEV ONLY - Rail Shaft (cross-map train tunnel prototype) (id SMR_RailShaftDev_20260923, v0.00-001) unpacked from appdata
[mod] Loaded mod def Community Fix Pack — Test Kit (id SMR_CommunityFixPackTestKit, v0.00-001) unpacked from appdata
[mod] Loaded mod def DEV ONLY - Train Hub (Module B build) (id SMR_TrainHubDev_20260918, v0.00-052) unpacked from appdata
[mod] Loaded mod def DEV ONLY - Train Hub Prototype (id SMR_TrainHubPrototype_20260918, v0.00-002) unpacked from appdata
[mod] Loaded mod def Passage Network (id iooW34Y, v1.00-038) packed from steam
[mod] Loaded mod def TEMPORARY - Linux NVIDIA 580 Crash Workaround (id SMR_FR1TempWorkaround, v0.00-003) unpacked from appdata
[mod] Loaded mod def Relaunched Fix Pack (id SMR_CommunityFixPack, v1.00-021) unpacked from appdata
						Lua 0:00:17:240
[mod] [SMRTest] console enable requested (flag set, no overlay) — press Enter (or Alt-Shift-C) once in a colony
[SMRTest] console enable requested (flag set, no overlay) — press Enter (or Alt-Shift-C) once in a colony
[mod] [SMRTest] no debug.getinfo (mod sandbox) — [install] probes will SKIP
[SMRTest] no debug.getinfo (mod sandbox) — [install] probes will SKIP
[mod] [SMRTest] test kit loaded — SMRTest.RunAll(), SMRTest.List(), SMRTest.<ProbeId>()
[SMRTest] test kit loaded — SMRTest.RunAll(), SMRTest.List(), SMRTest.<ProbeId>()
						Lua 0:00:17:244
[mod] [SMRTK] SMRTK_CORE loaded=true tee=false t=12294 id=1
[SMRTK] SMRTK_CORE loaded=true tee=false t=12294 id=1
						Lua 0:00:17:248
[mod] [SMRTest][carry] fixture-carry dump available — run SMRTest.FixtureCarry()
						Lua 0:00:17:250
[TrainHubDev] hub classes loaded: six-connector hub, built-in drone controller, maintenance reserve
						Lua 0:00:17:251
[TrainHubDev] train export floor loaded (standing + transient holds)
[TrainDistribution] synchronous console prototype loaded; drone baselines are samples only
						Lua 0:00:17:252
[mod] [CommunityFixPack] LanderEmptyLaunch: applied
[mod] [CommunityFixPack] ShelterReflex: applied
[mod] [CommunityFixPack] TrackSalvageWipe: applied
[mod] [CommunityFixPack] LakeEntombment: applied
						Lua 0:00:17:253
[mod] [CommunityFixPack] RocketDroneChurn: applied
[mod] [CommunityFixPack] ShuttleTransportCache: applied
[mod] [CommunityFixPack] VacuumWalks: applied
[mod] [CommunityFixPack] ArrivalDeaths: applied
[mod] [CommunityFixPack] PassageHubSalvageDrain: applied
[mod] [CommunityFixPack] HubLocalAccess: applied
[mod] [CommunityFixPack] HubMarkerDeparture: applied
[mod] [CommunityFixPack] RescueReturnText: applied
						Lua 0:00:17:254
[mod] [CommunityFixPack] ObsoleteHomeRescue: applied
[mod] [CommunityFixPack] StaleReservations: applied
[mod] [CommunityFixPack] CrystalMysteryHang: applied
[mod] [CommunityFixPack] DustSicknessBiorobots: applied
[mod] [CommunityFixPack] PayloadTemplateRefill: applied
[mod] [CommunityFixPack] ShuttleHubOffAvailable: applied
[mod] [CommunityFixPack] FreedHousingNotice: applied
[mod] [CommunityFixPack] LandscapeUnitFilter: applied
						Lua 0:00:17:255
[mod] [CommunityFixPack] RocketInteractGuard: applied
[mod] [CommunityFixPack] TrackConnectorPingPong: applied
[mod] [CommunityFixPack] TrackTunnelPowerBridge: applied						Lua 0:00:17:256

[mod] [CommunityFixPack] SequenceLatents: applied
[mod] [CommunityFixPack] TrackSalvageRefund: applied
[mod] [CommunityFixPack] DroneTransportMinors: applied
[mod] [CommunityFixPack] ScanDowngrade: applied
[mod] [CommunityFixPack] BombardmentSpread: applied
[mod] [CommunityFixPack] ExtenderFlapChurn: applied
[mod] [CommunityFixPack] SaintBlessing: applied
[mod] [CommunityFixPack] ExoticDepositSign: applied
[mod] [CommunityFixPack] JumboCaveReinforcementWedge: applied
						Lua 0:00:17:257
[mod] [CommunityFixPack] SilentHitMomentFX: applied
[mod] [CommunityFixPack] CloggedBuildingRelease: applied
[mod] [CommunityFixPack] FactionDomeSizeGate: applied
[mod] [CommunityFixPack] HabitatExpeditionReturn: applied
[mod] [CommunityFixPack] HabitatExpeditionDraft: applied
[mod] [CommunityFixPack] RoverSubclassManifest: applied
						Lua 0:00:17:258
[mod] [CommunityFixPack] DryFarmingFarms: applied
[mod] [CommunityFixPack] WildfireCureVisit: applied
[mod] [CommunityFixPack] SaveSanitizer: applied
[mod] [CommunityOptInPack] AcknowledgedWarnings: applied
[mod] [CommunityOptInPack] ResidencyControl: inactive (opt-in module, off by default — enable it in Options → Mod Options)
						Lua 0:00:17:259
[mod] [CommunityOptInPack] MultipleSuns: applied
[mod] [CommunityOptInPack] DroneStatDials: applied
[RailShaftDev] loaded: cross-map train tunnel prototype. UNVERIFIED IN GAME.
						Lua 0:00:17:997
[TrainHubDev] save guard: native waiter snapshot; legacy hub load mapping retained
						Lua 0:00:18:076
[mod] [CommunityFixPack] SaintBlessing: inactive (no dome-colonists trait presets)
						Lua 0:00:18:167
Reloading done in 1415 ms
						Lua 0:00:18:169
Available DLCs: norman(Feeding the Future),thomas(Interplanetary Codex) 
						Lua 0:00:18:213
[mod] [SMRTK] SMRTK_CONSOLE_ARM enabled=true hook=DataLoading t=12294 id=2
[SMRTK] SMRTK_CONSOLE_ARM enabled=true hook=DataLoading t=12294 id=2
						Lua 0:00:18:733
[preset] Preset postprocess took 214 ms.
						Lua 0:00:18:809
482 / 482 particle streams loaded in 69 ms.
						Lua 0:00:18:811
5 / 5 particle streams loaded in 1 ms.
						Lua 0:00:18:812
[mod] [CommunityFixPack] SilentHitMomentFX: registered 11 missing animation-moment preset(s)
[mod] [CommunityFixPack] FactionDomeSizeGate: 7 faction dislike(s) now wait for 10 colonists in a dome
[mod] [CommunityFixPack] DryFarmingFarms: left 1 farm(s) alone because DryFarming already reaches them (FarmUnderground via Farm)
[mod] [CommunityFixPack] DryFarmingFarms: added 2 water entr(y/ies) at -50% to DryFarming (1 adopted, 4 of 4 farms loaded)
						Lua 0:00:18:813
[mod] [CommunityOptInPack] MultipleSuns: BuildingTemplates.ArtificialSun not found — build limit NOT lifted (binding fix still active)
						Lua 0:00:19:026
[mod] [CommunityFixPack] SaintBlessing: the shipped code resolves the trait label itself — data left untouched; save re-base armed for 1 preset(s) of 2
						Lua 0:00:19:027
[mod] [CommunityFixPack] DryFarmingFarms: left 1 farm(s) alone because DryFarming already reaches them (FarmUnderground via Farm)
[mod] [CommunityOptInPack] MultipleSuns: Artificial Sun build-once limit lifted
						Lua 0:00:19:121
[mod] [SMRTK] SMRTK_SHORTCUT console=true key=Ctrl-Shift-F11 t=12294 id=3
						Lua 0:00:19:154
[mod] [SMRTK] SMRTK_SHORTCUT console=true key=Ctrl-Shift-F11 t=12294 id=4
						Lua 0:00:19:171
[mod] Loaded mod items for: SMR_CommunityFixPackTestKit, SMR_TrainHubDev_20260918, SMR_CommunityFixPack, SMR_CommunityOptInPack, SMR_RailShaftDev_20260923
						Lua 0:00:19:433
[mod] [CommunityFixPack] SaintBlessing: the shipped code resolves the trait label itself — data left untouched; save re-base armed for 1 preset(s) of 2
[mod] [CommunityFixPack] DryFarmingFarms: left 1 farm(s) alone because DryFarming already reaches them (FarmUnderground via Farm)
						Lua 0:00:19:532
[mod] [SMRTK] SMRTK_SHORTCUT console=true key=Ctrl-Shift-F11 t=12294 id=5
						Lua 0:00:19:878
[PdxSDK] Started up. Took 996
						Lua 0:00:20:283
[Braze] SessionStart error The server name or address could not be resolved

[Braze] Failed sending launcher ev The server name or address could not be resolved

[Braze] Failed to init
						Lua 0:00:20:379
[Braze] SessionStart error The server name or address could not be resolved

[Braze] Failed sending launcher ev The server name or address could not be resolved

[Braze] Failed to init
						Lua 0:02:03:211
Load Game: 
	lua_revision: 403908 (last saved with) 
	orig_lua_revision: 403908 (created with) 
	assets_revision: 33006 

	dlcs: norman, thomas 
						Lua 0:02:03:217
*** Reloading assets from folder 'BinAssets/'
						Lua 0:02:06:449
*** Assets reloaded in 3.2 s, read 359.0 MB, read speed 111.1 MB/s, average read 8136 bytes.
						Lua 0:02:07:472
[mod] [SMRTK] SMRTK_SHORTCUT console=true key=Ctrl-Shift-F11 t=115498 id=6
						Lua 0:02:08:492
[mod] [SMRTK] SMRTK_SHORTCUT console=true key=Ctrl-Shift-F11 t=115498 id=7
						Lua 0:02:09:256
[mod] [SMRTK] SMRTK_CONSOLE_ARM enabled=true hook=PreLoadGame t=115498 id=8
[SMRTK] SMRTK_CONSOLE_ARM enabled=true hook=PreLoadGame t=115498 id=8
						Lua 0:02:11:318
[mod] [SMRTest] console enable requested (flag set, no overlay) — press Enter (or Alt-Shift-C) once in a colony
[SMRTest] console enable requested (flag set, no overlay) — press Enter (or Alt-Shift-C) once in a colony
						Lua 0:02:11:319
[mod] [CommunityFixPack] ExoticDepositSign: 2 Exotic Minerals deposit(s) re-signed onto the clean entity
						Lua 0:02:11:320
[mod] [CommunityFixPack] SilentHitMomentFX: restored 3 missing hit-moment tracker(s) on load
						Lua 0:02:11:321
[RailShaftDev] loaded; underground is locked in this save, so the tunnel stays surface-only.
[RailShaftDev] ready. SMRRailShaft.Status() for where things stand.
						Lua 0:02:11:325
Applied 28 savegame fixup(s) in 4 ms: AAA_SetLRManagerMap, AgronomistFarmCropGrowth, CleanStaleRoverDamagedNotificationObjects, ConstructionSiteFlightMarks, CureSmallCropTechLock, CureUndergroundCropTechLock, FixDustGeneratorThrowTimes, FixFoodServiceMealsServedByShift, HospitalExoticMineralTreatment, KickWorkersFromTurnedOffDomes, MarkUnavoidableSupplyDrains, MoveOpenPasturePilesOffOrigin2, PipesAtBuildableLevelSteps, PoliticalAnimalAchievement2, RemarkJumboCaves, RemoveBreathableAtmosphereAirConsumptionModifier, ResetPlanetSceneCameraState, RespawnUnreachableBottomlessPitAnomalies, ResupplyCutoffLocksDelicacies, SplitDailyCountersByShift, ZZZZ_FixLeakedRocketReservations, ZZZ_DestroyTradeRocketsWithUnplacedLandingSite, ZZZ_FactionTaskDomeCompletableInAnyDome, ZZZ_HungerLocksFoodImport, ZZZ_RebuildElevatorResourceModeRegistration, ZZZ_ReviveElevatorSharedDepots, ZZZ_UpdateRefuelRequests, Zzz_RestartStalledMaintenanceDemand
						Lua 0:02:11:465
game_settings:
    sponsor: ESA
    profile: rocketscientist
    founding_faction: GreenMarsCoalition
    rival_colonies: 
    mystery_random: AIUprisingMystery
    game_rules: Inflation, WinterIsComing, Hunger, DustInTheWind, Armageddon, ActivePlateTectonics, Amateurs, Twister
more_game_settings: save_game_id: KbIuedsLsaWkVwKU, mystery: random, coordinates: 2N176E, landing_spot: ElysiumBeta, logo: Russia
map_conditions: altitude: -2776, temperature: -15, cold_wave: 256, dust_devils: 256, dust_storm: 256, meteors: 256
map_resources: concrete: 254, metals: 146, precious_metals: 146, water: 109
						Lua 0:02:11:562
[mod] [CommunityFixPack] SaveSanitizer: F95 astrogeologist-residue pass removed 0 modifier(s), left 0 unidentified
[mod] [CommunityFixPack] SaveSanitizer: F48 station-connector pass repaired 0 of 0 track(s) walked (0 raised)
Game Loaded in 8352 ms
[mod] [SMRTK] SMRTK_PROVENANCE actions=unavailable last=unavailable present=false session=unavailable t=201405541 id=9
[SMRTK] SMRTK_PROVENANCE actions=unavailable last=unavailable present=false session=unavailable t=201405541 id=9
						Lua 0:02:11:575
[mod] [SMRTK] SMRTK_SHORTCUT console=true key=Ctrl-Shift-F11 t=201405541 id=10
						Lua 0:02:11:588
[mod] [SMRTK] SMRTK_DOCK action=dock_attach attached=true route="idBottom sibling" status=OK surface=one-toggle+tasks t=201405541 id=11
						Lua 0:02:11:593
[mod] [SMRTest] console enable requested (flag set, no overlay) — press Enter (or Alt-Shift-C) once in a colony
[SMRTest] console enable requested (flag set, no overlay) — press Enter (or Alt-Shift-C) once in a colony
						Lua 0:02:11:712
[mod] [SMRTK] SMRTK_SHORTCUT console=true key=Ctrl-Shift-F11 t=201405541 id=12
						Lua 0:02:12:324
Game loaded on map BlankBig_04 in 9249 ms
						Lua 0:02:12:629
[mod] [SMRTK] SMRTK_PANEL_RESTORE open=true tab=Agent t=201405541 id=13
						Lua 0:02:14:830
[mod] [SMRTK] SMRTK_PANEL action=panel_toggle open=false status=OK tab=Agent t=201405541 id=14
						Lua 0:02:40:747
[mod] [SMRTK] SMRTK_SECTION action=section_attach attached=true dialog=ipBuilding object=LandscapeLakeHuge(3437) status=OK t=201405541 id=15
						Lua 0:02:45:412
[mod] [SMRTK] SMRTK_SECTION action=section_attach attached=false reason="no supported actions" status=OK t=201405541 id=16
						Lua 0:02:47:650
[LUA ERROR] Lua/SupplyGrid.lua:1820: attempt to index a nil value (local 'adjacent')
  Lua/SupplyGrid.lua(1820):  method SupplyGridConnectElement
  Lua/ElectricityGrid.lua(294):  method SetupElectricityElement
  Lua/ElectricityGrid.lua(298):   <>
  [C](-1):  global procall
  CommonLua/Core/classes.lua(243):  method GameInit
  CommonLua/Classes/_object.lua(192):   <>
        --- end of stack
Locals:
	                self |   object CableConstructionSite at (420500, 175798, 7738) on map 1
	             element |   object SupplyGridElement
	          grid_class |   object ElectricityGrid
	       new_grid_skin |      nil
	force_create_connections |      nil
	     supply_resource |   string electricity
	                dome |  boolean false
	  is_switched_switch |  boolean false
	     is_construction |  boolean true
	           grid_type |   string construction_grid
	                 map |   object Map
	supply_connection_grid |   object SupplyConnectionGrid
	 supply_overlay_grid | userdata 0x00000253E6563D98 #48
	           conn_grid | userdata 0x00000253E6495560 #56
	               shape |    table 0x00000253E97DA300 #1
	potential_neighbours |    table 0x00000253F2A1DE20 #8
	        grids_merged |  boolean false
	                grid |      nil
	   built_connections |    table 0x00000253F2A1F268 #0
	create_connection_call_data |    table 0x00000253F2A1F2A8 #0
	          is_loading |  boolean false
	construction_connections |   number 0
	         connect_dir |   number 0
	     object_hex_grid | userdata 0x00000253E648FA90 #56
	         (for index) |   number 3
	         (for limit) |   number 8
	          (for step) |   number 2
	                   i |   number 3
	                  pt |    point (319, 203)
	            other_pt |    point (318, 203)
	                 dir |   number 3
	            adjacent |      nil
	         empty_table |    table 0x00000253E5B45EA8 #0
[mod] [SMRTK] SMRTK_ERROR kind=lua message="Lua/SupplyGrid.lua:1820: attempt to index a nil value (local 'adjacent')" stack="  Lua/SupplyGrid.lua(1820):  method SupplyGridConnectElement\n  Lua/ElectricityGrid.lua(294):  method SetupElectricityElement\n  Lua/ElectricityGrid.lua(298):   <>\n  [C](-1):  global procall\n  CommonLua/Core/classes.lua(243):  method GameInit\n  CommonLua/Classes/_object.lua(192):   <>\n        --- end of stack" t=201405541 id=17
[SMRTK] SMRTK_ERROR kind=lua message="Lua/SupplyGrid.lua:1820: attempt to index a nil value (local 'adjacent')" stack="  Lua/SupplyGrid.lua(1820):  method SupplyGridConnectElement\n  Lua/ElectricityGrid.lua(294):  method SetupElectricityElement\n  Lua/ElectricityGrid.lua(298):   <>\n  [C](-1):  global procall\n  CommonLua/Core/classes.lua(243):  method GameInit\n  CommonLua/Classes/_object.lua(192):   <>\n        --- end of stack" t=201405541 id=17
[LUA ERROR] Lua/SupplyGrid.lua:1829: attempt to index a boolean value (field 'grid')
  Lua/SupplyGrid.lua(1829):  method SupplyGridConnectElement
  Lua/ElectricityGrid.lua(294):  method SetupElectricityElement
  Lua/ElectricityGrid.lua(298):   <>
  [C](-1):  global procall
  CommonLua/Core/classes.lua(243):  method GameInit
  CommonLua/Classes/_object.lua(192):   <>
        --- end of stack
Locals:
	                self |   object CableConstructionSite at (419500, 175798, 7738) on map 1
	             element |   object SupplyGridElement
	          grid_class |   object ElectricityGrid
	       new_grid_skin |      nil
	force_create_connections |      nil
	     supply_resource |   string electricity
	                dome |  boolean false
	  is_switched_switch |  boolean false
	     is_construction |  boolean true
	           grid_type |   string construction_grid
	                 map |   object Map
	supply_connection_grid |   object SupplyConnectionGrid
	 supply_overlay_grid | userdata 0x00000253E6563D98 #48
	           conn_grid | userdata 0x00000253E6495560 #56
	               shape |    table 0x00000253E97DA300 #1
	potential_neighbours |    table 0x00000253F2A21A28 #6
	        grids_merged |  boolean false
	                grid |      nil
	   built_connections |    table 0x00000253F2A2A960 #1
	create_connection_call_data |    table 0x00000253F2A2A9A0 #0
	          is_loading |  boolean false
	construction_connections |   number 0
	         connect_dir |   number 0
	     object_hex_grid | userdata 0x00000253E648FA90 #56
	         (for index) |   number 1
	         (for limit) |   number 6
	          (for step) |   number 2
	                   i |   number 1
	                  pt |    point (318, 203)
	            other_pt |    point (319, 203)
	                 dir |   number 0
	            adjacent |   object CableConstructionSite at (420500, 175798, 7738) on map 1
	    adjacent_element |   object SupplyGridElement
	                skip |  boolean false
	         empty_table |    table 0x00000253E5B45EA8 #0
						Lua 0:02:47:651
[mod] [SMRTK] SMRTK_ERROR kind=lua message="Lua/SupplyGrid.lua:1829: attempt to index a boolean value (field 'grid')" stack="  Lua/SupplyGrid.lua(1829):  method SupplyGridConnectElement\n  Lua/ElectricityGrid.lua(294):  method SetupElectricityElement\n  Lua/ElectricityGrid.lua(298):   <>\n  [C](-1):  global procall\n  CommonLua/Core/classes.lua(243):  method GameInit\n  CommonLua/Classes/_object.lua(192):   <>\n        --- end of stack" t=201405541 id=18
[SMRTK] SMRTK_ERROR kind=lua message="Lua/SupplyGrid.lua:1829: attempt to index a boolean value (field 'grid')" stack="  Lua/SupplyGrid.lua(1829):  method SupplyGridConnectElement\n  Lua/ElectricityGrid.lua(294):  method SetupElectricityElement\n  Lua/ElectricityGrid.lua(298):   <>\n  [C](-1):  global procall\n  CommonLua/Core/classes.lua(243):  method GameInit\n  CommonLua/Classes/_object.lua(192):   <>\n        --- end of stack" t=201405541 id=18
						Lua 0:02:51:330
[mod] [SMRTK] SMRTK_SECTION action=section_attach attached=true dialog=ipBuilding object=CableConstructionSite(5771) status=OK t=201405541 id=19
						Lua 0:02:55:167
[mod] [SMRTK] SMRTK_SECTION action=section_attach attached=false reason="no supported actions" status=OK t=201405541 id=20
						Lua 0:02:59:302
[mod] [SMRTK] SMRTK_SECTION action=section_attach attached=false reason="no supported actions" status=OK t=201405541 id=21
						Lua 0:03:04:307
[mod] [SMRTK] SMRTK_SECTION action=section_attach attached=false reason="no supported actions" status=OK t=201405541 id=22
						Lua 0:03:09:662
[mod] [SMRTK] SMRTK_SECTION action=section_attach attached=false reason="no supported actions" status=OK t=201405541 id=23
						Lua 0:03:20:647
[mod] [SMRTK] SMRTK_SECTION action=section_attach attached=true dialog=ipBuilding object=StorageRareMetals(1674) status=OK t=201408906 id=24
						Lua 0:03:34:599
[LUA ERROR] Lua/SupplyGrid.lua:1872: attempt to index a nil value (local 'adjacent')
  Lua/SupplyGrid.lua(1872):  method SupplyGridConnectElement
  Lua/ElectricityGrid.lua(294):  method SetupElectricityElement
  Lua/ElectricityGrid.lua(298):   <>
  [C](-1):  global procall
  CommonLua/Core/classes.lua(243):  method GameInit
  CommonLua/Classes/_object.lua(192):   <>
        --- end of stack
Locals:
	                self |   object StirlingGenerator at (413500, 179262, 7738) on map 1
	             element |   object SupplyGridElement
	          grid_class |   object ElectricityGrid
	       new_grid_skin |      nil
	force_create_connections |      nil
	     supply_resource |   string electricity
	                dome |  boolean false
	  is_switched_switch |      nil
	     is_construction |      nil
	           grid_type |  boolean false
	                 map |   object Map
	supply_connection_grid |   object SupplyConnectionGrid
	 supply_overlay_grid | userdata 0x00000253E6563D98 #48
	           conn_grid | userdata 0x00000253E6495560 #56
	               shape |    table 0x00000253EA17D540 #1
	potential_neighbours |    table 0x00000253F256D998 #8
	        grids_merged |  boolean false
	                grid |      nil
	   built_connections |    table 0x00000253F256DCD0 #0
	create_connection_call_data |    table 0x00000253F256DD10 #0
	          is_loading |  boolean false
	construction_connections |   number 0
	         should_skip | function 0x00000253F256DD50
	     object_hex_grid | userdata 0x00000253E648FA90 #56
	         (for index) |   number 1
	         (for limit) |   number 8
	          (for step) |   number 2
	                   i |   number 1
	                  pt |    point (310, 207)
	            other_pt |    point (311, 207)
	            adjacent |      nil
	         empty_table |    table 0x00000253E5B45EA8 #0
[mod] [SMRTK] SMRTK_ERROR kind=lua message="Lua/SupplyGrid.lua:1872: attempt to index a nil value (local 'adjacent')" stack="  Lua/SupplyGrid.lua(1872):  method SupplyGridConnectElement\n  Lua/ElectricityGrid.lua(294):  method SetupElectricityElement\n  Lua/ElectricityGrid.lua(298):   <>\n  [C](-1):  global procall\n  CommonLua/Core/classes.lua(243):  method GameInit\n  CommonLua/Classes/_object.lua(192):   <>\n        --- end of stack" t=201422863 id=25
[SMRTK] SMRTK_ERROR kind=lua message="Lua/SupplyGrid.lua:1872: attempt to index a nil value (local 'adjacent')" stack="  Lua/SupplyGrid.lua(1872):  method SupplyGridConnectElement\n  Lua/ElectricityGrid.lua(294):  method SetupElectricityElement\n  Lua/ElectricityGrid.lua(298):   <>\n  [C](-1):  global procall\n  CommonLua/Core/classes.lua(243):  method GameInit\n  CommonLua/Classes/_object.lua(192):   <>\n        --- end of stack" t=201422863 id=25
						Lua 0:03:35:405
[LUA ERROR] Lua/SupplyGrid.lua:1820: attempt to index a nil value (local 'adjacent')
  Lua/SupplyGrid.lua(1820):  method SupplyGridConnectElement
  Lua/ElectricityGrid.lua(294):  method SetupElectricityElement
  Lua/ElectricityGrid.lua(298):   <>
  [C](-1):  global procall
  CommonLua/Core/classes.lua(243):  method GameInit
  CommonLua/Classes/_object.lua(192):   <>
        --- end of stack
Locals:
	                self |   object ElectricityGridElement at (420500, 175798, 7738) on map 1
	             element |   object SupplyGridElement
	          grid_class |   object ElectricityGrid
	       new_grid_skin |      nil
	force_create_connections |      nil
	     supply_resource |   string electricity
	                dome |  boolean false
	  is_switched_switch |  boolean false
	     is_construction |      nil
	           grid_type |  boolean false
	                 map |   object Map
	supply_connection_grid |   object SupplyConnectionGrid
	 supply_overlay_grid | userdata 0x00000253E6563D98 #48
	           conn_grid | userdata 0x00000253E6495560 #56
	               shape |    table 0x00000253E97DA300 #1
	potential_neighbours |    table 0x00000253EA371C60 #8
	        grids_merged |  boolean false
	                grid |      nil
	   built_connections |    table 0x00000253F25A8798 #0
	create_connection_call_data |    table 0x00000253F25A87D8 #0
	          is_loading |  boolean false
	construction_connections |   number 16328
	         connect_dir |  boolean false
	     object_hex_grid | userdata 0x00000253E648FA90 #56
	         (for index) |   number 3
	         (for limit) |   number 8
	          (for step) |   number 2
	                   i |   number 3
	                  pt |    point (319, 203)
	            other_pt |    point (318, 203)
	                 dir |   number 3
	            adjacent |      nil
	         empty_table |    table 0x00000253E5B45EA8 #0
[mod] [SMRTK] SMRTK_ERROR kind=lua message="Lua/SupplyGrid.lua:1820: attempt to index a nil value (local 'adjacent')" stack="  Lua/SupplyGrid.lua(1820):  method SupplyGridConnectElement\n  Lua/ElectricityGrid.lua(294):  method SetupElectricityElement\n  Lua/ElectricityGrid.lua(298):   <>\n  [C](-1):  global procall\n  CommonLua/Core/classes.lua(243):  method GameInit\n  CommonLua/Classes/_object.lua(192):   <>\n        --- end of stack" t=201423670 id=26
[SMRTK] SMRTK_ERROR kind=lua message="Lua/SupplyGrid.lua:1820: attempt to index a nil value (local 'adjacent')" stack="  Lua/SupplyGrid.lua(1820):  method SupplyGridConnectElement\n  Lua/ElectricityGrid.lua(294):  method SetupElectricityElement\n  Lua/ElectricityGrid.lua(298):   <>\n  [C](-1):  global procall\n  CommonLua/Core/classes.lua(243):  method GameInit\n  CommonLua/Classes/_object.lua(192):   <>\n        --- end of stack" t=201423670 id=26
						Lua 0:03:35:406
[LUA ERROR] Lua/SupplyGrid.lua:1829: attempt to index a boolean value (field 'grid')
  Lua/SupplyGrid.lua(1829):  method SupplyGridConnectElement
  Lua/ElectricityGrid.lua(294):  method SetupElectricityElement
  Lua/ElectricityGrid.lua(298):   <>
  [C](-1):  global procall
  CommonLua/Core/classes.lua(243):  method GameInit
  CommonLua/Classes/_object.lua(192):   <>
        --- end of stack
Locals:
	                self |   object ElectricityGridElement at (419500, 175798, 7738) on map 1
	             element |   object SupplyGridElement
	          grid_class |   object ElectricityGrid
	       new_grid_skin |      nil
	force_create_connections |      nil
	     supply_resource |   string electricity
	                dome |  boolean false
	  is_switched_switch |  boolean false
	     is_construction |      nil
	           grid_type |  boolean false
	                 map |   object Map
	supply_connection_grid |   object SupplyConnectionGrid
	 supply_overlay_grid | userdata 0x00000253E6563D98 #48
	           conn_grid | userdata 0x00000253E6495560 #56
	               shape |    table 0x00000253E97DA300 #1
	potential_neighbours |    table 0x00000253F25AB688 #8
	        grids_merged |  boolean false
	                grid |      nil
	   built_connections |    table 0x00000253F25A9CC8 #1
	create_connection_call_data |    table 0x00000253F25A9D08 #0
	          is_loading |  boolean false
	construction_connections |   number 16329
	         connect_dir |  boolean false
	     object_hex_grid | userdata 0x00000253E648FA90 #56
	         (for index) |   number 1
	         (for limit) |   number 8
	          (for step) |   number 2
	                   i |   number 1
	                  pt |    point (318, 203)
	            other_pt |    point (319, 203)
	                 dir |   number 0
	            adjacent |   object ElectricityGridElement at (420500, 175798, 7738) on map 1
	    adjacent_element |   object SupplyGridElement
	                skip |  boolean false
	         empty_table |    table 0x00000253E5B45EA8 #0
[mod] [SMRTK] SMRTK_ERROR kind=lua message="Lua/SupplyGrid.lua:1829: attempt to index a boolean value (field 'grid')" stack="  Lua/SupplyGrid.lua(1829):  method SupplyGridConnectElement\n  Lua/ElectricityGrid.lua(294):  method SetupElectricityElement\n  Lua/ElectricityGrid.lua(298):   <>\n  [C](-1):  global procall\n  CommonLua/Core/classes.lua(243):  method GameInit\n  CommonLua/Classes/_object.lua(192):   <>\n        --- end of stack" t=201423670 id=27
[SMRTK] SMRTK_ERROR kind=lua message="Lua/SupplyGrid.lua:1829: attempt to index a boolean value (field 'grid')" stack="  Lua/SupplyGrid.lua(1829):  method SupplyGridConnectElement\n  Lua/ElectricityGrid.lua(294):  method SetupElectricityElement\n  Lua/ElectricityGrid.lua(298):   <>\n  [C](-1):  global procall\n  CommonLua/Core/classes.lua(243):  method GameInit\n  CommonLua/Classes/_object.lua(192):   <>\n        --- end of stack" t=201423670 id=27
						Lua 0:03:41:263
[LUA ERROR] Lua/SupplyGrid.lua:1829: attempt to index a boolean value (field 'grid')
  Lua/SupplyGrid.lua(1829):  method SupplyGridConnectElement
  Lua/ElectricityGrid.lua(294):  method SetupElectricityElement
  Lua/ElectricityGrid.lua(298):   <>
  [C](-1):  global procall
  CommonLua/Core/classes.lua(243):  method GameInit
  CommonLua/Classes/_object.lua(192):   <>
        --- end of stack
Locals:
	                self |   object ElectricityGridElement at (415500, 175798, 7738) on map 1
	             element |   object SupplyGridElement
	          grid_class |   object ElectricityGrid
	       new_grid_skin |      nil
	force_create_connections |      nil
	     supply_resource |   string electricity
	                dome |  boolean false
	  is_switched_switch |  boolean false
	     is_construction |      nil
	           grid_type |  boolean false
	                 map |   object Map
	supply_connection_grid |   object SupplyConnectionGrid
	 supply_overlay_grid | userdata 0x00000253E6563D98 #48
	           conn_grid | userdata 0x00000253E6495560 #56
	               shape |    table 0x00000253E97DA300 #1
	potential_neighbours |    table 0x00000253E9F400F0 #10
	        grids_merged |  boolean false
	                grid |      nil
	   built_connections |    table 0x00000253F2897180 #1
	create_connection_call_data |    table 0x00000253F28971C0 #0
	          is_loading |  boolean false
	construction_connections |   number 16329
	         connect_dir |  boolean false
	     object_hex_grid | userdata 0x00000253E648FA90 #56
	         (for index) |   number 1
	         (for limit) |   number 10
	          (for step) |   number 2
	                   i |   number 1
	                  pt |    point (314, 203)
	            other_pt |    point (315, 203)
	                 dir |   number 0
	            adjacent |   object ElectricityGridElement at (416500, 175798, 7738) on map 1
	    adjacent_element |   object SupplyGridElement
	                skip |  boolean false
	         empty_table |    table 0x00000253E5B45EA8 #0
						Lua 0:03:41:264
[mod] [SMRTK] SMRTK_ERROR kind=lua message="Lua/SupplyGrid.lua:1829: attempt to index a boolean value (field 'grid')" stack="  Lua/SupplyGrid.lua(1829):  method SupplyGridConnectElement\n  Lua/ElectricityGrid.lua(294):  method SetupElectricityElement\n  Lua/ElectricityGrid.lua(298):   <>\n  [C](-1):  global procall\n  CommonLua/Core/classes.lua(243):  method GameInit\n  CommonLua/Classes/_object.lua(192):   <>\n        --- end of stack" t=201429530 id=28
[SMRTK] SMRTK_ERROR kind=lua message="Lua/SupplyGrid.lua:1829: attempt to index a boolean value (field 'grid')" stack="  Lua/SupplyGrid.lua(1829):  method SupplyGridConnectElement\n  Lua/ElectricityGrid.lua(294):  method SetupElectricityElement\n  Lua/ElectricityGrid.lua(298):   <>\n  [C](-1):  global procall\n  CommonLua/Core/classes.lua(243):  method GameInit\n  CommonLua/Classes/_object.lua(192):   <>\n        --- end of stack" t=201429530 id=28
						Lua 0:04:08:316
[LUA ERROR] Lua/SupplyGrid.lua:1872: attempt to index a nil value (local 'adjacent')
  Lua/SupplyGrid.lua(1872):  method SupplyGridConnectElement
  Lua/ElectricityGrid.lua(294):  method SetupElectricityElement
  Lua/ElectricityGrid.lua(298):   <>
  [C](-1):  global procall
  CommonLua/Core/classes.lua(243):  method GameInit
  CommonLua/Classes/_object.lua(192):   <>
        --- end of stack
Locals:
						Lua 0:04:08:317
	                self |   object NaturalistHabitat at (415000, 181860, 7738) on map 1
	             element |   object SupplyGridElement
	          grid_class |   object ElectricityGrid
	       new_grid_skin |      nil
	force_create_connections |      nil
	     supply_resource |   string electricity
	                dome |  boolean false
	  is_switched_switch |      nil
	     is_construction |      nil
	           grid_type |  boolean false
	                 map |   object Map
	supply_connection_grid |   object SupplyConnectionGrid
	 supply_overlay_grid | userdata 0x00000253E6563D98 #48
	           conn_grid | userdata 0x00000253E6495560 #56
	               shape |    table 0x00000253EF0E0460 #10
	potential_neighbours |    table 0x00000253EA0713A0 #44
	        grids_merged |  boolean false
	                grid |      nil
	   built_connections |    table 0x00000253EC8972D8 #0
	create_connection_call_data |    table 0x00000253EC897318 #0
	          is_loading |  boolean false
	construction_connections |   number 0
	         should_skip | function 0x00000253EC897358
	     object_hex_grid | userdata 0x00000253E648FA90 #56
	         (for index) |   number 1
	         (for limit) |   number 44
	          (for step) |   number 2
	                   i |   number 1
	                  pt |    point (309, 210)
	            other_pt |    point (308, 211)
	            adjacent |      nil
	         empty_table |    table 0x00000253E5B45EA8 #0
[mod] [SMRTK] SMRTK_ERROR kind=lua message="Lua/SupplyGrid.lua:1872: attempt to index a nil value (local 'adjacent')" stack="  Lua/SupplyGrid.lua(1872):  method SupplyGridConnectElement\n  Lua/ElectricityGrid.lua(294):  method SetupElectricityElement\n  Lua/ElectricityGrid.lua(298):   <>\n  [C](-1):  global procall\n  CommonLua/Core/classes.lua(243):  method GameInit\n  CommonLua/Classes/_object.lua(192):   <>\n        --- end of stack" t=201456580 id=29
[SMRTK] SMRTK_ERROR kind=lua message="Lua/SupplyGrid.lua:1872: attempt to index a nil value (local 'adjacent')" stack="  Lua/SupplyGrid.lua(1872):  method SupplyGridConnectElement\n  Lua/ElectricityGrid.lua(294):  method SetupElectricityElement\n  Lua/ElectricityGrid.lua(298):   <>\n  [C](-1):  global procall\n  CommonLua/Core/classes.lua(243):  method GameInit\n  CommonLua/Classes/_object.lua(192):   <>\n        --- end of stack" t=201456580 id=29
						Lua 0:04:27:667
Load Game: 
	lua_revision: 403908 (last saved with) 
	orig_lua_revision: 403908 (created with) 
	assets_revision: 33006 

	dlcs: norman, thomas 
						Lua 0:04:27:668
[mod] [SMRTK] SMRTK_CONSOLE_ARM enabled=true hook=ChangeMap t=201465224 id=30
[SMRTK] SMRTK_CONSOLE_ARM enabled=true hook=ChangeMap t=201465224 id=30
						Lua 0:04:27:676
[mod] [SMRTK] SMRTK_CONSOLE_ARM enabled=true hook=ChangeMap t=201465224 id=31
[SMRTK] SMRTK_CONSOLE_ARM enabled=true hook=ChangeMap t=201465224 id=31
						Lua 0:04:27:690
[mod] [SMRTK] SMRTK_CONSOLE_ARM enabled=true hook=ChangeMap t=201465224 id=32
[SMRTK] SMRTK_CONSOLE_ARM enabled=true hook=ChangeMap t=201465224 id=32
						Lua 0:04:28:588
[mod] [SMRTK] SMRTK_SHORTCUT console=false key=Ctrl-Shift-F11 t=0 id=33
						Lua 0:04:29:361
[mod] [SMRTK] SMRTK_SHORTCUT console=false key=Ctrl-Shift-F11 t=0 id=34
						Lua 0:04:30:130
[mod] [SMRTK] SMRTK_CONSOLE_ARM enabled=true hook=PreLoadGame t=0 id=35
[SMRTK] SMRTK_CONSOLE_ARM enabled=true hook=PreLoadGame t=0 id=35
						Lua 0:04:32:243
[mod] [SMRTest] console enable requested (flag set, no overlay) — press Enter (or Alt-Shift-C) once in a colony
[SMRTest] console enable requested (flag set, no overlay) — press Enter (or Alt-Shift-C) once in a colony
						Lua 0:04:32:244
[mod] [CommunityFixPack] ExoticDepositSign: 2 Exotic Minerals deposit(s) re-signed onto the clean entity
						Lua 0:04:32:245
[mod] [CommunityFixPack] SilentHitMomentFX: restored 3 missing hit-moment tracker(s) on load
						Lua 0:04:32:246
[RailShaftDev] loaded; underground is locked in this save, so the tunnel stays surface-only.
[RailShaftDev] ready. SMRRailShaft.Status() for where things stand.
						Lua 0:04:32:250
Applied 28 savegame fixup(s) in 4 ms: AAA_SetLRManagerMap, AgronomistFarmCropGrowth, CleanStaleRoverDamagedNotificationObjects, ConstructionSiteFlightMarks, CureSmallCropTechLock, CureUndergroundCropTechLock, FixDustGeneratorThrowTimes, FixFoodServiceMealsServedByShift, HospitalExoticMineralTreatment, KickWorkersFromTurnedOffDomes, MarkUnavoidableSupplyDrains, MoveOpenPasturePilesOffOrigin2, PipesAtBuildableLevelSteps, PoliticalAnimalAchievement2, RemarkJumboCaves, RemoveBreathableAtmosphereAirConsumptionModifier, ResetPlanetSceneCameraState, RespawnUnreachableBottomlessPitAnomalies, ResupplyCutoffLocksDelicacies, SplitDailyCountersByShift, ZZZZ_FixLeakedRocketReservations, ZZZ_DestroyTradeRocketsWithUnplacedLandingSite, ZZZ_FactionTaskDomeCompletableInAnyDome, ZZZ_HungerLocksFoodImport, ZZZ_RebuildElevatorResourceModeRegistration, ZZZ_ReviveElevatorSharedDepots, ZZZ_UpdateRefuelRequests, Zzz_RestartStalledMaintenanceDemand
						Lua 0:04:32:376
game_settings:
    sponsor: ESA
    profile: rocketscientist
    founding_faction: GreenMarsCoalition
    rival_colonies: 
    mystery_random: AIUprisingMystery
    game_rules: Inflation, WinterIsComing, Hunger, DustInTheWind, Armageddon, ActivePlateTectonics, Amateurs, Twister
more_game_settings: save_game_id: KbIuedsLsaWkVwKU, mystery: random, coordinates: 2N176E, landing_spot: ElysiumBeta, logo: Russia
map_conditions: altitude: -2776, temperature: -15, cold_wave: 256, dust_devils: 256, dust_storm: 256, meteors: 256
map_resources: concrete: 254, metals: 146, precious_metals: 146, water: 109
						Lua 0:04:32:464
[mod] [CommunityFixPack] SaveSanitizer: F95 astrogeologist-residue pass removed 0 modifier(s), left 0 unidentified
[mod] [CommunityFixPack] SaveSanitizer: F48 station-connector pass repaired 0 of 0 track(s) walked (0 raised)
						Lua 0:04:32:465
Game Loaded in 4798 ms
[mod] [SMRTK] SMRTK_PROVENANCE actions=unavailable last=unavailable present=false session=unavailable t=201405541 id=36
[SMRTK] SMRTK_PROVENANCE actions=unavailable last=unavailable present=false session=unavailable t=201405541 id=36
						Lua 0:04:32:475
[mod] [SMRTK] SMRTK_SHORTCUT console=true key=Ctrl-Shift-F11 t=201405541 id=37
						Lua 0:04:32:489
[mod] [SMRTK] SMRTK_DOCK action=dock_attach attached=true route="idBottom sibling" status=OK surface=one-toggle+tasks t=201405541 id=38
						Lua 0:04:32:491
[mod] [SMRTest] console enable requested (flag set, no overlay) — press Enter (or Alt-Shift-C) once in a colony
[SMRTest] console enable requested (flag set, no overlay) — press Enter (or Alt-Shift-C) once in a colony
						Lua 0:04:32:604
[mod] [SMRTK] SMRTK_SHORTCUT console=true key=Ctrl-Shift-F11 t=201405541 id=39
						Lua 0:04:32:958
Game loaded on map BlankBig_04 in 5415 ms
						Lua 0:04:34:256
[mod] [SMRTest] console enable requested (flag set, no overlay) — press Enter (or Alt-Shift-C) once in a colony
[SMRTest] console enable requested (flag set, no overlay) — press Enter (or Alt-Shift-C) once in a colony
						Lua 0:04:34:266
[mod] [SMRTK] SMRTK_SHORTCUT console=true key=Ctrl-Shift-F11 t=201405541 id=40
						Lua 0:04:37:227
[mod] [SMRTK] SMRTK_SECTION action=section_attach attached=true dialog=ipRover object=RCTerraformer(2000002364) status=OK t=201405541 id=41
						Lua 0:04:43:661
[mod] [SMRTK] SMRTK_SECTION action=section_attach attached=false reason="no supported actions" status=OK t=201405541 id=42
						Lua 0:04:58:062
[LUA ERROR] Lua/SupplyGrid.lua:1872: attempt to index a nil value (local 'adjacent')
  Lua/SupplyGrid.lua(1872):  method SupplyGridConnectElement
  Lua/ElectricityGrid.lua(294):  method SetupElectricityElement
  Lua/ElectricityGrid.lua(298):   <>
  [C](-1):  global procall
  CommonLua/Core/classes.lua(243):  method GameInit
  CommonLua/Classes/_object.lua(192):   <>
        --- end of stack
Locals:
	                self |   object DomeHexa at (414500, 180994, 7738) on map 1
	             element |   object SupplyGridElement
	          grid_class |   object ElectricityGrid
	       new_grid_skin |      nil
	force_create_connections |      nil
	     supply_resource |   string electricity
	                dome |  boolean false
	  is_switched_switch |      nil
	     is_construction |      nil
	           grid_type |  boolean false
	                 map |   object Map
	supply_connection_grid |   object SupplyConnectionGrid
	 supply_overlay_grid | userdata 0x00000253EB23E790 #48
	           conn_grid | userdata 0x00000253EB232988 #56
	               shape |    table 0x00000253E8BDE640 #48
	potential_neighbours |    table 0x00000253E5EC6C40 #346
	        grids_merged |  boolean false
	                grid |      nil
	   built_connections |    table 0x00000253E5ECEA38 #0
	create_connection_call_data |    table 0x00000253E5ECEA78 #0
	          is_loading |  boolean false
	construction_connections |   number 0
	         should_skip | function 0x00000253E5ECEAB8
	     object_hex_grid | userdata 0x00000253EB2327F8 #56
	         (for index) |   number 1
	         (for limit) |   number 346
	          (for step) |   number 2
	                   i |   number 1
	                  pt |    point (302, 217)
	            other_pt |    point (302, 218)
	            adjacent |      nil
	         empty_table |    table 0x00000253E5B45EA8 #0
						Lua 0:04:58:063
[mod] [SMRTK] SMRTK_ERROR kind=lua message="Lua/SupplyGrid.lua:1872: attempt to index a nil value (local 'adjacent')" stack="  Lua/SupplyGrid.lua(1872):  method SupplyGridConnectElement\n  Lua/ElectricityGrid.lua(294):  method SetupElectricityElement\n  Lua/ElectricityGrid.lua(298):   <>\n  [C](-1):  global procall\n  CommonLua/Core/classes.lua(243):  method GameInit\n  CommonLua/Classes/_object.lua(192):   <>\n        --- end of stack" t=201457602 id=43
[SMRTK] SMRTK_ERROR kind=lua message="Lua/SupplyGrid.lua:1872: attempt to index a nil value (local 'adjacent')" stack="  Lua/SupplyGrid.lua(1872):  method SupplyGridConnectElement\n  Lua/ElectricityGrid.lua(294):  method SetupElectricityElement\n  Lua/ElectricityGrid.lua(298):   <>\n  [C](-1):  global procall\n  CommonLua/Core/classes.lua(243):  method GameInit\n  CommonLua/Classes/_object.lua(192):   <>\n        --- end of stack" t=201457602 id=43
						Lua 0:05:08:846
[mod] [SMRTK] SMRTK_SECTION action=section_attach attached=false reason="no supported actions" status=OK t=201485238 id=44
						Lua 0:05:13:734
[LUA ERROR] Lua/SupplyGrid.lua:1820: attempt to index a nil value (local 'adjacent')
  Lua/SupplyGrid.lua(1820):  method SupplyGridConnectElement
  Lua/ElectricityGrid.lua(294):  method SetupElectricityElement
  Lua/ElectricityGrid.lua(298):   <>
  [C](-1):  global procall
  CommonLua/Core/classes.lua(243):  method GameInit
  CommonLua/Classes/_object.lua(192):   <>
        --- end of stack
Locals:
						Lua 0:05:13:735
	                self |   object CableConstructionSite at (412000, 174932, 7738) on map 1
	             element |   object SupplyGridElement
	          grid_class |   object ElectricityGrid
	       new_grid_skin |      nil
	force_create_connections |      nil
	     supply_resource |   string electricity
	                dome |  boolean false
	  is_switched_switch |  boolean false
	     is_construction |  boolean true
	           grid_type |   string construction_grid
	                 map |   object Map
	supply_connection_grid |   object SupplyConnectionGrid
	 supply_overlay_grid | userdata 0x00000253EB23E790 #48
	           conn_grid | userdata 0x00000253EB232988 #56
	               shape |    table 0x00000253E97DA300 #1
	potential_neighbours |    table 0x00000253F08ABD40 #12
	        grids_merged |  boolean false
	                grid |      nil
	   built_connections |    table 0x00000253F08AC288 #0
	create_connection_call_data |    table 0x00000253F08AC2C8 #0
	          is_loading |  boolean false
	construction_connections |   number 0
	         connect_dir |   number 2
	     object_hex_grid | userdata 0x00000253EB2327F8 #56
	         (for index) |   number 5
	         (for limit) |   number 12
	          (for step) |   number 2
	                   i |   number 5
	                  pt |    point (311, 202)
	            other_pt |    point (310, 203)
	                 dir |   number 2
	            adjacent |      nil
	         empty_table |    table 0x00000253E5B45EA8 #0
[mod] [SMRTK] SMRTK_ERROR kind=lua message="Lua/SupplyGrid.lua:1820: attempt to index a nil value (local 'adjacent')" stack="  Lua/SupplyGrid.lua(1820):  method SupplyGridConnectElement\n  Lua/ElectricityGrid.lua(294):  method SetupElectricityElement\n  Lua/ElectricityGrid.lua(298):   <>\n  [C](-1):  global procall\n  CommonLua/Core/classes.lua(243):  method GameInit\n  CommonLua/Classes/_object.lua(192):   <>\n        --- end of stack" t=201490126 id=45
[SMRTK] SMRTK_ERROR kind=lua message="Lua/SupplyGrid.lua:1820: attempt to index a nil value (local 'adjacent')" stack="  Lua/SupplyGrid.lua(1820):  method SupplyGridConnectElement\n  Lua/ElectricityGrid.lua(294):  method SetupElectricityElement\n  Lua/ElectricityGrid.lua(298):   <>\n  [C](-1):  global procall\n  CommonLua/Core/classes.lua(243):  method GameInit\n  CommonLua/Classes/_object.lua(192):   <>\n        --- end of stack" t=201490126 id=45
[LUA ERROR] Lua/SupplyGrid.lua:1829: attempt to index a boolean value (field 'grid')
  Lua/SupplyGrid.lua(1829):  method SupplyGridConnectElement
  Lua/ElectricityGrid.lua(294):  method SetupElectricityElement
  Lua/ElectricityGrid.lua(298):   <>
  [C](-1):  global procall
  CommonLua/Core/classes.lua(243):  method GameInit
  CommonLua/Classes/_object.lua(192):   <>
        --- end of stack
Locals:
	                self |   object CableConstructionSite at (410500, 177530, 7738) on map 1
	             element |   object SupplyGridElement
	          grid_class |   object ElectricityGrid
	       new_grid_skin |      nil
	force_create_connections |      nil
	     supply_resource |   string electricity
	                dome |  boolean false
	  is_switched_switch |  boolean false
	     is_construction |  boolean true
	           grid_type |   string construction_grid
	                 map |   object Map
	supply_connection_grid |   object SupplyConnectionGrid
	 supply_overlay_grid | userdata 0x00000253EB23E790 #48
	           conn_grid | userdata 0x00000253EB232988 #56
	               shape |    table 0x00000253E97DA300 #1
	potential_neighbours |    table 0x00000253E9534830 #12
	        grids_merged |  boolean false
	                grid |      nil
	   built_connections |    table 0x00000253F08B4748 #1
	create_connection_call_data |    table 0x00000253F08B4788 #0
	          is_loading |  boolean false
	construction_connections |   number 0
	         connect_dir |   number 2
	     object_hex_grid | userdata 0x00000253EB2327F8 #56
	         (for index) |   number 5
	         (for limit) |   number 12
	          (for step) |   number 2
	                   i |   number 5
	                  pt |    point (308, 205)
	            other_pt |    point (307, 206)
	                 dir |   number 2
	            adjacent |   object DomeHexa at (414500, 180994, 7738) on map 1
	    adjacent_element |   object SupplyGridElement
	                skip |  boolean false
	         empty_table |    table 0x00000253E5B45EA8 #0
[mod] [SMRTK] SMRTK_ERROR kind=lua message="Lua/SupplyGrid.lua:1829: attempt to index a boolean value (field 'grid')" stack="  Lua/SupplyGrid.lua(1829):  method SupplyGridConnectElement\n  Lua/ElectricityGrid.lua(294):  method SetupElectricityElement\n  Lua/ElectricityGrid.lua(298):   <>\n  [C](-1):  global procall\n  CommonLua/Core/classes.lua(243):  method GameInit\n  CommonLua/Classes/_object.lua(192):   <>\n        --- end of stack" t=201490126 id=46
[SMRTK] SMRTK_ERROR kind=lua message="Lua/SupplyGrid.lua:1829: attempt to index a boolean value (field 'grid')" stack="  Lua/SupplyGrid.lua(1829):  method SupplyGridConnectElement\n  Lua/ElectricityGrid.lua(294):  method SetupElectricityElement\n  Lua/ElectricityGrid.lua(298):   <>\n  [C](-1):  global procall\n  CommonLua/Core/classes.lua(243):  method GameInit\n  CommonLua/Classes/_object.lua(192):   <>\n        --- end of stack" t=201490126 id=46
						Lua 0:05:15:653
[LUA ERROR] Lua/SupplyGrid.lua:1829: attempt to index a boolean value (field 'grid')
  Lua/SupplyGrid.lua(1829):  method SupplyGridConnectElement
  Lua/ElectricityGrid.lua(294):  method SetupElectricityElement
  Lua/ElectricityGrid.lua(298):   <>
  [C](-1):  global procall
  CommonLua/Core/classes.lua(243):  method GameInit
  CommonLua/Classes/_object.lua(192):   <>
        --- end of stack
Locals:
	                self |   object CableConstructionSite at (410000, 176664, 7738) on map 1
	             element |   object SupplyGridElement
	          grid_class |   object ElectricityGrid
	       new_grid_skin |      nil
	force_create_connections |      nil
	     supply_resource |   string electricity
	                dome |  boolean false
	  is_switched_switch |  boolean false
	     is_construction |  boolean true
	           grid_type |   string construction_grid
	                 map |   object Map
	supply_connection_grid |   object SupplyConnectionGrid
	 supply_overlay_grid | userdata 0x00000253EB23E790 #48
	           conn_grid | userdata 0x00000253EB232988 #56
	               shape |    table 0x00000253E97DA300 #1
	potential_neighbours |    table 0x00000253F09B8368 #12
	        grids_merged |  boolean false
	                grid |      nil
	   built_connections |    table 0x00000253F09B8918 #1
	create_connection_call_data |    table 0x00000253F09B8958 #0
	          is_loading |  boolean false
	construction_connections |   number 0
	         connect_dir |   number 1
	     object_hex_grid | userdata 0x00000253EB2327F8 #56
	         (for index) |   number 3
	         (for limit) |   number 12
	          (for step) |   number 2
	                   i |   number 3
	                  pt |    point (308, 204)
	            other_pt |    point (308, 205)
	                 dir |   number 1
	            adjacent |   object CableConstructionSite at (410500, 177530, 7738) on map 1
	    adjacent_element |   object SupplyGridElement
	                skip |  boolean false
	         empty_table |    table 0x00000253E5B45EA8 #0
[mod] [SMRTK] SMRTK_ERROR kind=lua message="Lua/SupplyGrid.lua:1829: attempt to index a boolean value (field 'grid')" stack="  Lua/SupplyGrid.lua(1829):  method SupplyGridConnectElement\n  Lua/ElectricityGrid.lua(294):  method SetupElectricityElement\n  Lua/ElectricityGrid.lua(298):   <>\n  [C](-1):  global procall\n  CommonLua/Core/classes.lua(243):  method GameInit\n  CommonLua/Classes/_object.lua(192):   <>\n        --- end of stack" t=201492044 id=47
[SMRTK] SMRTK_ERROR kind=lua message="Lua/SupplyGrid.lua:1829: attempt to index a boolean value (field 'grid')" stack="  Lua/SupplyGrid.lua(1829):  method SupplyGridConnectElement\n  Lua/ElectricityGrid.lua(294):  method SetupElectricityElement\n  Lua/ElectricityGrid.lua(298):   <>\n  [C](-1):  global procall\n  CommonLua/Core/classes.lua(243):  method GameInit\n  CommonLua/Classes/_object.lua(192):   <>\n        --- end of stack" t=201492044 id=47
						Lua 0:05:31:447
[mod] [SMRTK] SMRTK_PANEL action=panel_toggle open=true status=OK tab=Agent t=201507841 id=48
						Lua 0:05:32:510
[LUA ERROR] Lua/SupplyGrid.lua:1829: attempt to index a boolean value (field 'grid')
  Lua/SupplyGrid.lua(1829):  method SupplyGridConnectElement
  Lua/ElectricityGrid.lua(294):  method SetupElectricityElement
  Lua/ElectricityGrid.lua(298):   <>
  [C](-1):  global procall
  CommonLua/Core/classes.lua(243):  method GameInit
  CommonLua/Classes/_object.lua(192):   <>
        --- end of stack
Locals:
	                self |   object ElectricityGridElement at (410500, 177530, 7738) on map 1
	             element |   object SupplyGridElement
	          grid_class |   object ElectricityGrid
	       new_grid_skin |      nil
	force_create_connections |      nil
	     supply_resource |   string electricity
	                dome |  boolean false
	  is_switched_switch |  boolean false
	     is_construction |      nil
	           grid_type |  boolean false
	                 map |   object Map
	supply_connection_grid |   object SupplyConnectionGrid
	 supply_overlay_grid | userdata 0x00000253EB23E790 #48
	           conn_grid | userdata 0x00000253EB232988 #56
	               shape |    table 0x00000253E97DA300 #1
	potential_neighbours |    table 0x00000253F19CA268 #12
	        grids_merged |  boolean false
	                grid |      nil
	   built_connections |    table 0x00000253EEB802B0 #1
	create_connection_call_data |    table 0x00000253EEB802F0 #0
	          is_loading |  boolean false
	construction_connections |   number 16340
	         connect_dir |  boolean false
	     object_hex_grid | userdata 0x00000253EB2327F8 #56
	         (for index) |   number 5
	         (for limit) |   number 12
	          (for step) |   number 2
	                   i |   number 5
	                  pt |    point (308, 205)
	            other_pt |    point (307, 206)
	                 dir |   number 2
	            adjacent |   object DomeHexa at (414500, 180994, 7738) on map 1
	    adjacent_element |   object SupplyGridElement
	                skip |  boolean false
	         empty_table |    table 0x00000253E5B45EA8 #0
[mod] [SMRTK] SMRTK_ERROR kind=lua message="Lua/SupplyGrid.lua:1829: attempt to index a boolean value (field 'grid')" stack="  Lua/SupplyGrid.lua(1829):  method SupplyGridConnectElement\n  Lua/ElectricityGrid.lua(294):  method SetupElectricityElement\n  Lua/ElectricityGrid.lua(298):   <>\n  [C](-1):  global procall\n  CommonLua/Core/classes.lua(243):  method GameInit\n  CommonLua/Classes/_object.lua(192):   <>\n        --- end of stack" t=201508903 id=49
[SMRTK] SMRTK_ERROR kind=lua message="Lua/SupplyGrid.lua:1829: attempt to index a boolean value (field 'grid')" stack="  Lua/SupplyGrid.lua(1829):  method SupplyGridConnectElement\n  Lua/ElectricityGrid.lua(294):  method SetupElectricityElement\n  Lua/ElectricityGrid.lua(298):   <>\n  [C](-1):  global procall\n  CommonLua/Core/classes.lua(243):  method GameInit\n  CommonLua/Classes/_object.lua(192):   <>\n        --- end of stack" t=201508903 id=49
						Lua 0:05:33:206
[mod] [SMRTK] SMRTK_TAB action=tab_Sitting page=Sitting status=OK t=201509599 id=50
						Lua 0:05:33:799
[mod] [SMRTK] SMRTK_TAB action=tab_World page=World status=OK t=201510192 id=51
						Lua 0:05:35:993
[mod] [SMRTK] SMRTK_ACTION action=fix_all changed=95 changed_basis="malfunction + maintenance state" skipped=0 status=OK unchanged=131 visited=226 t=201512382 id=52
[SMRTK] SMRTK_ACTION action=fix_all changed=95 changed_basis="malfunction + maintenance state" skipped=0 status=OK unchanged=131 visited=226 t=201512382 id=52
						Lua 0:05:36:294
[LUA ERROR] Lua/SupplyGrid.lua:1829: attempt to index a boolean value (field 'grid')
  Lua/SupplyGrid.lua(1829):  method SupplyGridConnectElement
  Lua/ElectricityGrid.lua(294):  method SetupElectricityElement
  Lua/ElectricityGrid.lua(298):   <>
  [C](-1):  global procall
  CommonLua/Core/classes.lua(243):  method GameInit
  CommonLua/Classes/_object.lua(192):   <>
        --- end of stack
Locals:
	                self |   object ElectricityGridElement at (409500, 175798, 7738) on map 1
	             element |   object SupplyGridElement
	          grid_class |   object ElectricityGrid
	       new_grid_skin |      nil
	force_create_connections |      nil
	     supply_resource |   string electricity
	                dome |  boolean false
	  is_switched_switch |  boolean false
	     is_construction |      nil
	           grid_type |  boolean false
	                 map |   object Map
	supply_connection_grid |   object SupplyConnectionGrid
	 supply_overlay_grid | userdata 0x00000253EB23E790 #48
	           conn_grid | userdata 0x00000253EB232988 #56
	               shape |    table 0x00000253E97DA300 #1
	potential_neighbours |    table 0x00000253ECB0DB68 #12
	        grids_merged |  boolean false
	                grid |      nil
	   built_connections |    table 0x00000253F2066050 #1
	create_connection_call_data |    table 0x00000253F2066090 #0
	          is_loading |  boolean false
	construction_connections |   number 16338
	         connect_dir |  boolean false
	     object_hex_grid | userdata 0x00000253EB2327F8 #56
	         (for index) |   number 3
	         (for limit) |   number 12
	          (for step) |   number 2
	                   i |   number 3
	                  pt |    point (308, 203)
	            other_pt |    point (308, 204)
	                 dir |   number 1
	            adjacent |   object ElectricityGridElement at (410000, 176664, 7738) on map 1
	    adjacent_element |   object SupplyGridElement
	                skip |  boolean false
	         empty_table |    table 0x00000253E5B45EA8 #0
[mod] [SMRTK] SMRTK_ERROR kind=lua message="Lua/SupplyGrid.lua:1829: attempt to index a boolean value (field 'grid')" stack="  Lua/SupplyGrid.lua(1829):  method SupplyGridConnectElement\n  Lua/ElectricityGrid.lua(294):  method SetupElectricityElement\n  Lua/ElectricityGrid.lua(298):   <>\n  [C](-1):  global procall\n  CommonLua/Core/classes.lua(243):  method GameInit\n  CommonLua/Classes/_object.lua(192):   <>\n        --- end of stack" t=201512687 id=53
[SMRTK] SMRTK_ERROR kind=lua message="Lua/SupplyGrid.lua:1829: attempt to index a boolean value (field 'grid')" stack="  Lua/SupplyGrid.lua(1829):  method SupplyGridConnectElement\n  Lua/ElectricityGrid.lua(294):  method SetupElectricityElement\n  Lua/ElectricityGrid.lua(298):   <>\n  [C](-1):  global procall\n  CommonLua/Core/classes.lua(243):  method GameInit\n  CommonLua/Classes/_object.lua(192):   <>\n        --- end of stack" t=201512687 id=53
						Lua 0:05:43:447
[mod] [SMRTK] SMRTK_ACTION action=fill_storages failed=0 filled=33 skipped_rockets=3 status=OK t=201519811 id=54
[SMRTK] SMRTK_ACTION action=fill_storages failed=0 filled=33 skipped_rockets=3 status=OK t=201519811 id=54
						Lua 0:05:47:352
[mod] [SMRTK] SMRTK_PANEL action=panel_toggle open=false status=OK tab=World t=201523318 id=55
						Lua 0:05:58:094
[mod] [SMRTK] SMRTK_SECTION action=section_attach attached=true dialog=ipBuilding object=DomeHexa(5758) status=OK t=201531793 id=56
						Lua 0:06:04:574
[mod] [SMRTK] SMRTK_SECTION action=section_attach attached=true dialog=ipBuilding object=DomeHexa(5758) status=OK t=201538250 id=57
						Lua 0:06:15:622
[mod] [SMRTK] SMRTK_PANEL action=panel_toggle open=true status=OK tab=World t=201549333 id=58
						Lua 0:06:31:710
[mod] [SMRTK] SMRTK_SECTION action=section_attach attached=false reason="no supported actions" status=OK t=201565418 id=59						Lua 0:06:31:711

						Lua 0:06:40:767
[mod] [SMRTK] SMRTK_COPY action=copy flushed=true from=0 lines=77 status=OK truncated=false t=201574476 id=60
[SMRTK] SMRTK_COPY action=copy flushed=true from=0 lines=77 status=OK truncated=false t=201574476 id=60
						Lua 0:07:53:309
[mod] [SMRTK] SMRTK_PANEL action=panel_toggle open=false status=OK tab=World t=201647019 id=61
						Lua 0:08:04:314
[mod] [SMRTK] SMRTK_SECTION action=section_attach attached=false reason="no supported actions" status=OK t=201658016 id=62
						Lua 0:08:42:653
[LUA ERROR] Lua/SupplyGrid.lua:1872: attempt to index a nil value (local 'adjacent')
  Lua/SupplyGrid.lua(1872):  method SupplyGridConnectElement
  Lua/ElectricityGrid.lua(294):  method SetupElectricityElement
  Lua/ElectricityGrid.lua(298):   <>
  [C](-1):  global procall
  CommonLua/Core/classes.lua(243):  method GameInit
  CommonLua/Classes/_object.lua(192):   <>
        --- end of stack
Locals:
	                self |   object DomeBasic at (413500, 179262, 7738) on map 1
	             element |   object SupplyGridElement
	          grid_class |   object ElectricityGrid
	       new_grid_skin |      nil
	force_create_connections |      nil
	     supply_resource |   string electricity
	                dome |  boolean false
	  is_switched_switch |      nil
	     is_construction |      nil
	           grid_type |  boolean false
	                 map |   object Map
	supply_connection_grid |   object SupplyConnectionGrid
	 supply_overlay_grid | userdata 0x00000253EB23E790 #48
	           conn_grid | userdata 0x00000253EB232988 #56
	               shape |    table 0x00000253E82D4090 #39
	potential_neighbours |    table 0x00000253EEE03AB8 #256
	        grids_merged |  boolean false
	                grid |      nil
	   built_connections |    table 0x00000253ED70D258 #0
	create_connection_call_data |    table 0x00000253ED70D298 #0
	          is_loading |  boolean false
	construction_connections |   number 0
	         should_skip | function 0x00000253ED70D2D8
	     object_hex_grid | userdata 0x00000253EB2327F8 #56
	         (for index) |   number 1
	         (for limit) |   number 256
	          (for step) |   number 2
	                   i |   number 1
	                  pt |    point (304, 207)
	            other_pt |    point (303, 208)
	            adjacent |      nil
	         empty_table |    table 0x00000253E5B45EA8 #0
						Lua 0:08:42:654
[mod] [SMRTK] SMRTK_ERROR kind=lua message="Lua/SupplyGrid.lua:1872: attempt to index a nil value (local 'adjacent')" stack="  Lua/SupplyGrid.lua(1872):  method SupplyGridConnectElement\n  Lua/ElectricityGrid.lua(294):  method SetupElectricityElement\n  Lua/ElectricityGrid.lua(298):   <>\n  [C](-1):  global procall\n  CommonLua/Core/classes.lua(243):  method GameInit\n  CommonLua/Classes/_object.lua(192):   <>\n        --- end of stack" t=201696350 id=63
[SMRTK] SMRTK_ERROR kind=lua message="Lua/SupplyGrid.lua:1872: attempt to index a nil value (local 'adjacent')" stack="  Lua/SupplyGrid.lua(1872):  method SupplyGridConnectElement\n  Lua/ElectricityGrid.lua(294):  method SetupElectricityElement\n  Lua/ElectricityGrid.lua(298):   <>\n  [C](-1):  global procall\n  CommonLua/Core/classes.lua(243):  method GameInit\n  CommonLua/Classes/_object.lua(192):   <>\n        --- end of stack" t=201696350 id=63
						Lua 0:08:43:753
[mod] [SMRTK] SMRTK_SECTION action=section_attach attached=true dialog=ipBuilding object=DomeBasic(5783) status=OK t=201697453 id=64
						Lua 0:08:59:533
[mod] [SMRTK] SMRTK_SECTION action=section_attach attached=true dialog=ipBuilding object=DomeBasic(5783) status=OK t=201713216 id=65
						Lua 0:10:42:945
HEX 318 203 conn 11666 
HEX 311 207 conn 16265 
HEX 308 211 conn 11666 
HEX 302 218 conn 16265 
HEX 310 203 conn 0 
HEX 303 208 conn 16257 
HEX 307 206 conn 15523 
						Lua 0:10:46:677
[mod] [SMRTK] SMRTK_PANEL action=panel_toggle open=true status=OK tab=World t=201820387 id=66
						Lua 0:10:47:988
[mod] [SMRTK] SMRTK_COPY action=copy flushed=true from=0 lines=92 status=OK truncated=false t=201821697 id=67
[SMRTK] SMRTK_COPY action=copy flushed=true from=0 lines=92 status=OK truncated=false t=201821697 id=67
						Lua 0:11:09:120
[mod] [SMRTK] SMRTK_SECTION action=section_attach attached=true dialog=ipResourcePile object=ResourceStockpileLR(2000011432) status=OK t=201842827 id=68
						Lua 0:11:15:439
[mod] [SMRTK] SMRTK_SECTION action=section_attach attached=false reason="no supported actions" status=OK t=201849146 id=69
						Lua 0:11:45:382
HEX2 318 203 conn 11666 el - any -
HEX2 311 207 conn 16265 el - any -
HEX2 308 211 conn 11666 el - any -
HEX2 302 218 conn 16265 el - any -
HEX2 310 203 conn 0 el - any -
HEX2 303 208 conn 16257 el - any -
HEX2 307 206 conn 15523 el - any -
						Lua 0:11:50:406
[mod] [SMRTK] SMRTK_PANEL action=panel_toggle open=false status=OK tab=World t=201884118 id=70
						Lua 0:12:00:295
[mod] [SMRTK] SMRTK_PANEL action=panel_toggle open=true status=OK tab=World t=201894006 id=71
						Lua 0:12:01:708
[mod] [SMRTK] SMRTK_COPY action=copy flushed=true from=0 lines=105 status=OK truncated=false t=201895418 id=72
[SMRTK] SMRTK_COPY action=copy flushed=true from=0 lines=105 status=OK truncated=false t=201895418 id=72
						Lua 0:12:32:468
[mod] [SMRTK] SMRTK_SECTION action=section_attach attached=true dialog=ipBuilding object=UniversalStorageDepot(5784) status=OK t=201925574 id=73
						Lua 0:12:34:087
[mod] [SMRTK] SMRTK_ACTION action=selected_empty after=0 before=226000 method=CheatEmpty object=UniversalStorageDepot(5784) resource=multiple resources=10 status=OK valid_after=true t=201927200 id=74
[SMRTK] SMRTK_ACTION action=selected_empty after=0 before=226000 method=CheatEmpty object=UniversalStorageDepot(5784) resource=multiple resources=10 status=OK valid_after=true t=201927200 id=74
						Lua 0:13:53:286
[mod] [SMRTK] SMRTK_PANEL action=panel_toggle open=false status=OK tab=World t=202006401 id=75
						Lua 0:13:54:689
[mod] [SMRTK] SMRTK_SECTION action=section_attach attached=true dialog=ipBuilding object=WaterTank(1504) status=OK t=202007796 id=76
						Lua 0:13:56:077
[mod] [SMRTK] SMRTK_SECTION action=section_attach attached=false reason="no supported actions" status=OK t=202009187 id=77
						Lua 0:14:00:226
[mod] [SMRTK] SMRTK_SECTION action=section_attach attached=true dialog=ipBuilding object=WaterTank(1504) status=OK t=202013335 id=78
						Lua 0:14:03:383
CTRL WaterTank 304 201 found WaterTank conn 0
						Lua 0:15:09:199
not understood
						Lua 0:18:12:772
Load Game: 
	lua_revision: 403908 (last saved with) 
	orig_lua_revision: 403908 (created with) 
	assets_revision: 33006 

	dlcs: norman, thomas 
[mod] [SMRTK] SMRTK_CONSOLE_ARM enabled=true hook=ChangeMap t=202202135 id=79
[SMRTK] SMRTK_CONSOLE_ARM enabled=true hook=ChangeMap t=202202135 id=79
						Lua 0:18:12:782
[mod] [SMRTK] SMRTK_CONSOLE_ARM enabled=true hook=ChangeMap t=202202135 id=80
[SMRTK] SMRTK_CONSOLE_ARM enabled=true hook=ChangeMap t=202202135 id=80
						Lua 0:18:12:795
[mod] [SMRTK] SMRTK_CONSOLE_ARM enabled=true hook=ChangeMap t=202202135 id=81
[SMRTK] SMRTK_CONSOLE_ARM enabled=true hook=ChangeMap t=202202135 id=81
						Lua 0:18:13:655
[mod] [SMRTK] SMRTK_SHORTCUT console=false key=Ctrl-Shift-F11 t=0 id=82
						Lua 0:18:14:427
[mod] [SMRTK] SMRTK_SHORTCUT console=false key=Ctrl-Shift-F11 t=0 id=83
						Lua 0:18:15:194
[mod] [SMRTK] SMRTK_CONSOLE_ARM enabled=true hook=PreLoadGame t=0 id=84
[SMRTK] SMRTK_CONSOLE_ARM enabled=true hook=PreLoadGame t=0 id=84
						Lua 0:18:17:230
[mod] [SMRTest] console enable requested (flag set, no overlay) — press Enter (or Alt-Shift-C) once in a colony
[SMRTest] console enable requested (flag set, no overlay) — press Enter (or Alt-Shift-C) once in a colony
						Lua 0:18:17:231
[mod] [CommunityFixPack] ExoticDepositSign: 2 Exotic Minerals deposit(s) re-signed onto the clean entity
						Lua 0:18:17:232
[mod] [CommunityFixPack] SilentHitMomentFX: restored 3 missing hit-moment tracker(s) on load
						Lua 0:18:17:233
[RailShaftDev] loaded; underground is locked in this save, so the tunnel stays surface-only.
[RailShaftDev] ready. SMRRailShaft.Status() for where things stand.
						Lua 0:18:17:236
Applied 28 savegame fixup(s) in 3 ms: AAA_SetLRManagerMap, AgronomistFarmCropGrowth, CleanStaleRoverDamagedNotificationObjects, ConstructionSiteFlightMarks, CureSmallCropTechLock, CureUndergroundCropTechLock, FixDustGeneratorThrowTimes, FixFoodServiceMealsServedByShift, HospitalExoticMineralTreatment, KickWorkersFromTurnedOffDomes, MarkUnavoidableSupplyDrains, MoveOpenPasturePilesOffOrigin2, PipesAtBuildableLevelSteps, PoliticalAnimalAchievement2, RemarkJumboCaves, RemoveBreathableAtmosphereAirConsumptionModifier, ResetPlanetSceneCameraState, RespawnUnreachableBottomlessPitAnomalies, ResupplyCutoffLocksDelicacies, SplitDailyCountersByShift, ZZZZ_FixLeakedRocketReservations, ZZZ_DestroyTradeRocketsWithUnplacedLandingSite, ZZZ_FactionTaskDomeCompletableInAnyDome, ZZZ_HungerLocksFoodImport, ZZZ_RebuildElevatorResourceModeRegistration, ZZZ_ReviveElevatorSharedDepots, ZZZ_UpdateRefuelRequests, Zzz_RestartStalledMaintenanceDemand
						Lua 0:18:17:365
game_settings:
    sponsor: ESA
    profile: rocketscientist
    founding_faction: GreenMarsCoalition
    rival_colonies: 
    mystery_random: AIUprisingMystery
    game_rules: Inflation, WinterIsComing, Hunger, DustInTheWind, Armageddon, ActivePlateTectonics, Amateurs, Twister
more_game_settings: save_game_id: KbIuedsLsaWkVwKU, mystery: random, coordinates: 2N176E, landing_spot: ElysiumBeta, logo: Russia
map_conditions: altitude: -2776, temperature: -15, cold_wave: 256, dust_devils: 256, dust_storm: 256, meteors: 256
map_resources: concrete: 254, metals: 146, precious_metals: 146, water: 109
						Lua 0:18:17:452
[mod] [CommunityFixPack] SaveSanitizer: F95 astrogeologist-residue pass removed 0 modifier(s), left 0 unidentified
[mod] [CommunityFixPack] SaveSanitizer: F48 station-connector pass repaired 0 of 0 track(s) walked (0 raised)
Game Loaded in 4680 ms
[mod] [SMRTK] SMRTK_PROVENANCE actions=unavailable last=unavailable present=false session=unavailable t=201405541 id=85
[SMRTK] SMRTK_PROVENANCE actions=unavailable last=unavailable present=false session=unavailable t=201405541 id=85
						Lua 0:18:17:462
[mod] [SMRTK] SMRTK_SHORTCUT console=true key=Ctrl-Shift-F11 t=201405541 id=86
						Lua 0:18:17:475
[mod] [SMRTK] SMRTK_DOCK action=dock_attach attached=true route="idBottom sibling" status=OK surface=one-toggle+tasks t=201405541 id=87
						Lua 0:18:17:477
[mod] [SMRTest] console enable requested (flag set, no overlay) — press Enter (or Alt-Shift-C) once in a colony
[SMRTest] console enable requested (flag set, no overlay) — press Enter (or Alt-Shift-C) once in a colony
						Lua 0:18:17:589
[mod] [SMRTK] SMRTK_SHORTCUT console=true key=Ctrl-Shift-F11 t=201405541 id=88
						Lua 0:18:17:810
Game loaded on map BlankBig_04 in 5167 ms
						Lua 0:18:19:108
[mod] [SMRTest] console enable requested (flag set, no overlay) — press Enter (or Alt-Shift-C) once in a colony
[SMRTest] console enable requested (flag set, no overlay) — press Enter (or Alt-Shift-C) once in a colony
						Lua 0:18:19:118
[mod] [SMRTK] SMRTK_SHORTCUT console=true key=Ctrl-Shift-F11 t=201405541 id=89
						Lua 0:19:31:184
[mod] [SMRTK] SMRTK_PANEL action=panel_toggle open=true status=OK tab=World t=201405541 id=90
						Lua 0:19:32:542
[mod] [SMRTK] SMRTK_CLEAR action=clear status=OK t=201405541 id=91
						Lua 0:19:33:266
[mod] [SMRTK] SMRTK_COPY action=copy flushed=true from=0 lines=134 status=OK truncated=false t=201405541 id=92
[SMRTK] SMRTK_COPY action=copy flushed=true from=0 lines=134 status=OK truncated=false t=201405541 id=92
						Lua 0:19:45:915
MATCH electricity 401 119 15491 WindTurbine_Diffuser
MATCH electricity 402 119 12431 WindTurbine_Diffuser
MATCH electricity 403 119 13197 WindTurbine_Diffuser
						Lua 0:19:45:922
GHOST electricity 312 198 16256 act=00 pot=3f
GHOST electricity 313 198 16258 act=02 pot=3f
GHOST electricity 314 198 16257 act=01 pot=3f
GHOST electricity 315 198 16256 act=00 pot=3f
GHOST electricity 316 198 16256 act=00 pot=3f
GHOST electricity 317 198 16256 act=00 pot=3f
GHOST electricity 318 198 16256 act=00 pot=3f
GHOST electricity 319 198 16257 act=01 pot=3f
GHOST electricity 320 198 16257 act=01 pot=3f
GHOST electricity 321 198 16258 act=02 pot=3f
GHOST electricity 311 199 16257 act=01 pot=3f
GHOST electricity 312 199 16257 act=01 pot=3f
GHOST electricity 313 199 16274 act=12 pot=3f
GHOST electricity 314 199 16257 act=01 pot=3f
GHOST electricity 315 199 16256 act=00 pot=3f
GHOST electricity 316 199 16256 act=00 pot=3f
GHOST electricity 317 199 16257 act=01 pot=3f
GHOST electricity 318 199 16257 act=01 pot=3f
GHOST electricity 319 199 16265 act=09 pot=3f
GHOST electricity 320 199 16265 act=09 pot=3f
GHOST electricity 321 199 16257 act=01 pot=3f
GHOST electricity 322 199 16264 act=08 pot=3f
						Lua 0:19:45:923
GHOST electricity 310 200 16257 act=01 pot=3f
GHOST electricity 311 200 16257 act=01 pot=3f
GHOST electricity 312 200 16265 act=09 pot=3f
GHOST electricity 313 200 16274 act=12 pot=3f
GHOST electricity 314 200 16265 act=09 pot=3f
GHOST electricity 315 200 16265 act=09 pot=3f
GHOST electricity 316 200 16257 act=01 pot=3f
GHOST electricity 317 200 16265 act=09 pot=3f
GHOST electricity 318 200 16257 act=01 pot=3f
GHOST electricity 319 200 16265 act=09 pot=3f
GHOST electricity 320 200 16256 act=00 pot=3f
GHOST electricity 321 200 16258 act=02 pot=3f
GHOST electricity 309 201 16257 act=01 pot=3f
GHOST electricity 310 201 16265 act=09 pot=3f
GHOST electricity 311 201 16257 act=01 pot=3f
GHOST electricity 312 201 15491 act=03 pot=3c
GHOST electricity 313 201 12957 act=1d pot=32
GHOST electricity 314 201 13961 act=09 pot=36
GHOST electricity 315 201 13961 act=09 pot=36
GHOST electricity 316 201 13961 act=09 pot=36
GHOST electricity 317 201 13961 act=09 pot=36
GHOST electricity 318 201 13706 act=0a pot=35
GHOST electricity 319 201 16265 act=09 pot=3f
GHOST electricity 320 201 16257 act=01 pot=3f
GHOST electricity 321 201 16280 act=18 pot=3f
GHOST electricity 308 202 16257 act=01 pot=3f
GHOST electricity 309 202 16265 act=09 pot=3f
GHOST electricity 310 202 16264 act=08 pot=3f
GHOST electricity 311 202 16256 act=00 pot=3f
GHOST electricity 312 202 2996 act=34 pot=0b
GHOST electricity 313 202 16264 act=08 pot=3f
GHOST electricity 314 202 16257 act=01 pot=3f
GHOST electricity 315 202 16257 act=01 pot=3f
GHOST electricity 316 202 16265 act=09 pot=3f
GHOST electricity 317 202 16265 act=09 pot=3f
GHOST electricity 318 202 11666 act=12 pot=2d
GHOST electricity 319 202 16257 act=01 pot=3f
GHOST electricity 320 202 16265 act=09 pot=3f
GHOST electricity 321 202 16258 act=02 pot=3f
GHOST electricity 307 203 16257 act=01 pot=3f
GHOST electricity 308 203 16265 act=09 pot=3f
GHOST electricity 309 203 16257 act=01 pot=3f
GHOST electricity 310 203 16265 act=09 pot=3f
GHOST electricity 311 203 7076 act=24 pot=1b
GHOST electricity 312 203 16257 act=01 pot=3f
GHOST electricity 313 203 16265 act=09 pot=3f
GHOST electricity 314 203 14981 act=05 pot=3a
GHOST electricity 315 203 13961 act=09 pot=36
GHOST electricity 316 203 13961 act=09 pot=36
GHOST electricity 317 203 13961 act=09 pot=36
GHOST electricity 318 203 11666 act=12 pot=2d
GHOST electricity 319 203 13451 act=0b pot=34
GHOST electricity 320 203 12686 act=0e pot=31
GHOST electricity 321 203 16274 act=12 pot=3f
GHOST electricity 306 204 16258 act=02 pot=3f
GHOST electricity 307 204 16257 act=01 pot=3f
GHOST electricity 308 204 16265 act=09 pot=3f
GHOST electricity 309 204 16257 act=01 pot=3f
						Lua 0:19:45:968
SCAN electricity cells 1094 matched 739 ghost 355 tunnel_noobj 0 size 615 710
						Lua 0:19:45:984
MATCH water 354 184 14341 DomeBasic
MATCH water 355 184 9 DomeBasic
MATCH water 356 184 9 DomeBasic
						Lua 0:19:45:986
GHOST water 314 204 10 act=0a pot=00
GHOST water 314 205 18 act=12 pot=00
						Lua 0:19:46:032
SCAN water cells 216 matched 214 ghost 2 tunnel_noobj 0 size 615 710
						Lua 0:20:02:362
GRIDLESS total 0
						Lua 0:20:06:598
[mod] [SMRTK] SMRTK_PANEL action=panel_toggle open=false status=OK tab=World t=201405541 id=93
						Lua 0:20:07:738
[mod] [SMRTK] SMRTK_PANEL action=panel_toggle open=true status=OK tab=World t=201405541 id=94
						Lua 0:20:09:018
[mod] [SMRTK] SMRTK_COPY action=copy flushed=true from=0 lines=230 status=OK truncated=false t=201405541 id=95
[SMRTK] SMRTK_COPY action=copy flushed=true from=0 lines=230 status=OK truncated=false t=201405541 id=95
						Lua 0:22:46:710
[mod] [SMRTK] SMRTK_PANEL action=panel_toggle open=false status=OK tab=World t=201405541 id=96
						Lua 0:25:27:901
[mod] [SMRTK] SMRTK_SECTION action=section_attach attached=true dialog=ipBuilding object=CarbonateProcessor(3490) status=OK t=201405541 id=97
						Lua 0:25:35:727
[mod] [SMRTK] SMRTK_PANEL action=panel_toggle open=true status=OK tab=World t=201405541 id=98
						Lua 0:25:36:933
[mod] [SMRTK] SMRTK_CLEAR action=clear status=OK t=201405541 id=99
						Lua 0:25:38:071
[mod] [SMRTK] SMRTK_PANEL action=panel_toggle open=false status=OK tab=World t=201405541 id=100
						Lua 0:25:54:509
Load Game: 
	lua_revision: 403908 (last saved with) 
	orig_lua_revision: 403908 (created with) 
	assets_revision: 33006 

	dlcs: norman, thomas 

	mods: SMR_CommunityOptInPack, SMR_CommunityFixPack, SMR_CommunityFixPackTestKit, SMR_TrainHubPrototype_20260918 
[mod] [SMRTK] SMRTK_CONSOLE_ARM enabled=true hook=ChangeMap t=201405541 id=101
[SMRTK] SMRTK_CONSOLE_ARM enabled=true hook=ChangeMap t=201405541 id=101
						Lua 0:25:54:519
[mod] [SMRTK] SMRTK_CONSOLE_ARM enabled=true hook=ChangeMap t=201405541 id=102
[SMRTK] SMRTK_CONSOLE_ARM enabled=true hook=ChangeMap t=201405541 id=102
						Lua 0:25:54:534
[mod] [SMRTK] SMRTK_CONSOLE_ARM enabled=true hook=ChangeMap t=201405541 id=103
[SMRTK] SMRTK_CONSOLE_ARM enabled=true hook=ChangeMap t=201405541 id=103
						Lua 0:25:55:425
[mod] [SMRTK] SMRTK_SHORTCUT console=false key=Ctrl-Shift-F11 t=10 id=104
						Lua 0:25:56:215
[mod] [SMRTK] SMRTK_SHORTCUT console=false key=Ctrl-Shift-F11 t=20 id=105
						Lua 0:25:57:000
[mod] [SMRTK] SMRTK_SHORTCUT console=false key=Ctrl-Shift-F11 t=27 id=106
						Lua 0:25:57:776
[mod] [SMRTK] SMRTK_CONSOLE_ARM enabled=true hook=PreLoadGame t=35 id=107
[SMRTK] SMRTK_CONSOLE_ARM enabled=true hook=PreLoadGame t=35 id=107
						Lua 0:25:58:608
[mod] This savegame tries to load Mod Relaunched Fix Pack (id SMR_CommunityFixPack, v1.00-016), which is loaded with a different version 1.00-021
[mod] This savegame tries to load Mod DEV ONLY - Train Hub Prototype (id SMR_TrainHubPrototype_20260918, v0.00-002), which is present, but not loaded
						Lua 0:26:00:515
[mod] [SMRTest] console enable requested (flag set, no overlay) — press Enter (or Alt-Shift-C) once in a colony
[SMRTest] console enable requested (flag set, no overlay) — press Enter (or Alt-Shift-C) once in a colony
						Lua 0:26:00:521
[mod] [CommunityFixPack] ExoticDepositSign: 1 Exotic Minerals deposit(s) re-signed onto the clean entity
						Lua 0:26:00:522
[mod] [CommunityFixPack] SilentHitMomentFX: restored 2 missing hit-moment tracker(s) on load
						Lua 0:26:00:533
[RailShaftDev] UniversalTunnel allowed underground = true (DisabledInEnvironment is a GameVar: this is
[RailShaftDev]   written into the save, and stays there if this mod is removed -- throwaway saves only)
[RailShaftDev] ready. SMRRailShaft.Status() for where things stand.
						Lua 0:26:00:554
Applied 28 savegame fixup(s) in 21 ms: AAA_SetLRManagerMap, AgronomistFarmCropGrowth, CleanStaleRoverDamagedNotificationObjects, ConstructionSiteFlightMarks, CureSmallCropTechLock, CureUndergroundCropTechLock, FixDustGeneratorThrowTimes, FixFoodServiceMealsServedByShift, HospitalExoticMineralTreatment, KickWorkersFromTurnedOffDomes, MarkUnavoidableSupplyDrains, MoveOpenPasturePilesOffOrigin2, PipesAtBuildableLevelSteps, PoliticalAnimalAchievement2, RemarkJumboCaves, RemoveBreathableAtmosphereAirConsumptionModifier, ResetPlanetSceneCameraState, RespawnUnreachableBottomlessPitAnomalies, ResupplyCutoffLocksDelicacies, SplitDailyCountersByShift, ZZZZ_FixLeakedRocketReservations, ZZZ_DestroyTradeRocketsWithUnplacedLandingSite, ZZZ_FactionTaskDomeCompletableInAnyDome, ZZZ_HungerLocksFoodImport, ZZZ_RebuildElevatorResourceModeRegistration, ZZZ_ReviveElevatorSharedDepots, ZZZ_UpdateRefuelRequests, Zzz_RestartStalledMaintenanceDemand
						Lua 0:26:01:260
game_settings:
    sponsor: Japan
    profile: citymayor
    founding_faction: WorkersParty
						Lua 0:26:01:261
    rival_colonies: NewArk, Roscosmos, CNSA, SpaceY
    mystery_random: 
    game_rules: (none)
more_game_settings: save_game_id: 55afqP8zZV1vEYMb, mystery: MirrorSphereMystery, coordinates: 2N176E, landing_spot: ElysiumBeta, logo: Japan
map_conditions: altitude: -2776, temperature: -15, cold_wave: 36, dust_devils: 47, dust_storm: 0, meteors: 73
map_resources: concrete: 254, metals: 146, precious_metals: 146, water: 109
						Lua 0:26:01:359
[mod] [CommunityFixPack] SaveSanitizer: F95 astrogeologist-residue pass removed 0 modifier(s), left 0 unidentified
						Lua 0:26:01:364
Game Loaded in 6857 ms
[mod] [SMRTK] SMRTK_PROVENANCE actions=9 last=copy last_id=33 present=true session=1789769954:3401382086:1232994391:2120852950 t=352034344 id=108
[SMRTK] SMRTK_PROVENANCE actions=9 last=copy last_id=33 present=true session=1789769954:3401382086:1232994391:2120852950 t=352034344 id=108
						Lua 0:26:01:374
[mod] [SMRTK] SMRTK_SHORTCUT console=true key=Ctrl-Shift-F11 t=352034344 id=109
						Lua 0:26:01:389
[mod] [SMRTK] SMRTK_DOCK action=dock_attach attached=true route="idBottom sibling" status=OK surface=one-toggle+tasks t=352034344 id=110
						Lua 0:26:01:396
[mod] [SMRTest] console enable requested (flag set, no overlay) — press Enter (or Alt-Shift-C) once in a colony
[SMRTest] console enable requested (flag set, no overlay) — press Enter (or Alt-Shift-C) once in a colony
						Lua 0:26:01:559
[mod] [SMRTK] SMRTK_SHORTCUT console=true key=Ctrl-Shift-F11 t=352034344 id=111
						Lua 0:26:01:872
Game loaded on map BlankBig_04 in 7495 ms
						Lua 0:26:03:181
[mod] [SMRTest] console enable requested (flag set, no overlay) — press Enter (or Alt-Shift-C) once in a colony
[SMRTest] console enable requested (flag set, no overlay) — press Enter (or Alt-Shift-C) once in a colony
						Lua 0:26:03:191
[mod] [SMRTK] SMRTK_SHORTCUT console=true key=Ctrl-Shift-F11 t=352034344 id=112
						Lua 0:26:19:735
[mod] [SMRTK] SMRTK_SECTION action=section_attach attached=true dialog=ipBuilding object=DomeMega(5446) status=OK t=352034344 id=113
						Lua 0:26:22:540
[mod] [SMRTK] SMRTK_SECTION action=section_attach attached=true dialog=ipBuilding object=DomeMega(5446) status=OK t=352034344 id=114
						Lua 0:26:28:238
[mod] [SMRTK] SMRTK_SECTION action=section_attach attached=true dialog=ipBuilding object=DomeMega(5446) status=OK t=352034344 id=115
						Lua 0:26:35:227
[mod] [SMRTK] SMRTK_SECTION action=section_attach attached=true dialog=ipBuilding object=FastFoodRestaurant(6482) status=OK t=352034344 id=116
						Lua 0:26:40:954
[mod] [SMRTK] SMRTK_SECTION action=section_attach attached=true dialog=ipBuilding object=BaristaCafe(6076) status=OK t=352034344 id=117
						Lua 0:26:41:774
[mod] [SMRTK] SMRTK_SECTION action=section_attach attached=true dialog=ipBuilding object=SeniorsResidenceCCP1(7576) status=OK t=352034344 id=118
						Lua 0:26:43:271
[mod] [SMRTK] SMRTK_SECTION action=section_attach attached=true dialog=ipBuilding object=DomeDiamond(5295) status=OK t=352034344 id=119
						Lua 0:26:46:332
[mod] [SMRTK] SMRTK_SECTION action=section_attach attached=true dialog=ipBuilding object=Spacebar(8560) status=OK t=352034344 id=120
						Lua 0:26:47:985
[mod] [SMRTK] SMRTK_SECTION action=section_attach attached=true dialog=ipBuilding object=ShuttleHub(7582) status=OK t=352034344 id=121
						Lua 0:26:49:116
[mod] [SMRTK] SMRTK_SECTION action=section_attach attached=true dialog=ipBuilding object=Spacebar(8560) status=OK t=352034344 id=122
						Lua 0:26:51:695
[mod] [SMRTK] SMRTK_SECTION action=section_attach attached=true dialog=ipBuilding object=DomeDiamond(5295) status=OK t=352034344 id=123
						Lua 0:26:53:446
DOMEPRE DomeDiamond 5295 el table: 00000253E5FD4C18 water table: 00000253E7C65538 working true passages 4
						Lua 0:27:04:951
[mod] [SMRTK] SMRTK_SECTION action=section_attach attached=true dialog=ipBuilding object=Spacebar(8560) status=OK t=352034344 id=124
						Lua 0:27:07:158
[mod] [SMRTK] SMRTK_SECTION action=section_attach attached=true dialog=ipBuilding object=CasinoComplex(6037) status=OK t=352034344 id=125
						Lua 0:27:08:973
[mod] [SMRTK] SMRTK_SECTION action=section_attach attached=true dialog=ipBuilding object=FastFoodRestaurant(6373) status=OK t=352034344 id=126
						Lua 0:27:10:796
[mod] [SMRTK] SMRTK_SECTION action=section_attach attached=true dialog=ipBuilding object=SecurityStation(6052) status=OK t=352034344 id=127
						Lua 0:27:13:071
[mod] [SMRTK] SMRTK_SECTION action=section_attach attached=true dialog=ipBuilding object=DomeDiamond(5295) status=OK t=352034344 id=128
						Lua 0:27:13:604
[mod] [SMRTK] SMRTK_SECTION action=section_attach attached=true dialog=ipBuilding object=ShopsElectronics(6011) status=OK t=352034344 id=129
						Lua 0:27:15:743
[mod] [SMRTK] SMRTK_SECTION action=section_attach attached=true dialog=ipBuilding object=ShopsJewelry(5993) status=OK t=352034344 id=130
						Lua 0:27:17:717
[mod] [SMRTK] SMRTK_SECTION action=section_attach attached=true dialog=ipBuilding object=ShopsElectronics(6011) status=OK t=352034344 id=131
						Lua 0:27:18:306
[mod] [SMRTK] SMRTK_SECTION action=section_attach attached=true dialog=ipBuilding object=Amphitheater(6041) status=OK t=352034344 id=132
						Lua 0:27:19:959
[mod] [SMRTK] SMRTK_SECTION action=section_attach attached=true dialog=ipBuilding object=BaristaCafe(6076) status=OK t=352034344 id=133
						Lua 0:27:22:089
[mod] [SMRTK] SMRTK_SECTION action=section_attach attached=true dialog=ipBuilding object=SeniorsResidenceCCP1(7576) status=OK t=352034344 id=134
						Lua 0:27:24:292
[mod] [SMRTK] SMRTK_SECTION action=section_attach attached=true dialog=ipBuilding object=SeniorsResidenceCCP1(7575) status=OK t=352034344 id=135
						Lua 0:27:26:504
[mod] [SMRTK] SMRTK_SECTION action=section_attach attached=true dialog=ipBuilding object=Farm(5975) status=OK t=352034344 id=136
						Lua 0:27:28:497
[mod] [SMRTK] SMRTK_SECTION action=section_attach attached=true dialog=ipBuilding object=DomeDiamond(5295) status=OK t=352034344 id=137
						Lua 0:27:29:043
[mod] [SMRTK] SMRTK_SECTION action=section_attach attached=true dialog=ipBuilding object=SmartApartmentsCCP1(8336) status=OK t=352034344 id=138
						Lua 0:27:30:667
[mod] [SMRTK] SMRTK_SECTION action=section_attach attached=true dialog=ipBuilding object=SmartApartmentsCCP1(8337) status=OK t=352034344 id=139
						Lua 0:27:32:365
[mod] [SMRTK] SMRTK_SECTION action=section_attach attached=true dialog=ipBuilding object=SmartApartmentsCCP1(8567) status=OK t=352034344 id=140
						Lua 0:27:34:602
[mod] [SMRTK] SMRTK_SECTION action=section_attach attached=true dialog=ipBuilding object=SmartApartmentsCCP1(8568) status=OK t=352034344 id=141
						Lua 0:27:36:690
[mod] [SMRTK] SMRTK_SECTION action=section_attach attached=true dialog=ipBuilding object=ShopsFood(6095) status=OK t=352034344 id=142
						Lua 0:27:38:381
[mod] [SMRTK] SMRTK_SECTION action=section_attach attached=true dialog=ipBuilding object=HangingGardens(5475) status=OK t=352034344 id=143
						Lua 0:27:40:181
[mod] [SMRTK] SMRTK_SECTION action=section_attach attached=true dialog=ipBuilding object=Replicator(5499) status=OK t=352034344 id=144
						Lua 0:27:52:415
[mod] [SMRTK] SMRTK_SECTION action=section_attach attached=true dialog=ipBuilding object=DomeDiamond(5295) status=OK t=352081826 id=145
						Lua 0:27:58:939
[mod] [SMRTK] SMRTK_SECTION action=section_attach attached=false reason="no supported actions" status=OK t=352088357 id=146
						Lua 0:29:04:036
[mod] [SMRTK] SMRTK_SECTION action=section_attach attached=true dialog=ipBuilding object=DomeDiamond(5295) status=OK t=352153450 id=147
						Lua 0:29:28:519
[mod] [SMRTK] SMRTK_SECTION action=section_attach attached=false reason="no supported actions" status=OK t=352177936 id=148
						Lua 0:29:34:928
[mod] [SMRTK] SMRTK_SECTION action=section_attach attached=true dialog=ipBuilding object=UniversalStorageDepot(8919) status=OK t=352199900 id=149
						Lua 0:29:36:573
[mod] [SMRTK] SMRTK_ACTION action=selected_empty after=0 before=186697 method=CheatEmpty object=UniversalStorageDepot(8919) resource=multiple resources=10 status=OK valid_after=true t=352208175 id=150
[SMRTK] SMRTK_ACTION action=selected_empty after=0 before=186697 method=CheatEmpty object=UniversalStorageDepot(8919) resource=multiple resources=10 status=OK valid_after=true t=352208175 id=150
						Lua 0:29:41:516
[mod] [SMRTK] SMRTK_ACTION action=selected_empty after=0 before=123771 method=CheatEmpty object=UniversalStorageDepot(8919) resource=multiple resources=10 status=OK valid_after=true t=352232885 id=151
[SMRTK] SMRTK_ACTION action=selected_empty after=0 before=123771 method=CheatEmpty object=UniversalStorageDepot(8919) resource=multiple resources=10 status=OK valid_after=true t=352232885 id=151
						Lua 0:29:46:126
[mod] [SMRTK] SMRTK_ACTION action=selected_empty after=0 before=80336 method=CheatEmpty object=UniversalStorageDepot(8919) resource=multiple resources=10 status=OK valid_after=true t=352255935 id=152
[SMRTK] SMRTK_ACTION action=selected_empty after=0 before=80336 method=CheatEmpty object=UniversalStorageDepot(8919) resource=multiple resources=10 status=OK valid_after=true t=352255935 id=152
						Lua 0:29:52:612
[mod] [SMRTK] SMRTK_ACTION action=selected_delete method=CheatDelete object=UniversalStorageDepot(8919) status=OK valid_after=false t=352288355 id=153
[SMRTK] SMRTK_ACTION action=selected_delete method=CheatDelete object=UniversalStorageDepot(8919) status=OK valid_after=false t=352288355 id=153
						Lua 0:29:53:531
[mod] [SMRTK] SMRTK_SECTION action=section_attach attached=true dialog=ipBuilding object=DomeDiamond(5295) status=OK t=352292910 id=154
						Lua 0:30:14:944
[mod] [SMRTK] SMRTK_SECTION action=section_attach attached=true dialog=ipBuilding object=DomeDiamond(5295) status=OK t=352328370 id=155
						Lua 0:30:59:393
[mod] [SMRTK] SMRTK_SECTION action=section_attach attached=true dialog=ipBuilding object=DomeDiamond(5295) status=OK t=352372815 id=156
						Lua 0:31:45:698
MATCH electricity 100 166 15491 ForestationPlant
MATCH electricity 101 166 13196 ForestationPlant
MATCH electricity 100 167 4017 ForestationPlant
						Lua 0:31:45:747
SCAN electricity cells 4854 matched 4854 ghost 0 tunnel_noobj 0 size 615 710
						Lua 0:31:45:762
MATCH water 101 167 7 GeoscapeDome
MATCH water 102 167 15 GeoscapeDome
MATCH water 103 167 13 GeoscapeDome
						Lua 0:31:45:811
SCAN water cells 3855 matched 3855 ghost 0 tunnel_noobj 0 size 615 710
						Lua 0:31:52:145
[mod] [SMRTK] SMRTK_PANEL action=panel_toggle open=true status=OK tab=World t=352449571 id=157
						Lua 0:31:54:015
[mod] [SMRTK] SMRTK_COPY action=copy flushed=true from=0 lines=300 status=OK truncated=true t=352451441 id=158
[SMRTK] SMRTK_COPY action=copy flushed=true from=0 lines=300 status=OK truncated=true t=352451441 id=158
						Lua 0:32:14:050
[mod] [SMRTK] SMRTK_COPY action=copy flushed=true from=0 lines=300 status=OK truncated=true t=352471476 id=159
[SMRTK] SMRTK_COPY action=copy flushed=true from=0 lines=300 status=OK truncated=true t=352471476 id=159
						Lua 0:32:42:581
Story bits: Triggered story bit - MedSt_CorporateWarfare						Lua 0:32:46:192
[mod] [SMRTK] SMRTK_PANEL action=panel_toggle open=false status=OK tab=World t=352503619 id=160
						Lua 0:32:53:860
[mod] [SMRTK] SMRTK_PANEL action=panel_toggle open=true status=OK tab=World t=352505315 id=161
						Lua 0:32:55:226
[mod] [SMRTK] SMRTK_CLEAR action=clear status=OK t=352506680 id=162
						Lua 0:32:56:601
[mod] [SMRTK] SMRTK_PANEL action=panel_toggle open=false status=OK tab=World t=352508054 id=163
						Lua 0:34:21:431
Load Game: 
	lua_revision: 405907 (last saved with) 
	orig_lua_revision: 403908 (created with) 
	assets_revision: 33225 

	dlcs: norman, thomas 

	mods: SMR_CommunityOptInPack, SMR_CommunityFixPackTestKit, SMR_CommunityFixPack, SMR_TrainHubDev_20260918, SMR_RailShaftDev_20260923 
						Lua 0:34:21:432
[mod] [SMRTK] SMRTK_CONSOLE_ARM enabled=true hook=ChangeMap t=352509229 id=164
[SMRTK] SMRTK_CONSOLE_ARM enabled=true hook=ChangeMap t=352509229 id=164
						Lua 0:34:21:473
[mod] [SMRTK] SMRTK_CONSOLE_ARM enabled=true hook=ChangeMap t=352509229 id=165
[SMRTK] SMRTK_CONSOLE_ARM enabled=true hook=ChangeMap t=352509229 id=165
						Lua 0:34:21:513
[mod] [SMRTK] SMRTK_CONSOLE_ARM enabled=true hook=ChangeMap t=352509229 id=166
[SMRTK] SMRTK_CONSOLE_ARM enabled=true hook=ChangeMap t=352509229 id=166
						Lua 0:34:21:560
[mod] [SMRTK] SMRTK_CONSOLE_ARM enabled=true hook=ChangeMap t=352509229 id=167
[SMRTK] SMRTK_CONSOLE_ARM enabled=true hook=ChangeMap t=352509229 id=167
						Lua 0:34:22:583
[mod] [SMRTK] SMRTK_SHORTCUT console=false key=Ctrl-Shift-F11 t=0 id=168
						Lua 0:34:23:367
[mod] [SMRTK] SMRTK_CONSOLE_ARM enabled=true hook=PreLoadGame t=0 id=169
[SMRTK] SMRTK_CONSOLE_ARM enabled=true hook=PreLoadGame t=0 id=169
						Lua 0:34:25:470
[mod] [SMRTest] console enable requested (flag set, no overlay) — press Enter (or Alt-Shift-C) once in a colony
[SMRTest] console enable requested (flag set, no overlay) — press Enter (or Alt-Shift-C) once in a colony
[TrainHubDev] SMROptInTrainHub6 line radii d0..d5 = 6 6 6 6 6 6
[TrainHubDev] SMROptInTrainHub6 connector spots: from the body
[TrainHubDev] reactor palette: channel 1 = 18,32,78 roughness 0 metallic 0
[TrainHubDev] reactor palette: channel 2 = 18,32,78 roughness 0 metallic 0
[TrainHubDev] reactor palette: channel 3 = 200,205,210 roughness -90 metallic 110
[TrainHubDev] reactor palette: P4 "navy + steel on 3 and 4", 3 of 4 channels written on the attached copy only (vanilla's own per-object call; no material is restyled)
						Lua 0:34:25:471
[TrainHubDev] lights: arm 0, flanks the reactor (red flank) = B2 "Deep blue wash" (SpotLight), 12 lights, engine bearing 0 deg
[TrainHubDev] lights: arm 1, flanks the reactor (blue flank) = B2 "Deep blue wash" (SpotLight), 12 lights, engine bearing 60 deg
[TrainHubDev] lights: arm 2, next to the blue flank = B2 "Deep blue wash" (SpotLight), 12 lights, engine bearing 120 deg
[TrainHubDev] lights: arm 3, opposite the red flank = B2 "Deep blue wash" (SpotLight), 12 lights, engine bearing 180 deg
						Lua 0:34:25:472
[TrainHubDev] lights: arm 4, opposite the blue flank = B2 "Deep blue wash" (SpotLight), 12 lights, engine bearing 240 deg
[TrainHubDev] lights: arm 5, next to the red flank = B2 "Deep blue wash" (SpotLight), 12 lights, engine bearing 300 deg
[TrainHubDev] lights: arm tune intensity 50, side 150 cm, height 200 cm, radius 500 cm, cone 50/100, colour 0,40,255
[TrainHubDev] structure lights: portal rims ON, 30 lights (intensity 4, radius 350 cm)
[TrainHubDev] structure lights: drone pit kerb OFF, 0 lights (intensity 15, radius 300 cm)
[TrainHubDev] structure lights: ring rim strip OFF, 0 lights (intensity 12, radius 400 cm)
[TrainHubDev] structure lights: floor edge strip OFF, 0 lights (intensity 30, radius 300 cm)
[TrainHubDev] structure lights: crown floor light ON, 0 lights (intensity 150, radius 4000 cm)
[TrainHubDev] structure lights: crown floor light follows the VANILLA night schedule (OnMsg.LightmodelChange -> map.NightLightsState, NightLightObjects.lua:250-259, :22 on build 1.1.0.403908); it is DAY now, so it is NOT PLACED -- hanging at z 1900 cm, colour 255,214,170, cone 0/0
[TrainHubDev] structure lights: under-deck fill ON, 0 lights (intensity 40, radius 1200 cm)
[TrainHubDev] structure lights: under-deck fill follows the VANILLA night schedule (OnMsg.LightmodelChange -> map.NightLightsState, NightLightObjects.lua:250-259, :22 on build 1.1.0.403908); it is DAY now, so it is NOT PLACED -- hanging at z 700 cm, colour 255,214,170, cone 0/0
[TrainHubDev] lights: 102 placed (72 arm + 30 structure); a stopped hub destroys them all
						Lua 0:34:25:475
[mod] [CommunityFixPack] SilentHitMomentFX: restored 2 missing hit-moment tracker(s) on load
						Lua 0:34:25:476
[RailShaftDev] loaded; underground is locked in this save, so the tunnel stays surface-only.
[RailShaftDev] ready. SMRRailShaft.Status() for where things stand.
						Lua 0:34:25:580
game_settings:
    sponsor: SpaceY
    profile: politician
    founding_faction: UnitedColonistFront
    rival_colonies: NASA, Brazil, paradox
    mystery_random: 
    game_rules: (none)
more_game_settings: save_game_id: IsDKXg6Ddmz3wE5g, mystery: UnitedEarthMystery, coordinates: 15N179E, landing_spot: , logo: SpaceY
map_conditions: altitude: -3699, temperature: -43, cold_wave: 109, dust_devils: 39, dust_storm: 0, meteors: 37
map_resources: concrete: 243, metals: 147, precious_metals: 147, water: 147
						Lua 0:34:25:632
[mod] [CommunityFixPack] SaveSanitizer: F95 astrogeologist-residue pass removed 0 modifier(s), left 0 unidentified
Game Loaded in 4201 ms
[mod] [SMRTK] SMRTK_PROVENANCE actions=19 last=copy last_id=2217 present=true session=1790392144:180417242:39543104:290418134 t=32762717 id=170
[SMRTK] SMRTK_PROVENANCE actions=19 last=copy last_id=2217 present=true session=1790392144:180417242:39543104:290418134 t=32762717 id=170
						Lua 0:34:25:643
[mod] [SMRTK] SMRTK_SHORTCUT console=true key=Ctrl-Shift-F11 t=32762717 id=171
						Lua 0:34:25:655
[mod] [SMRTK] SMRTK_DOCK action=dock_attach attached=true route="idBottom sibling" status=OK surface=one-toggle+tasks t=32762717 id=172
						Lua 0:34:25:658
[mod] [SMRTest] console enable requested (flag set, no overlay) — press Enter (or Alt-Shift-C) once in a colony
[SMRTest] console enable requested (flag set, no overlay) — press Enter (or Alt-Shift-C) once in a colony
						Lua 0:34:25:808
[mod] [SMRTK] SMRTK_SHORTCUT console=true key=Ctrl-Shift-F11 t=32762717 id=173
						Lua 0:34:26:053
Game loaded on map BlankBig_01 in 4838 ms
						Lua 0:34:27:353
[mod] [SMRTest] console enable requested (flag set, no overlay) — press Enter (or Alt-Shift-C) once in a colony
[SMRTest] console enable requested (flag set, no overlay) — press Enter (or Alt-Shift-C) once in a colony
						Lua 0:34:27:363
[mod] [SMRTK] SMRTK_SHORTCUT console=true key=Ctrl-Shift-F11 t=32762717 id=174
						Lua 0:35:17:518
[mod] [SMRTK] SMRTK_SECTION action=section_attach attached=false reason="no supported actions" status=OK t=32762717 id=175
						Lua 0:35:30:194
[mod] [SMRTK] SMRTK_SECTION action=section_attach attached=false reason="no supported actions" status=OK t=32762717 id=176
						Lua 0:35:32:464
[mod] [SMRTK] SMRTK_SECTION action=section_attach attached=true dialog=ipBuilding object=ConstructionSite(7583) status=OK t=32762717 id=177
						Lua 0:35:33:385
[mod] [SMRTK] SMRTK_ACTION action=selected_quick_build body=ConstructionSite.Complete(quick_build) building_class=DroneHub completed=true group_members=0 leader=ConstructionSite(7583) leader_valid_after=false object=ConstructionSite(7583) selected_valid_after=false status=OK t=32762717 id=178
[SMRTK] SMRTK_ACTION action=selected_quick_build body=ConstructionSite.Complete(quick_build) building_class=DroneHub completed=true group_members=0 leader=ConstructionSite(7583) leader_valid_after=false object=ConstructionSite(7583) selected_valid_after=false status=OK t=32762717 id=178
						Lua 0:35:33:412

!!! Quick Build !!!
						Lua 0:35:33:418
[mod] [SMRTK] SMRTK_SECTION action=section_attach attached=true dialog=ipBuilding object=DroneHub(7584) status=OK t=32762717 id=179
						Lua 0:35:40:772
[mod] [SMRTK] SMRTK_SECTION action=section_attach attached=false reason="no supported actions" status=OK t=32762717 id=180						Lua 0:35:40:773

						Lua 0:35:42:838
[mod] [SMRTK] SMRTK_SECTION action=section_attach attached=false reason="no supported actions" status=OK t=32762717 id=181
						Lua 0:35:44:257
[mod] [SMRTK] SMRTK_SECTION action=section_attach attached=false reason="no supported actions" status=OK t=32762717 id=182
						Lua 0:35:47:666
[mod] [SMRTK] SMRTK_SECTION action=section_attach attached=false reason="no supported actions" status=OK t=32762717 id=183
						Lua 0:35:49:016
[mod] [SMRTK] SMRTK_SECTION action=section_attach attached=false reason="no supported actions" status=OK t=32762717 id=184
						Lua 0:35:50:698
[mod] [SMRTK] SMRTK_SECTION action=section_attach attached=false reason="no supported actions" status=OK t=32762717 id=185
						Lua 0:36:00:419
[mod] [SMRTK] SMRTK_SECTION action=section_attach attached=false reason="no supported actions" status=OK t=32762717 id=186
						Lua 0:36:14:002
[mod] [SMRTK] SMRTK_PANEL action=panel_toggle open=true status=OK tab=World t=32762717 id=187
						Lua 0:36:16:654
[mod] [SMRTK] SMRTK_ACTION action=complete_constructions outcome=leaf_completed scope="current map" status=OK t=32762717 id=188
[SMRTK] SMRTK_ACTION action=complete_constructions outcome=leaf_completed scope="current map" status=OK t=32762717 id=188

!!! Quick Build !!!
						Lua 0:36:18:543
[mod] [SMRTK] SMRTK_ACTION action=fill_storages failed=0 filled=32 skipped_rockets=5 status=OK t=32762717 id=189
[SMRTK] SMRTK_ACTION action=fill_storages failed=0 filled=32 skipped_rockets=5 status=OK t=32762717 id=189
						Lua 0:36:21:080
[mod] [SMRTK] SMRTK_PANEL action=panel_toggle open=false status=OK tab=World t=32762717 id=190
						Lua 0:36:32:712
[mod] [SMRTK] SMRTK_SECTION action=section_attach attached=false reason="no supported actions" status=OK t=32762717 id=191
						Lua 0:36:42:704
[mod] [SMRTK] SMRTK_SECTION action=section_attach attached=true dialog=ipBuilding object=DroneHub(7584) status=OK t=32762717 id=192
						Lua 0:37:39:632
[TrainHubDev] lights: arm 0, flanks the reactor (red flank) = B2 "Deep blue wash" (SpotLight), 12 lights, engine bearing 0 deg
[TrainHubDev] lights: arm 1, flanks the reactor (blue flank) = B2 "Deep blue wash" (SpotLight), 12 lights, engine bearing 60 deg
						Lua 0:37:39:633
[TrainHubDev] lights: arm 2, next to the blue flank = B2 "Deep blue wash" (SpotLight), 12 lights, engine bearing 120 deg
[TrainHubDev] lights: arm 3, opposite the red flank = B2 "Deep blue wash" (SpotLight), 12 lights, engine bearing 180 deg
[TrainHubDev] lights: arm 4, opposite the blue flank = B2 "Deep blue wash" (SpotLight), 12 lights, engine bearing 240 deg
						Lua 0:37:39:634
[TrainHubDev] lights: arm 5, next to the red flank = B2 "Deep blue wash" (SpotLight), 12 lights, engine bearing 300 deg
[TrainHubDev] lights: arm tune intensity 50, side 150 cm, height 200 cm, radius 500 cm, cone 50/100, colour 0,40,255
[TrainHubDev] structure lights: portal rims ON, 30 lights (intensity 4, radius 350 cm)
[TrainHubDev] structure lights: drone pit kerb OFF, 0 lights (intensity 15, radius 300 cm)
[TrainHubDev] structure lights: ring rim strip OFF, 0 lights (intensity 12, radius 400 cm)
[TrainHubDev] structure lights: floor edge strip OFF, 0 lights (intensity 30, radius 300 cm)
						Lua 0:37:39:635
[TrainHubDev] structure lights: crown floor light ON, 1 lights (intensity 150, radius 4000 cm)
[TrainHubDev] structure lights: crown floor light follows the VANILLA night schedule (OnMsg.LightmodelChange -> map.NightLightsState, NightLightObjects.lua:250-259, :22 on build 1.1.0.403908); it is NIGHT now, so it is LIT -- hanging at z 1900 cm, colour 255,214,170, cone 0/0
[TrainHubDev] structure lights: under-deck fill ON, 18 lights (intensity 40, radius 1200 cm)
[TrainHubDev] structure lights: under-deck fill follows the VANILLA night schedule (OnMsg.LightmodelChange -> map.NightLightsState, NightLightObjects.lua:250-259, :22 on build 1.1.0.403908); it is NIGHT now, so it is LIT -- hanging at z 700 cm, colour 255,214,170, cone 0/0
[TrainHubDev] lights: 121 placed (72 arm + 49 structure); a stopped hub destroys them all
						Lua 0:37:53:365
DGRID DomeMicro 1072 table: 00000253EB417ED0 table: 00000253F76DAEE8
						Lua 0:37:53:366
DGRID DomeDiamond 1074 table: 00000253EB417ED0 table: 00000253F76DAEE8
						Lua 0:38:05:515
[mod] [SMRTK] SMRTK_PANEL action=panel_toggle open=true status=OK tab=World t=32830888 id=193
						Lua 0:38:07:372
[mod] [SMRTK] SMRTK_CLEAR action=clear status=OK t=32832746 id=194
						Lua 0:38:07:822
[mod] [SMRTK] SMRTK_VERBOSE action=verbose status=OK verbose=off t=32833196 id=195
[SMRTK] SMRTK_VERBOSE action=verbose status=OK verbose=off t=32833196 id=195
						Lua 0:38:15:138
[mod] [SMRTK] SMRTK_SECTION action=section_attach attached=false reason="no supported actions" status=OK t=32840510 id=196
						Lua 0:38:20:852
[mod] [SMRTK] SMRTK_SECTION action=section_attach attached=true dialog=ipBuilding object=DomeHexa(7777) status=OK t=32846216 id=197
						Lua 0:38:26:356
[mod] [SMRTK] SMRTK_SECTION action=section_attach attached=false reason="no supported actions" status=OK t=32851724 id=198
						Lua 0:38:33:805
[mod] [SMRTK] SMRTK_SECTION action=section_attach attached=false reason="no supported actions" status=OK t=32859172 id=199
						Lua 0:38:40:529
[mod] [SMRTK] SMRTK_SECTION action=section_attach attached=false reason="no supported actions" status=OK t=32865897 id=200
						Lua 0:38:41:501
[mod] [SMRTK] SMRTK_SECTION action=section_attach attached=false reason="no supported actions" status=OK t=32866868 id=201
						Lua 0:38:45:877
[mod] [SMRTK] SMRTK_SECTION action=section_attach attached=false reason="no supported actions" status=OK t=32871245 id=202
						Lua 0:38:49:986
[mod] [SMRTK] SMRTK_SECTION action=section_attach attached=false reason="no supported actions" status=OK t=32875354 id=203
						Lua 0:38:53:327
[mod] [SMRTK] SMRTK_SECTION action=section_attach attached=false reason="no supported actions" status=OK t=32878693 id=204
						Lua 0:38:56:259
[mod] [SMRTK] SMRTK_SECTION action=section_attach attached=false reason="no supported actions" status=OK t=32881626 id=205
						Lua 0:38:59:453
[mod] [SMRTK] SMRTK_SECTION action=section_attach attached=false reason="no supported actions" status=OK t=32884821 id=206
						Lua 0:39:10:739
[mod] [SMRTK] SMRTK_SECTION action=section_attach attached=false reason="no supported actions" status=OK t=32896108 id=207
						Lua 0:39:21:070
[mod] [SMRTK] SMRTK_SECTION action=section_attach attached=false reason="no supported actions" status=OK t=32906440 id=208
						Lua 0:39:30:345
[mod] [SMRTK] SMRTK_SECTION action=section_attach attached=true dialog=ipBuilding object=DomeHexa(7777) status=OK t=32915709 id=209
						Lua 0:39:31:932
[mod] [SMRTK] SMRTK_PANEL action=panel_toggle open=false status=OK tab=World t=32917305 id=210
						Lua 0:39:34:682
[mod] [SMRTK] SMRTK_SECTION action=section_attach attached=true dialog=ipBuilding object=StorageConcrete(7586) status=OK t=32920049 id=211
						Lua 0:39:36:162
[mod] [SMRTK] SMRTK_ACTION action=selected_fill after=180000 before=0 method=CheatFill object=StorageConcrete(7586) resource=Concrete resources=1 status=OK valid_after=true t=32921534 id=212
[SMRTK] SMRTK_ACTION action=selected_fill after=180000 before=0 method=CheatFill object=StorageConcrete(7586) resource=Concrete resources=1 status=OK valid_after=true t=32921534 id=212
						Lua 0:39:41:677
[mod] [SMRTK] SMRTK_SECTION action=section_attach attached=false reason="no supported actions" status=OK t=32927045 id=213
						Lua 0:39:43:732
[mod] [SMRTK] SMRTK_SECTION action=section_attach attached=true dialog=ipBuilding object=ConstructionSite(7860) status=OK t=32929098 id=214
						Lua 0:39:45:128
[mod] [SMRTK] SMRTK_ACTION action=selected_quick_build body=ConstructionSite.Complete(quick_build) building_class=MechanizedDepotConcrete completed=true group_members=0 leader=ConstructionSite(7860) leader_valid_after=false object=ConstructionSite(7860) selected_valid_after=false status=OK t=32930499 id=215
[SMRTK] SMRTK_ACTION action=selected_quick_build body=ConstructionSite.Complete(quick_build) building_class=MechanizedDepotConcrete completed=true group_members=0 leader=ConstructionSite(7860) leader_valid_after=false object=ConstructionSite(7860) selected_valid_after=false status=OK t=32930499 id=215
						Lua 0:39:45:133

!!! Quick Build !!!
						Lua 0:39:45:140
[mod] [SMRTK] SMRTK_SECTION action=section_attach attached=true dialog=ipBuilding object=MechanizedDepotConcrete(7867) status=OK t=32930499 id=216
						Lua 0:39:45:779
[mod] [SMRTK] SMRTK_SECTION action=section_attach attached=true dialog=ipBuilding object=DomeHexa(7777) status=OK t=32931142 id=217
						Lua 0:39:46:552
[mod] [SMRTK] SMRTK_SECTION action=section_attach attached=true dialog=ipBuilding object=MechanizedDepotConcrete(7867) status=OK t=32931915 id=218
						Lua 0:39:47:668
[mod] [SMRTK] SMRTK_ACTION action=selected_fill after=4000000 before=0 method=CheatFill object=MechanizedDepotConcrete(7867) resource=Concrete resources=1 status=OK valid_after=true t=32933039 id=219
[SMRTK] SMRTK_ACTION action=selected_fill after=4000000 before=0 method=CheatFill object=MechanizedDepotConcrete(7867) resource=Concrete resources=1 status=OK valid_after=true t=32933039 id=219
						Lua 0:39:48:966
[mod] [SMRTK] SMRTK_SECTION action=section_attach attached=true dialog=ipBuilding object=StorageMetals(7585) status=OK t=32934329 id=220
						Lua 0:39:50:188
[mod] [SMRTK] SMRTK_ACTION action=selected_fill after=180000 before=34000 method=CheatFill object=StorageMetals(7585) resource=Metals resources=1 status=OK valid_after=true t=32935559 id=221
[SMRTK] SMRTK_ACTION action=selected_fill after=180000 before=34000 method=CheatFill object=StorageMetals(7585) resource=Metals resources=1 status=OK valid_after=true t=32935559 id=221
						Lua 0:39:54:590
[mod] [SMRTK] SMRTK_SECTION action=section_attach attached=false reason="no supported actions" status=OK t=32939962 id=222
						Lua 0:40:29:205
[mod] [SMRTK] SMRTK_SECTION action=section_attach attached=false reason="no supported actions" status=OK t=32974565 id=223
						Lua 0:40:38:879
[mod] [SMRTK] SMRTK_SECTION action=section_attach attached=false reason="no supported actions" status=OK t=32984249 id=224
						Lua 0:40:50:796
[mod] [SMRTK] SMRTK_SECTION action=section_attach attached=false reason="no supported actions" status=OK t=32996166 id=225
						Lua 0:40:58:126
[mod] [SMRTK] SMRTK_SECTION action=section_attach attached=true dialog=ipBuilding object=StorageConcrete(7586) status=OK t=33003493 id=226
						Lua 0:40:59:521
[mod] [SMRTK] SMRTK_ACTION action=selected_fill after=180000 before=0 method=CheatFill object=StorageConcrete(7586) resource=Concrete resources=1 status=OK valid_after=true t=33004892 id=227
[SMRTK] SMRTK_ACTION action=selected_fill after=180000 before=0 method=CheatFill object=StorageConcrete(7586) resource=Concrete resources=1 status=OK valid_after=true t=33004892 id=227
						Lua 0:40:59:993
[mod] [SMRTK] SMRTK_SECTION action=section_attach attached=true dialog=ipBuilding object=StorageMetals(7585) status=OK t=33005359 id=228
						Lua 0:41:00:919
[mod] [SMRTK] SMRTK_ACTION action=selected_fill after=180000 before=150000 method=CheatFill object=StorageMetals(7585) resource=Metals resources=1 status=OK valid_after=true t=33006291 id=229
[SMRTK] SMRTK_ACTION action=selected_fill after=180000 before=150000 method=CheatFill object=StorageMetals(7585) resource=Metals resources=1 status=OK valid_after=true t=33006291 id=229
						Lua 0:41:01:701
[mod] [SMRTK] SMRTK_SECTION action=section_attach attached=true dialog=ipBuilding object=StorageElectronics(7587) status=OK t=33007067 id=230
						Lua 0:41:02:780
[mod] [SMRTK] SMRTK_ACTION action=selected_fill after=180000 before=140000 method=CheatFill object=StorageElectronics(7587) resource=Electronics resources=1 status=OK valid_after=true t=33008152 id=231
[SMRTK] SMRTK_ACTION action=selected_fill after=180000 before=140000 method=CheatFill object=StorageElectronics(7587) resource=Electronics resources=1 status=OK valid_after=true t=33008152 id=231
						Lua 0:41:03:251
[mod] [SMRTK] SMRTK_SECTION action=section_attach attached=true dialog=ipBuilding object=StoragePolymers(7589) status=OK t=33008617 id=232
						Lua 0:41:03:979
[mod] [SMRTK] SMRTK_ACTION action=selected_fill after=180000 before=73000 method=CheatFill object=StoragePolymers(7589) resource=Polymers resources=1 status=OK valid_after=true t=33009351 id=233
[SMRTK] SMRTK_ACTION action=selected_fill after=180000 before=73000 method=CheatFill object=StoragePolymers(7589) resource=Polymers resources=1 status=OK valid_after=true t=33009351 id=233
						Lua 0:41:05:598
[mod] [SMRTK] SMRTK_SECTION action=section_attach attached=true dialog=ipBuilding object=MechanizedDepotConcrete(7867) status=OK t=33010962 id=234
						Lua 0:41:11:396
[mod] [SMRTK] SMRTK_SECTION action=section_attach attached=true dialog=ipDrone object=Drone(2000002045) status=OK t=33016763 id=235
						Lua 0:41:14:136
[mod] [SMRTK] SMRTK_SECTION action=section_attach attached=true dialog=ipBuilding object=MechanizedDepotConcrete(7867) status=OK t=33019501 id=236
						Lua 0:41:18:177
[mod] [SMRTK] SMRTK_SECTION action=section_attach attached=true dialog=ipBuilding object=StorageConcrete(7586) status=OK t=33023542 id=237
						Lua 0:41:22:018
[mod] [SMRTK] SMRTK_SECTION action=section_attach attached=true dialog=ipBuilding object=ConstructionSiteWithHeightSurfaces(7948) status=OK t=33027384 id=238
						Lua 0:41:33:594
[mod] [SMRTK] SMRTK_SECTION action=section_attach attached=true dialog=ipBuilding object=DomeHexa(7777) status=OK t=33038956 id=239
						Lua 0:41:39:737
[mod] [SMRTK] SMRTK_SECTION action=section_attach attached=false reason="no supported actions" status=OK t=33045105 id=240
						Lua 0:41:42:323
[mod] [SMRTK] SMRTK_SECTION action=section_attach attached=true dialog=ipBuilding object=ConstructionSite(8012) status=OK t=33047689 id=241
						Lua 0:41:43:585
[mod] [SMRTK] SMRTK_ACTION action=selected_quick_build body=ConstructionSite.Complete(quick_build) building_class=MOXIE completed=true group_members=0 leader=ConstructionSite(8012) leader_valid_after=false object=ConstructionSite(8012) selected_valid_after=false status=OK t=33048955 id=242
[SMRTK] SMRTK_ACTION action=selected_quick_build body=ConstructionSite.Complete(quick_build) building_class=MOXIE completed=true group_members=0 leader=ConstructionSite(8012) leader_valid_after=false object=ConstructionSite(8012) selected_valid_after=false status=OK t=33048955 id=242
						Lua 0:41:43:596

!!! Quick Build !!!
						Lua 0:41:43:603
[mod] [SMRTK] SMRTK_SECTION action=section_attach attached=true dialog=ipBuilding object=MOXIE(8013) status=OK t=33048956 id=243
						Lua 0:41:49:134
[mod] [SMRTK] SMRTK_SECTION action=section_attach attached=false reason="no supported actions" status=OK t=33054505 id=244
						Lua 0:41:55:336
[mod] [SMRTK] SMRTK_SECTION action=section_attach attached=false reason="no supported actions" status=OK t=33060706 id=245
						Lua 0:41:57:539
[mod] [SMRTK] SMRTK_SECTION action=section_attach attached=false reason="no supported actions" status=OK t=33062908 id=246
						Lua 0:42:08:137
[mod] [SMRTK] SMRTK_SECTION action=section_attach attached=true dialog=ipBuilding object=DomeHexa(7777) status=OK t=33073500 id=247
						Lua 0:42:24:631
[TrainHubDev] lights: arm 0, flanks the reactor (red flank) = B2 "Deep blue wash" (SpotLight), 12 lights, engine bearing 0 deg
						Lua 0:42:24:632
[TrainHubDev] lights: arm 1, flanks the reactor (blue flank) = B2 "Deep blue wash" (SpotLight), 12 lights, engine bearing 60 deg
[TrainHubDev] lights: arm 2, next to the blue flank = B2 "Deep blue wash" (SpotLight), 12 lights, engine bearing 120 deg
[TrainHubDev] lights: arm 3, opposite the red flank = B2 "Deep blue wash" (SpotLight), 12 lights, engine bearing 180 deg
						Lua 0:42:24:633
[TrainHubDev] lights: arm 4, opposite the blue flank = B2 "Deep blue wash" (SpotLight), 12 lights, engine bearing 240 deg
[TrainHubDev] lights: arm 5, next to the red flank = B2 "Deep blue wash" (SpotLight), 12 lights, engine bearing 300 deg
[TrainHubDev] lights: arm tune intensity 50, side 150 cm, height 200 cm, radius 500 cm, cone 50/100, colour 0,40,255
						Lua 0:42:24:634
[TrainHubDev] structure lights: portal rims ON, 30 lights (intensity 4, radius 350 cm)
[TrainHubDev] structure lights: drone pit kerb OFF, 0 lights (intensity 15, radius 300 cm)
[TrainHubDev] structure lights: ring rim strip OFF, 0 lights (intensity 12, radius 400 cm)
[TrainHubDev] structure lights: floor edge strip OFF, 0 lights (intensity 30, radius 300 cm)
[TrainHubDev] structure lights: crown floor light ON, 0 lights (intensity 150, radius 4000 cm)
[TrainHubDev] structure lights: crown floor light follows the VANILLA night schedule (OnMsg.LightmodelChange -> map.NightLightsState, NightLightObjects.lua:250-259, :22 on build 1.1.0.403908); it is DAY now, so it is NOT PLACED -- hanging at z 1900 cm, colour 255,214,170, cone 0/0
[TrainHubDev] structure lights: under-deck fill ON, 0 lights (intensity 40, radius 1200 cm)
[TrainHubDev] structure lights: under-deck fill follows the VANILLA night schedule (OnMsg.LightmodelChange -> map.NightLightsState, NightLightObjects.lua:250-259, :22 on build 1.1.0.403908); it is DAY now, so it is NOT PLACED -- hanging at z 700 cm, colour 255,214,170, cone 0/0
[TrainHubDev] lights: 102 placed (72 arm + 30 structure); a stopped hub destroys them all
						Lua 0:42:26:950
[mod] [SMRTK] SMRTK_SECTION action=section_attach attached=true dialog=ipBuilding object=DomeMedium(8042) status=OK t=33092314 id=248
						Lua 0:42:32:895
[mod] [SMRTK] SMRTK_SECTION action=section_attach attached=false reason="no supported actions" status=OK t=33098263 id=249
						Lua 0:42:39:607
[mod] [SMRTK] SMRTK_SECTION action=section_attach attached=false reason="no supported actions" status=OK t=33104974 id=250
						Lua 0:42:41:633
[mod] [SMRTK] SMRTK_SECTION action=section_attach attached=false reason="no supported actions" status=OK t=33107001 id=251
						Lua 0:42:46:505
[mod] [SMRTK] SMRTK_SECTION action=section_attach attached=false reason="no supported actions" status=OK t=33111872 id=252
						Lua 0:42:49:469
[mod] [SMRTK] SMRTK_SECTION action=section_attach attached=false reason="no supported actions" status=OK t=33114838 id=253						Lua 0:42:49:470

						Lua 0:42:52:209
[mod] [SMRTK] SMRTK_SECTION action=section_attach attached=false reason="no supported actions" status=OK t=33117575 id=254
						Lua 0:42:54:324
[mod] [SMRTK] SMRTK_SECTION action=section_attach attached=false reason="no supported actions" status=OK t=33119691 id=255
						Lua 0:42:58:265
[mod] [SMRTK] SMRTK_SECTION action=section_attach attached=false reason="no supported actions" status=OK t=33123634 id=256						Lua 0:42:58:266

						Lua 0:43:02:154
[mod] [SMRTK] SMRTK_SECTION action=section_attach attached=false reason="no supported actions" status=OK t=33127522 id=257
						Lua 0:43:04:665
[mod] [SMRTK] SMRTK_SECTION action=section_attach attached=true dialog=ipBuilding object=DomeMedium(8042) status=OK t=33129981 id=258
						Lua 0:43:05:993
[mod] [SMRTK] SMRTK_SECTION action=section_attach attached=false reason="no supported actions" status=OK t=33131362 id=259
						Lua 0:43:07:404
[mod] [SMRTK] SMRTK_SECTION action=section_attach attached=false reason="no supported actions" status=OK t=33132773 id=260
						Lua 0:43:12:818
[mod] [SMRTK] SMRTK_SECTION action=section_attach attached=true dialog=ipBuilding object=StorageConcrete(7586) status=OK t=33138184 id=261
						Lua 0:43:14:202
[mod] [SMRTK] SMRTK_ACTION action=selected_fill after=180000 before=0 method=CheatFill object=StorageConcrete(7586) resource=Concrete resources=1 status=OK valid_after=true t=33139574 id=262
[SMRTK] SMRTK_ACTION action=selected_fill after=180000 before=0 method=CheatFill object=StorageConcrete(7586) resource=Concrete resources=1 status=OK valid_after=true t=33139574 id=262
						Lua 0:43:21:596
[mod] [SMRTK] SMRTK_SECTION action=section_attach attached=true dialog=ipBuilding object=MechanizedDepotConcrete(7867) status=OK t=33146962 id=263
						Lua 0:43:34:503
[mod] [SMRTK] SMRTK_SECTION action=section_attach attached=true dialog=ipBuilding object=StorageConcrete(7586) status=OK t=33159869 id=264
						Lua 0:43:35:708
[mod] [SMRTK] SMRTK_ACTION action=selected_empty after=0 before=8000 method=CheatEmpty object=StorageConcrete(7586) resource=Concrete resources=1 status=OK valid_after=true t=33161079 id=265
[SMRTK] SMRTK_ACTION action=selected_empty after=0 before=8000 method=CheatEmpty object=StorageConcrete(7586) resource=Concrete resources=1 status=OK valid_after=true t=33161079 id=265
						Lua 0:43:41:833
[mod] [SMRTK] SMRTK_SECTION action=section_attach attached=true dialog=ipBuilding object=StoragePolymers(7589) status=OK t=33167198 id=266
						Lua 0:43:43:180
[mod] [SMRTK] SMRTK_ACTION action=selected_fill after=180000 before=137000 method=CheatFill object=StoragePolymers(7589) resource=Polymers resources=1 status=OK valid_after=true t=33168553 id=267
[SMRTK] SMRTK_ACTION action=selected_fill after=180000 before=137000 method=CheatFill object=StoragePolymers(7589) resource=Polymers resources=1 status=OK valid_after=true t=33168553 id=267
						Lua 0:43:51:064
[mod] [SMRTK] SMRTK_SECTION action=section_attach attached=false reason="no supported actions" status=OK t=33176433 id=268
						Lua 0:44:00:424
[mod] [SMRTK] SMRTK_SECTION action=section_attach attached=true dialog=ipBuilding object=ConstructionSite(8061) status=OK t=33185791 id=269
						Lua 0:44:01:464
[mod] [SMRTK] SMRTK_ACTION action=selected_quick_build body=ConstructionSite.Complete(quick_build) building_class=StirlingGenerator completed=true group_members=0 leader=ConstructionSite(8061) leader_valid_after=false object=ConstructionSite(8061) selected_valid_after=false status=OK t=33186835 id=270
[SMRTK] SMRTK_ACTION action=selected_quick_build body=ConstructionSite.Complete(quick_build) building_class=StirlingGenerator completed=true group_members=0 leader=ConstructionSite(8061) leader_valid_after=false object=ConstructionSite(8061) selected_valid_after=false status=OK t=33186835 id=270
						Lua 0:44:01:469

!!! Quick Build !!!
						Lua 0:44:01:475
[mod] [SMRTK] SMRTK_SECTION action=section_attach attached=true dialog=ipBuilding object=StirlingGenerator(8064) status=OK t=33186835 id=271
						Lua 0:44:02:245
[mod] [SMRTK] SMRTK_SECTION action=section_attach attached=true dialog=ipBuilding object=ConstructionSite(8063) status=OK t=33187612 id=272
						Lua 0:44:03:115
[mod] [SMRTK] SMRTK_ACTION action=selected_quick_build body=ConstructionSite.Complete(quick_build) building_class=StirlingGenerator completed=true group_members=0 leader=ConstructionSite(8063) leader_valid_after=false object=ConstructionSite(8063) selected_valid_after=false status=OK t=33188485 id=273
[SMRTK] SMRTK_ACTION action=selected_quick_build body=ConstructionSite.Complete(quick_build) building_class=StirlingGenerator completed=true group_members=0 leader=ConstructionSite(8063) leader_valid_after=false object=ConstructionSite(8063) selected_valid_after=false status=OK t=33188485 id=273
						Lua 0:44:03:124

!!! Quick Build !!!
						Lua 0:44:03:129
[mod] [SMRTK] SMRTK_SECTION action=section_attach attached=true dialog=ipBuilding object=StirlingGenerator(8065) status=OK t=33188486 id=274
						Lua 0:44:03:869
[mod] [SMRTK] SMRTK_SECTION action=section_attach attached=true dialog=ipBuilding object=ConstructionSite(8060) status=OK t=33189236 id=275
						Lua 0:44:04:823
[mod] [SMRTK] SMRTK_ACTION action=selected_quick_build body=ConstructionSite.Complete(quick_build) building_class=StirlingGenerator completed=true group_members=0 leader=ConstructionSite(8060) leader_valid_after=false object=ConstructionSite(8060) selected_valid_after=false status=OK t=33190194 id=276
[SMRTK] SMRTK_ACTION action=selected_quick_build body=ConstructionSite.Complete(quick_build) building_class=StirlingGenerator completed=true group_members=0 leader=ConstructionSite(8060) leader_valid_after=false object=ConstructionSite(8060) selected_valid_after=false status=OK t=33190194 id=276
						Lua 0:44:04:826

!!! Quick Build !!!
						Lua 0:44:04:832
[mod] [SMRTK] SMRTK_SECTION action=section_attach attached=true dialog=ipBuilding object=StirlingGenerator(8066) status=OK t=33190194 id=277
						Lua 0:44:05:680
[mod] [SMRTK] SMRTK_SECTION action=section_attach attached=true dialog=ipBuilding object=ConstructionSite(8059) status=OK t=33191047 id=278
						Lua 0:44:06:872
[mod] [SMRTK] SMRTK_ACTION action=selected_quick_build body=ConstructionSite.Complete(quick_build) building_class=StirlingGenerator completed=true group_members=0 leader=ConstructionSite(8059) leader_valid_after=false object=ConstructionSite(8059) selected_valid_after=false status=OK t=33192243 id=279
[SMRTK] SMRTK_ACTION action=selected_quick_build body=ConstructionSite.Complete(quick_build) building_class=StirlingGenerator completed=true group_members=0 leader=ConstructionSite(8059) leader_valid_after=false object=ConstructionSite(8059) selected_valid_after=false status=OK t=33192243 id=279
						Lua 0:44:06:878

!!! Quick Build !!!
						Lua 0:44:06:884
[mod] [SMRTK] SMRTK_SECTION action=section_attach attached=true dialog=ipBuilding object=StirlingGenerator(8067) status=OK t=33192244 id=280
						Lua 0:44:07:624
[mod] [SMRTK] SMRTK_SECTION action=section_attach attached=true dialog=ipBuilding object=ConstructionSite(8058) status=OK t=33192989 id=281
						Lua 0:44:08:685
[mod] [SMRTK] SMRTK_ACTION action=selected_quick_build body=ConstructionSite.Complete(quick_build) building_class=StirlingGenerator completed=true group_members=0 leader=ConstructionSite(8058) leader_valid_after=false object=ConstructionSite(8058) selected_valid_after=false status=OK t=33194056 id=282
[SMRTK] SMRTK_ACTION action=selected_quick_build body=ConstructionSite.Complete(quick_build) building_class=StirlingGenerator completed=true group_members=0 leader=ConstructionSite(8058) leader_valid_after=false object=ConstructionSite(8058) selected_valid_after=false status=OK t=33194056 id=282
						Lua 0:44:08:688

!!! Quick Build !!!
						Lua 0:44:08:695
[mod] [SMRTK] SMRTK_SECTION action=section_attach attached=true dialog=ipBuilding object=StirlingGenerator(8068) status=OK t=33194057 id=283
						Lua 0:44:09:692
[mod] [SMRTK] SMRTK_SECTION action=section_attach attached=true dialog=ipBuilding object=DomeMedium(8042) status=OK t=33195055 id=284
						Lua 0:44:10:055
[mod] [SMRTK] SMRTK_SECTION action=section_attach attached=true dialog=ipBuilding object=ConstructionSite(8048) status=OK t=33195421 id=285
						Lua 0:44:29:178
[mod] [SMRTK] SMRTK_SECTION action=section_attach attached=true dialog=ipBuilding object=StorageConcrete(7586) status=OK t=33214544 id=286
						Lua 0:44:30:593
[mod] [SMRTK] SMRTK_ACTION action=selected_fill after=188000 before=0 method=CheatFill object=StorageConcrete(7586) resource=Concrete resources=1 status=OK valid_after=true t=33215963 id=287
[SMRTK] SMRTK_ACTION action=selected_fill after=188000 before=0 method=CheatFill object=StorageConcrete(7586) resource=Concrete resources=1 status=OK valid_after=true t=33215963 id=287
						Lua 0:44:47:156
[mod] [SMRTK] SMRTK_SECTION action=section_attach attached=true dialog=ipBuilding object=MechanizedDepotConcrete(7867) status=OK t=33232522 id=288
						Lua 0:44:53:578
[mod] [SMRTK] SMRTK_SECTION action=section_attach attached=true dialog=ipBuilding object=StorageMetals(7585) status=OK t=33238942 id=289
						Lua 0:44:54:560
[mod] [SMRTK] SMRTK_ACTION action=selected_fill after=180000 before=88000 method=CheatFill object=StorageMetals(7585) resource=Metals resources=1 status=OK valid_after=true t=33239933 id=290
[SMRTK] SMRTK_ACTION action=selected_fill after=180000 before=88000 method=CheatFill object=StorageMetals(7585) resource=Metals resources=1 status=OK valid_after=true t=33239933 id=290
						Lua 0:44:56:094
[mod] [SMRTK] SMRTK_SECTION action=section_attach attached=true dialog=ipBuilding object=StorageConcrete(7586) status=OK t=33241460 id=291
						Lua 0:44:57:017
[mod] [SMRTK] SMRTK_ACTION action=selected_fill after=188000 before=78000 method=CheatFill object=StorageConcrete(7586) resource=Concrete resources=1 status=OK valid_after=true t=33242389 id=292
[SMRTK] SMRTK_ACTION action=selected_fill after=188000 before=78000 method=CheatFill object=StorageConcrete(7586) resource=Concrete resources=1 status=OK valid_after=true t=33242389 id=292
						Lua 0:45:14:325
[mod] [SMRTK] SMRTK_SECTION action=section_attach attached=false reason="no supported actions" status=OK t=33259697 id=293
						Lua 0:45:23:881
[mod] [SMRTK] SMRTK_SECTION action=section_attach attached=true dialog=ipBuilding object=StirlingGenerator(7770) status=OK t=33269248 id=294
						Lua 0:46:42:775
[TrainHubDev] lights: arm 0, flanks the reactor (red flank) = B2 "Deep blue wash" (SpotLight), 12 lights, engine bearing 0 deg
[TrainHubDev] lights: arm 1, flanks the reactor (blue flank) = B2 "Deep blue wash" (SpotLight), 12 lights, engine bearing 60 deg
						Lua 0:46:42:776
[TrainHubDev] lights: arm 2, next to the blue flank = B2 "Deep blue wash" (SpotLight), 12 lights, engine bearing 120 deg
[TrainHubDev] lights: arm 3, opposite the red flank = B2 "Deep blue wash" (SpotLight), 12 lights, engine bearing 180 deg
						Lua 0:46:42:777
[TrainHubDev] lights: arm 4, opposite the blue flank = B2 "Deep blue wash" (SpotLight), 12 lights, engine bearing 240 deg
[TrainHubDev] lights: arm 5, next to the red flank = B2 "Deep blue wash" (SpotLight), 12 lights, engine bearing 300 deg
[TrainHubDev] lights: arm tune intensity 50, side 150 cm, height 200 cm, radius 500 cm, cone 50/100, colour 0,40,255
						Lua 0:46:42:778
[TrainHubDev] structure lights: portal rims ON, 30 lights (intensity 4, radius 350 cm)
[TrainHubDev] structure lights: drone pit kerb OFF, 0 lights (intensity 15, radius 300 cm)
[TrainHubDev] structure lights: ring rim strip OFF, 0 lights (intensity 12, radius 400 cm)
[TrainHubDev] structure lights: floor edge strip OFF, 0 lights (intensity 30, radius 300 cm)
[TrainHubDev] structure lights: crown floor light ON, 1 lights (intensity 150, radius 4000 cm)
[TrainHubDev] structure lights: crown floor light follows the VANILLA night schedule (OnMsg.LightmodelChange -> map.NightLightsState, NightLightObjects.lua:250-259, :22 on build 1.1.0.403908); it is NIGHT now, so it is LIT -- hanging at z 1900 cm, colour 255,214,170, cone 0/0
[TrainHubDev] structure lights: under-deck fill ON, 18 lights (intensity 40, radius 1200 cm)
[TrainHubDev] structure lights: under-deck fill follows the VANILLA night schedule (OnMsg.LightmodelChange -> map.NightLightsState, NightLightObjects.lua:250-259, :22 on build 1.1.0.403908); it is NIGHT now, so it is LIT -- hanging at z 700 cm, colour 255,214,170, cone 0/0
[TrainHubDev] lights: 121 placed (72 arm + 49 structure); a stopped hub destroys them all
						Lua 0:46:47:644
MATCH electricity 291 126 14471 StationSmall
MATCH electricity 292 126 12431 StationSmall
MATCH electricity 293 126 12686 StationSmall
						Lua 0:46:47:696
SCAN electricity cells 1211 matched 1211 ghost 0 tunnel_noobj 0 size 615 710
						Lua 0:46:47:720
MATCH water 197 264 6 MoistureVaporator
MATCH water 187 265 14343 LargeWaterTank
MATCH water 188 265 15 LargeWaterTank
						Lua 0:46:47:760
SCAN water cells 547 matched 547 ghost 0 tunnel_noobj 0 size 615 710
DGRID DomeMicro 1072 table: 00000253EB417ED0 table: 00000253F76DAEE8
DGRID DomeDiamond 1074 table: 00000253EB417ED0 table: 00000253F76DAEE8
DGRID DomeMedium 8042 table: 00000253ED51A1C0 table: 00000253F5FC7230
DGRID DomeHexa 7777 table: 00000253ED51A1C0 table: 00000253F5FC7230
						Lua 0:47:39:775
[TrainHubDev] lights: arm 0, flanks the reactor (red flank) = B2 "Deep blue wash" (SpotLight), 12 lights, engine bearing 0 deg
[TrainHubDev] lights: arm 1, flanks the reactor (blue flank) = B2 "Deep blue wash" (SpotLight), 12 lights, engine bearing 60 deg
						Lua 0:47:39:776
[TrainHubDev] lights: arm 2, next to the blue flank = B2 "Deep blue wash" (SpotLight), 12 lights, engine bearing 120 deg
[TrainHubDev] lights: arm 3, opposite the red flank = B2 "Deep blue wash" (SpotLight), 12 lights, engine bearing 180 deg
[TrainHubDev] lights: arm 4, opposite the blue flank = B2 "Deep blue wash" (SpotLight), 12 lights, engine bearing 240 deg
						Lua 0:47:39:777
[TrainHubDev] lights: arm 5, next to the red flank = B2 "Deep blue wash" (SpotLight), 12 lights, engine bearing 300 deg
[TrainHubDev] lights: arm tune intensity 50, side 150 cm, height 200 cm, radius 500 cm, cone 50/100, colour 0,40,255
[TrainHubDev] structure lights: portal rims ON, 30 lights (intensity 4, radius 350 cm)
[TrainHubDev] structure lights: drone pit kerb OFF, 0 lights (intensity 15, radius 300 cm)
[TrainHubDev] structure lights: ring rim strip OFF, 0 lights (intensity 12, radius 400 cm)
[TrainHubDev] structure lights: floor edge strip OFF, 0 lights (intensity 30, radius 300 cm)
[TrainHubDev] structure lights: crown floor light ON, 0 lights (intensity 150, radius 4000 cm)
[TrainHubDev] structure lights: crown floor light follows the VANILLA night schedule (OnMsg.LightmodelChange -> map.NightLightsState, NightLightObjects.lua:250-259, :22 on build 1.1.0.403908); it is DAY now, so it is NOT PLACED -- hanging at z 1900 cm, colour 255,214,170, cone 0/0
[TrainHubDev] structure lights: under-deck fill ON, 0 lights (intensity 40, radius 1200 cm)
[TrainHubDev] structure lights: under-deck fill follows the VANILLA night schedule (OnMsg.LightmodelChange -> map.NightLightsState, NightLightObjects.lua:250-259, :22 on build 1.1.0.403908); it is DAY now, so it is NOT PLACED -- hanging at z 700 cm, colour 255,214,170, cone 0/0
[TrainHubDev] lights: 102 placed (72 arm + 30 structure); a stopped hub destroys them all
						Lua 0:47:43:072
[mod] [SMRTK] SMRTK_SECTION action=section_attach attached=true dialog=ipBuilding object=DomeHexa(7777) status=OK t=33826459 id=295
						Lua 0:47:46:283
PRE DomeHexa 7777 refabable false passages 2
						Lua 0:48:00:881
[mod] [SMRTK] SMRTK_SECTION action=section_attach attached=true dialog=ipBuilding object=DomeHexa(7777) status=OK t=33915499 id=296
						Lua 0:48:20:681
[mod] [SMRTK] SMRTK_SECTION action=section_attach attached=true dialog=ipBuilding object=DomeHexa(7777) status=OK t=34014504 id=297
						Lua 0:48:21:111
[mod] [SMRTK] SMRTK_SECTION action=section_attach attached=true dialog=ipBuilding object=FastFoodRestaurant(7947) status=OK t=34016649 id=298
						Lua 0:48:23:384
[mod] [SMRTK] SMRTK_SECTION action=section_attach attached=true dialog=ipBuilding object=SmartApartmentsCCP1(7882) status=OK t=34028024 id=299
						Lua 0:48:25:384
[mod] [SMRTK] SMRTK_SECTION action=section_attach attached=true dialog=ipBuilding object=ArtWorkshop(7924) status=OK t=34038029 id=300
						Lua 0:48:27:384
[mod] [SMRTK] SMRTK_SECTION action=section_attach attached=true dialog=ipBuilding object=CasinoComplex(7931) status=OK t=34048024 id=301
						Lua 0:48:29:058
[mod] [SMRTK] SMRTK_SECTION action=section_attach attached=true dialog=ipBuilding object=ResearchLab(7895) status=OK t=34056389 id=302
						Lua 0:48:35:128
[mod] [SMRTK] SMRTK_SECTION action=section_attach attached=true dialog=ipBuilding object=ResearchLab(7895) status=OK t=34086664 id=303
						Lua 0:48:45:605
[mod] [SMRTK] SMRTK_SECTION action=section_attach attached=true dialog=ipBuilding object=DomeHexa(7777) status=OK t=34139129 id=304
						Lua 0:48:45:933
[mod] [SMRTK] SMRTK_SECTION action=section_attach attached=true dialog=ipBuilding object=SmartApartmentsCCP1(7883) status=OK t=34140759 id=305
						Lua 0:48:47:743
[mod] [SMRTK] SMRTK_SECTION action=section_attach attached=true dialog=ipBuilding object=HospitalCCP1(7925) status=OK t=34149819 id=306
						Lua 0:48:48:279
[mod] [SMRTK] SMRTK_SECTION action=section_attach attached=true dialog=ipBuilding object=DomeHexa(7777) status=OK t=34152479 id=307
						Lua 0:48:49:627
[mod] [SMRTK] SMRTK_SECTION action=section_attach attached=true dialog=ipBuilding object=HospitalCCP1(7925) status=OK t=34159229 id=308
						Lua 0:48:51:945
[mod] [SMRTK] SMRTK_SECTION action=section_attach attached=true dialog=ipBuilding object=Spacebar(7896) status=OK t=34170819 id=309
						Lua 0:48:53:626
[mod] [SMRTK] SMRTK_SECTION action=section_attach attached=true dialog=ipBuilding object=GourmetRestaurant(7923) status=OK t=34179219 id=310
						Lua 0:49:00:473
[mod] [SMRTK] SMRTK_SECTION action=section_attach attached=true dialog=ipBuilding object=StorageMetals(7585) status=OK t=34213484 id=311						Lua 0:49:00:474

						Lua 0:49:06:775
[TrainHubDev] lights: arm 0, flanks the reactor (red flank) = B2 "Deep blue wash" (SpotLight), 12 lights, engine bearing 0 deg
						Lua 0:49:06:776
[TrainHubDev] lights: arm 1, flanks the reactor (blue flank) = B2 "Deep blue wash" (SpotLight), 12 lights, engine bearing 60 deg
[TrainHubDev] lights: arm 2, next to the blue flank = B2 "Deep blue wash" (SpotLight), 12 lights, engine bearing 120 deg
[TrainHubDev] lights: arm 3, opposite the red flank = B2 "Deep blue wash" (SpotLight), 12 lights, engine bearing 180 deg
						Lua 0:49:06:777
[TrainHubDev] lights: arm 4, opposite the blue flank = B2 "Deep blue wash" (SpotLight), 12 lights, engine bearing 240 deg
[TrainHubDev] lights: arm 5, next to the red flank = B2 "Deep blue wash" (SpotLight), 12 lights, engine bearing 300 deg
[TrainHubDev] lights: arm tune intensity 50, side 150 cm, height 200 cm, radius 500 cm, cone 50/100, colour 0,40,255
						Lua 0:49:06:778
[TrainHubDev] structure lights: portal rims ON, 30 lights (intensity 4, radius 350 cm)
[TrainHubDev] structure lights: drone pit kerb OFF, 0 lights (intensity 15, radius 300 cm)
[TrainHubDev] structure lights: ring rim strip OFF, 0 lights (intensity 12, radius 400 cm)
[TrainHubDev] structure lights: floor edge strip OFF, 0 lights (intensity 30, radius 300 cm)
[TrainHubDev] structure lights: crown floor light ON, 1 lights (intensity 150, radius 4000 cm)
[TrainHubDev] structure lights: crown floor light follows the VANILLA night schedule (OnMsg.LightmodelChange -> map.NightLightsState, NightLightObjects.lua:250-259, :22 on build 1.1.0.403908); it is NIGHT now, so it is LIT -- hanging at z 1900 cm, colour 255,214,170, cone 0/0
[TrainHubDev] structure lights: under-deck fill ON, 18 lights (intensity 40, radius 1200 cm)
[TrainHubDev] structure lights: under-deck fill follows the VANILLA night schedule (OnMsg.LightmodelChange -> map.NightLightsState, NightLightObjects.lua:250-259, :22 on build 1.1.0.403908); it is NIGHT now, so it is LIT -- hanging at z 700 cm, colour 255,214,170, cone 0/0
[TrainHubDev] lights: 121 placed (72 arm + 49 structure); a stopped hub destroys them all
						Lua 0:49:09:736
[mod] [SMRTK] SMRTK_PANEL action=panel_toggle open=true status=OK tab=World t=34259834 id=312
						Lua 0:49:10:949
[mod] [SMRTK] SMRTK_CLEAR action=clear status=OK t=34265889 id=313
						Lua 0:49:12:449
[mod] [SMRTK] SMRTK_PANEL action=panel_toggle open=false status=OK tab=World t=34273399 id=314
						Lua 0:49:14:765
[mod] [SMRTK] SMRTK_SECTION action=section_attach attached=true dialog=ipBuilding object=StoragePolymers(7589) status=OK t=34284939 id=315
						Lua 0:49:15:996
[mod] [SMRTK] SMRTK_ACTION action=selected_empty after=0 before=180000 method=CheatEmpty object=StoragePolymers(7589) resource=Polymers resources=1 status=OK valid_after=true t=34291129 id=316
[SMRTK] SMRTK_ACTION action=selected_empty after=0 before=180000 method=CheatEmpty object=StoragePolymers(7589) resource=Polymers resources=1 status=OK valid_after=true t=34291129 id=316
						Lua 0:49:19:702
[mod] [SMRTK] SMRTK_ACTION action=selected_fill after=180000 before=4500 method=CheatFill object=StoragePolymers(7589) resource=Polymers resources=1 status=OK valid_after=true t=34309654 id=317
[SMRTK] SMRTK_ACTION action=selected_fill after=180000 before=4500 method=CheatFill object=StoragePolymers(7589) resource=Polymers resources=1 status=OK valid_after=true t=34309654 id=317
						Lua 0:49:20:385
[mod] [SMRTK] SMRTK_SECTION action=section_attach attached=true dialog=ipBuilding object=DomeHexa(7777) status=OK t=34313014 id=318
						Lua 0:49:20:612
[mod] [SMRTK] SMRTK_SECTION action=section_attach attached=true dialog=ipResourcePile object=ResourceStockpile(2000002544) status=OK t=34314179 id=319
						Lua 0:49:22:061
[mod] [SMRTK] SMRTK_SECTION action=section_attach attached=true dialog=ipBuilding object=StorageMetals(7585) status=OK t=34321419 id=320
						Lua 0:49:23:204
[mod] [SMRTK] SMRTK_ACTION action=selected_empty after=0 before=180000 method=CheatEmpty object=StorageMetals(7585) resource=Metals resources=1 status=OK valid_after=true t=34327169 id=321
[SMRTK] SMRTK_ACTION action=selected_empty after=0 before=180000 method=CheatEmpty object=StorageMetals(7585) resource=Metals resources=1 status=OK valid_after=true t=34327169 id=321
						Lua 0:49:26:138
[mod] [SMRTK] SMRTK_ACTION action=selected_fill after=180000 before=15000 method=CheatFill object=StorageMetals(7585) resource=Metals resources=1 status=OK valid_after=true t=34341834 id=322
[SMRTK] SMRTK_ACTION action=selected_fill after=180000 before=15000 method=CheatFill object=StorageMetals(7585) resource=Metals resources=1 status=OK valid_after=true t=34341834 id=322
						Lua 0:49:26:986
[mod] [SMRTK] SMRTK_SECTION action=section_attach attached=true dialog=ipBuilding object=DomeHexa(7777) status=OK t=34346024 id=323
						Lua 0:49:45:772
Story bits: Triggered story bit - TheExperiment						Lua 0:49:51:643
[mod] [SMRTK] SMRTK_SECTION action=section_attach attached=true dialog=ipBuilding object=DomeHexa(7777) status=OK t=34469314 id=324
						Lua 0:49:53:339
PRE DomeHexa 7777 refabable false passages 2
						Lua 0:50:03:775
[TrainHubDev] lights: arm 0, flanks the reactor (red flank) = B2 "Deep blue wash" (SpotLight), 12 lights, engine bearing 0 deg
						Lua 0:50:03:776
[TrainHubDev] lights: arm 1, flanks the reactor (blue flank) = B2 "Deep blue wash" (SpotLight), 12 lights, engine bearing 60 deg
[TrainHubDev] lights: arm 2, next to the blue flank = B2 "Deep blue wash" (SpotLight), 12 lights, engine bearing 120 deg
[TrainHubDev] lights: arm 3, opposite the red flank = B2 "Deep blue wash" (SpotLight), 12 lights, engine bearing 180 deg
						Lua 0:50:03:777
[TrainHubDev] lights: arm 4, opposite the blue flank = B2 "Deep blue wash" (SpotLight), 12 lights, engine bearing 240 deg
[TrainHubDev] lights: arm 5, next to the red flank = B2 "Deep blue wash" (SpotLight), 12 lights, engine bearing 300 deg
[TrainHubDev] lights: arm tune intensity 50, side 150 cm, height 200 cm, radius 500 cm, cone 50/100, colour 0,40,255
						Lua 0:50:03:778
[TrainHubDev] structure lights: portal rims ON, 30 lights (intensity 4, radius 350 cm)
[TrainHubDev] structure lights: drone pit kerb OFF, 0 lights (intensity 15, radius 300 cm)
[TrainHubDev] structure lights: ring rim strip OFF, 0 lights (intensity 12, radius 400 cm)
[TrainHubDev] structure lights: floor edge strip OFF, 0 lights (intensity 30, radius 300 cm)
[TrainHubDev] structure lights: crown floor light ON, 0 lights (intensity 150, radius 4000 cm)
[TrainHubDev] structure lights: crown floor light follows the VANILLA night schedule (OnMsg.LightmodelChange -> map.NightLightsState, NightLightObjects.lua:250-259, :22 on build 1.1.0.403908); it is DAY now, so it is NOT PLACED -- hanging at z 1900 cm, colour 255,214,170, cone 0/0
[TrainHubDev] structure lights: under-deck fill ON, 0 lights (intensity 40, radius 1200 cm)
[TrainHubDev] structure lights: under-deck fill follows the VANILLA night schedule (OnMsg.LightmodelChange -> map.NightLightsState, NightLightObjects.lua:250-259, :22 on build 1.1.0.403908); it is DAY now, so it is NOT PLACED -- hanging at z 700 cm, colour 255,214,170, cone 0/0
[TrainHubDev] lights: 102 placed (72 arm + 30 structure); a stopped hub destroys them all
						Lua 0:50:10:935
[mod] [SMRTK] SMRTK_PANEL action=panel_toggle open=true status=OK tab=World t=34565824 id=325
						Lua 0:50:15:353
[mod] [SMRTK] SMRTK_COPY action=copy flushed=true from=0 lines=300 status=OK truncated=true t=34587909 id=326
[SMRTK] SMRTK_COPY action=copy flushed=true from=0 lines=300 status=OK truncated=true t=34587909 id=326
						Lua 0:51:04:204
Story bits: Reply selected - Enough crazy for today. Please, leave my office						Lua 0:51:22:836
[mod] [SMRTK] SMRTK_SECTION action=section_attach attached=true dialog=ipBuilding object=DomeHexa(7777) status=OK t=34760394 id=327
						Lua 0:51:43:664
WHY 1 PassageGridElement(8098) destroyed false demolishing false malf false
						Lua 0:51:51:081
[mod] [SMRTK] SMRTK_COPY action=copy flushed=true from=0 lines=300 status=OK truncated=true t=34901664 id=328
[SMRTK] SMRTK_COPY action=copy flushed=true from=0 lines=300 status=OK truncated=true t=34901664 id=328
						Lua 0:52:03:755
[TrainHubDev] lights: arm 0, flanks the reactor (red flank) = B2 "Deep blue wash" (SpotLight), 12 lights, engine bearing 0 deg
[TrainHubDev] lights: arm 1, flanks the reactor (blue flank) = B2 "Deep blue wash" (SpotLight), 12 lights, engine bearing 60 deg
						Lua 0:52:03:756
[TrainHubDev] lights: arm 2, next to the blue flank = B2 "Deep blue wash" (SpotLight), 12 lights, engine bearing 120 deg
[TrainHubDev] lights: arm 3, opposite the red flank = B2 "Deep blue wash" (SpotLight), 12 lights, engine bearing 180 deg
						Lua 0:52:03:757
[TrainHubDev] lights: arm 4, opposite the blue flank = B2 "Deep blue wash" (SpotLight), 12 lights, engine bearing 240 deg
[TrainHubDev] lights: arm 5, next to the red flank = B2 "Deep blue wash" (SpotLight), 12 lights, engine bearing 300 deg
[TrainHubDev] lights: arm tune intensity 50, side 150 cm, height 200 cm, radius 500 cm, cone 50/100, colour 0,40,255
						Lua 0:52:03:758
[TrainHubDev] structure lights: portal rims ON, 30 lights (intensity 4, radius 350 cm)
[TrainHubDev] structure lights: drone pit kerb OFF, 0 lights (intensity 15, radius 300 cm)
[TrainHubDev] structure lights: ring rim strip OFF, 0 lights (intensity 12, radius 400 cm)
[TrainHubDev] structure lights: floor edge strip OFF, 0 lights (intensity 30, radius 300 cm)
[TrainHubDev] structure lights: crown floor light ON, 1 lights (intensity 150, radius 4000 cm)
[TrainHubDev] structure lights: crown floor light follows the VANILLA night schedule (OnMsg.LightmodelChange -> map.NightLightsState, NightLightObjects.lua:250-259, :22 on build 1.1.0.403908); it is NIGHT now, so it is LIT -- hanging at z 1900 cm, colour 255,214,170, cone 0/0
[TrainHubDev] structure lights: under-deck fill ON, 18 lights (intensity 40, radius 1200 cm)
[TrainHubDev] structure lights: under-deck fill follows the VANILLA night schedule (OnMsg.LightmodelChange -> map.NightLightsState, NightLightObjects.lua:250-259, :22 on build 1.1.0.403908); it is NIGHT now, so it is LIT -- hanging at z 700 cm, colour 255,214,170, cone 0/0
[TrainHubDev] lights: 121 placed (72 arm + 49 structure); a stopped hub destroys them all
						Lua 0:52:09:050
[mod] [SMRTK] SMRTK_CLEAR action=clear status=OK t=34991509 id=329
						Lua 0:52:10:611
[mod] [SMRTK] SMRTK_MARK action=mark label=MARK mark=644 status=OK t=34999319 id=330
[SMRTK] SMRTK_MARK action=mark label=MARK mark=644 status=OK t=34999319 id=330
[mod] [SMRTK] SMRTK_FINGERPRINT action=fingerprint fix_pack_present=41/41 game=405907 mark_action=mark mods=SMR_CommunityFixPack,SMR_CommunityFixPackTestKit,SMR_CommunityOptInPack,SMR_RailShaftDev_20260923,SMR_TrainHubDev_20260918 pack_version=21 read="live registry" save="track test(2).savegame.sav" sol=49 status=OK t=34999319 id=331
[SMRTK] SMRTK_FINGERPRINT action=fingerprint fix_pack_present=41/41 game=405907 mark_action=mark mods=SMR_CommunityFixPack,SMR_CommunityFixPackTestKit,SMR_CommunityOptInPack,SMR_RailShaftDev_20260923,SMR_TrainHubDev_20260918 pack_version=21 read="live registry" save="track test(2).savegame.sav" sol=49 status=OK t=34999319 id=331
						Lua 0:53:13:857
SHAPE DomeHexa 48
						Lua 0:53:24:563
[mod] [SMRTK] SMRTK_SECTION action=section_attach attached=true dialog=ipPassage object=Passage(8076) status=OK t=35009599 id=332
						Lua 0:54:07:341
MATCH electricity 291 126 14471 StationSmall
MATCH electricity 292 126 12431 StationSmall
MATCH electricity 293 126 12686 StationSmall
						Lua 0:54:07:393
SCAN electricity cells 1211 matched 1211 ghost 0 tunnel_noobj 0 size 615 710
						Lua 0:54:07:416
MATCH water 197 264 6 MoistureVaporator
MATCH water 187 265 14343 LargeWaterTank
MATCH water 188 265 15 LargeWaterTank
						Lua 0:54:07:458
SCAN water cells 547 matched 547 ghost 0 tunnel_noobj 0 size 615 710
DGRID DomeMicro 1072 table: 00000253EB417ED0 table: 00000253F76DAEE8
DGRID DomeDiamond 1074 table: 00000253EB417ED0 table: 00000253F76DAEE8
DGRID DomeMedium 8042 table: 00000253ED51A1C0 table: 00000253F5FC7230
DGRID DomeHexa 7777 table: 00000253ED51A1C0 table: 00000253F5FC7230
						Lua 0:54:28:009
[mod] [SMRTK] SMRTK_SECTION action=section_attach attached=true dialog=ipBuilding object=DomeHexa(7777) status=OK t=35070717 id=333
						Lua 0:54:29:858
MATCH electricity 291 126 14471 StationSmall
MATCH electricity 292 126 12431 StationSmall
MATCH electricity 293 126 12686 StationSmall
						Lua 0:54:29:911
SCAN electricity cells 1163 matched 1163 ghost 0 tunnel_noobj 0 size 615 710
						Lua 0:54:29:934
MATCH water 197 264 6 MoistureVaporator
MATCH water 187 265 14343 LargeWaterTank
MATCH water 188 265 15 LargeWaterTank
						Lua 0:54:29:973
SCAN water cells 499 matched 499 ghost 0 tunnel_noobj 0 size 615 710
						Lua 0:54:47:568
MATCH electricity 291 126 14471 StationSmall
MATCH electricity 292 126 12431 StationSmall
MATCH electricity 293 126 12686 StationSmall
						Lua 0:54:47:620
SCAN electricity cells 1163 matched 1163 ghost 0 tunnel_noobj 0 size 615 710
						Lua 0:54:47:643
MATCH water 197 264 6 MoistureVaporator
MATCH water 187 265 14343 LargeWaterTank
MATCH water 188 265 15 LargeWaterTank
						Lua 0:54:47:682
SCAN water cells 499 matched 499 ghost 0 tunnel_noobj 0 size 615 710
DGRID DomeMicro 1072 table: 00000253EB417ED0 table: 00000253F76DAEE8
DGRID DomeDiamond 1074 table: 00000253EB417ED0 table: 00000253F76DAEE8
DGRID DomeMedium 8042 table: 00000253ED51A1C0 table: 00000253F5FC7230
						Lua 0:54:51:547
[mod] [SMRTK] SMRTK_COPY action=copy flushed=true from=644 lines=40 status=OK truncated=false t=35094265 id=334
[SMRTK] SMRTK_COPY action=copy flushed=true from=644 lines=40 status=OK truncated=false t=35094265 id=334
						Lua 0:55:02:006
[mod] [SMRTK] SMRTK_SECTION action=section_attach attached=false reason="no supported actions" status=OK t=35104712 id=335
						Lua 0:55:07:205
[mod] [SMRTK] SMRTK_SECTION action=section_attach attached=true dialog=ipBuilding object=ConstructionSiteWithHeightSurfaces(8106) status=OK t=35109916 id=336
						Lua 0:55:35:325
[mod] [SMRTK] SMRTK_SECTION action=section_attach attached=true dialog=ipBuilding object=DomeHexa(8107) status=OK t=35161805 id=337
						Lua 0:55:48:211
[mod] [SMRTK] SMRTK_SECTION action=section_attach attached=true dialog=ipBuilding object=DomeHexa(8107) status=OK t=35174661 id=338
						Lua 0:55:56:256
[mod] [SMRTK] SMRTK_TAB action=tab_Saves page=Saves status=OK t=35179516 id=339
						Lua 0:55:58:066
[mod] [SMRTK] SMRTK_SAVE action=save_A name=SMRTK_A.sav session=1790433232:221505491:422028144:1223109773 slot=A status=OK t=35179516 id=340
[SMRTK] SMRTK_SAVE action=save_A name=SMRTK_A.sav session=1790433232:221505491:422028144:1223109773 slot=A status=OK t=35179516 id=340
						Lua 0:55:59:512
Load Game: 
	lua_revision: 405907 (last saved with) 
	orig_lua_revision: 403908 (created with) 
	assets_revision: 33225 

	dlcs: norman, thomas 

	mods: SMR_CommunityOptInPack, SMR_CommunityFixPackTestKit, SMR_CommunityFixPack, SMR_TrainHubDev_20260918, SMR_RailShaftDev_20260923 
[mod] [SMRTK] SMRTK_CONSOLE_ARM enabled=true hook=ChangeMap t=35179516 id=341
[SMRTK] SMRTK_CONSOLE_ARM enabled=true hook=ChangeMap t=35179516 id=341
						Lua 0:55:59:531
[mod] [SMRTK] SMRTK_CONSOLE_ARM enabled=true hook=ChangeMap t=35179516 id=342
[SMRTK] SMRTK_CONSOLE_ARM enabled=true hook=ChangeMap t=35179516 id=342
						Lua 0:56:00:452
[mod] [SMRTK] SMRTK_SHORTCUT console=false key=Ctrl-Shift-F11 t=0 id=343
						Lua 0:56:01:215
[mod] [SMRTK] SMRTK_CONSOLE_ARM enabled=true hook=PreLoadGame t=0 id=344
[SMRTK] SMRTK_CONSOLE_ARM enabled=true hook=PreLoadGame t=0 id=344
						Lua 0:56:03:266
[mod] [SMRTest] console enable requested (flag set, no overlay) — press Enter (or Alt-Shift-C) once in a colony
[SMRTest] console enable requested (flag set, no overlay) — press Enter (or Alt-Shift-C) once in a colony
[TrainHubDev] reactor palette: channel 1 = 18,32,78 roughness 0 metallic 0
[TrainHubDev] reactor palette: channel 2 = 18,32,78 roughness 0 metallic 0
[TrainHubDev] reactor palette: channel 3 = 200,205,210 roughness -90 metallic 110
[TrainHubDev] reactor palette: P4 "navy + steel on 3 and 4", 3 of 4 channels written on the attached copy only (vanilla's own per-object call; no material is restyled)
						Lua 0:56:03:267
[TrainHubDev] lights: arm 0, flanks the reactor (red flank) = B2 "Deep blue wash" (SpotLight), 12 lights, engine bearing 0 deg
[TrainHubDev] lights: arm 1, flanks the reactor (blue flank) = B2 "Deep blue wash" (SpotLight), 12 lights, engine bearing 60 deg
						Lua 0:56:03:268
[TrainHubDev] lights: arm 2, next to the blue flank = B2 "Deep blue wash" (SpotLight), 12 lights, engine bearing 120 deg
[TrainHubDev] lights: arm 3, opposite the red flank = B2 "Deep blue wash" (SpotLight), 12 lights, engine bearing 180 deg
[TrainHubDev] lights: arm 4, opposite the blue flank = B2 "Deep blue wash" (SpotLight), 12 lights, engine bearing 240 deg
						Lua 0:56:03:269
[TrainHubDev] lights: arm 5, next to the red flank = B2 "Deep blue wash" (SpotLight), 12 lights, engine bearing 300 deg
[TrainHubDev] lights: arm tune intensity 50, side 150 cm, height 200 cm, radius 500 cm, cone 50/100, colour 0,40,255
[TrainHubDev] structure lights: portal rims ON, 30 lights (intensity 4, radius 350 cm)
[TrainHubDev] structure lights: drone pit kerb OFF, 0 lights (intensity 15, radius 300 cm)
[TrainHubDev] structure lights: ring rim strip OFF, 0 lights (intensity 12, radius 400 cm)
[TrainHubDev] structure lights: floor edge strip OFF, 0 lights (intensity 30, radius 300 cm)
[TrainHubDev] structure lights: crown floor light ON, 1 lights (intensity 150, radius 4000 cm)
[TrainHubDev] structure lights: crown floor light follows the VANILLA night schedule (OnMsg.LightmodelChange -> map.NightLightsState, NightLightObjects.lua:250-259, :22 on build 1.1.0.403908); it is NIGHT now, so it is LIT -- hanging at z 1900 cm, colour 255,214,170, cone 0/0
[TrainHubDev] structure lights: under-deck fill ON, 18 lights (intensity 40, radius 1200 cm)
[TrainHubDev] structure lights: under-deck fill follows the VANILLA night schedule (OnMsg.LightmodelChange -> map.NightLightsState, NightLightObjects.lua:250-259, :22 on build 1.1.0.403908); it is NIGHT now, so it is LIT -- hanging at z 700 cm, colour 255,214,170, cone 0/0
[TrainHubDev] lights: 121 placed (72 arm + 49 structure); a stopped hub destroys them all
						Lua 0:56:03:273
[mod] [CommunityFixPack] SilentHitMomentFX: restored 3 missing hit-moment tracker(s) on load
						Lua 0:56:03:274
[RailShaftDev] loaded; underground is locked in this save, so the tunnel stays surface-only.
[RailShaftDev] ready. SMRRailShaft.Status() for where things stand.
						Lua 0:56:03:387
game_settings:
    sponsor: SpaceY
    profile: politician
    founding_faction: UnitedColonistFront
    rival_colonies: NASA, Brazil, paradox
    mystery_random: 
    game_rules: (none)
more_game_settings: save_game_id: IsDKXg6Ddmz3wE5g, mystery: UnitedEarthMystery, coordinates: 15N179E, landing_spot: , logo: SpaceY
map_conditions: altitude: -3699, temperature: -43, cold_wave: 109, dust_devils: 39, dust_storm: 0, meteors: 37
map_resources: concrete: 243, metals: 147, precious_metals: 147, water: 147
						Lua 0:56:03:439
[mod] [CommunityFixPack] SaveSanitizer: F95 astrogeologist-residue pass removed 0 modifier(s), left 0 unidentified
						Lua 0:56:03:440
Game Loaded in 3929 ms
[mod] [SMRTK] SMRTK_PROVENANCE actions=272 last=tab_Saves last_id=339 present=true session=1790433232:221505491:422028144:1223109773 t=35179516 id=345
[SMRTK] SMRTK_PROVENANCE actions=272 last=tab_Saves last_id=339 present=true session=1790433232:221505491:422028144:1223109773 t=35179516 id=345
						Lua 0:56:03:450
[mod] [SMRTK] SMRTK_SHORTCUT console=true key=Ctrl-Shift-F11 t=35179516 id=346
						Lua 0:56:03:465
[mod] [SMRTK] SMRTK_SECTION action=section_attach attached=true dialog=ipBuilding object=DomeHexa(8107) status=OK t=35179516 id=347
						Lua 0:56:03:468
[mod] [SMRTK] SMRTK_DOCK action=dock_attach attached=true route="idBottom sibling" status=OK surface=one-toggle+tasks t=35179516 id=348
						Lua 0:56:03:472
[mod] [SMRTest] console enable requested (flag set, no overlay) — press Enter (or Alt-Shift-C) once in a colony
[SMRTest] console enable requested (flag set, no overlay) — press Enter (or Alt-Shift-C) once in a colony
						Lua 0:56:03:591
[mod] [SMRTK] SMRTK_SHORTCUT console=true key=Ctrl-Shift-F11 t=35179516 id=349
						Lua 0:56:04:059
Game loaded on map BlankBig_01 in 4660 ms
[mod] [SMRTK] SMRTK_LOAD action=load_A name=SMRTK_A.sav override=false session=1790433232:221505491:422028144:1223109773 slot=A status=OK t=35179516 id=350
[SMRTK] SMRTK_LOAD action=load_A name=SMRTK_A.sav override=false session=1790433232:221505491:422028144:1223109773 slot=A status=OK t=35179516 id=350
						Lua 0:56:04:360
[mod] [SMRTK] SMRTK_PANEL_RESTORE open=true tab=Saves t=35179516 id=351
						Lua 0:56:05:217
[mod] [SMRTK] SMRTK_SECTION action=section_attach attached=true dialog=ipBuilding object=DomeHexa(8107) status=OK t=35179516 id=352
						Lua 0:56:05:363
[mod] [SMRTest] console enable requested (flag set, no overlay) — press Enter (or Alt-Shift-C) once in a colony
[SMRTest] console enable requested (flag set, no overlay) — press Enter (or Alt-Shift-C) once in a colony
						Lua 0:56:05:373
[mod] [SMRTK] SMRTK_SHORTCUT console=true key=Ctrl-Shift-F11 t=35179516 id=353
						Lua 0:56:14:606
MATCH electricity 291 126 14471 StationSmall
MATCH electricity 292 126 12431 StationSmall
MATCH electricity 293 126 12686 StationSmall
						Lua 0:56:14:658
SCAN electricity cells 1163 matched 1163 ghost 0 tunnel_noobj 0 size 615 710
						Lua 0:56:14:681
MATCH water 197 264 6 MoistureVaporator
MATCH water 187 265 14343 LargeWaterTank
MATCH water 188 265 15 LargeWaterTank
						Lua 0:56:14:723
SCAN water cells 499 matched 499 ghost 0 tunnel_noobj 0 size 615 710
DGRID DomeMicro 1072 table: 00000253F163E7C8 table: 00000253F1A552D0
DGRID DomeDiamond 1074 table: 00000253F163E7C8 table: 00000253F1A552D0
DGRID DomeMedium 8042 table: 00000253EFFABED8 table: 00000253E8869AC8
						Lua 0:56:56:520
[mod] [SMRTK] SMRTK_SECTION action=section_attach attached=false reason="no supported actions" status=OK t=35234039 id=354
						Lua 0:57:12:483
[TrainHubDev] lights: arm 0, flanks the reactor (red flank) = B2 "Deep blue wash" (SpotLight), 12 lights, engine bearing 0 deg
						Lua 0:57:12:484
[TrainHubDev] lights: arm 1, flanks the reactor (blue flank) = B2 "Deep blue wash" (SpotLight), 12 lights, engine bearing 60 deg
[TrainHubDev] lights: arm 2, next to the blue flank = B2 "Deep blue wash" (SpotLight), 12 lights, engine bearing 120 deg
[TrainHubDev] lights: arm 3, opposite the red flank = B2 "Deep blue wash" (SpotLight), 12 lights, engine bearing 180 deg
						Lua 0:57:12:485
[TrainHubDev] lights: arm 4, opposite the blue flank = B2 "Deep blue wash" (SpotLight), 12 lights, engine bearing 240 deg
[TrainHubDev] lights: arm 5, next to the red flank = B2 "Deep blue wash" (SpotLight), 12 lights, engine bearing 300 deg
[TrainHubDev] lights: arm tune intensity 50, side 150 cm, height 200 cm, radius 500 cm, cone 50/100, colour 0,40,255
						Lua 0:57:12:486
[TrainHubDev] structure lights: portal rims ON, 30 lights (intensity 4, radius 350 cm)
[TrainHubDev] structure lights: drone pit kerb OFF, 0 lights (intensity 15, radius 300 cm)
[TrainHubDev] structure lights: ring rim strip OFF, 0 lights (intensity 12, radius 400 cm)
[TrainHubDev] structure lights: floor edge strip OFF, 0 lights (intensity 30, radius 300 cm)
[TrainHubDev] structure lights: crown floor light ON, 0 lights (intensity 150, radius 4000 cm)
[TrainHubDev] structure lights: crown floor light follows the VANILLA night schedule (OnMsg.LightmodelChange -> map.NightLightsState, NightLightObjects.lua:250-259, :22 on build 1.1.0.403908); it is DAY now, so it is NOT PLACED -- hanging at z 1900 cm, colour 255,214,170, cone 0/0
[TrainHubDev] structure lights: under-deck fill ON, 0 lights (intensity 40, radius 1200 cm)
[TrainHubDev] structure lights: under-deck fill follows the VANILLA night schedule (OnMsg.LightmodelChange -> map.NightLightsState, NightLightObjects.lua:250-259, :22 on build 1.1.0.403908); it is DAY now, so it is NOT PLACED -- hanging at z 700 cm, colour 255,214,170, cone 0/0
[TrainHubDev] lights: 102 placed (72 arm + 30 structure); a stopped hub destroys them all
						Lua 0:57:29:446
[mod] [SMRTK] SMRTK_COPY action=copy flushed=true from=644 lines=114 status=OK truncated=false t=35266436 id=355
[SMRTK] SMRTK_COPY action=copy flushed=true from=644 lines=114 status=OK truncated=false t=35266436 id=355
						Lua 0:57:49:303
[mod] [SMRTK] SMRTK_CLEAR action=clear status=OK t=35286294 id=356
						Lua 0:57:50:749
[mod] [SMRTK] SMRTK_PANEL action=panel_toggle open=false status=OK tab=Saves t=35287740 id=357
						Lua 0:58:44:170
Load Game: 
	lua_revision: 403908 (last saved with) 
	orig_lua_revision: 403908 (created with) 
	assets_revision: 33006 

	dlcs: norman, thomas 
[mod] [SMRTK] SMRTK_CONSOLE_ARM enabled=true hook=ChangeMap t=35332763 id=358
[SMRTK] SMRTK_CONSOLE_ARM enabled=true hook=ChangeMap t=35332763 id=358
						Lua 0:58:44:188
[mod] [SMRTK] SMRTK_CONSOLE_ARM enabled=true hook=ChangeMap t=35332763 id=359
[SMRTK] SMRTK_CONSOLE_ARM enabled=true hook=ChangeMap t=35332763 id=359
						Lua 0:58:45:115
[mod] [SMRTK] SMRTK_SHORTCUT console=false key=Ctrl-Shift-F11 t=0 id=360
						Lua 0:58:45:898
[mod] [SMRTK] SMRTK_SHORTCUT console=false key=Ctrl-Shift-F11 t=0 id=361
						Lua 0:58:46:678
[mod] [SMRTK] SMRTK_CONSOLE_ARM enabled=true hook=PreLoadGame t=0 id=362
[SMRTK] SMRTK_CONSOLE_ARM enabled=true hook=PreLoadGame t=0 id=362
						Lua 0:58:48:773
[mod] [SMRTest] console enable requested (flag set, no overlay) — press Enter (or Alt-Shift-C) once in a colony
[SMRTest] console enable requested (flag set, no overlay) — press Enter (or Alt-Shift-C) once in a colony
						Lua 0:58:48:774
[mod] [CommunityFixPack] ExoticDepositSign: 2 Exotic Minerals deposit(s) re-signed onto the clean entity
						Lua 0:58:48:775
[mod] [CommunityFixPack] SilentHitMomentFX: restored 3 missing hit-moment tracker(s) on load
						Lua 0:58:48:776
[RailShaftDev] loaded; underground is locked in this save, so the tunnel stays surface-only.
[RailShaftDev] ready. SMRRailShaft.Status() for where things stand.
						Lua 0:58:48:780
Applied 28 savegame fixup(s) in 4 ms: AAA_SetLRManagerMap, AgronomistFarmCropGrowth, CleanStaleRoverDamagedNotificationObjects, ConstructionSiteFlightMarks, CureSmallCropTechLock, CureUndergroundCropTechLock, FixDustGeneratorThrowTimes, FixFoodServiceMealsServedByShift, HospitalExoticMineralTreatment, KickWorkersFromTurnedOffDomes, MarkUnavoidableSupplyDrains, MoveOpenPasturePilesOffOrigin2, PipesAtBuildableLevelSteps, PoliticalAnimalAchievement2, RemarkJumboCaves, RemoveBreathableAtmosphereAirConsumptionModifier, ResetPlanetSceneCameraState, RespawnUnreachableBottomlessPitAnomalies, ResupplyCutoffLocksDelicacies, SplitDailyCountersByShift, ZZZZ_FixLeakedRocketReservations, ZZZ_DestroyTradeRocketsWithUnplacedLandingSite, ZZZ_FactionTaskDomeCompletableInAnyDome, ZZZ_HungerLocksFoodImport, ZZZ_RebuildElevatorResourceModeRegistration, ZZZ_ReviveElevatorSharedDepots, ZZZ_UpdateRefuelRequests, Zzz_RestartStalledMaintenanceDemand
						Lua 0:58:48:909
game_settings:
    sponsor: ESA
    profile: rocketscientist
    founding_faction: GreenMarsCoalition
    rival_colonies: 
    mystery_random: AIUprisingMystery
    game_rules: Inflation, WinterIsComing, Hunger, DustInTheWind, Armageddon, ActivePlateTectonics, Amateurs, Twister
more_game_settings: save_game_id: KbIuedsLsaWkVwKU, mystery: random, coordinates: 2N176E, landing_spot: ElysiumBeta, logo: Russia
map_conditions: altitude: -2776, temperature: -15, cold_wave: 256, dust_devils: 256, dust_storm: 256, meteors: 256
map_resources: concrete: 254, metals: 146, precious_metals: 146, water: 109
						Lua 0:58:48:996
[mod] [CommunityFixPack] SaveSanitizer: F95 astrogeologist-residue pass removed 0 modifier(s), left 0 unidentified
[mod] [CommunityFixPack] SaveSanitizer: F48 station-connector pass repaired 0 of 0 track(s) walked (0 raised)
Game Loaded in 4827 ms
[mod] [SMRTK] SMRTK_PROVENANCE actions=unavailable last=unavailable present=false session=unavailable t=201405541 id=363
[SMRTK] SMRTK_PROVENANCE actions=unavailable last=unavailable present=false session=unavailable t=201405541 id=363
						Lua 0:58:49:006
[mod] [SMRTK] SMRTK_SHORTCUT console=true key=Ctrl-Shift-F11 t=201405541 id=364
						Lua 0:58:49:020
[mod] [SMRTK] SMRTK_DOCK action=dock_attach attached=true route="idBottom sibling" status=OK surface=one-toggle+tasks t=201405541 id=365
						Lua 0:58:49:022
[mod] [SMRTest] console enable requested (flag set, no overlay) — press Enter (or Alt-Shift-C) once in a colony
						Lua 0:58:49:023
[SMRTest] console enable requested (flag set, no overlay) — press Enter (or Alt-Shift-C) once in a colony
						Lua 0:58:49:153
[mod] [SMRTK] SMRTK_SHORTCUT console=true key=Ctrl-Shift-F11 t=201405541 id=366
						Lua 0:58:49:385
Game loaded on map BlankBig_04 in 5354 ms
						Lua 0:58:50:688
[mod] [SMRTest] console enable requested (flag set, no overlay) — press Enter (or Alt-Shift-C) once in a colony
[SMRTest] console enable requested (flag set, no overlay) — press Enter (or Alt-Shift-C) once in a colony
						Lua 0:58:50:698
[mod] [SMRTK] SMRTK_SHORTCUT console=true key=Ctrl-Shift-F11 t=201405541 id=367
						Lua 0:59:45:087
GSPLIT ghosts 355 bbox q 296 322 r 198 221 cable-type 267 ring-type 87 other 1
RING 312,201 314,201 315,201 316,201 317,201 318,201 312,202 318,202 311,203 314,203 315,203 316,203 317,203 318,203 319,203 320,203 310,204 313,204 318,204 319,204 320,204 309,205 312,205 318,205 320,205 307,206 308,206 311,206 318,206 320,206 307,207 310,207 317,207 318,207 320,207 306,208 309,208 316,208 320,208 305,209
						Lua 0:59:50:676
[mod] [SMRTK] SMRTK_PANEL action=panel_toggle open=true status=OK tab=Saves t=201405541 id=368
						Lua 0:59:51:916
[mod] [SMRTK] SMRTK_COPY action=copy flushed=true from=644 lines=136 status=OK truncated=false t=201405541 id=369
[SMRTK] SMRTK_COPY action=copy flushed=true from=644 lines=136 status=OK truncated=false t=201405541 id=369
						Lua 1:00:55:709
[mod] [SMRTK] SMRTK_SECTION action=section_attach attached=false reason="no supported actions" status=OK t=201405541 id=370
						Lua 1:00:56:723
[mod] [SMRTK] SMRTK_SECTION action=section_attach attached=false reason="no supported actions" status=OK t=201405541 id=371
						Lua 1:01:04:940
[LUA ERROR] Lua/SupplyGrid.lua:1820: attempt to index a nil value (local 'adjacent')
  Lua/SupplyGrid.lua(1820):  method SupplyGridConnectElement
  Lua/ElectricityGrid.lua(294):  method SetupElectricityElement
  Lua/ElectricityGrid.lua(298):   <>
  [C](-1):  global procall
  CommonLua/Core/classes.lua(243):  method GameInit
  CommonLua/Classes/_object.lua(192):   <>
        --- end of stack
Locals:
	                self |   object CableConstructionSite at (412500, 174066, 7738) on map 1
	             element |   object SupplyGridElement
	          grid_class |   object ElectricityGrid
	       new_grid_skin |      nil
	force_create_connections |      nil
	     supply_resource |   string electricity
	                dome |  boolean false
	  is_switched_switch |  boolean false
	     is_construction |  boolean true
	           grid_type |   string construction_grid
	                 map |   object Map
	supply_connection_grid |   object SupplyConnectionGrid
	 supply_overlay_grid | userdata 0x00000253F951CF48 #48
	           conn_grid | userdata 0x00000253F50B1840 #56
	               shape |    table 0x00000253E97DA300 #1
	potential_neighbours |    table 0x00000253F2010318 #8
	        grids_merged |  boolean false
	                grid |      nil
	   built_connections |    table 0x00000253F207D148 #0
	create_connection_call_data |    table 0x00000253F207D188 #0
	          is_loading |  boolean false
	construction_connections |   number 0
	         connect_dir |   number 2
	     object_hex_grid | userdata 0x00000253EADE5F58 #56
	         (for index) |   number 1
	         (for limit) |   number 8
	          (for step) |   number 2
	                   i |   number 1
	                  pt |    point (312, 201)
	            other_pt |    point (311, 202)
	                 dir |   number 2
	            adjacent |      nil
	         empty_table |    table 0x00000253E5B45EA8 #0
						Lua 1:01:04:941
[mod] [SMRTK] SMRTK_ERROR kind=lua message="Lua/SupplyGrid.lua:1820: attempt to index a nil value (local 'adjacent')" stack="  Lua/SupplyGrid.lua(1820):  method SupplyGridConnectElement\n  Lua/ElectricityGrid.lua(294):  method SetupElectricityElement\n  Lua/ElectricityGrid.lua(298):   <>\n  [C](-1):  global procall\n  CommonLua/Core/classes.lua(243):  method GameInit\n  CommonLua/Classes/_object.lua(192):   <>\n        --- end of stack" t=201405541 id=372
[SMRTK] SMRTK_ERROR kind=lua message="Lua/SupplyGrid.lua:1820: attempt to index a nil value (local 'adjacent')" stack="  Lua/SupplyGrid.lua(1820):  method SupplyGridConnectElement\n  Lua/ElectricityGrid.lua(294):  method SetupElectricityElement\n  Lua/ElectricityGrid.lua(298):   <>\n  [C](-1):  global procall\n  CommonLua/Core/classes.lua(243):  method GameInit\n  CommonLua/Classes/_object.lua(192):   <>\n        --- end of stack" t=201405541 id=372
						Lua 1:01:11:021
[mod] [SMRTK] SMRTK_PANEL action=panel_toggle open=false status=OK tab=Saves t=201405541 id=373
						Lua 1:01:20:614
[mod] [SMRTK] SMRTK_SECTION action=section_attach attached=false reason="no supported actions" status=OK t=201405541 id=374
						Lua 1:01:22:474
[LUA ERROR] Lua/SupplyGrid.lua:1820: attempt to index a nil value (local 'adjacent')
  Lua/SupplyGrid.lua(1820):  method SupplyGridConnectElement
  Lua/ElectricityGrid.lua(294):  method SetupElectricityElement
  Lua/ElectricityGrid.lua(298):   <>
  [C](-1):  global procall
  CommonLua/Core/classes.lua(243):  method GameInit
  CommonLua/Classes/_object.lua(192):   <>
        --- end of stack
Locals:
	                self |   object CableConstructionSite at (412000, 173200, 7738) on map 1
	             element |   object SupplyGridElement
	          grid_class |   object ElectricityGrid
	       new_grid_skin |      nil
	force_create_connections |      nil
	     supply_resource |   string electricity
	                dome |  boolean false
	  is_switched_switch |  boolean false
	     is_construction |  boolean true
	           grid_type |   string construction_grid
	                 map |   object Map
	supply_connection_grid |   object SupplyConnectionGrid
	 supply_overlay_grid | userdata 0x00000253F951CF48 #48
	           conn_grid | userdata 0x00000253F50B1840 #56
	               shape |    table 0x00000253E97DA300 #1
	potential_neighbours |    table 0x00000253F0900DF8 #12
	        grids_merged |  boolean false
	                grid |      nil
	   built_connections |    table 0x00000253F09006B0 #0
	create_connection_call_data |    table 0x00000253F09006F0 #0
	          is_loading |  boolean false
	construction_connections |   number 0
	         connect_dir |   number 2
	     object_hex_grid | userdata 0x00000253EADE5F58 #56
	         (for index) |   number 5
	         (for limit) |   number 12
	          (for step) |   number 2
	                   i |   number 5
	                  pt |    point (312, 200)
	            other_pt |    point (311, 201)
	                 dir |   number 2
	            adjacent |      nil
	         empty_table |    table 0x00000253E5B45EA8 #0
[mod] [SMRTK] SMRTK_ERROR kind=lua message="Lua/SupplyGrid.lua:1820: attempt to index a nil value (local 'adjacent')" stack="  Lua/SupplyGrid.lua(1820):  method SupplyGridConnectElement\n  Lua/ElectricityGrid.lua(294):  method SetupElectricityElement\n  Lua/ElectricityGrid.lua(298):   <>\n  [C](-1):  global procall\n  CommonLua/Core/classes.lua(243):  method GameInit\n  CommonLua/Classes/_object.lua(192):   <>\n        --- end of stack" t=201405541 id=375
[SMRTK] SMRTK_ERROR kind=lua message="Lua/SupplyGrid.lua:1820: attempt to index a nil value (local 'adjacent')" stack="  Lua/SupplyGrid.lua(1820):  method SupplyGridConnectElement\n  Lua/ElectricityGrid.lua(294):  method SetupElectricityElement\n  Lua/ElectricityGrid.lua(298):   <>\n  [C](-1):  global procall\n  CommonLua/Core/classes.lua(243):  method GameInit\n  CommonLua/Classes/_object.lua(192):   <>\n        --- end of stack" t=201405541 id=375
						Lua 1:01:25:596
[LUA ERROR] Lua/SupplyGrid.lua:1820: attempt to index a nil value (local 'adjacent')
  Lua/SupplyGrid.lua(1820):  method SupplyGridConnectElement
  Lua/ElectricityGrid.lua(294):  method SetupElectricityElement
  Lua/ElectricityGrid.lua(298):   <>
  [C](-1):  global procall
  CommonLua/Core/classes.lua(243):  method GameInit
  CommonLua/Classes/_object.lua(192):   <>
        --- end of stack
Locals:
	                self |   object CableConstructionSite at (411500, 172334, 7738) on map 1
	             element |   object SupplyGridElement
	          grid_class |   object ElectricityGrid
	       new_grid_skin |      nil
	force_create_connections |      nil
	     supply_resource |   string electricity
	                dome |  boolean false
	  is_switched_switch |  boolean false
	     is_construction |  boolean true
	           grid_type |   string construction_grid
	                 map |   object Map
	supply_connection_grid |   object SupplyConnectionGrid
	 supply_overlay_grid | userdata 0x00000253F951CF48 #48
	           conn_grid | userdata 0x00000253F50B1840 #56
	               shape |    table 0x00000253E97DA300 #1
	potential_neighbours |    table 0x00000253F1A0DE80 #12
	        grids_merged |  boolean false
	                grid |      nil
	   built_connections |    table 0x00000253F1A0AE70 #0
	create_connection_call_data |    table 0x00000253F1A073C8 #0
	          is_loading |  boolean false
	construction_connections |   number 0
	         connect_dir |   number 2
	     object_hex_grid | userdata 0x00000253EADE5F58 #56
	         (for index) |   number 5
	         (for limit) |   number 12
	          (for step) |   number 2
	                   i |   number 5
	                  pt |    point (312, 199)
	            other_pt |    point (311, 200)
	                 dir |   number 2
	            adjacent |      nil
	         empty_table |    table 0x00000253E5B45EA8 #0
[mod] [SMRTK] SMRTK_ERROR kind=lua message="Lua/SupplyGrid.lua:1820: attempt to index a nil value (local 'adjacent')" stack="  Lua/SupplyGrid.lua(1820):  method SupplyGridConnectElement\n  Lua/ElectricityGrid.lua(294):  method SetupElectricityElement\n  Lua/ElectricityGrid.lua(298):   <>\n  [C](-1):  global procall\n  CommonLua/Core/classes.lua(243):  method GameInit\n  CommonLua/Classes/_object.lua(192):   <>\n        --- end of stack" t=201405541 id=376
[SMRTK] SMRTK_ERROR kind=lua message="Lua/SupplyGrid.lua:1820: attempt to index a nil value (local 'adjacent')" stack="  Lua/SupplyGrid.lua(1820):  method SupplyGridConnectElement\n  Lua/ElectricityGrid.lua(294):  method SetupElectricityElement\n  Lua/ElectricityGrid.lua(298):   <>\n  [C](-1):  global procall\n  CommonLua/Core/classes.lua(243):  method GameInit\n  CommonLua/Classes/_object.lua(192):   <>\n        --- end of stack" t=201405541 id=376
						Lua 1:01:29:000
[LUA ERROR] Lua/SupplyGrid.lua:1820: attempt to index a nil value (local 'adjacent')
  Lua/SupplyGrid.lua(1820):  method SupplyGridConnectElement
  Lua/ElectricityGrid.lua(294):  method SetupElectricityElement
  Lua/ElectricityGrid.lua(298):   <>
  [C](-1):  global procall
  CommonLua/Core/classes.lua(243):  method GameInit
  CommonLua/Classes/_object.lua(192):   <>
        --- end of stack
Locals:
	                self |   object CableConstructionSite at (411000, 171468, 7738) on map 1
	             element |   object SupplyGridElement
	          grid_class |   object ElectricityGrid
	       new_grid_skin |      nil
	force_create_connections |      nil
	     supply_resource |   string electricity
	                dome |  boolean false
	  is_switched_switch |  boolean false
	     is_construction |  boolean true
	           grid_type |   string construction_grid
	                 map |   object Map
	supply_connection_grid |   object SupplyConnectionGrid
	 supply_overlay_grid | userdata 0x00000253F951CF48 #48
	           conn_grid | userdata 0x00000253F50B1840 #56
	               shape |    table 0x00000253E97DA300 #1
	potential_neighbours |    table 0x00000253F08EE298 #6
	        grids_merged |  boolean false
	                grid |      nil
	   built_connections |    table 0x00000253F08EE570 #0
	create_connection_call_data |    table 0x00000253F08EE5B0 #0
	          is_loading |  boolean false
	construction_connections |   number 0
	         connect_dir |   number 2
	     object_hex_grid | userdata 0x00000253EADE5F58 #56
	         (for index) |   number 5
	         (for limit) |   number 6
	          (for step) |   number 2
	                   i |   number 5
	                  pt |    point (312, 198)
	            other_pt |    point (311, 199)
	                 dir |   number 2
	            adjacent |      nil
	         empty_table |    table 0x00000253E5B45EA8 #0
[mod] [SMRTK] SMRTK_ERROR kind=lua message="Lua/SupplyGrid.lua:1820: attempt to index a nil value (local 'adjacent')" stack="  Lua/SupplyGrid.lua(1820):  method SupplyGridConnectElement\n  Lua/ElectricityGrid.lua(294):  method SetupElectricityElement\n  Lua/ElectricityGrid.lua(298):   <>\n  [C](-1):  global procall\n  CommonLua/Core/classes.lua(243):  method GameInit\n  CommonLua/Classes/_object.lua(192):   <>\n        --- end of stack" t=201405541 id=377
[SMRTK] SMRTK_ERROR kind=lua message="Lua/SupplyGrid.lua:1820: attempt to index a nil value (local 'adjacent')" stack="  Lua/SupplyGrid.lua(1820):  method SupplyGridConnectElement\n  Lua/ElectricityGrid.lua(294):  method SetupElectricityElement\n  Lua/ElectricityGrid.lua(298):   <>\n  [C](-1):  global procall\n  CommonLua/Core/classes.lua(243):  method GameInit\n  CommonLua/Classes/_object.lua(192):   <>\n        --- end of stack" t=201405541 id=377
						Lua 1:01:29:001
[LUA ERROR] Lua/SupplyGrid.lua:1829: attempt to index a boolean value (field 'grid')
  Lua/SupplyGrid.lua(1829):  method SupplyGridConnectElement
  Lua/ElectricityGrid.lua(294):  method SetupElectricityElement
  Lua/ElectricityGrid.lua(298):   <>
  [C](-1):  global procall
  CommonLua/Core/classes.lua(243):  method GameInit
  CommonLua/Classes/_object.lua(192):   <>
        --- end of stack
Locals:
	                self |   object CableConstructionSite at (408000, 176664, 7738) on map 1
	             element |   object SupplyGridElement
	          grid_class |   object ElectricityGrid
	       new_grid_skin |      nil
	force_create_connections |      nil
	     supply_resource |   string electricity
	                dome |  boolean false
	  is_switched_switch |  boolean false
	     is_construction |  boolean true
	           grid_type |   string construction_grid
	                 map |   object Map
	supply_connection_grid |   object SupplyConnectionGrid
	 supply_overlay_grid | userdata 0x00000253F951CF48 #48
	           conn_grid | userdata 0x00000253F50B1840 #56
	               shape |    table 0x00000253E97DA300 #1
	potential_neighbours |    table 0x00000253F09B4128 #6
	        grids_merged |  boolean false
	                grid |      nil
	   built_connections |    table 0x00000253F09AC010 #1
	create_connection_call_data |    table 0x00000253F09AC050 #0
	          is_loading |  boolean false
	construction_connections |   number 0
	         connect_dir |   number 2
	     object_hex_grid | userdata 0x00000253EADE5F58 #56
	         (for index) |   number 5
	         (for limit) |   number 6
	          (for step) |   number 2
	                   i |   number 5
	                  pt |    point (306, 204)
	            other_pt |    point (307, 203)
	                 dir |   number 5
	            adjacent |   object CableConstructionSite at (408500, 175798, 7738) on map 1
	    adjacent_element |   object SupplyGridElement
	                skip |  boolean false
	         empty_table |    table 0x00000253E5B45EA8 #0
[mod] [SMRTK] SMRTK_ERROR kind=lua message="Lua/SupplyGrid.lua:1829: attempt to index a boolean value (field 'grid')" stack="  Lua/SupplyGrid.lua(1829):  method SupplyGridConnectElement\n  Lua/ElectricityGrid.lua(294):  method SetupElectricityElement\n  Lua/ElectricityGrid.lua(298):   <>\n  [C](-1):  global procall\n  CommonLua/Core/classes.lua(243):  method GameInit\n  CommonLua/Classes/_object.lua(192):   <>\n        --- end of stack" t=201405541 id=378
[SMRTK] SMRTK_ERROR kind=lua message="Lua/SupplyGrid.lua:1829: attempt to index a boolean value (field 'grid')" stack="  Lua/SupplyGrid.lua(1829):  method SupplyGridConnectElement\n  Lua/ElectricityGrid.lua(294):  method SetupElectricityElement\n  Lua/ElectricityGrid.lua(298):   <>\n  [C](-1):  global procall\n  CommonLua/Core/classes.lua(243):  method GameInit\n  CommonLua/Classes/_object.lua(192):   <>\n        --- end of stack" t=201405541 id=378
						Lua 1:01:32:148
[LUA ERROR] Lua/SupplyGrid.lua:1890: attempt to index a boolean value (local 'other_grid')
  Lua/SupplyGrid.lua(1890):  method SupplyGridConnectElement
  Lua/ElectricityGrid.lua(294):  method SetupElectricityElement
  Lua/ElectricityGrid.lua(298):   <>
  [C](-1):  global procall
  CommonLua/Core/classes.lua(243):  method GameInit
  CommonLua/Classes/_object.lua(192):   <>
        --- end of stack
Locals:
	                self |   object CableConstructionSite at (410500, 170602, 7738) on map 1
	             element |   object SupplyGridElement
	          grid_class |   object ElectricityGrid
	       new_grid_skin |      nil
	force_create_connections |      nil
	     supply_resource |   string electricity
	                dome |  boolean false
	  is_switched_switch |  boolean false
	     is_construction |  boolean true
	           grid_type |   string construction_grid
	                 map |   object Map
	supply_connection_grid |   object SupplyConnectionGrid
	 supply_overlay_grid | userdata 0x00000253F951CF48 #48
	           conn_grid | userdata 0x00000253F50B1840 #56
	               shape |    table 0x00000253E97DA300 #1
	potential_neighbours |    table 0x00000253F2743C80 #4
	        grids_merged |  boolean false
	                grid |   object PlaceholderSupplyGrid at invalid pos on map 1
	   built_connections |    table 0x00000253F268A240 #1
	create_connection_call_data |    table 0x00000253F268A280 #0
	          is_loading |  boolean false
	construction_connections |   number 0
	         should_skip | function 0x00000253F09E50C0
	     object_hex_grid | userdata 0x00000253EADE5F58 #56
	         (for index) |   number 1
	         (for limit) |   number 4
	          (for step) |   number 2
	                   i |   number 1
	                  pt |    point (312, 197)
	            other_pt |    point (312, 198)
	            adjacent |   object CableConstructionSite at (411000, 171468, 7738) on map 1
	    adjacent_element |   object SupplyGridElement
	       force_connect |      nil
	          other_grid |  boolean false
	         empty_table |    table 0x00000253E5B45EA8 #0
[mod] [SMRTK] SMRTK_ERROR kind=lua message="Lua/SupplyGrid.lua:1890: attempt to index a boolean value (local 'other_grid')" stack="  Lua/SupplyGrid.lua(1890):  method SupplyGridConnectElement\n  Lua/ElectricityGrid.lua(294):  method SetupElectricityElement\n  Lua/ElectricityGrid.lua(298):   <>\n  [C](-1):  global procall\n  CommonLua/Core/classes.lua(243):  method GameInit\n  CommonLua/Classes/_object.lua(192):   <>\n        --- end of stack" t=201405541 id=379
[SMRTK] SMRTK_ERROR kind=lua message="Lua/SupplyGrid.lua:1890: attempt to index a boolean value (local 'other_grid')" stack="  Lua/SupplyGrid.lua(1890):  method SupplyGridConnectElement\n  Lua/ElectricityGrid.lua(294):  method SetupElectricityElement\n  Lua/ElectricityGrid.lua(298):   <>\n  [C](-1):  global procall\n  CommonLua/Core/classes.lua(243):  method GameInit\n  CommonLua/Classes/_object.lua(192):   <>\n        --- end of stack" t=201405541 id=379
						Lua 1:01:36:177
[LUA ERROR] Lua/SupplyGrid.lua:1820: attempt to index a nil value (local 'adjacent')
  Lua/SupplyGrid.lua(1820):  method SupplyGridConnectElement
  Lua/ElectricityGrid.lua(294):  method SetupElectricityElement
  Lua/ElectricityGrid.lua(298):   <>
  [C](-1):  global procall
  CommonLua/Core/classes.lua(243):  method GameInit
  CommonLua/Classes/_object.lua(192):   <>
        --- end of stack
Locals:
	                self |   object CableConstructionSite at (415000, 171468, 7738) on map 1
	             element |   object SupplyGridElement
	          grid_class |   object ElectricityGrid
	       new_grid_skin |      nil
	force_create_connections |      nil
	     supply_resource |   string electricity
	                dome |  boolean false
	  is_switched_switch |  boolean false
	     is_construction |  boolean true
	           grid_type |   string construction_grid
	                 map |   object Map
	supply_connection_grid |   object SupplyConnectionGrid
	 supply_overlay_grid | userdata 0x00000253F951CF48 #48
	           conn_grid | userdata 0x00000253F50B1840 #56
	               shape |    table 0x00000253E97DA300 #1
	potential_neighbours |    table 0x00000253E7B84F70 #8
	        grids_merged |  boolean false
	                grid |      nil
	   built_connections |    table 0x00000253E803E0D8 #0
	create_connection_call_data |    table 0x00000253E803E118 #0
	          is_loading |  boolean false
	construction_connections |   number 0
	         connect_dir |   number 2
	     object_hex_grid | userdata 0x00000253EADE5F58 #56
	         (for index) |   number 5
	         (for limit) |   number 8
	          (for step) |   number 2
	                   i |   number 5
	                  pt |    point (316, 198)
	            other_pt |    point (315, 199)
	                 dir |   number 2
	            adjacent |      nil
	         empty_table |    table 0x00000253E5B45EA8 #0
[mod] [SMRTK] SMRTK_ERROR kind=lua message="Lua/SupplyGrid.lua:1820: attempt to index a nil value (local 'adjacent')" stack="  Lua/SupplyGrid.lua(1820):  method SupplyGridConnectElement\n  Lua/ElectricityGrid.lua(294):  method SetupElectricityElement\n  Lua/ElectricityGrid.lua(298):   <>\n  [C](-1):  global procall\n  CommonLua/Core/classes.lua(243):  method GameInit\n  CommonLua/Classes/_object.lua(192):   <>\n        --- end of stack" t=201405541 id=380
[SMRTK] SMRTK_ERROR kind=lua message="Lua/SupplyGrid.lua:1820: attempt to index a nil value (local 'adjacent')" stack="  Lua/SupplyGrid.lua(1820):  method SupplyGridConnectElement\n  Lua/ElectricityGrid.lua(294):  method SetupElectricityElement\n  Lua/ElectricityGrid.lua(298):   <>\n  [C](-1):  global procall\n  CommonLua/Core/classes.lua(243):  method GameInit\n  CommonLua/Classes/_object.lua(192):   <>\n        --- end of stack" t=201405541 id=380
[LUA ERROR] Lua/SupplyGrid.lua:1829: attempt to index a boolean value (field 'grid')
  Lua/SupplyGrid.lua(1829):  method SupplyGridConnectElement
  Lua/ElectricityGrid.lua(294):  method SetupElectricityElement
  Lua/ElectricityGrid.lua(298):   <>
  [C](-1):  global procall
  CommonLua/Core/classes.lua(243):  method GameInit
  CommonLua/Classes/_object.lua(192):   <>
        --- end of stack
Locals:
	                self |   object CableConstructionSite at (413500, 174066, 7738) on map 1
	             element |   object SupplyGridElement
	          grid_class |   object ElectricityGrid
	       new_grid_skin |      nil
	force_create_connections |      nil
	     supply_resource |   string electricity
	                dome |  boolean false
	  is_switched_switch |  boolean false
	     is_construction |  boolean true
	           grid_type |   string construction_grid
	                 map |   object Map
	supply_connection_grid |   object SupplyConnectionGrid
	 supply_overlay_grid | userdata 0x00000253F951CF48 #48
	           conn_grid | userdata 0x00000253F50B1840 #56
	               shape |    table 0x00000253E97DA300 #1
	potential_neighbours |    table 0x00000253E6881410 #8
	        grids_merged |  boolean false
	                grid |      nil
	   built_connections |    table 0x00000253ECE17938 #1
	create_connection_call_data |    table 0x00000253ECE17978 #0
	          is_loading |  boolean false
	construction_connections |   number 0
	         connect_dir |   number 2
	     object_hex_grid | userdata 0x00000253EADE5F58 #56
	         (for index) |   number 7
	         (for limit) |   number 8
	          (for step) |   number 2
	                   i |   number 7
	                  pt |    point (313, 201)
	            other_pt |    point (314, 200)
	                 dir |   number 5
	            adjacent |   object CableConstructionSite at (414000, 173200, 7738) on map 1
	    adjacent_element |   object SupplyGridElement
	                skip |  boolean false
	         empty_table |    table 0x00000253E5B45EA8 #0
						Lua 1:01:36:178
[mod] [SMRTK] SMRTK_ERROR kind=lua message="Lua/SupplyGrid.lua:1829: attempt to index a boolean value (field 'grid')" stack="  Lua/SupplyGrid.lua(1829):  method SupplyGridConnectElement\n  Lua/ElectricityGrid.lua(294):  method SetupElectricityElement\n  Lua/ElectricityGrid.lua(298):   <>\n  [C](-1):  global procall\n  CommonLua/Core/classes.lua(243):  method GameInit\n  CommonLua/Classes/_object.lua(192):   <>\n        --- end of stack" t=201405541 id=381
[SMRTK] SMRTK_ERROR kind=lua message="Lua/SupplyGrid.lua:1829: attempt to index a boolean value (field 'grid')" stack="  Lua/SupplyGrid.lua(1829):  method SupplyGridConnectElement\n  Lua/ElectricityGrid.lua(294):  method SetupElectricityElement\n  Lua/ElectricityGrid.lua(298):   <>\n  [C](-1):  global procall\n  CommonLua/Core/classes.lua(243):  method GameInit\n  CommonLua/Classes/_object.lua(192):   <>\n        --- end of stack" t=201405541 id=381
						Lua 1:01:41:628
[LUA ERROR] Lua/SupplyGrid.lua:1820: attempt to index a nil value (local 'adjacent')
  Lua/SupplyGrid.lua(1820):  method SupplyGridConnectElement
  Lua/ElectricityGrid.lua(294):  method SetupElectricityElement
  Lua/ElectricityGrid.lua(298):   <>
  [C](-1):  global procall
  CommonLua/Core/classes.lua(243):  method GameInit
  CommonLua/Classes/_object.lua(192):   <>
        --- end of stack
Locals:
	                self |   object CableConstructionSite at (415500, 172334, 7738) on map 1
	             element |   object SupplyGridElement
	          grid_class |   object ElectricityGrid
	       new_grid_skin |      nil
	force_create_connections |      nil
	     supply_resource |   string electricity
	                dome |  boolean false
	  is_switched_switch |  boolean false
	     is_construction |  boolean true
	           grid_type |   string construction_grid
	                 map |   object Map
	supply_connection_grid |   object SupplyConnectionGrid
	 supply_overlay_grid | userdata 0x00000253F951CF48 #48
	           conn_grid | userdata 0x00000253F50B1840 #56
	               shape |    table 0x00000253E97DA300 #1
	potential_neighbours |    table 0x00000253E93341B8 #12
	        grids_merged |  boolean false
	                grid |      nil
	   built_connections |    table 0x00000253E93345A0 #0
	create_connection_call_data |    table 0x00000253E93345E0 #0
	          is_loading |  boolean false
	construction_connections |   number 0
	         connect_dir |   number 2
	     object_hex_grid | userdata 0x00000253EADE5F58 #56
	         (for index) |   number 5
	         (for limit) |   number 12
	          (for step) |   number 2
	                   i |   number 5
	                  pt |    point (316, 199)
	            other_pt |    point (315, 200)
	                 dir |   number 2
	            adjacent |      nil
	         empty_table |    table 0x00000253E5B45EA8 #0
[mod] [SMRTK] SMRTK_ERROR kind=lua message="Lua/SupplyGrid.lua:1820: attempt to index a nil value (local 'adjacent')" stack="  Lua/SupplyGrid.lua(1820):  method SupplyGridConnectElement\n  Lua/ElectricityGrid.lua(294):  method SetupElectricityElement\n  Lua/ElectricityGrid.lua(298):   <>\n  [C](-1):  global procall\n  CommonLua/Core/classes.lua(243):  method GameInit\n  CommonLua/Classes/_object.lua(192):   <>\n        --- end of stack" t=201405541 id=382
[SMRTK] SMRTK_ERROR kind=lua message="Lua/SupplyGrid.lua:1820: attempt to index a nil value (local 'adjacent')" stack="  Lua/SupplyGrid.lua(1820):  method SupplyGridConnectElement\n  Lua/ElectricityGrid.lua(294):  method SetupElectricityElement\n  Lua/ElectricityGrid.lua(298):   <>\n  [C](-1):  global procall\n  CommonLua/Core/classes.lua(243):  method GameInit\n  CommonLua/Classes/_object.lua(192):   <>\n        --- end of stack" t=201405541 id=382
						Lua 1:01:44:441
[LUA ERROR] Lua/SupplyGrid.lua:1820: attempt to index a nil value (local 'adjacent')
  Lua/SupplyGrid.lua(1820):  method SupplyGridConnectElement
  Lua/ElectricityGrid.lua(294):  method SetupElectricityElement
  Lua/ElectricityGrid.lua(298):   <>
  [C](-1):  global procall
  CommonLua/Core/classes.lua(243):  method GameInit
  CommonLua/Classes/_object.lua(192):   <>
        --- end of stack
Locals:
	                self |   object CableConstructionSite at (416500, 172334, 7738) on map 1
	             element |   object SupplyGridElement
	          grid_class |   object ElectricityGrid
	       new_grid_skin |      nil
	force_create_connections |      nil
	     supply_resource |   string electricity
						Lua 1:01:44:442
	                dome |  boolean false
	  is_switched_switch |  boolean false
	     is_construction |  boolean true
	           grid_type |   string construction_grid
	                 map |   object Map
	supply_connection_grid |   object SupplyConnectionGrid
	 supply_overlay_grid | userdata 0x00000253F951CF48 #48
	           conn_grid | userdata 0x00000253F50B1840 #56
	               shape |    table 0x00000253E97DA300 #1
	potential_neighbours |    table 0x00000253E7BC8410 #12
	        grids_merged |  boolean false
	                grid |      nil
	   built_connections |    table 0x00000253E7BC87F8 #0
	create_connection_call_data |    table 0x00000253E7BC8838 #0
	          is_loading |  boolean false
	construction_connections |   number 0
	         connect_dir |   number 2
	     object_hex_grid | userdata 0x00000253EADE5F58 #56
	         (for index) |   number 5
	         (for limit) |   number 12
	          (for step) |   number 2
	                   i |   number 5
	                  pt |    point (317, 199)
	            other_pt |    point (316, 200)
	                 dir |   number 2
	            adjacent |      nil
	         empty_table |    table 0x00000253E5B45EA8 #0
[mod] [SMRTK] SMRTK_ERROR kind=lua message="Lua/SupplyGrid.lua:1820: attempt to index a nil value (local 'adjacent')" stack="  Lua/SupplyGrid.lua(1820):  method SupplyGridConnectElement\n  Lua/ElectricityGrid.lua(294):  method SetupElectricityElement\n  Lua/ElectricityGrid.lua(298):   <>\n  [C](-1):  global procall\n  CommonLua/Core/classes.lua(243):  method GameInit\n  CommonLua/Classes/_object.lua(192):   <>\n        --- end of stack" t=201405541 id=383
[SMRTK] SMRTK_ERROR kind=lua message="Lua/SupplyGrid.lua:1820: attempt to index a nil value (local 'adjacent')" stack="  Lua/SupplyGrid.lua(1820):  method SupplyGridConnectElement\n  Lua/ElectricityGrid.lua(294):  method SetupElectricityElement\n  Lua/ElectricityGrid.lua(298):   <>\n  [C](-1):  global procall\n  CommonLua/Core/classes.lua(243):  method GameInit\n  CommonLua/Classes/_object.lua(192):   <>\n        --- end of stack" t=201405541 id=383
						Lua 1:01:47:961
[LUA ERROR] Lua/SupplyGrid.lua:1820: attempt to index a nil value (local 'adjacent')
  Lua/SupplyGrid.lua(1820):  method SupplyGridConnectElement
  Lua/ElectricityGrid.lua(294):  method SetupElectricityElement
  Lua/ElectricityGrid.lua(298):   <>
  [C](-1):  global procall
  CommonLua/Core/classes.lua(243):  method GameInit
  CommonLua/Classes/_object.lua(192):   <>
        --- end of stack
Locals:
	                self |   object CableConstructionSite at (417500, 172334, 7738) on map 1
	             element |   object SupplyGridElement
	          grid_class |   object ElectricityGrid
	       new_grid_skin |      nil
	force_create_connections |      nil
	     supply_resource |   string electricity
	                dome |  boolean false
	  is_switched_switch |  boolean false
	     is_construction |  boolean true
	           grid_type |   string construction_grid
	                 map |   object Map
	supply_connection_grid |   object SupplyConnectionGrid
	 supply_overlay_grid | userdata 0x00000253F951CF48 #48
	           conn_grid | userdata 0x00000253F50B1840 #56
	               shape |    table 0x00000253E97DA300 #1
	potential_neighbours |    table 0x00000253E92347A0 #12
	        grids_merged |  boolean false
	                grid |      nil
	   built_connections |    table 0x00000253EE0E4630 #0
	create_connection_call_data |    table 0x00000253EE0E4670 #0
	          is_loading |  boolean false
	construction_connections |   number 0
	         connect_dir |   number 2
	     object_hex_grid | userdata 0x00000253EADE5F58 #56
	         (for index) |   number 5
	         (for limit) |   number 12
	          (for step) |   number 2
	                   i |   number 5
	                  pt |    point (318, 199)
	            other_pt |    point (317, 200)
	                 dir |   number 2
						Lua 1:01:47:962
	            adjacent |      nil
	         empty_table |    table 0x00000253E5B45EA8 #0
[mod] [SMRTK] SMRTK_ERROR kind=lua message="Lua/SupplyGrid.lua:1820: attempt to index a nil value (local 'adjacent')" stack="  Lua/SupplyGrid.lua(1820):  method SupplyGridConnectElement\n  Lua/ElectricityGrid.lua(294):  method SetupElectricityElement\n  Lua/ElectricityGrid.lua(298):   <>\n  [C](-1):  global procall\n  CommonLua/Core/classes.lua(243):  method GameInit\n  CommonLua/Classes/_object.lua(192):   <>\n        --- end of stack" t=201405541 id=384
[SMRTK] SMRTK_ERROR kind=lua message="Lua/SupplyGrid.lua:1820: attempt to index a nil value (local 'adjacent')" stack="  Lua/SupplyGrid.lua(1820):  method SupplyGridConnectElement\n  Lua/ElectricityGrid.lua(294):  method SetupElectricityElement\n  Lua/ElectricityGrid.lua(298):   <>\n  [C](-1):  global procall\n  CommonLua/Core/classes.lua(243):  method GameInit\n  CommonLua/Classes/_object.lua(192):   <>\n        --- end of stack" t=201405541 id=384
[LUA ERROR] Lua/SupplyGrid.lua:1829: attempt to index a boolean value (field 'grid')
  Lua/SupplyGrid.lua(1829):  method SupplyGridConnectElement
  Lua/ElectricityGrid.lua(294):  method SetupElectricityElement
  Lua/ElectricityGrid.lua(298):   <>
  [C](-1):  global procall
  CommonLua/Core/classes.lua(243):  method GameInit
  CommonLua/Classes/_object.lua(192):   <>
        --- end of stack
Locals:
	                self |   object CableConstructionSite at (415500, 175798, 7738) on map 1
	             element |   object SupplyGridElement
	          grid_class |   object ElectricityGrid
	       new_grid_skin |      nil
	force_create_connections |      nil
	     supply_resource |   string electricity
	                dome |  boolean false
	  is_switched_switch |  boolean false
	     is_construction |  boolean true
	           grid_type |   string construction_grid
	                 map |   object Map
	supply_connection_grid |   object SupplyConnectionGrid
	 supply_overlay_grid | userdata 0x00000253F951CF48 #48
	           conn_grid | userdata 0x00000253F50B1840 #56
	               shape |    table 0x00000253E97DA300 #1
	potential_neighbours |    table 0x00000253EB135C60 #8
	        grids_merged |  boolean false
	                grid |      nil
	   built_connections |    table 0x00000253EBD0C340 #1
	create_connection_call_data |    table 0x00000253EBD0C380 #0
	          is_loading |  boolean false
	construction_connections |   number 0
	         connect_dir |   number 2
	     object_hex_grid | userdata 0x00000253EADE5F58 #56
	         (for index) |   number 7
	         (for limit) |   number 8
	          (for step) |   number 2
	                   i |   number 7
	                  pt |    point (314, 203)
	            other_pt |    point (315, 202)
	                 dir |   number 5
	            adjacent |   object CableConstructionSite at (416000, 174932, 7738) on map 1
	    adjacent_element |   object SupplyGridElement
	                skip |  boolean false
	         empty_table |    table 0x00000253E5B45EA8 #0
[mod] [SMRTK] SMRTK_ERROR kind=lua message="Lua/SupplyGrid.lua:1829: attempt to index a boolean value (field 'grid')" stack="  Lua/SupplyGrid.lua(1829):  method SupplyGridConnectElement\n  Lua/ElectricityGrid.lua(294):  method SetupElectricityElement\n  Lua/ElectricityGrid.lua(298):   <>\n  [C](-1):  global procall\n  CommonLua/Core/classes.lua(243):  method GameInit\n  CommonLua/Classes/_object.lua(192):   <>\n        --- end of stack" t=201405541 id=385
[SMRTK] SMRTK_ERROR kind=lua message="Lua/SupplyGrid.lua:1829: attempt to index a boolean value (field 'grid')" stack="  Lua/SupplyGrid.lua(1829):  method SupplyGridConnectElement\n  Lua/ElectricityGrid.lua(294):  method SetupElectricityElement\n  Lua/ElectricityGrid.lua(298):   <>\n  [C](-1):  global procall\n  CommonLua/Core/classes.lua(243):  method GameInit\n  CommonLua/Classes/_object.lua(192):   <>\n        --- end of stack" t=201405541 id=385
						Lua 1:01:51:095
[LUA ERROR] Lua/SupplyGrid.lua:1820: attempt to index a nil value (local 'adjacent')
  Lua/SupplyGrid.lua(1820):  method SupplyGridConnectElement
  Lua/ElectricityGrid.lua(294):  method SetupElectricityElement
  Lua/ElectricityGrid.lua(298):   <>
  [C](-1):  global procall
  CommonLua/Core/classes.lua(243):  method GameInit
  CommonLua/Classes/_object.lua(192):   <>
        --- end of stack
Locals:
	                self |   object CableConstructionSite at (418000, 173200, 7738) on map 1
	             element |   object SupplyGridElement
	          grid_class |   object ElectricityGrid
	       new_grid_skin |      nil
	force_create_connections |      nil
	     supply_resource |   string electricity
	                dome |  boolean false
	  is_switched_switch |  boolean false
	     is_construction |  boolean true
	           grid_type |   string construction_grid
	                 map |   object Map
	supply_connection_grid |   object SupplyConnectionGrid
	 supply_overlay_grid | userdata 0x00000253F951CF48 #48
	           conn_grid | userdata 0x00000253F50B1840 #56
	               shape |    table 0x00000253E97DA300 #1
	potential_neighbours |    table 0x00000253EBDA87F8 #12
	        grids_merged |  boolean false
	                grid |      nil
	   built_connections |    table 0x00000253F011C070 #0
	create_connection_call_data |    table 0x00000253F011C0B0 #0
	          is_loading |  boolean false
	construction_connections |   number 0
	         connect_dir |   number 2
	     object_hex_grid | userdata 0x00000253EADE5F58 #56
	         (for index) |   number 5
	         (for limit) |   number 12
	          (for step) |   number 2
	                   i |   number 5
	                  pt |    point (318, 200)
	            other_pt |    point (317, 201)
	                 dir |   number 2
	            adjacent |      nil
	         empty_table |    table 0x00000253E5B45EA8 #0
[mod] [SMRTK] SMRTK_ERROR kind=lua message="Lua/SupplyGrid.lua:1820: attempt to index a nil value (local 'adjacent')" stack="  Lua/SupplyGrid.lua(1820):  method SupplyGridConnectElement\n  Lua/ElectricityGrid.lua(294):  method SetupElectricityElement\n  Lua/ElectricityGrid.lua(298):   <>\n  [C](-1):  global procall\n  CommonLua/Core/classes.lua(243):  method GameInit\n  CommonLua/Classes/_object.lua(192):   <>\n        --- end of stack" t=201405541 id=386
[SMRTK] SMRTK_ERROR kind=lua message="Lua/SupplyGrid.lua:1820: attempt to index a nil value (local 'adjacent')" stack="  Lua/SupplyGrid.lua(1820):  method SupplyGridConnectElement\n  Lua/ElectricityGrid.lua(294):  method SetupElectricityElement\n  Lua/ElectricityGrid.lua(298):   <>\n  [C](-1):  global procall\n  CommonLua/Core/classes.lua(243):  method GameInit\n  CommonLua/Classes/_object.lua(192):   <>\n        --- end of stack" t=201405541 id=386
						Lua 1:01:51:096
[LUA ERROR] Lua/SupplyGrid.lua:1829: attempt to index a boolean value (field 'grid')
  Lua/SupplyGrid.lua(1829):  method SupplyGridConnectElement
  Lua/ElectricityGrid.lua(294):  method SetupElectricityElement
  Lua/ElectricityGrid.lua(298):   <>
  [C](-1):  global procall
  CommonLua/Core/classes.lua(243):  method GameInit
  CommonLua/Classes/_object.lua(192):   <>
        --- end of stack
Locals:
	                self |   object CableConstructionSite at (413500, 180994, 7738) on map 1
	             element |   object SupplyGridElement
	          grid_class |   object ElectricityGrid
	       new_grid_skin |      nil
	force_create_connections |      nil
	     supply_resource |   string electricity
	                dome |  boolean false
	  is_switched_switch |  boolean false
	     is_construction |  boolean true
	           grid_type |   string construction_grid
	                 map |   object Map
	supply_connection_grid |   object SupplyConnectionGrid
	 supply_overlay_grid | userdata 0x00000253F951CF48 #48
	           conn_grid | userdata 0x00000253F50B1840 #56
	               shape |    table 0x00000253E97DA300 #1
	potential_neighbours |    table 0x00000253EAFE5F40 #10
	        grids_merged |  boolean false
	                grid |      nil
	   built_connections |    table 0x00000253F021BEE0 #1
	create_connection_call_data |    table 0x00000253EAFE5F80 #0
	          is_loading |  boolean false
	construction_connections |   number 0
	         connect_dir |   number 2
	     object_hex_grid | userdata 0x00000253EADE5F58 #56
	         (for index) |   number 9
	         (for limit) |   number 10
	          (for step) |   number 2
	                   i |   number 9
	                  pt |    point (309, 209)
	            other_pt |    point (310, 208)
	                 dir |   number 5
	            adjacent |   object CableConstructionSite at (414000, 180128, 7738) on map 1
	    adjacent_element |   object SupplyGridElement
	                skip |  boolean false
	         empty_table |    table 0x00000253E5B45EA8 #0
[mod] [SMRTK] SMRTK_ERROR kind=lua message="Lua/SupplyGrid.lua:1829: attempt to index a boolean value (field 'grid')" stack="  Lua/SupplyGrid.lua(1829):  method SupplyGridConnectElement\n  Lua/ElectricityGrid.lua(294):  method SetupElectricityElement\n  Lua/ElectricityGrid.lua(298):   <>\n  [C](-1):  global procall\n  CommonLua/Core/classes.lua(243):  method GameInit\n  CommonLua/Classes/_object.lua(192):   <>\n        --- end of stack" t=201405541 id=387
[SMRTK] SMRTK_ERROR kind=lua message="Lua/SupplyGrid.lua:1829: attempt to index a boolean value (field 'grid')" stack="  Lua/SupplyGrid.lua(1829):  method SupplyGridConnectElement\n  Lua/ElectricityGrid.lua(294):  method SetupElectricityElement\n  Lua/ElectricityGrid.lua(298):   <>\n  [C](-1):  global procall\n  CommonLua/Core/classes.lua(243):  method GameInit\n  CommonLua/Classes/_object.lua(192):   <>\n        --- end of stack" t=201405541 id=387
						Lua 1:01:55:062
[mod] [SMRTK] SMRTK_PANEL action=panel_toggle open=true status=OK tab=Saves t=201405541 id=388
						Lua 1:01:55:924
[mod] [SMRTK] SMRTK_PANEL action=panel_toggle open=false status=OK tab=Saves t=201405541 id=389
						Lua 1:01:57:474
[mod] [SMRTK] SMRTK_PANEL action=panel_toggle open=true status=OK tab=Saves t=201405541 id=390
						Lua 1:01:59:129
[mod] [SMRTK] SMRTK_CLEAR action=clear status=OK t=201405541 id=391
						Lua 1:02:02:629
[mod] [SMRTK] SMRTK_PANEL action=panel_toggle open=false status=OK tab=Saves t=201405541 id=392
						Lua 1:02:04:460
[mod] [SMRTK] SMRTK_SECTION action=section_attach attached=true dialog=ipBuilding object=CableConstructionSite(5816) status=OK t=201405541 id=393
						Lua 1:02:56:915
[mod] [SMRTK] SMRTK_SECTION action=section_attach attached=false reason="no supported actions" status=OK t=201405541 id=394
						Lua 1:03:00:587
[LUA ERROR] Lua/SupplyGrid.lua:1820: attempt to index a nil value (local 'adjacent')
  Lua/SupplyGrid.lua(1820):  method SupplyGridConnectElement
  Lua/ElectricityGrid.lua(294):  method SetupElectricityElement
  Lua/ElectricityGrid.lua(298):   <>
  [C](-1):  global procall
  CommonLua/Core/classes.lua(243):  method GameInit
  CommonLua/Classes/_object.lua(192):   <>
        --- end of stack
Locals:
	                self |   object CableConstructionSite at (422500, 174066, 7738) on map 1
	             element |   object SupplyGridElement
	          grid_class |   object ElectricityGrid
	       new_grid_skin |      nil
	force_create_connections |      nil
	     supply_resource |   string electricity
	                dome |  boolean false
	  is_switched_switch |  boolean false
	     is_construction |  boolean true
	           grid_type |   string construction_grid
	                 map |   object Map
	supply_connection_grid |   object SupplyConnectionGrid
	 supply_overlay_grid | userdata 0x00000253F951CF48 #48
	           conn_grid | userdata 0x00000253F50B1840 #56
	               shape |    table 0x00000253E97DA300 #1
	potential_neighbours |    table 0x00000253EF511410 #6
	        grids_merged |  boolean false
	                grid |      nil
	   built_connections |    table 0x00000253EF511620 #0
	create_connection_call_data |    table 0x00000253EF511660 #0
	          is_loading |  boolean false
	construction_connections |   number 0
	         connect_dir |   number 2
	     object_hex_grid | userdata 0x00000253EADE5F58 #56
	         (for index) |   number 1
	         (for limit) |   number 6
	          (for step) |   number 2
	                   i |   number 1
	                  pt |    point (322, 201)
	            other_pt |    point (321, 202)
	                 dir |   number 2
	            adjacent |      nil
	         empty_table |    table 0x00000253E5B45EA8 #0
[mod] [SMRTK] SMRTK_ERROR kind=lua message="Lua/SupplyGrid.lua:1820: attempt to index a nil value (local 'adjacent')" stack="  Lua/SupplyGrid.lua(1820):  method SupplyGridConnectElement\n  Lua/ElectricityGrid.lua(294):  method SetupElectricityElement\n  Lua/ElectricityGrid.lua(298):   <>\n  [C](-1):  global procall\n  CommonLua/Core/classes.lua(243):  method GameInit\n  CommonLua/Classes/_object.lua(192):   <>\n        --- end of stack" t=201405541 id=395
[SMRTK] SMRTK_ERROR kind=lua message="Lua/SupplyGrid.lua:1820: attempt to index a nil value (local 'adjacent')" stack="  Lua/SupplyGrid.lua(1820):  method SupplyGridConnectElement\n  Lua/ElectricityGrid.lua(294):  method SetupElectricityElement\n  Lua/ElectricityGrid.lua(298):   <>\n  [C](-1):  global procall\n  CommonLua/Core/classes.lua(243):  method GameInit\n  CommonLua/Classes/_object.lua(192):   <>\n        --- end of stack" t=201405541 id=395
[LUA ERROR] Lua/SupplyGrid.lua:1829: attempt to index a boolean value (field 'grid')
  Lua/SupplyGrid.lua(1829):  method SupplyGridConnectElement
  Lua/ElectricityGrid.lua(294):  method SetupElectricityElement
  Lua/ElectricityGrid.lua(298):   <>
  [C](-1):  global procall
  CommonLua/Core/classes.lua(243):  method GameInit
  CommonLua/Classes/_object.lua(192):   <>
        --- end of stack
Locals:
	                self |   object CableConstructionSite at (421500, 175798, 7738) on map 1
	             element |   object SupplyGridElement
	          grid_class |   object ElectricityGrid
	       new_grid_skin |      nil
	force_create_connections |      nil
	     supply_resource |   string electricity
	                dome |  boolean false
	  is_switched_switch |  boolean false
	     is_construction |  boolean true
	           grid_type |   string construction_grid
	                 map |   object Map
	supply_connection_grid |   object SupplyConnectionGrid
	 supply_overlay_grid | userdata 0x00000253F951CF48 #48
	           conn_grid | userdata 0x00000253F50B1840 #56
	               shape |    table 0x00000253E97DA300 #1
	potential_neighbours |    table 0x00000253EDDD2CF8 #6
	        grids_merged |  boolean false
	                grid |      nil
	   built_connections |    table 0x00000253E992CB20 #1
	create_connection_call_data |    table 0x00000253E992CB60 #0
	          is_loading |  boolean false
	construction_connections |   number 0
	         connect_dir |   number 2
	     object_hex_grid | userdata 0x00000253EADE5F58 #56
	         (for index) |   number 5
	         (for limit) |   number 6
	          (for step) |   number 2
	                   i |   number 5
	                  pt |    point (320, 203)
	            other_pt |    point (321, 202)
	                 dir |   number 5
	            adjacent |   object CableConstructionSite at (422000, 174932, 7738) on map 1
	    adjacent_element |   object SupplyGridElement
	                skip |  boolean false
	         empty_table |    table 0x00000253E5B45EA8 #0
[mod] [SMRTK] SMRTK_ERROR kind=lua message="Lua/SupplyGrid.lua:1829: attempt to index a boolean value (field 'grid')" stack="  Lua/SupplyGrid.lua(1829):  method SupplyGridConnectElement\n  Lua/ElectricityGrid.lua(294):  method SetupElectricityElement\n  Lua/ElectricityGrid.lua(298):   <>\n  [C](-1):  global procall\n  CommonLua/Core/classes.lua(243):  method GameInit\n  CommonLua/Classes/_object.lua(192):   <>\n        --- end of stack" t=201405541 id=396
[SMRTK] SMRTK_ERROR kind=lua message="Lua/SupplyGrid.lua:1829: attempt to index a boolean value (field 'grid')" stack="  Lua/SupplyGrid.lua(1829):  method SupplyGridConnectElement\n  Lua/ElectricityGrid.lua(294):  method SetupElectricityElement\n  Lua/ElectricityGrid.lua(298):   <>\n  [C](-1):  global procall\n  CommonLua/Core/classes.lua(243):  method GameInit\n  CommonLua/Classes/_object.lua(192):   <>\n        --- end of stack" t=201405541 id=396
						Lua 1:03:04:688
[LUA ERROR] Lua/SupplyGrid.lua:1820: attempt to index a nil value (local 'adjacent')
  Lua/SupplyGrid.lua(1820):  method SupplyGridConnectElement
  Lua/ElectricityGrid.lua(294):  method SetupElectricityElement
  Lua/ElectricityGrid.lua(298):   <>
  [C](-1):  global procall
  CommonLua/Core/classes.lua(243):  method GameInit
  CommonLua/Classes/_object.lua(192):   <>
        --- end of stack
Locals:
	                self |   object CableConstructionSite at (423500, 177530, 7738) on map 1
	             element |   object SupplyGridElement
	          grid_class |   object ElectricityGrid
	       new_grid_skin |      nil
	force_create_connections |      nil
	     supply_resource |   string electricity
	                dome |  boolean false
	  is_switched_switch |  boolean false
	     is_construction |  boolean true
	           grid_type |   string construction_grid
	                 map |   object Map
	supply_connection_grid |   object SupplyConnectionGrid
	 supply_overlay_grid | userdata 0x00000253F951CF48 #48
	           conn_grid | userdata 0x00000253F50B1840 #56
	               shape |    table 0x00000253E97DA300 #1
	potential_neighbours |    table 0x00000253EC7163C8 #12
	        grids_merged |  boolean false
	                grid |      nil
	   built_connections |    table 0x00000253EC7167B0 #1
	create_connection_call_data |    table 0x00000253EC7167F0 #0
	          is_loading |  boolean false
	construction_connections |   number 0
	         connect_dir |   number 0
	     object_hex_grid | userdata 0x00000253EADE5F58 #56
	         (for index) |   number 7
	         (for limit) |   number 12
	          (for step) |   number 2
	                   i |   number 7
	                  pt |    point (321, 205)
	            other_pt |    point (320, 205)
	                 dir |   number 3
	            adjacent |      nil
	         empty_table |    table 0x00000253E5B45EA8 #0
						Lua 1:03:04:689
[mod] [SMRTK] SMRTK_ERROR kind=lua message="Lua/SupplyGrid.lua:1820: attempt to index a nil value (local 'adjacent')" stack="  Lua/SupplyGrid.lua(1820):  method SupplyGridConnectElement\n  Lua/ElectricityGrid.lua(294):  method SetupElectricityElement\n  Lua/ElectricityGrid.lua(298):   <>\n  [C](-1):  global procall\n  CommonLua/Core/classes.lua(243):  method GameInit\n  CommonLua/Classes/_object.lua(192):   <>\n        --- end of stack" t=201405541 id=397
[SMRTK] SMRTK_ERROR kind=lua message="Lua/SupplyGrid.lua:1820: attempt to index a nil value (local 'adjacent')" stack="  Lua/SupplyGrid.lua(1820):  method SupplyGridConnectElement\n  Lua/ElectricityGrid.lua(294):  method SetupElectricityElement\n  Lua/ElectricityGrid.lua(298):   <>\n  [C](-1):  global procall\n  CommonLua/Core/classes.lua(243):  method GameInit\n  CommonLua/Classes/_object.lua(192):   <>\n        --- end of stack" t=201405541 id=397
[LUA ERROR] Lua/SupplyGrid.lua:1829: attempt to index a boolean value (field 'grid')
  Lua/SupplyGrid.lua(1829):  method SupplyGridConnectElement
  Lua/ElectricityGrid.lua(294):  method SetupElectricityElement
  Lua/ElectricityGrid.lua(298):   <>
  [C](-1):  global procall
  CommonLua/Core/classes.lua(243):  method GameInit
  CommonLua/Classes/_object.lua(192):   <>
        --- end of stack
Locals:
	                self |   object CableConstructionSite at (422500, 177530, 7738) on map 1
	             element |   object SupplyGridElement
	          grid_class |   object ElectricityGrid
	       new_grid_skin |      nil
	force_create_connections |      nil
	     supply_resource |   string electricity
	                dome |  boolean false
	  is_switched_switch |  boolean false
	     is_construction |  boolean true
	           grid_type |   string construction_grid
	                 map |   object Map
	supply_connection_grid |   object SupplyConnectionGrid
	 supply_overlay_grid | userdata 0x00000253F951CF48 #48
	           conn_grid | userdata 0x00000253F50B1840 #56
	               shape |    table 0x00000253E97DA300 #1
	potential_neighbours |    table 0x00000253EF83FD88 #8
	        grids_merged |  boolean false
	                grid |      nil
	   built_connections |    table 0x00000253EF840018 #1
	create_connection_call_data |    table 0x00000253EF840058 #0
	          is_loading |  boolean false
	construction_connections |   number 0
	         connect_dir |   number 0
	     object_hex_grid | userdata 0x00000253EADE5F58 #56
	         (for index) |   number 1
	         (for limit) |   number 8
	          (for step) |   number 2
	                   i |   number 1
	                  pt |    point (320, 205)
	            other_pt |    point (321, 205)
	                 dir |   number 0
	            adjacent |   object CableConstructionSite at (423500, 177530, 7738) on map 1
	    adjacent_element |   object SupplyGridElement
	                skip |  boolean false
	         empty_table |    table 0x00000253E5B45EA8 #0
[mod] [SMRTK] SMRTK_ERROR kind=lua message="Lua/SupplyGrid.lua:1829: attempt to index a boolean value (field 'grid')" stack="  Lua/SupplyGrid.lua(1829):  method SupplyGridConnectElement\n  Lua/ElectricityGrid.lua(294):  method SetupElectricityElement\n  Lua/ElectricityGrid.lua(298):   <>\n  [C](-1):  global procall\n  CommonLua/Core/classes.lua(243):  method GameInit\n  CommonLua/Classes/_object.lua(192):   <>\n        --- end of stack" t=201405541 id=398
[SMRTK] SMRTK_ERROR kind=lua message="Lua/SupplyGrid.lua:1829: attempt to index a boolean value (field 'grid')" stack="  Lua/SupplyGrid.lua(1829):  method SupplyGridConnectElement\n  Lua/ElectricityGrid.lua(294):  method SetupElectricityElement\n  Lua/ElectricityGrid.lua(298):   <>\n  [C](-1):  global procall\n  CommonLua/Core/classes.lua(243):  method GameInit\n  CommonLua/Classes/_object.lua(192):   <>\n        --- end of stack" t=201405541 id=398
						Lua 1:03:07:753
[LUA ERROR] Lua/SupplyGrid.lua:1820: attempt to index a nil value (local 'adjacent')
  Lua/SupplyGrid.lua(1820):  method SupplyGridConnectElement
  Lua/ElectricityGrid.lua(294):  method SetupElectricityElement
  Lua/ElectricityGrid.lua(298):   <>
  [C](-1):  global procall
  CommonLua/Core/classes.lua(243):  method GameInit
  CommonLua/Classes/_object.lua(192):   <>
        --- end of stack
Locals:
	                self |   object CableConstructionSite at (422500, 175798, 7738) on map 1
	             element |   object SupplyGridElement
	          grid_class |   object ElectricityGrid
	       new_grid_skin |      nil
	force_create_connections |      nil
	     supply_resource |   string electricity
	                dome |  boolean false
	  is_switched_switch |  boolean false
	     is_construction |  boolean true
	           grid_type |   string construction_grid
	                 map |   object Map
	supply_connection_grid |   object SupplyConnectionGrid
	 supply_overlay_grid | userdata 0x00000253F951CF48 #48
	           conn_grid | userdata 0x00000253F50B1840 #56
	               shape |    table 0x00000253E97DA300 #1
	potential_neighbours |    table 0x00000253ED8EC730 #8
	        grids_merged |  boolean false
	                grid |      nil
	   built_connections |    table 0x00000253ED8EC9C0 #0
	create_connection_call_data |    table 0x00000253ED8ECA00 #0
	          is_loading |  boolean false
	construction_connections |   number 0
	         connect_dir |   number 2
	     object_hex_grid | userdata 0x00000253EADE5F58 #56
	         (for index) |   number 3
	         (for limit) |   number 8
	          (for step) |   number 2
	                   i |   number 3
	                  pt |    point (321, 203)
	            other_pt |    point (320, 204)
	                 dir |   number 2
	            adjacent |      nil
	         empty_table |    table 0x00000253E5B45EA8 #0
[mod] [SMRTK] SMRTK_ERROR kind=lua message="Lua/SupplyGrid.lua:1820: attempt to index a nil value (local 'adjacent')" stack="  Lua/SupplyGrid.lua(1820):  method SupplyGridConnectElement\n  Lua/ElectricityGrid.lua(294):  method SetupElectricityElement\n  Lua/ElectricityGrid.lua(298):   <>\n  [C](-1):  global procall\n  CommonLua/Core/classes.lua(243):  method GameInit\n  CommonLua/Classes/_object.lua(192):   <>\n        --- end of stack" t=201405541 id=399
[SMRTK] SMRTK_ERROR kind=lua message="Lua/SupplyGrid.lua:1820: attempt to index a nil value (local 'adjacent')" stack="  Lua/SupplyGrid.lua(1820):  method SupplyGridConnectElement\n  Lua/ElectricityGrid.lua(294):  method SetupElectricityElement\n  Lua/ElectricityGrid.lua(298):   <>\n  [C](-1):  global procall\n  CommonLua/Core/classes.lua(243):  method GameInit\n  CommonLua/Classes/_object.lua(192):   <>\n        --- end of stack" t=201405541 id=399
						Lua 1:03:07:754
[LUA ERROR] Lua/SupplyGrid.lua:1829: attempt to index a boolean value (field 'grid')
  Lua/SupplyGrid.lua(1829):  method SupplyGridConnectElement
  Lua/ElectricityGrid.lua(294):  method SetupElectricityElement
  Lua/ElectricityGrid.lua(298):   <>
  [C](-1):  global procall
  CommonLua/Core/classes.lua(243):  method GameInit
  CommonLua/Classes/_object.lua(192):   <>
        --- end of stack
Locals:
	                self |   object CableConstructionSite at (421000, 178396, 7738) on map 1
	             element |   object SupplyGridElement
	          grid_class |   object ElectricityGrid
	       new_grid_skin |      nil
	force_create_connections |      nil
	     supply_resource |   string electricity
	                dome |  boolean false
	  is_switched_switch |  boolean false
	     is_construction |  boolean true
	           grid_type |   string construction_grid
	                 map |   object Map
	supply_connection_grid |   object SupplyConnectionGrid
	 supply_overlay_grid | userdata 0x00000253F951CF48 #48
	           conn_grid | userdata 0x00000253F50B1840 #56
	               shape |    table 0x00000253E97DA300 #1
	potential_neighbours |    table 0x00000253F4B7B178 #10
	        grids_merged |  boolean false
	                grid |      nil
	   built_connections |    table 0x00000253F4B7C208 #1
	create_connection_call_data |    table 0x00000253F4B7C248 #0
	          is_loading |  boolean false
	construction_connections |   number 0
	         connect_dir |   number 2
	     object_hex_grid | userdata 0x00000253EADE5F58 #56
	         (for index) |   number 9
	         (for limit) |   number 10
	          (for step) |   number 2
	                   i |   number 9
	                  pt |    point (318, 206)
	            other_pt |    point (319, 205)
	                 dir |   number 5
	            adjacent |   object CableConstructionSite at (421500, 177530, 7738) on map 1
	    adjacent_element |   object SupplyGridElement
	                skip |  boolean false
	         empty_table |    table 0x00000253E5B45EA8 #0
[mod] [SMRTK] SMRTK_ERROR kind=lua message="Lua/SupplyGrid.lua:1829: attempt to index a boolean value (field 'grid')" stack="  Lua/SupplyGrid.lua(1829):  method SupplyGridConnectElement\n  Lua/ElectricityGrid.lua(294):  method SetupElectricityElement\n  Lua/ElectricityGrid.lua(298):   <>\n  [C](-1):  global procall\n  CommonLua/Core/classes.lua(243):  method GameInit\n  CommonLua/Classes/_object.lua(192):   <>\n        --- end of stack" t=201405541 id=400
[SMRTK] SMRTK_ERROR kind=lua message="Lua/SupplyGrid.lua:1829: attempt to index a boolean value (field 'grid')" stack="  Lua/SupplyGrid.lua(1829):  method SupplyGridConnectElement\n  Lua/ElectricityGrid.lua(294):  method SetupElectricityElement\n  Lua/ElectricityGrid.lua(298):   <>\n  [C](-1):  global procall\n  CommonLua/Core/classes.lua(243):  method GameInit\n  CommonLua/Classes/_object.lua(192):   <>\n        --- end of stack" t=201405541 id=400
						Lua 1:03:11:784
[LUA ERROR] Lua/SupplyGrid.lua:1872: attempt to index a nil value (local 'adjacent')
  Lua/SupplyGrid.lua(1872):  method SupplyGridConnectElement
  Lua/ElectricityGrid.lua(294):  method SetupElectricityElement
  Lua/ElectricityGrid.lua(298):   <>
  [C](-1):  global procall
  CommonLua/Core/classes.lua(243):  method GameInit
  CommonLua/Classes/_object.lua(192):   <>
        --- end of stack
Locals:
	                self |   object CableConstructionSite at (422500, 172334, 7738) on map 1
	             element |   object SupplyGridElement
	          grid_class |   object ElectricityGrid
	       new_grid_skin |      nil
	force_create_connections |      nil
	     supply_resource |   string electricity
	                dome |  boolean false
	  is_switched_switch |  boolean false
	     is_construction |  boolean true
	           grid_type |   string construction_grid
	                 map |   object Map
	supply_connection_grid |   object SupplyConnectionGrid
	 supply_overlay_grid | userdata 0x00000253F951CF48 #48
	           conn_grid | userdata 0x00000253F50B1840 #56
	               shape |    table 0x00000253E97DA300 #1
	potential_neighbours |    table 0x00000253F4C22460 #4
	        grids_merged |  boolean false
	                grid |   object PlaceholderSupplyGrid at invalid pos on map 1
	   built_connections |    table 0x00000253F4C225F0 #1
	create_connection_call_data |    table 0x00000253F4C22630 #1
	          is_loading |  boolean false
	construction_connections |   number 0
	         should_skip | function 0x00000253F4C22670
	     object_hex_grid | userdata 0x00000253EADE5F58 #56
	         (for index) |   number 3
	         (for limit) |   number 4
	          (for step) |   number 2
	                   i |   number 3
	                  pt |    point (323, 199)
	            other_pt |    point (322, 199)
	            adjacent |      nil
	         empty_table |    table 0x00000253E5B45EA8 #0
[mod] [SMRTK] SMRTK_ERROR kind=lua message="Lua/SupplyGrid.lua:1872: attempt to index a nil value (local 'adjacent')" stack="  Lua/SupplyGrid.lua(1872):  method SupplyGridConnectElement\n  Lua/ElectricityGrid.lua(294):  method SetupElectricityElement\n  Lua/ElectricityGrid.lua(298):   <>\n  [C](-1):  global procall\n  CommonLua/Core/classes.lua(243):  method GameInit\n  CommonLua/Classes/_object.lua(192):   <>\n        --- end of stack" t=201405541 id=401
[SMRTK] SMRTK_ERROR kind=lua message="Lua/SupplyGrid.lua:1872: attempt to index a nil value (local 'adjacent')" stack="  Lua/SupplyGrid.lua(1872):  method SupplyGridConnectElement\n  Lua/ElectricityGrid.lua(294):  method SetupElectricityElement\n  Lua/ElectricityGrid.lua(298):   <>\n  [C](-1):  global procall\n  CommonLua/Core/classes.lua(243):  method GameInit\n  CommonLua/Classes/_object.lua(192):   <>\n        --- end of stack" t=201405541 id=401
						Lua 1:03:11:785
[LUA ERROR] Lua/SupplyGrid.lua:1820: attempt to index a nil value (local 'adjacent')
  Lua/SupplyGrid.lua(1820):  method SupplyGridConnectElement
  Lua/ElectricityGrid.lua(294):  method SetupElectricityElement
  Lua/ElectricityGrid.lua(298):   <>
  [C](-1):  global procall
  CommonLua/Core/classes.lua(243):  method GameInit
  CommonLua/Classes/_object.lua(192):   <>
        --- end of stack
Locals:
	                self |   object CableConstructionSite at (422000, 173200, 7738) on map 1
	             element |   object SupplyGridElement
	          grid_class |   object ElectricityGrid
	       new_grid_skin |      nil
	force_create_connections |      nil
	     supply_resource |   string electricity
	                dome |  boolean false
	  is_switched_switch |  boolean false
	     is_construction |  boolean true
	           grid_type |   string construction_grid
	                 map |   object Map
	supply_connection_grid |   object SupplyConnectionGrid
	 supply_overlay_grid | userdata 0x00000253F951CF48 #48
	           conn_grid | userdata 0x00000253F50B1840 #56
	               shape |    table 0x00000253E97DA300 #1
	potential_neighbours |    table 0x00000253E9E0C7C0 #12
	        grids_merged |  boolean false
	                grid |      nil
	   built_connections |    table 0x00000253E9E0CBA8 #0
	create_connection_call_data |    table 0x00000253E9E0CBE8 #0
	          is_loading |  boolean false
	construction_connections |   number 0
	         connect_dir |   number 2
	     object_hex_grid | userdata 0x00000253EADE5F58 #56
	         (for index) |   number 5
	         (for limit) |   number 12
	          (for step) |   number 2
	                   i |   number 5
	                  pt |    point (322, 200)
	            other_pt |    point (321, 201)
	                 dir |   number 2
	            adjacent |      nil
	         empty_table |    table 0x00000253E5B45EA8 #0
[mod] [SMRTK] SMRTK_ERROR kind=lua message="Lua/SupplyGrid.lua:1820: attempt to index a nil value (local 'adjacent')" stack="  Lua/SupplyGrid.lua(1820):  method SupplyGridConnectElement\n  Lua/ElectricityGrid.lua(294):  method SetupElectricityElement\n  Lua/ElectricityGrid.lua(298):   <>\n  [C](-1):  global procall\n  CommonLua/Core/classes.lua(243):  method GameInit\n  CommonLua/Classes/_object.lua(192):   <>\n        --- end of stack" t=201405541 id=402
[SMRTK] SMRTK_ERROR kind=lua message="Lua/SupplyGrid.lua:1820: attempt to index a nil value (local 'adjacent')" stack="  Lua/SupplyGrid.lua(1820):  method SupplyGridConnectElement\n  Lua/ElectricityGrid.lua(294):  method SetupElectricityElement\n  Lua/ElectricityGrid.lua(298):   <>\n  [C](-1):  global procall\n  CommonLua/Core/classes.lua(243):  method GameInit\n  CommonLua/Classes/_object.lua(192):   <>\n        --- end of stack" t=201405541 id=402
						Lua 1:03:13:685
[LUA ERROR] Lua/SupplyGrid.lua:1820: attempt to index a nil value (local 'adjacent')
  Lua/SupplyGrid.lua(1820):  method SupplyGridConnectElement
  Lua/ElectricityGrid.lua(294):  method SetupElectricityElement
  Lua/ElectricityGrid.lua(298):   <>
  [C](-1):  global procall
  CommonLua/Core/classes.lua(243):  method GameInit
  CommonLua/Classes/_object.lua(192):   <>
        --- end of stack
Locals:
	                self |   object CableConstructionSite at (412500, 189654, 7738) on map 1
	             element |   object SupplyGridElement
	          grid_class |   object ElectricityGrid
	       new_grid_skin |      nil
	force_create_connections |      nil
	     supply_resource |   string electricity
	                dome |  boolean false
	  is_switched_switch |  boolean false
	     is_construction |  boolean true
	           grid_type |   string construction_grid
	                 map |   object Map
	supply_connection_grid |   object SupplyConnectionGrid
	 supply_overlay_grid | userdata 0x00000253F951CF48 #48
	           conn_grid | userdata 0x00000253F50B1840 #56
	               shape |    table 0x00000253E97DA300 #1
	potential_neighbours |    table 0x00000253EDB602C8 #12
	        grids_merged |  boolean false
	                grid |      nil
	   built_connections |    table 0x00000253EDB606B0 #0
	create_connection_call_data |    table 0x00000253EDB606F0 #0
	          is_loading |  boolean false
	construction_connections |   number 0
	         connect_dir |   number 2
	     object_hex_grid | userdata 0x00000253EADE5F58 #56
	         (for index) |   number 5
	         (for limit) |   number 12
	          (for step) |   number 2
	                   i |   number 5
	                  pt |    point (303, 219)
	            other_pt |    point (302, 220)
	                 dir |   number 2
	            adjacent |      nil
	         empty_table |    table 0x00000253E5B45EA8 #0
						Lua 1:03:13:686
[mod] [SMRTK] SMRTK_ERROR kind=lua message="Lua/SupplyGrid.lua:1820: attempt to index a nil value (local 'adjacent')" stack="  Lua/SupplyGrid.lua(1820):  method SupplyGridConnectElement\n  Lua/ElectricityGrid.lua(294):  method SetupElectricityElement\n  Lua/ElectricityGrid.lua(298):   <>\n  [C](-1):  global procall\n  CommonLua/Core/classes.lua(243):  method GameInit\n  CommonLua/Classes/_object.lua(192):   <>\n        --- end of stack" t=201405541 id=403
[SMRTK] SMRTK_ERROR kind=lua message="Lua/SupplyGrid.lua:1820: attempt to index a nil value (local 'adjacent')" stack="  Lua/SupplyGrid.lua(1820):  method SupplyGridConnectElement\n  Lua/ElectricityGrid.lua(294):  method SetupElectricityElement\n  Lua/ElectricityGrid.lua(298):   <>\n  [C](-1):  global procall\n  CommonLua/Core/classes.lua(243):  method GameInit\n  CommonLua/Classes/_object.lua(192):   <>\n        --- end of stack" t=201405541 id=403
[LUA ERROR] Lua/SupplyGrid.lua:1829: attempt to index a boolean value (field 'grid')
  Lua/SupplyGrid.lua(1829):  method SupplyGridConnectElement
  Lua/ElectricityGrid.lua(294):  method SetupElectricityElement
  Lua/ElectricityGrid.lua(298):   <>
  [C](-1):  global procall
  CommonLua/Core/classes.lua(243):  method GameInit
  CommonLua/Classes/_object.lua(192):   <>
        --- end of stack
Locals:
	                self |   object CableConstructionSite at (411500, 191386, 7738) on map 1
	             element |   object SupplyGridElement
	          grid_class |   object ElectricityGrid
	       new_grid_skin |      nil
	force_create_connections |      nil
	     supply_resource |   string electricity
	                dome |  boolean false
	  is_switched_switch |  boolean false
	     is_construction |  boolean true
	           grid_type |   string construction_grid
	                 map |   object Map
	supply_connection_grid |   object SupplyConnectionGrid
	 supply_overlay_grid | userdata 0x00000253F951CF48 #48
	           conn_grid | userdata 0x00000253F50B1840 #56
	               shape |    table 0x00000253E97DA300 #1
	potential_neighbours |    table 0x00000253EC08CB20 #6
	        grids_merged |  boolean false
	                grid |      nil
	   built_connections |    table 0x00000253F5518550 #1
	create_connection_call_data |    table 0x00000253F5518590 #0
	          is_loading |  boolean false
	construction_connections |   number 0
	         connect_dir |   number 2
	     object_hex_grid | userdata 0x00000253EADE5F58 #56
	         (for index) |   number 5
	         (for limit) |   number 6
	          (for step) |   number 2
	                   i |   number 5
	                  pt |    point (301, 221)
	            other_pt |    point (302, 220)
	                 dir |   number 5
	            adjacent |   object CableConstructionSite at (412000, 190520, 7738) on map 1
	    adjacent_element |   object SupplyGridElement
	                skip |  boolean false
	         empty_table |    table 0x00000253E5B45EA8 #0
[mod] [SMRTK] SMRTK_ERROR kind=lua message="Lua/SupplyGrid.lua:1829: attempt to index a boolean value (field 'grid')" stack="  Lua/SupplyGrid.lua(1829):  method SupplyGridConnectElement\n  Lua/ElectricityGrid.lua(294):  method SetupElectricityElement\n  Lua/ElectricityGrid.lua(298):   <>\n  [C](-1):  global procall\n  CommonLua/Core/classes.lua(243):  method GameInit\n  CommonLua/Classes/_object.lua(192):   <>\n        --- end of stack" t=201405541 id=404
[SMRTK] SMRTK_ERROR kind=lua message="Lua/SupplyGrid.lua:1829: attempt to index a boolean value (field 'grid')" stack="  Lua/SupplyGrid.lua(1829):  method SupplyGridConnectElement\n  Lua/ElectricityGrid.lua(294):  method SetupElectricityElement\n  Lua/ElectricityGrid.lua(298):   <>\n  [C](-1):  global procall\n  CommonLua/Core/classes.lua(243):  method GameInit\n  CommonLua/Classes/_object.lua(192):   <>\n        --- end of stack" t=201405541 id=404
						Lua 1:03:16:531
[LUA ERROR] Lua/SupplyGrid.lua:1820: attempt to index a nil value (local 'adjacent')
  Lua/SupplyGrid.lua(1820):  method SupplyGridConnectElement
  Lua/ElectricityGrid.lua(294):  method SetupElectricityElement
  Lua/ElectricityGrid.lua(298):   <>
  [C](-1):  global procall
  CommonLua/Core/classes.lua(243):  method GameInit
  CommonLua/Classes/_object.lua(192):   <>
        --- end of stack
Locals:
	                self |   object CableConstructionSite at (413000, 190520, 7738) on map 1
	             element |   object SupplyGridElement
	          grid_class |   object ElectricityGrid
	       new_grid_skin |      nil
	force_create_connections |      nil
	     supply_resource |   string electricity
	                dome |  boolean false
	  is_switched_switch |  boolean false
	     is_construction |  boolean true
	           grid_type |   string construction_grid
	                 map |   object Map
	supply_connection_grid |   object SupplyConnectionGrid
	 supply_overlay_grid | userdata 0x00000253F951CF48 #48
	           conn_grid | userdata 0x00000253F50B1840 #56
	               shape |    table 0x00000253E97DA300 #1
	potential_neighbours |    table 0x00000253F3EBE8E0 #12
	        grids_merged |  boolean false
	                grid |      nil
	   built_connections |    table 0x00000253EF452B38 #0
	create_connection_call_data |    table 0x00000253EF452B78 #0
	          is_loading |  boolean false
	construction_connections |   number 0
	         connect_dir |   number 2
	     object_hex_grid | userdata 0x00000253EADE5F58 #56
	         (for index) |   number 5
	         (for limit) |   number 12
	          (for step) |   number 2
	                   i |   number 5
	                  pt |    point (303, 220)
	            other_pt |    point (302, 221)
	                 dir |   number 2
	            adjacent |      nil
	         empty_table |    table 0x00000253E5B45EA8 #0
						Lua 1:03:16:532
[mod] [SMRTK] SMRTK_ERROR kind=lua message="Lua/SupplyGrid.lua:1820: attempt to index a nil value (local 'adjacent')" stack="  Lua/SupplyGrid.lua(1820):  method SupplyGridConnectElement\n  Lua/ElectricityGrid.lua(294):  method SetupElectricityElement\n  Lua/ElectricityGrid.lua(298):   <>\n  [C](-1):  global procall\n  CommonLua/Core/classes.lua(243):  method GameInit\n  CommonLua/Classes/_object.lua(192):   <>\n        --- end of stack" t=201405541 id=405
[SMRTK] SMRTK_ERROR kind=lua message="Lua/SupplyGrid.lua:1820: attempt to index a nil value (local 'adjacent')" stack="  Lua/SupplyGrid.lua(1820):  method SupplyGridConnectElement\n  Lua/ElectricityGrid.lua(294):  method SetupElectricityElement\n  Lua/ElectricityGrid.lua(298):   <>\n  [C](-1):  global procall\n  CommonLua/Core/classes.lua(243):  method GameInit\n  CommonLua/Classes/_object.lua(192):   <>\n        --- end of stack" t=201405541 id=405
[LUA ERROR] Lua/SupplyGrid.lua:1829: attempt to index a boolean value (field 'grid')
  Lua/SupplyGrid.lua(1829):  method SupplyGridConnectElement
  Lua/ElectricityGrid.lua(294):  method SetupElectricityElement
  Lua/ElectricityGrid.lua(298):   <>
  [C](-1):  global procall
  CommonLua/Core/classes.lua(243):  method GameInit
  CommonLua/Classes/_object.lua(192):   <>
        --- end of stack
Locals:
	                self |   object CableConstructionSite at (412500, 191386, 7738) on map 1
	             element |   object SupplyGridElement
	          grid_class |   object ElectricityGrid
	       new_grid_skin |      nil
	force_create_connections |      nil
	     supply_resource |   string electricity
	                dome |  boolean false
	  is_switched_switch |  boolean false
	     is_construction |  boolean true
	           grid_type |   string construction_grid
	                 map |   object Map
	supply_connection_grid |   object SupplyConnectionGrid
	 supply_overlay_grid | userdata 0x00000253F951CF48 #48
	           conn_grid | userdata 0x00000253F50B1840 #56
	               shape |    table 0x00000253E97DA300 #1
	potential_neighbours |    table 0x00000253EF455998 #10
	        grids_merged |  boolean false
	                grid |      nil
	   built_connections |    table 0x00000253EF455D00 #1
	create_connection_call_data |    table 0x00000253EF455D40 #0
	          is_loading |  boolean false
	construction_connections |   number 0
	         connect_dir |   number 2
	     object_hex_grid | userdata 0x00000253EADE5F58 #56
	         (for index) |   number 9
	         (for limit) |   number 10
	          (for step) |   number 2
	                   i |   number 9
	                  pt |    point (302, 221)
	            other_pt |    point (303, 220)
	                 dir |   number 5
	            adjacent |   object CableConstructionSite at (413000, 190520, 7738) on map 1
	    adjacent_element |   object SupplyGridElement
	                skip |  boolean false
	         empty_table |    table 0x00000253E5B45EA8 #0
[mod] [SMRTK] SMRTK_ERROR kind=lua message="Lua/SupplyGrid.lua:1829: attempt to index a boolean value (field 'grid')" stack="  Lua/SupplyGrid.lua(1829):  method SupplyGridConnectElement\n  Lua/ElectricityGrid.lua(294):  method SetupElectricityElement\n  Lua/ElectricityGrid.lua(298):   <>\n  [C](-1):  global procall\n  CommonLua/Core/classes.lua(243):  method GameInit\n  CommonLua/Classes/_object.lua(192):   <>\n        --- end of stack" t=201405541 id=406
[SMRTK] SMRTK_ERROR kind=lua message="Lua/SupplyGrid.lua:1829: attempt to index a boolean value (field 'grid')" stack="  Lua/SupplyGrid.lua(1829):  method SupplyGridConnectElement\n  Lua/ElectricityGrid.lua(294):  method SetupElectricityElement\n  Lua/ElectricityGrid.lua(298):   <>\n  [C](-1):  global procall\n  CommonLua/Core/classes.lua(243):  method GameInit\n  CommonLua/Classes/_object.lua(192):   <>\n        --- end of stack" t=201405541 id=406
						Lua 1:03:21:820
[LUA ERROR] Lua/SupplyGrid.lua:1820: attempt to index a nil value (local 'adjacent')
  Lua/SupplyGrid.lua(1820):  method SupplyGridConnectElement
  Lua/ElectricityGrid.lua(294):  method SetupElectricityElement
  Lua/ElectricityGrid.lua(298):   <>
  [C](-1):  global procall
  CommonLua/Core/classes.lua(243):  method GameInit
  CommonLua/Classes/_object.lua(192):   <>
        --- end of stack
Locals:
	                self |   object CableConstructionSite at (422000, 171468, 7738) on map 1
	             element |   object SupplyGridElement
	          grid_class |   object ElectricityGrid
	       new_grid_skin |      nil
	force_create_connections |      nil
	     supply_resource |   string electricity
	                dome |  boolean false
	  is_switched_switch |  boolean false
	     is_construction |  boolean true
	           grid_type |   string construction_grid
	                 map |   object Map
	supply_connection_grid |   object SupplyConnectionGrid
	 supply_overlay_grid | userdata 0x00000253F951CF48 #48
	           conn_grid | userdata 0x00000253F50B1840 #56
	               shape |    table 0x00000253E97DA300 #1
	potential_neighbours |    table 0x00000253FACFA1A0 #6
	        grids_merged |  boolean false
	                grid |      nil
	   built_connections |    table 0x00000253FACFA3B0 #0
	create_connection_call_data |    table 0x00000253FACFA3F0 #0
	          is_loading |  boolean false
	construction_connections |   number 0
	         connect_dir |   number 2
	     object_hex_grid | userdata 0x00000253EADE5F58 #56
	         (for index) |   number 3
	         (for limit) |   number 6
	          (for step) |   number 2
	                   i |   number 3
	                  pt |    point (323, 198)
	            other_pt |    point (322, 199)
	                 dir |   number 2
	            adjacent |      nil
	         empty_table |    table 0x00000253E5B45EA8 #0
[mod] [SMRTK] SMRTK_ERROR kind=lua message="Lua/SupplyGrid.lua:1820: attempt to index a nil value (local 'adjacent')" stack="  Lua/SupplyGrid.lua(1820):  method SupplyGridConnectElement\n  Lua/ElectricityGrid.lua(294):  method SetupElectricityElement\n  Lua/ElectricityGrid.lua(298):   <>\n  [C](-1):  global procall\n  CommonLua/Core/classes.lua(243):  method GameInit\n  CommonLua/Classes/_object.lua(192):   <>\n        --- end of stack" t=201405541 id=407
[SMRTK] SMRTK_ERROR kind=lua message="Lua/SupplyGrid.lua:1820: attempt to index a nil value (local 'adjacent')" stack="  Lua/SupplyGrid.lua(1820):  method SupplyGridConnectElement\n  Lua/ElectricityGrid.lua(294):  method SetupElectricityElement\n  Lua/ElectricityGrid.lua(298):   <>\n  [C](-1):  global procall\n  CommonLua/Core/classes.lua(243):  method GameInit\n  CommonLua/Classes/_object.lua(192):   <>\n        --- end of stack" t=201405541 id=407
						Lua 1:03:23:300
[LUA ERROR] Lua/SupplyGrid.lua:1820: attempt to index a nil value (local 'adjacent')
  Lua/SupplyGrid.lua(1820):  method SupplyGridConnectElement
  Lua/ElectricityGrid.lua(294):  method SetupElectricityElement
  Lua/ElectricityGrid.lua(298):   <>
  [C](-1):  global procall
  CommonLua/Core/classes.lua(243):  method GameInit
  CommonLua/Classes/_object.lua(192):   <>
        --- end of stack
Locals:
	                self |   object CableConstructionSite at (413000, 187056, 7738) on map 1
	             element |   object SupplyGridElement
	          grid_class |   object ElectricityGrid
	       new_grid_skin |      nil
	force_create_connections |      nil
	     supply_resource |   string electricity
	                dome |  boolean false
	  is_switched_switch |  boolean false
	     is_construction |  boolean true
	           grid_type |   string construction_grid
	                 map |   object Map
	supply_connection_grid |   object SupplyConnectionGrid
	 supply_overlay_grid | userdata 0x00000253F951CF48 #48
	           conn_grid | userdata 0x00000253F50B1840 #56
	               shape |    table 0x00000253E97DA300 #1
	potential_neighbours |    table 0x00000253F94AE7C0 #12
	        grids_merged |  boolean false
	                grid |      nil
	   built_connections |    table 0x00000253F94AEBA8 #0
	create_connection_call_data |    table 0x00000253F94AEBE8 #0
	          is_loading |  boolean false
	construction_connections |   number 0
	         connect_dir |   number 2
	     object_hex_grid | userdata 0x00000253EADE5F58 #56
	         (for index) |   number 5
	         (for limit) |   number 12
	          (for step) |   number 2
	                   i |   number 5
	                  pt |    point (305, 216)
	            other_pt |    point (304, 217)
	                 dir |   number 2
	            adjacent |      nil
	         empty_table |    table 0x00000253E5B45EA8 #0
						Lua 1:03:23:301
[mod] [SMRTK] SMRTK_ERROR kind=lua message="Lua/SupplyGrid.lua:1820: attempt to index a nil value (local 'adjacent')" stack="  Lua/SupplyGrid.lua(1820):  method SupplyGridConnectElement\n  Lua/ElectricityGrid.lua(294):  method SetupElectricityElement\n  Lua/ElectricityGrid.lua(298):   <>\n  [C](-1):  global procall\n  CommonLua/Core/classes.lua(243):  method GameInit\n  CommonLua/Classes/_object.lua(192):   <>\n        --- end of stack" t=201405541 id=408
[SMRTK] SMRTK_ERROR kind=lua message="Lua/SupplyGrid.lua:1820: attempt to index a nil value (local 'adjacent')" stack="  Lua/SupplyGrid.lua(1820):  method SupplyGridConnectElement\n  Lua/ElectricityGrid.lua(294):  method SetupElectricityElement\n  Lua/ElectricityGrid.lua(298):   <>\n  [C](-1):  global procall\n  CommonLua/Core/classes.lua(243):  method GameInit\n  CommonLua/Classes/_object.lua(192):   <>\n        --- end of stack" t=201405541 id=408
[LUA ERROR] Lua/SupplyGrid.lua:1829: attempt to index a boolean value (field 'grid')
  Lua/SupplyGrid.lua(1829):  method SupplyGridConnectElement
  Lua/ElectricityGrid.lua(294):  method SetupElectricityElement
  Lua/ElectricityGrid.lua(298):   <>
  [C](-1):  global procall
  CommonLua/Core/classes.lua(243):  method GameInit
  CommonLua/Classes/_object.lua(192):   <>
        --- end of stack
Locals:
	                self |   object CableConstructionSite at (411000, 190520, 7738) on map 1
	             element |   object SupplyGridElement
	          grid_class |   object ElectricityGrid
	       new_grid_skin |      nil
	force_create_connections |      nil
	     supply_resource |   string electricity
	                dome |  boolean false
	  is_switched_switch |  boolean false
	     is_construction |  boolean true
	           grid_type |   string construction_grid
	                 map |   object Map
	supply_connection_grid |   object SupplyConnectionGrid
	 supply_overlay_grid | userdata 0x00000253F951CF48 #48
	           conn_grid | userdata 0x00000253F50B1840 #56
	               shape |    table 0x00000253E97DA300 #1
	potential_neighbours |    table 0x00000253EEA6B9D8 #10
	        grids_merged |  boolean false
	                grid |      nil
	   built_connections |    table 0x00000253EED42820 #1
	create_connection_call_data |    table 0x00000253EED42860 #0
	          is_loading |  boolean false
	construction_connections |   number 0
	         connect_dir |   number 2
	     object_hex_grid | userdata 0x00000253EADE5F58 #56
	         (for index) |   number 9
	         (for limit) |   number 10
	          (for step) |   number 2
	                   i |   number 9
	                  pt |    point (301, 220)
	            other_pt |    point (302, 219)
	                 dir |   number 5
	            adjacent |   object CableConstructionSite at (411500, 189654, 7738) on map 1
	    adjacent_element |   object SupplyGridElement
	                skip |  boolean false
	         empty_table |    table 0x00000253E5B45EA8 #0
[mod] [SMRTK] SMRTK_ERROR kind=lua message="Lua/SupplyGrid.lua:1829: attempt to index a boolean value (field 'grid')" stack="  Lua/SupplyGrid.lua(1829):  method SupplyGridConnectElement\n  Lua/ElectricityGrid.lua(294):  method SetupElectricityElement\n  Lua/ElectricityGrid.lua(298):   <>\n  [C](-1):  global procall\n  CommonLua/Core/classes.lua(243):  method GameInit\n  CommonLua/Classes/_object.lua(192):   <>\n        --- end of stack" t=201405541 id=409
[SMRTK] SMRTK_ERROR kind=lua message="Lua/SupplyGrid.lua:1829: attempt to index a boolean value (field 'grid')" stack="  Lua/SupplyGrid.lua(1829):  method SupplyGridConnectElement\n  Lua/ElectricityGrid.lua(294):  method SetupElectricityElement\n  Lua/ElectricityGrid.lua(298):   <>\n  [C](-1):  global procall\n  CommonLua/Core/classes.lua(243):  method GameInit\n  CommonLua/Classes/_object.lua(192):   <>\n        --- end of stack" t=201405541 id=409
						Lua 1:03:29:192
[LUA ERROR] Lua/SupplyGrid.lua:1890: attempt to index a boolean value (local 'other_grid')
  Lua/SupplyGrid.lua(1890):  method SupplyGridConnectElement
  Lua/ElectricityGrid.lua(294):  method SetupElectricityElement
  Lua/ElectricityGrid.lua(298):   <>
  [C](-1):  global procall
  CommonLua/Core/classes.lua(243):  method GameInit
  CommonLua/Classes/_object.lua(192):   <>
        --- end of stack
Locals:
	                self |   object CableConstructionSite at (423000, 171468, 7738) on map 1
	             element |   object SupplyGridElement
	          grid_class |   object ElectricityGrid
	       new_grid_skin |      nil
	force_create_connections |      nil
	     supply_resource |   string electricity
	                dome |  boolean false
	  is_switched_switch |  boolean false
	     is_construction |  boolean true
	           grid_type |   string construction_grid
	                 map |   object Map
	supply_connection_grid |   object SupplyConnectionGrid
	 supply_overlay_grid | userdata 0x00000253F951CF48 #48
	           conn_grid | userdata 0x00000253F50B1840 #56
	               shape |    table 0x00000253E97DA300 #1
	potential_neighbours |    table 0x00000253F4B2C508 #12
	        grids_merged |  boolean false
	                grid |   object PlaceholderSupplyGrid at invalid pos on map 1
	   built_connections |    table 0x00000253F4B2D578 #2
	create_connection_call_data |    table 0x00000253F4B2D5B8 #0
	          is_loading |  boolean false
	construction_connections |   number 0
	         should_skip | function 0x00000253F7F80CE0
	     object_hex_grid | userdata 0x00000253EADE5F58 #56
	         (for index) |   number 7
	         (for limit) |   number 12
	          (for step) |   number 2
	                   i |   number 7
	                  pt |    point (324, 198)
	            other_pt |    point (323, 198)
	            adjacent |   object CableConstructionSite at (422000, 171468, 7738) on map 1
	    adjacent_element |   object SupplyGridElement
	       force_connect |      nil
	          other_grid |  boolean false
	         empty_table |    table 0x00000253E5B45EA8 #0
[mod] [SMRTK] SMRTK_ERROR kind=lua message="Lua/SupplyGrid.lua:1890: attempt to index a boolean value (local 'other_grid')" stack="  Lua/SupplyGrid.lua(1890):  method SupplyGridConnectElement\n  Lua/ElectricityGrid.lua(294):  method SetupElectricityElement\n  Lua/ElectricityGrid.lua(298):   <>\n  [C](-1):  global procall\n  CommonLua/Core/classes.lua(243):  method GameInit\n  CommonLua/Classes/_object.lua(192):   <>\n        --- end of stack" t=201405541 id=410
[SMRTK] SMRTK_ERROR kind=lua message="Lua/SupplyGrid.lua:1890: attempt to index a boolean value (local 'other_grid')" stack="  Lua/SupplyGrid.lua(1890):  method SupplyGridConnectElement\n  Lua/ElectricityGrid.lua(294):  method SetupElectricityElement\n  Lua/ElectricityGrid.lua(298):   <>\n  [C](-1):  global procall\n  CommonLua/Core/classes.lua(243):  method GameInit\n  CommonLua/Classes/_object.lua(192):   <>\n        --- end of stack" t=201405541 id=410
						Lua 1:03:32:572
[LUA ERROR] Lua/SupplyGrid.lua:1890: attempt to index a boolean value (local 'other_grid')
  Lua/SupplyGrid.lua(1890):  method SupplyGridConnectElement
  Lua/ElectricityGrid.lua(294):  method SetupElectricityElement
  Lua/ElectricityGrid.lua(298):   <>
  [C](-1):  global procall
  CommonLua/Core/classes.lua(243):  method GameInit
  CommonLua/Classes/_object.lua(192):   <>
        --- end of stack
Locals:
						Lua 1:03:32:573
	                self |   object CableConstructionSite at (421500, 170602, 7738) on map 1
	             element |   object SupplyGridElement
	          grid_class |   object ElectricityGrid
	       new_grid_skin |      nil
	force_create_connections |      nil
	     supply_resource |   string electricity
	                dome |  boolean false
	  is_switched_switch |  boolean false
	     is_construction |  boolean true
	           grid_type |   string construction_grid
	                 map |   object Map
	supply_connection_grid |   object SupplyConnectionGrid
	 supply_overlay_grid | userdata 0x00000253F951CF48 #48
	           conn_grid | userdata 0x00000253F50B1840 #56
	               shape |    table 0x00000253E97DA300 #1
	potential_neighbours |    table 0x00000253F1D05B30 #6
	        grids_merged |  boolean false
	                grid |   object PlaceholderSupplyGrid at invalid pos on map 1
	   built_connections |    table 0x00000253F50FBCF8 #1
	create_connection_call_data |    table 0x00000253F50FBD38 #0
	          is_loading |  boolean false
	construction_connections |   number 0
	         should_skip | function 0x00000253F1D05428
	     object_hex_grid | userdata 0x00000253EADE5F58 #56
	         (for index) |   number 3
	         (for limit) |   number 6
	          (for step) |   number 2
	                   i |   number 3
	                  pt |    point (323, 197)
	            other_pt |    point (323, 198)
	            adjacent |   object CableConstructionSite at (422000, 171468, 7738) on map 1
	    adjacent_element |   object SupplyGridElement
	       force_connect |      nil
	          other_grid |  boolean false
	         empty_table |    table 0x00000253E5B45EA8 #0
[mod] [SMRTK] SMRTK_ERROR kind=lua message="Lua/SupplyGrid.lua:1890: attempt to index a boolean value (local 'other_grid')" stack="  Lua/SupplyGrid.lua(1890):  method SupplyGridConnectElement\n  Lua/ElectricityGrid.lua(294):  method SetupElectricityElement\n  Lua/ElectricityGrid.lua(298):   <>\n  [C](-1):  global procall\n  CommonLua/Core/classes.lua(243):  method GameInit\n  CommonLua/Classes/_object.lua(192):   <>\n        --- end of stack" t=201405541 id=411
[SMRTK] SMRTK_ERROR kind=lua message="Lua/SupplyGrid.lua:1890: attempt to index a boolean value (local 'other_grid')" stack="  Lua/SupplyGrid.lua(1890):  method SupplyGridConnectElement\n  Lua/ElectricityGrid.lua(294):  method SetupElectricityElement\n  Lua/ElectricityGrid.lua(298):   <>\n  [C](-1):  global procall\n  CommonLua/Core/classes.lua(243):  method GameInit\n  CommonLua/Classes/_object.lua(192):   <>\n        --- end of stack" t=201405541 id=411
[LUA ERROR] Lua/SupplyGrid.lua:1820: attempt to index a nil value (local 'adjacent')
  Lua/SupplyGrid.lua(1820):  method SupplyGridConnectElement
  Lua/ElectricityGrid.lua(294):  method SetupElectricityElement
  Lua/ElectricityGrid.lua(298):   <>
  [C](-1):  global procall
  CommonLua/Core/classes.lua(243):  method GameInit
  CommonLua/Classes/_object.lua(192):   <>
        --- end of stack
Locals:
	                self |   object CableConstructionSite at (421000, 171468, 7738) on map 1
	             element |   object SupplyGridElement
	          grid_class |   object ElectricityGrid
	       new_grid_skin |      nil
	force_create_connections |      nil
	     supply_resource |   string electricity
	                dome |  boolean false
	  is_switched_switch |  boolean false
	     is_construction |  boolean true
	           grid_type |   string construction_grid
	                 map |   object Map
	supply_connection_grid |   object SupplyConnectionGrid
	 supply_overlay_grid | userdata 0x00000253F951CF48 #48
	           conn_grid | userdata 0x00000253F50B1840 #56
	               shape |    table 0x00000253E97DA300 #1
	potential_neighbours |    table 0x00000253F50FEBF8 #10
	        grids_merged |  boolean false
	                grid |      nil
	   built_connections |    table 0x00000253F50FEF60 #0
	create_connection_call_data |    table 0x00000253F50FEFA0 #0
	          is_loading |  boolean false
	construction_connections |   number 0
	         connect_dir |   number 2
	     object_hex_grid | userdata 0x00000253EADE5F58 #56
	         (for index) |   number 5
	         (for limit) |   number 10
	          (for step) |   number 2
	                   i |   number 5
	                  pt |    point (322, 198)
	            other_pt |    point (321, 199)
	                 dir |   number 2
	            adjacent |      nil
	         empty_table |    table 0x00000253E5B45EA8 #0
[mod] [SMRTK] SMRTK_ERROR kind=lua message="Lua/SupplyGrid.lua:1820: attempt to index a nil value (local 'adjacent')" stack="  Lua/SupplyGrid.lua(1820):  method SupplyGridConnectElement\n  Lua/ElectricityGrid.lua(294):  method SetupElectricityElement\n  Lua/ElectricityGrid.lua(298):   <>\n  [C](-1):  global procall\n  CommonLua/Core/classes.lua(243):  method GameInit\n  CommonLua/Classes/_object.lua(192):   <>\n        --- end of stack" t=201405541 id=412
[SMRTK] SMRTK_ERROR kind=lua message="Lua/SupplyGrid.lua:1820: attempt to index a nil value (local 'adjacent')" stack="  Lua/SupplyGrid.lua(1820):  method SupplyGridConnectElement\n  Lua/ElectricityGrid.lua(294):  method SetupElectricityElement\n  Lua/ElectricityGrid.lua(298):   <>\n  [C](-1):  global procall\n  CommonLua/Core/classes.lua(243):  method GameInit\n  CommonLua/Classes/_object.lua(192):   <>\n        --- end of stack" t=201405541 id=412
						Lua 1:03:34:750
[LUA ERROR] Lua/SupplyGrid.lua:1820: attempt to index a nil value (local 'adjacent')
  Lua/SupplyGrid.lua(1820):  method SupplyGridConnectElement
  Lua/ElectricityGrid.lua(294):  method SetupElectricityElement
  Lua/ElectricityGrid.lua(298):   <>
  [C](-1):  global procall
  CommonLua/Core/classes.lua(243):  method GameInit
  CommonLua/Classes/_object.lua(192):   <>
        --- end of stack
Locals:
	                self |   object CableConstructionSite at (414000, 183592, 7738) on map 1
	             element |   object SupplyGridElement
	          grid_class |   object ElectricityGrid
	       new_grid_skin |      nil
	force_create_connections |      nil
	     supply_resource |   string electricity
	                dome |  boolean false
	  is_switched_switch |  boolean false
	     is_construction |  boolean true
	           grid_type |   string construction_grid
	                 map |   object Map
	supply_connection_grid |   object SupplyConnectionGrid
	 supply_overlay_grid | userdata 0x00000253F951CF48 #48
	           conn_grid | userdata 0x00000253F50B1840 #56
	               shape |    table 0x00000253E97DA300 #1
	potential_neighbours |    table 0x00000253F46F6208 #10
	        grids_merged |  boolean false
	                grid |      nil
	   built_connections |    table 0x00000253F46F6570 #0
	create_connection_call_data |    table 0x00000253F46F65B0 #0
	          is_loading |  boolean false
	construction_connections |   number 0
	         connect_dir |   number 2
	     object_hex_grid | userdata 0x00000253EADE5F58 #56
	         (for index) |   number 5
	         (for limit) |   number 10
	          (for step) |   number 2
	                   i |   number 5
	                  pt |    point (308, 212)
	            other_pt |    point (307, 213)
	                 dir |   number 2
	            adjacent |      nil
	         empty_table |    table 0x00000253E5B45EA8 #0
[mod] [SMRTK] SMRTK_ERROR kind=lua message="Lua/SupplyGrid.lua:1820: attempt to index a nil value (local 'adjacent')" stack="  Lua/SupplyGrid.lua(1820):  method SupplyGridConnectElement\n  Lua/ElectricityGrid.lua(294):  method SetupElectricityElement\n  Lua/ElectricityGrid.lua(298):   <>\n  [C](-1):  global procall\n  CommonLua/Core/classes.lua(243):  method GameInit\n  CommonLua/Classes/_object.lua(192):   <>\n        --- end of stack" t=201405541 id=413
[SMRTK] SMRTK_ERROR kind=lua message="Lua/SupplyGrid.lua:1820: attempt to index a nil value (local 'adjacent')" stack="  Lua/SupplyGrid.lua(1820):  method SupplyGridConnectElement\n  Lua/ElectricityGrid.lua(294):  method SetupElectricityElement\n  Lua/ElectricityGrid.lua(298):   <>\n  [C](-1):  global procall\n  CommonLua/Core/classes.lua(243):  method GameInit\n  CommonLua/Classes/_object.lua(192):   <>\n        --- end of stack" t=201405541 id=413
						Lua 1:03:34:751
[LUA ERROR] Lua/SupplyGrid.lua:1829: attempt to index a boolean value (field 'grid')
  Lua/SupplyGrid.lua(1829):  method SupplyGridConnectElement
  Lua/ElectricityGrid.lua(294):  method SetupElectricityElement
  Lua/ElectricityGrid.lua(298):   <>
  [C](-1):  global procall
  CommonLua/Core/classes.lua(243):  method GameInit
  CommonLua/Classes/_object.lua(192):   <>
        --- end of stack
Locals:
	                self |   object CableConstructionSite at (409500, 191386, 7738) on map 1
	             element |   object SupplyGridElement
	          grid_class |   object ElectricityGrid
	       new_grid_skin |      nil
	force_create_connections |      nil
	     supply_resource |   string electricity
	                dome |  boolean false
	  is_switched_switch |  boolean false
	     is_construction |  boolean true
	           grid_type |   string construction_grid
	                 map |   object Map
	supply_connection_grid |   object SupplyConnectionGrid
	 supply_overlay_grid | userdata 0x00000253F951CF48 #48
	           conn_grid | userdata 0x00000253F50B1840 #56
	               shape |    table 0x00000253E97DA300 #1
	potential_neighbours |    table 0x00000253F79FDE20 #10
	        grids_merged |  boolean false
	                grid |      nil
	   built_connections |    table 0x00000253F79FE188 #1
	create_connection_call_data |    table 0x00000253F79FE1C8 #0
	          is_loading |  boolean false
	construction_connections |   number 0
	         connect_dir |   number 2
	     object_hex_grid | userdata 0x00000253EADE5F58 #56
	         (for index) |   number 9
	         (for limit) |   number 10
	          (for step) |   number 2
	                   i |   number 9
	                  pt |    point (299, 221)
	            other_pt |    point (300, 220)
	                 dir |   number 5
	            adjacent |   object CableConstructionSite at (410000, 190520, 7738) on map 1
	    adjacent_element |   object SupplyGridElement
	                skip |  boolean false
	         empty_table |    table 0x00000253E5B45EA8 #0
						Lua 1:03:34:752
[mod] [SMRTK] SMRTK_ERROR kind=lua message="Lua/SupplyGrid.lua:1829: attempt to index a boolean value (field 'grid')" stack="  Lua/SupplyGrid.lua(1829):  method SupplyGridConnectElement\n  Lua/ElectricityGrid.lua(294):  method SetupElectricityElement\n  Lua/ElectricityGrid.lua(298):   <>\n  [C](-1):  global procall\n  CommonLua/Core/classes.lua(243):  method GameInit\n  CommonLua/Classes/_object.lua(192):   <>\n        --- end of stack" t=201405541 id=414
[SMRTK] SMRTK_ERROR kind=lua message="Lua/SupplyGrid.lua:1829: attempt to index a boolean value (field 'grid')" stack="  Lua/SupplyGrid.lua(1829):  method SupplyGridConnectElement\n  Lua/ElectricityGrid.lua(294):  method SetupElectricityElement\n  Lua/ElectricityGrid.lua(298):   <>\n  [C](-1):  global procall\n  CommonLua/Core/classes.lua(243):  method GameInit\n  CommonLua/Classes/_object.lua(192):   <>\n        --- end of stack" t=201405541 id=414
						Lua 1:03:43:538
[mod] [SMRTK] SMRTK_SECTION action=section_attach attached=false reason="no supported actions" status=OK t=201405541 id=415
						Lua 1:03:48:677
[LUA ERROR] Lua/SupplyGrid.lua:1820: attempt to index a nil value (local 'adjacent')
  Lua/SupplyGrid.lua(1820):  method SupplyGridConnectElement
  Lua/ElectricityGrid.lua(294):  method SetupElectricityElement
  Lua/ElectricityGrid.lua(298):   <>
  [C](-1):  global procall
  CommonLua/Core/classes.lua(243):  method GameInit
  CommonLua/Classes/_object.lua(192):   <>
        --- end of stack
Locals:
	                self |   object CableConstructionSite at (420500, 170602, 7738) on map 1
	             element |   object SupplyGridElement
	          grid_class |   object ElectricityGrid
	       new_grid_skin |      nil
	force_create_connections |      nil
	     supply_resource |   string electricity
	                dome |  boolean false
	  is_switched_switch |  boolean false
	     is_construction |  boolean true
	           grid_type |   string construction_grid
	                 map |   object Map
	supply_connection_grid |   object SupplyConnectionGrid
	 supply_overlay_grid | userdata 0x00000253F951CF48 #48
	           conn_grid | userdata 0x00000253F50B1840 #56
	               shape |    table 0x00000253E97DA300 #1
	potential_neighbours |    table 0x00000253F4816E30 #8
	        grids_merged |  boolean false
	                grid |      nil
	   built_connections |    table 0x00000253F9970A70 #0
	create_connection_call_data |    table 0x00000253F9970AB0 #0
	          is_loading |  boolean false
	construction_connections |   number 0
	         connect_dir |   number 2
	     object_hex_grid | userdata 0x00000253EADE5F58 #56
	         (for index) |   number 5
	         (for limit) |   number 8
	          (for step) |   number 2
	                   i |   number 5
	                  pt |    point (322, 197)
	            other_pt |    point (321, 198)
	                 dir |   number 2
	            adjacent |      nil
	         empty_table |    table 0x00000253E5B45EA8 #0
[mod] [SMRTK] SMRTK_ERROR kind=lua message="Lua/SupplyGrid.lua:1820: attempt to index a nil value (local 'adjacent')" stack="  Lua/SupplyGrid.lua(1820):  method SupplyGridConnectElement\n  Lua/ElectricityGrid.lua(294):  method SetupElectricityElement\n  Lua/ElectricityGrid.lua(298):   <>\n  [C](-1):  global procall\n  CommonLua/Core/classes.lua(243):  method GameInit\n  CommonLua/Classes/_object.lua(192):   <>\n        --- end of stack" t=201405541 id=416
[SMRTK] SMRTK_ERROR kind=lua message="Lua/SupplyGrid.lua:1820: attempt to index a nil value (local 'adjacent')" stack="  Lua/SupplyGrid.lua(1820):  method SupplyGridConnectElement\n  Lua/ElectricityGrid.lua(294):  method SetupElectricityElement\n  Lua/ElectricityGrid.lua(298):   <>\n  [C](-1):  global procall\n  CommonLua/Core/classes.lua(243):  method GameInit\n  CommonLua/Classes/_object.lua(192):   <>\n        --- end of stack" t=201405541 id=416
						Lua 1:03:50:980
[LUA ERROR] Lua/SupplyGrid.lua:1820: attempt to index a nil value (local 'adjacent')
  Lua/SupplyGrid.lua(1820):  method SupplyGridConnectElement
  Lua/ElectricityGrid.lua(294):  method SetupElectricityElement
  Lua/ElectricityGrid.lua(298):   <>
  [C](-1):  global procall
  CommonLua/Core/classes.lua(243):  method GameInit
  CommonLua/Classes/_object.lua(192):   <>
        --- end of stack
Locals:
	                self |   object CableConstructionSite at (411500, 186190, 7738) on map 1
	             element |   object SupplyGridElement
	          grid_class |   object ElectricityGrid
	       new_grid_skin |      nil
	force_create_connections |      nil
	     supply_resource |   string electricity
	                dome |  boolean false
	  is_switched_switch |  boolean false
	     is_construction |  boolean true
	           grid_type |   string construction_grid
	                 map |   object Map
	supply_connection_grid |   object SupplyConnectionGrid
	 supply_overlay_grid | userdata 0x00000253F951CF48 #48
	           conn_grid | userdata 0x00000253F50B1840 #56
	               shape |    table 0x00000253E97DA300 #1
	potential_neighbours |    table 0x00000253EF2D4E10 #12
	        grids_merged |  boolean false
	                grid |      nil
	   built_connections |    table 0x00000253EF2D51F8 #0
	create_connection_call_data |    table 0x00000253EF2D5238 #0
	          is_loading |  boolean false
	construction_connections |   number 0
	         connect_dir |   number 2
	     object_hex_grid | userdata 0x00000253EADE5F58 #56
	         (for index) |   number 5
	         (for limit) |   number 12
	          (for step) |   number 2
	                   i |   number 5
	                  pt |    point (304, 215)
	            other_pt |    point (303, 216)
	                 dir |   number 2
	            adjacent |      nil
						Lua 1:03:50:981
	         empty_table |    table 0x00000253E5B45EA8 #0
[mod] [SMRTK] SMRTK_ERROR kind=lua message="Lua/SupplyGrid.lua:1820: attempt to index a nil value (local 'adjacent')" stack="  Lua/SupplyGrid.lua(1820):  method SupplyGridConnectElement\n  Lua/ElectricityGrid.lua(294):  method SetupElectricityElement\n  Lua/ElectricityGrid.lua(298):   <>\n  [C](-1):  global procall\n  CommonLua/Core/classes.lua(243):  method GameInit\n  CommonLua/Classes/_object.lua(192):   <>\n        --- end of stack" t=201405541 id=417
[SMRTK] SMRTK_ERROR kind=lua message="Lua/SupplyGrid.lua:1820: attempt to index a nil value (local 'adjacent')" stack="  Lua/SupplyGrid.lua(1820):  method SupplyGridConnectElement\n  Lua/ElectricityGrid.lua(294):  method SetupElectricityElement\n  Lua/ElectricityGrid.lua(298):   <>\n  [C](-1):  global procall\n  CommonLua/Core/classes.lua(243):  method GameInit\n  CommonLua/Classes/_object.lua(192):   <>\n        --- end of stack" t=201405541 id=417
[LUA ERROR] Lua/SupplyGrid.lua:1829: attempt to index a boolean value (field 'grid')
  Lua/SupplyGrid.lua(1829):  method SupplyGridConnectElement
  Lua/ElectricityGrid.lua(294):  method SetupElectricityElement
  Lua/ElectricityGrid.lua(298):   <>
  [C](-1):  global procall
  CommonLua/Core/classes.lua(243):  method GameInit
  CommonLua/Classes/_object.lua(192):   <>
        --- end of stack
Locals:
	                self |   object CableConstructionSite at (408500, 191386, 7738) on map 1
	             element |   object SupplyGridElement
	          grid_class |   object ElectricityGrid
	       new_grid_skin |      nil
	force_create_connections |      nil
	     supply_resource |   string electricity
	                dome |  boolean false
	  is_switched_switch |  boolean false
	     is_construction |  boolean true
	           grid_type |   string construction_grid
	                 map |   object Map
	supply_connection_grid |   object SupplyConnectionGrid
	 supply_overlay_grid | userdata 0x00000253F951CF48 #48
	           conn_grid | userdata 0x00000253F50B1840 #56
	               shape |    table 0x00000253E97DA300 #1
	potential_neighbours |    table 0x00000253F4D9EB40 #8
	        grids_merged |  boolean false
	                grid |      nil
	   built_connections |    table 0x00000253E6C95A18 #1
	create_connection_call_data |    table 0x00000253E6C95A58 #0
	          is_loading |  boolean false
	construction_connections |   number 0
	         connect_dir |   number 2
	     object_hex_grid | userdata 0x00000253EADE5F58 #56
	         (for index) |   number 7
	         (for limit) |   number 8
	          (for step) |   number 2
	                   i |   number 7
	                  pt |    point (298, 221)
	            other_pt |    point (299, 220)
	                 dir |   number 5
	            adjacent |   object CableConstructionSite at (409000, 190520, 7738) on map 1
	    adjacent_element |   object SupplyGridElement
	                skip |  boolean false
	         empty_table |    table 0x00000253E5B45EA8 #0
						Lua 1:03:50:982
[mod] [SMRTK] SMRTK_ERROR kind=lua message="Lua/SupplyGrid.lua:1829: attempt to index a boolean value (field 'grid')" stack="  Lua/SupplyGrid.lua(1829):  method SupplyGridConnectElement\n  Lua/ElectricityGrid.lua(294):  method SetupElectricityElement\n  Lua/ElectricityGrid.lua(298):   <>\n  [C](-1):  global procall\n  CommonLua/Core/classes.lua(243):  method GameInit\n  CommonLua/Classes/_object.lua(192):   <>\n        --- end of stack" t=201405541 id=418
[SMRTK] SMRTK_ERROR kind=lua message="Lua/SupplyGrid.lua:1829: attempt to index a boolean value (field 'grid')" stack="  Lua/SupplyGrid.lua(1829):  method SupplyGridConnectElement\n  Lua/ElectricityGrid.lua(294):  method SetupElectricityElement\n  Lua/ElectricityGrid.lua(298):   <>\n  [C](-1):  global procall\n  CommonLua/Core/classes.lua(243):  method GameInit\n  CommonLua/Classes/_object.lua(192):   <>\n        --- end of stack" t=201405541 id=418
						Lua 1:03:53:356
[LUA ERROR] Lua/SupplyGrid.lua:1829: attempt to index a boolean value (field 'grid')
  Lua/SupplyGrid.lua(1829):  method SupplyGridConnectElement
  Lua/ElectricityGrid.lua(294):  method SetupElectricityElement
  Lua/ElectricityGrid.lua(298):   <>
  [C](-1):  global procall
  CommonLua/Core/classes.lua(243):  method GameInit
  CommonLua/Classes/_object.lua(192):   <>
        --- end of stack
Locals:
	                self |   object CableConstructionSite at (408000, 190520, 7738) on map 1
	             element |   object SupplyGridElement
	          grid_class |   object ElectricityGrid
	       new_grid_skin |      nil
	force_create_connections |      nil
	     supply_resource |   string electricity
	                dome |  boolean false
	  is_switched_switch |  boolean false
	     is_construction |  boolean true
	           grid_type |   string construction_grid
	                 map |   object Map
	supply_connection_grid |   object SupplyConnectionGrid
	 supply_overlay_grid | userdata 0x00000253F951CF48 #48
	           conn_grid | userdata 0x00000253F50B1840 #56
	               shape |    table 0x00000253E97DA300 #1
	potential_neighbours |    table 0x00000253FA40EC58 #10
	        grids_merged |  boolean false
	                grid |      nil
	   built_connections |    table 0x00000253FA40EFC0 #1
	create_connection_call_data |    table 0x00000253FA40F000 #0
	          is_loading |  boolean false
	construction_connections |   number 0
	         connect_dir |   number 2
	     object_hex_grid | userdata 0x00000253EADE5F58 #56
	         (for index) |   number 9
	         (for limit) |   number 10
	          (for step) |   number 2
	                   i |   number 9
	                  pt |    point (298, 220)
	            other_pt |    point (299, 219)
	                 dir |   number 5
	            adjacent |   object CableConstructionSite at (408500, 189654, 7738) on map 1
	    adjacent_element |   object SupplyGridElement
	                skip |  boolean false
	         empty_table |    table 0x00000253E5B45EA8 #0
[mod] [SMRTK] SMRTK_ERROR kind=lua message="Lua/SupplyGrid.lua:1829: attempt to index a boolean value (field 'grid')" stack="  Lua/SupplyGrid.lua(1829):  method SupplyGridConnectElement\n  Lua/ElectricityGrid.lua(294):  method SetupElectricityElement\n  Lua/ElectricityGrid.lua(298):   <>\n  [C](-1):  global procall\n  CommonLua/Core/classes.lua(243):  method GameInit\n  CommonLua/Classes/_object.lua(192):   <>\n        --- end of stack" t=201405541 id=419
[SMRTK] SMRTK_ERROR kind=lua message="Lua/SupplyGrid.lua:1829: attempt to index a boolean value (field 'grid')" stack="  Lua/SupplyGrid.lua(1829):  method SupplyGridConnectElement\n  Lua/ElectricityGrid.lua(294):  method SetupElectricityElement\n  Lua/ElectricityGrid.lua(298):   <>\n  [C](-1):  global procall\n  CommonLua/Core/classes.lua(243):  method GameInit\n  CommonLua/Classes/_object.lua(192):   <>\n        --- end of stack" t=201405541 id=419
						Lua 1:03:56:367
[LUA ERROR] Lua/SupplyGrid.lua:1820: attempt to index a nil value (local 'adjacent')
  Lua/SupplyGrid.lua(1820):  method SupplyGridConnectElement
  Lua/ElectricityGrid.lua(294):  method SetupElectricityElement
  Lua/ElectricityGrid.lua(298):   <>
  [C](-1):  global procall
  CommonLua/Core/classes.lua(243):  method GameInit
  CommonLua/Classes/_object.lua(192):   <>
        --- end of stack
Locals:
	                self |   object CableConstructionSite at (407500, 189654, 7738) on map 1
	             element |   object SupplyGridElement
	          grid_class |   object ElectricityGrid
	       new_grid_skin |      nil
	force_create_connections |      nil
	     supply_resource |   string electricity
	                dome |  boolean false
	  is_switched_switch |  boolean false
	     is_construction |  boolean true
	           grid_type |   string construction_grid
	                 map |   object Map
	supply_connection_grid |   object SupplyConnectionGrid
	 supply_overlay_grid | userdata 0x00000253F951CF48 #48
	           conn_grid | userdata 0x00000253F50B1840 #56
	               shape |    table 0x00000253E97DA300 #1
	potential_neighbours |    table 0x00000253F45863B8 #12
						Lua 1:03:56:368
	        grids_merged |  boolean false
	                grid |      nil
	   built_connections |    table 0x00000253F45867A0 #0
	create_connection_call_data |    table 0x00000253F45867E0 #0
	          is_loading |  boolean false
	construction_connections |   number 0
	         connect_dir |   number 2
	     object_hex_grid | userdata 0x00000253EADE5F58 #56
	         (for index) |   number 5
	         (for limit) |   number 12
	          (for step) |   number 2
	                   i |   number 5
	                  pt |    point (298, 219)
	            other_pt |    point (297, 220)
	                 dir |   number 2
	            adjacent |      nil
	         empty_table |    table 0x00000253E5B45EA8 #0
[mod] [SMRTK] SMRTK_ERROR kind=lua message="Lua/SupplyGrid.lua:1820: attempt to index a nil value (local 'adjacent')" stack="  Lua/SupplyGrid.lua(1820):  method SupplyGridConnectElement\n  Lua/ElectricityGrid.lua(294):  method SetupElectricityElement\n  Lua/ElectricityGrid.lua(298):   <>\n  [C](-1):  global procall\n  CommonLua/Core/classes.lua(243):  method GameInit\n  CommonLua/Classes/_object.lua(192):   <>\n        --- end of stack" t=201405541 id=420
[SMRTK] SMRTK_ERROR kind=lua message="Lua/SupplyGrid.lua:1820: attempt to index a nil value (local 'adjacent')" stack="  Lua/SupplyGrid.lua(1820):  method SupplyGridConnectElement\n  Lua/ElectricityGrid.lua(294):  method SetupElectricityElement\n  Lua/ElectricityGrid.lua(298):   <>\n  [C](-1):  global procall\n  CommonLua/Core/classes.lua(243):  method GameInit\n  CommonLua/Classes/_object.lua(192):   <>\n        --- end of stack" t=201405541 id=420
[LUA ERROR] Lua/SupplyGrid.lua:1829: attempt to index a boolean value (field 'grid')
  Lua/SupplyGrid.lua(1829):  method SupplyGridConnectElement
  Lua/ElectricityGrid.lua(294):  method SetupElectricityElement
  Lua/ElectricityGrid.lua(298):   <>
  [C](-1):  global procall
  CommonLua/Core/classes.lua(243):  method GameInit
  CommonLua/Classes/_object.lua(192):   <>
        --- end of stack
Locals:
	                self |   object CableConstructionSite at (407000, 190520, 7738) on map 1
	             element |   object SupplyGridElement
	          grid_class |   object ElectricityGrid
	       new_grid_skin |      nil
	force_create_connections |      nil
	     supply_resource |   string electricity
	                dome |  boolean false
	  is_switched_switch |  boolean false
	     is_construction |  boolean true
	           grid_type |   string construction_grid
	                 map |   object Map
	supply_connection_grid |   object SupplyConnectionGrid
	 supply_overlay_grid | userdata 0x00000253F951CF48 #48
	           conn_grid | userdata 0x00000253F50B1840 #56
	               shape |    table 0x00000253E97DA300 #1
	potential_neighbours |    table 0x00000253F458A830 #10
	        grids_merged |  boolean false
	                grid |      nil
	   built_connections |    table 0x00000253F458AB98 #1
	create_connection_call_data |    table 0x00000253F458ABD8 #0
	          is_loading |  boolean false
	construction_connections |   number 0
	         connect_dir |   number 2
	     object_hex_grid | userdata 0x00000253EADE5F58 #56
	         (for index) |   number 9
	         (for limit) |   number 10
	          (for step) |   number 2
	                   i |   number 9
	                  pt |    point (297, 220)
	            other_pt |    point (298, 219)
	                 dir |   number 5
	            adjacent |   object CableConstructionSite at (407500, 189654, 7738) on map 1
	    adjacent_element |   object SupplyGridElement
	                skip |  boolean false
	         empty_table |    table 0x00000253E5B45EA8 #0
[mod] [SMRTK] SMRTK_ERROR kind=lua message="Lua/SupplyGrid.lua:1829: attempt to index a boolean value (field 'grid')" stack="  Lua/SupplyGrid.lua(1829):  method SupplyGridConnectElement\n  Lua/ElectricityGrid.lua(294):  method SetupElectricityElement\n  Lua/ElectricityGrid.lua(298):   <>\n  [C](-1):  global procall\n  CommonLua/Core/classes.lua(243):  method GameInit\n  CommonLua/Classes/_object.lua(192):   <>\n        --- end of stack" t=201405541 id=421
[SMRTK] SMRTK_ERROR kind=lua message="Lua/SupplyGrid.lua:1829: attempt to index a boolean value (field 'grid')" stack="  Lua/SupplyGrid.lua(1829):  method SupplyGridConnectElement\n  Lua/ElectricityGrid.lua(294):  method SetupElectricityElement\n  Lua/ElectricityGrid.lua(298):   <>\n  [C](-1):  global procall\n  CommonLua/Core/classes.lua(243):  method GameInit\n  CommonLua/Classes/_object.lua(192):   <>\n        --- end of stack" t=201405541 id=421
						Lua 1:03:58:572
[LUA ERROR] Lua/SupplyGrid.lua:1820: attempt to index a nil value (local 'adjacent')
  Lua/SupplyGrid.lua(1820):  method SupplyGridConnectElement
  Lua/ElectricityGrid.lua(294):  method SetupElectricityElement
  Lua/ElectricityGrid.lua(298):   <>
  [C](-1):  global procall
  CommonLua/Core/classes.lua(243):  method GameInit
  CommonLua/Classes/_object.lua(192):   <>
        --- end of stack
Locals:
	                self |   object CableConstructionSite at (407000, 188788, 7738) on map 1
	             element |   object SupplyGridElement
	          grid_class |   object ElectricityGrid
	       new_grid_skin |      nil
	force_create_connections |      nil
	     supply_resource |   string electricity
	                dome |  boolean false
	  is_switched_switch |  boolean false
	     is_construction |  boolean true
	           grid_type |   string construction_grid
	                 map |   object Map
	supply_connection_grid |   object SupplyConnectionGrid
	 supply_overlay_grid | userdata 0x00000253F951CF48 #48
	           conn_grid | userdata 0x00000253F50B1840 #56
	               shape |    table 0x00000253E97DA300 #1
	potential_neighbours |    table 0x00000253F6E61EE0 #12
	        grids_merged |  boolean false
	                grid |      nil
	   built_connections |    table 0x00000253F6E622C8 #0
	create_connection_call_data |    table 0x00000253F6E62308 #0
	          is_loading |  boolean false
	construction_connections |   number 0
	         connect_dir |   number 2
	     object_hex_grid | userdata 0x00000253EADE5F58 #56
	         (for index) |   number 5
	         (for limit) |   number 12
	          (for step) |   number 2
	                   i |   number 5
	                  pt |    point (298, 218)
	            other_pt |    point (297, 219)
	                 dir |   number 2
	            adjacent |      nil
	         empty_table |    table 0x00000253E5B45EA8 #0
[mod] [SMRTK] SMRTK_ERROR kind=lua message="Lua/SupplyGrid.lua:1820: attempt to index a nil value (local 'adjacent')" stack="  Lua/SupplyGrid.lua(1820):  method SupplyGridConnectElement\n  Lua/ElectricityGrid.lua(294):  method SetupElectricityElement\n  Lua/ElectricityGrid.lua(298):   <>\n  [C](-1):  global procall\n  CommonLua/Core/classes.lua(243):  method GameInit\n  CommonLua/Classes/_object.lua(192):   <>\n        --- end of stack" t=201405541 id=422
[SMRTK] SMRTK_ERROR kind=lua message="Lua/SupplyGrid.lua:1820: attempt to index a nil value (local 'adjacent')" stack="  Lua/SupplyGrid.lua(1820):  method SupplyGridConnectElement\n  Lua/ElectricityGrid.lua(294):  method SetupElectricityElement\n  Lua/ElectricityGrid.lua(298):   <>\n  [C](-1):  global procall\n  CommonLua/Core/classes.lua(243):  method GameInit\n  CommonLua/Classes/_object.lua(192):   <>\n        --- end of stack" t=201405541 id=422
[LUA ERROR] Lua/SupplyGrid.lua:1829: attempt to index a boolean value (field 'grid')
  Lua/SupplyGrid.lua(1829):  method SupplyGridConnectElement
  Lua/ElectricityGrid.lua(294):  method SetupElectricityElement
  Lua/ElectricityGrid.lua(298):   <>
  [C](-1):  global procall
  CommonLua/Core/classes.lua(243):  method GameInit
  CommonLua/Classes/_object.lua(192):   <>
        --- end of stack
Locals:
	                self |   object CableConstructionSite at (406000, 190520, 7738) on map 1
	             element |   object SupplyGridElement
	          grid_class |   object ElectricityGrid
	       new_grid_skin |      nil
	force_create_connections |      nil
	     supply_resource |   string electricity
	                dome |  boolean false
	  is_switched_switch |  boolean false
	     is_construction |  boolean true
	           grid_type |   string construction_grid
	                 map |   object Map
	supply_connection_grid |   object SupplyConnectionGrid
	 supply_overlay_grid | userdata 0x00000253F951CF48 #48
	           conn_grid | userdata 0x00000253F50B1840 #56
	               shape |    table 0x00000253E97DA300 #1
	potential_neighbours |    table 0x00000253F39A0710 #8
	        grids_merged |  boolean false
	                grid |      nil
						Lua 1:03:58:573
	   built_connections |    table 0x00000253F39A09A0 #1
	create_connection_call_data |    table 0x00000253F39A09E0 #0
	          is_loading |  boolean false
	construction_connections |   number 0
	         connect_dir |   number 2
	     object_hex_grid | userdata 0x00000253EADE5F58 #56
	         (for index) |   number 7
	         (for limit) |   number 8
	          (for step) |   number 2
	                   i |   number 7
	                  pt |    point (296, 220)
	            other_pt |    point (297, 219)
	                 dir |   number 5
	            adjacent |   object CableConstructionSite at (406500, 189654, 7738) on map 1
	    adjacent_element |   object SupplyGridElement
	                skip |  boolean false
	         empty_table |    table 0x00000253E5B45EA8 #0
[mod] [SMRTK] SMRTK_ERROR kind=lua message="Lua/SupplyGrid.lua:1829: attempt to index a boolean value (field 'grid')" stack="  Lua/SupplyGrid.lua(1829):  method SupplyGridConnectElement\n  Lua/ElectricityGrid.lua(294):  method SetupElectricityElement\n  Lua/ElectricityGrid.lua(298):   <>\n  [C](-1):  global procall\n  CommonLua/Core/classes.lua(243):  method GameInit\n  CommonLua/Classes/_object.lua(192):   <>\n        --- end of stack" t=201405541 id=423
[SMRTK] SMRTK_ERROR kind=lua message="Lua/SupplyGrid.lua:1829: attempt to index a boolean value (field 'grid')" stack="  Lua/SupplyGrid.lua(1829):  method SupplyGridConnectElement\n  Lua/ElectricityGrid.lua(294):  method SetupElectricityElement\n  Lua/ElectricityGrid.lua(298):   <>\n  [C](-1):  global procall\n  CommonLua/Core/classes.lua(243):  method GameInit\n  CommonLua/Classes/_object.lua(192):   <>\n        --- end of stack" t=201405541 id=423
						Lua 1:04:01:460
[LUA ERROR] Lua/SupplyGrid.lua:1820: attempt to index a nil value (local 'adjacent')
  Lua/SupplyGrid.lua(1820):  method SupplyGridConnectElement
  Lua/ElectricityGrid.lua(294):  method SetupElectricityElement
  Lua/ElectricityGrid.lua(298):   <>
  [C](-1):  global procall
  CommonLua/Core/classes.lua(243):  method GameInit
  CommonLua/Classes/_object.lua(192):   <>
        --- end of stack
Locals:
	                self |   object CableConstructionSite at (406500, 187922, 7738) on map 1
	             element |   object SupplyGridElement
	          grid_class |   object ElectricityGrid
	       new_grid_skin |      nil
	force_create_connections |      nil
	     supply_resource |   string electricity
	                dome |  boolean false
	  is_switched_switch |  boolean false
	     is_construction |  boolean true
	           grid_type |   string construction_grid
	                 map |   object Map
	supply_connection_grid |   object SupplyConnectionGrid
	 supply_overlay_grid | userdata 0x00000253F951CF48 #48
	           conn_grid | userdata 0x00000253F50B1840 #56
	               shape |    table 0x00000253E97DA300 #1
	potential_neighbours |    table 0x00000253F87FA4E8 #12
	        grids_merged |  boolean false
	                grid |      nil
	   built_connections |    table 0x00000253F87FA8D0 #0
	create_connection_call_data |    table 0x00000253F87FA910 #0
	          is_loading |  boolean false
	construction_connections |   number 0
	         connect_dir |   number 2
	     object_hex_grid | userdata 0x00000253EADE5F58 #56
	         (for index) |   number 5
	         (for limit) |   number 12
	          (for step) |   number 2
						Lua 1:04:01:461
	                   i |   number 5
	                  pt |    point (298, 217)
	            other_pt |    point (297, 218)
	                 dir |   number 2
	            adjacent |      nil
	         empty_table |    table 0x00000253E5B45EA8 #0
[mod] [SMRTK] SMRTK_ERROR kind=lua message="Lua/SupplyGrid.lua:1820: attempt to index a nil value (local 'adjacent')" stack="  Lua/SupplyGrid.lua(1820):  method SupplyGridConnectElement\n  Lua/ElectricityGrid.lua(294):  method SetupElectricityElement\n  Lua/ElectricityGrid.lua(298):   <>\n  [C](-1):  global procall\n  CommonLua/Core/classes.lua(243):  method GameInit\n  CommonLua/Classes/_object.lua(192):   <>\n        --- end of stack" t=201405541 id=424
[SMRTK] SMRTK_ERROR kind=lua message="Lua/SupplyGrid.lua:1820: attempt to index a nil value (local 'adjacent')" stack="  Lua/SupplyGrid.lua(1820):  method SupplyGridConnectElement\n  Lua/ElectricityGrid.lua(294):  method SetupElectricityElement\n  Lua/ElectricityGrid.lua(298):   <>\n  [C](-1):  global procall\n  CommonLua/Core/classes.lua(243):  method GameInit\n  CommonLua/Classes/_object.lua(192):   <>\n        --- end of stack" t=201405541 id=424
[LUA ERROR] Lua/SupplyGrid.lua:1829: attempt to index a boolean value (field 'grid')
  Lua/SupplyGrid.lua(1829):  method SupplyGridConnectElement
  Lua/ElectricityGrid.lua(294):  method SetupElectricityElement
  Lua/ElectricityGrid.lua(298):   <>
  [C](-1):  global procall
  CommonLua/Core/classes.lua(243):  method GameInit
  CommonLua/Classes/_object.lua(192):   <>
        --- end of stack
Locals:
	                self |   object CableConstructionSite at (405500, 189654, 7738) on map 1
	             element |   object SupplyGridElement
	          grid_class |   object ElectricityGrid
	       new_grid_skin |      nil
	force_create_connections |      nil
	     supply_resource |   string electricity
	                dome |  boolean false
	  is_switched_switch |  boolean false
	     is_construction |  boolean true
	           grid_type |   string construction_grid
	                 map |   object Map
	supply_connection_grid |   object SupplyConnectionGrid
	 supply_overlay_grid | userdata 0x00000253F951CF48 #48
	           conn_grid | userdata 0x00000253F50B1840 #56
	               shape |    table 0x00000253E97DA300 #1
	potential_neighbours |    table 0x00000253EAF99F00 #8
	        grids_merged |  boolean false
	                grid |      nil
	   built_connections |    table 0x00000253EAF9A190 #1
	create_connection_call_data |    table 0x00000253EAF9A1D0 #0
	          is_loading |  boolean false
	construction_connections |   number 0
	         connect_dir |   number 2
	     object_hex_grid | userdata 0x00000253EADE5F58 #56
	         (for index) |   number 7
	         (for limit) |   number 8
	          (for step) |   number 2
	                   i |   number 7
	                  pt |    point (296, 219)
	            other_pt |    point (297, 218)
	                 dir |   number 5
	            adjacent |   object CableConstructionSite at (406000, 188788, 7738) on map 1
	    adjacent_element |   object SupplyGridElement
	                skip |  boolean false
	         empty_table |    table 0x00000253E5B45EA8 #0
[mod] [SMRTK] SMRTK_ERROR kind=lua message="Lua/SupplyGrid.lua:1829: attempt to index a boolean value (field 'grid')" stack="  Lua/SupplyGrid.lua(1829):  method SupplyGridConnectElement\n  Lua/ElectricityGrid.lua(294):  method SetupElectricityElement\n  Lua/ElectricityGrid.lua(298):   <>\n  [C](-1):  global procall\n  CommonLua/Core/classes.lua(243):  method GameInit\n  CommonLua/Classes/_object.lua(192):   <>\n        --- end of stack" t=201405541 id=425
[SMRTK] SMRTK_ERROR kind=lua message="Lua/SupplyGrid.lua:1829: attempt to index a boolean value (field 'grid')" stack="  Lua/SupplyGrid.lua(1829):  method SupplyGridConnectElement\n  Lua/ElectricityGrid.lua(294):  method SetupElectricityElement\n  Lua/ElectricityGrid.lua(298):   <>\n  [C](-1):  global procall\n  CommonLua/Core/classes.lua(243):  method GameInit\n  CommonLua/Classes/_object.lua(192):   <>\n        --- end of stack" t=201405541 id=425
						Lua 1:04:04:405
[LUA ERROR] Lua/SupplyGrid.lua:1820: attempt to index a nil value (local 'adjacent')
  Lua/SupplyGrid.lua(1820):  method SupplyGridConnectElement
  Lua/ElectricityGrid.lua(294):  method SetupElectricityElement
  Lua/ElectricityGrid.lua(298):   <>
  [C](-1):  global procall
  CommonLua/Core/classes.lua(243):  method GameInit
  CommonLua/Classes/_object.lua(192):   <>
        --- end of stack
Locals:
	                self |   object CableConstructionSite at (406500, 186190, 7738) on map 1
	             element |   object SupplyGridElement
	          grid_class |   object ElectricityGrid
	       new_grid_skin |      nil
	force_create_connections |      nil
	     supply_resource |   string electricity
	                dome |  boolean false
	  is_switched_switch |  boolean false
	     is_construction |  boolean true
	           grid_type |   string construction_grid
	                 map |   object Map
	supply_connection_grid |   object SupplyConnectionGrid
	 supply_overlay_grid | userdata 0x00000253F951CF48 #48
	           conn_grid | userdata 0x00000253F50B1840 #56
	               shape |    table 0x00000253E97DA300 #1
	potential_neighbours |    table 0x00000253F5CA1AE8 #12
	        grids_merged |  boolean false
	                grid |      nil
	   built_connections |    table 0x00000253F5CA1ED0 #0
	create_connection_call_data |    table 0x00000253F5CA1F10 #0
	          is_loading |  boolean false
	construction_connections |   number 0
	         connect_dir |   number 2
	     object_hex_grid | userdata 0x00000253EADE5F58 #56
	         (for index) |   number 5
	         (for limit) |   number 12
	          (for step) |   number 2
	                   i |   number 5
	                  pt |    point (299, 215)
	            other_pt |    point (298, 216)
	                 dir |   number 2
	            adjacent |      nil
	         empty_table |    table 0x00000253E5B45EA8 #0
[mod] [SMRTK] SMRTK_ERROR kind=lua message="Lua/SupplyGrid.lua:1820: attempt to index a nil value (local 'adjacent')" stack="  Lua/SupplyGrid.lua(1820):  method SupplyGridConnectElement\n  Lua/ElectricityGrid.lua(294):  method SetupElectricityElement\n  Lua/ElectricityGrid.lua(298):   <>\n  [C](-1):  global procall\n  CommonLua/Core/classes.lua(243):  method GameInit\n  CommonLua/Classes/_object.lua(192):   <>\n        --- end of stack" t=201405541 id=426
[SMRTK] SMRTK_ERROR kind=lua message="Lua/SupplyGrid.lua:1820: attempt to index a nil value (local 'adjacent')" stack="  Lua/SupplyGrid.lua(1820):  method SupplyGridConnectElement\n  Lua/ElectricityGrid.lua(294):  method SetupElectricityElement\n  Lua/ElectricityGrid.lua(298):   <>\n  [C](-1):  global procall\n  CommonLua/Core/classes.lua(243):  method GameInit\n  CommonLua/Classes/_object.lua(192):   <>\n        --- end of stack" t=201405541 id=426
						Lua 1:04:04:406
[LUA ERROR] Lua/SupplyGrid.lua:1829: attempt to index a boolean value (field 'grid')
  Lua/SupplyGrid.lua(1829):  method SupplyGridConnectElement
  Lua/ElectricityGrid.lua(294):  method SetupElectricityElement
  Lua/ElectricityGrid.lua(298):   <>
  [C](-1):  global procall
  CommonLua/Core/classes.lua(243):  method GameInit
  CommonLua/Classes/_object.lua(192):   <>
        --- end of stack
Locals:
	                self |   object CableConstructionSite at (405000, 188788, 7738) on map 1
	             element |   object SupplyGridElement
	          grid_class |   object ElectricityGrid
	       new_grid_skin |      nil
	force_create_connections |      nil
	     supply_resource |   string electricity
	                dome |  boolean false
	  is_switched_switch |  boolean false
	     is_construction |  boolean true
	           grid_type |   string construction_grid
	                 map |   object Map
	supply_connection_grid |   object SupplyConnectionGrid
	 supply_overlay_grid | userdata 0x00000253F951CF48 #48
	           conn_grid | userdata 0x00000253F50B1840 #56
	               shape |    table 0x00000253E97DA300 #1
	potential_neighbours |    table 0x00000253F5CA7F18 #8
	        grids_merged |  boolean false
	                grid |      nil
	   built_connections |    table 0x00000253F3DCEC20 #1
	create_connection_call_data |    table 0x00000253F3DCEC60 #0
	          is_loading |  boolean false
	construction_connections |   number 0
	         connect_dir |   number 2
	     object_hex_grid | userdata 0x00000253EADE5F58 #56
	         (for index) |   number 7
	         (for limit) |   number 8
	          (for step) |   number 2
	                   i |   number 7
	                  pt |    point (296, 218)
	            other_pt |    point (297, 217)
	                 dir |   number 5
	            adjacent |   object CableConstructionSite at (405500, 187922, 7738) on map 1
	    adjacent_element |   object SupplyGridElement
	                skip |  boolean false
	         empty_table |    table 0x00000253E5B45EA8 #0
[mod] [SMRTK] SMRTK_ERROR kind=lua message="Lua/SupplyGrid.lua:1829: attempt to index a boolean value (field 'grid')" stack="  Lua/SupplyGrid.lua(1829):  method SupplyGridConnectElement\n  Lua/ElectricityGrid.lua(294):  method SetupElectricityElement\n  Lua/ElectricityGrid.lua(298):   <>\n  [C](-1):  global procall\n  CommonLua/Core/classes.lua(243):  method GameInit\n  CommonLua/Classes/_object.lua(192):   <>\n        --- end of stack" t=201405541 id=427
[SMRTK] SMRTK_ERROR kind=lua message="Lua/SupplyGrid.lua:1829: attempt to index a boolean value (field 'grid')" stack="  Lua/SupplyGrid.lua(1829):  method SupplyGridConnectElement\n  Lua/ElectricityGrid.lua(294):  method SetupElectricityElement\n  Lua/ElectricityGrid.lua(298):   <>\n  [C](-1):  global procall\n  CommonLua/Core/classes.lua(243):  method GameInit\n  CommonLua/Classes/_object.lua(192):   <>\n        --- end of stack" t=201405541 id=427
						Lua 1:04:08:362
[LUA ERROR] Lua/SupplyGrid.lua:1820: attempt to index a nil value (local 'adjacent')
  Lua/SupplyGrid.lua(1820):  method SupplyGridConnectElement
  Lua/ElectricityGrid.lua(294):  method SetupElectricityElement
  Lua/ElectricityGrid.lua(298):   <>
  [C](-1):  global procall
  CommonLua/Core/classes.lua(243):  method GameInit
  CommonLua/Classes/_object.lua(192):   <>
        --- end of stack
Locals:
	                self |   object CableConstructionSite at (407000, 183592, 7738) on map 1
	             element |   object SupplyGridElement
	          grid_class |   object ElectricityGrid
	       new_grid_skin |      nil
	force_create_connections |      nil
	     supply_resource |   string electricity
	                dome |  boolean false
	  is_switched_switch |  boolean false
	     is_construction |  boolean true
	           grid_type |   string construction_grid
	                 map |   object Map
	supply_connection_grid |   object SupplyConnectionGrid
	 supply_overlay_grid | userdata 0x00000253F951CF48 #48
	           conn_grid | userdata 0x00000253F50B1840 #56
	               shape |    table 0x00000253E97DA300 #1
	potential_neighbours |    table 0x00000253F670FF30 #12
	        grids_merged |  boolean false
	                grid |      nil
	   built_connections |    table 0x00000253F6710318 #0
	create_connection_call_data |    table 0x00000253F6710358 #0
	          is_loading |  boolean false
	construction_connections |   number 0
	         connect_dir |   number 2
	     object_hex_grid | userdata 0x00000253EADE5F58 #56
	         (for index) |   number 5
	         (for limit) |   number 12
	          (for step) |   number 2
	                   i |   number 5
	                  pt |    point (301, 212)
	            other_pt |    point (300, 213)
	                 dir |   number 2
	            adjacent |      nil
	         empty_table |    table 0x00000253E5B45EA8 #0
[mod] [SMRTK] SMRTK_ERROR kind=lua message="Lua/SupplyGrid.lua:1820: attempt to index a nil value (local 'adjacent')" stack="  Lua/SupplyGrid.lua(1820):  method SupplyGridConnectElement\n  Lua/ElectricityGrid.lua(294):  method SetupElectricityElement\n  Lua/ElectricityGrid.lua(298):   <>\n  [C](-1):  global procall\n  CommonLua/Core/classes.lua(243):  method GameInit\n  CommonLua/Classes/_object.lua(192):   <>\n        --- end of stack" t=201405541 id=428
[SMRTK] SMRTK_ERROR kind=lua message="Lua/SupplyGrid.lua:1820: attempt to index a nil value (local 'adjacent')" stack="  Lua/SupplyGrid.lua(1820):  method SupplyGridConnectElement\n  Lua/ElectricityGrid.lua(294):  method SetupElectricityElement\n  Lua/ElectricityGrid.lua(298):   <>\n  [C](-1):  global procall\n  CommonLua/Core/classes.lua(243):  method GameInit\n  CommonLua/Classes/_object.lua(192):   <>\n        --- end of stack" t=201405541 id=428
						Lua 1:04:08:363
[LUA ERROR] Lua/SupplyGrid.lua:1829: attempt to index a boolean value (field 'grid')
  Lua/SupplyGrid.lua(1829):  method SupplyGridConnectElement
  Lua/ElectricityGrid.lua(294):  method SetupElectricityElement
  Lua/ElectricityGrid.lua(298):   <>
  [C](-1):  global procall
  CommonLua/Core/classes.lua(243):  method GameInit
  CommonLua/Classes/_object.lua(192):   <>
        --- end of stack
Locals:
	                self |   object CableConstructionSite at (404500, 187922, 7750) on map 1
	             element |   object SupplyGridElement
	          grid_class |   object ElectricityGrid
	       new_grid_skin |      nil
	force_create_connections |      nil
	     supply_resource |   string electricity
	                dome |  boolean false
	  is_switched_switch |  boolean false
	     is_construction |  boolean true
	           grid_type |   string construction_grid
	                 map |   object Map
	supply_connection_grid |   object SupplyConnectionGrid
	 supply_overlay_grid | userdata 0x00000253F951CF48 #48
	           conn_grid | userdata 0x00000253F50B1840 #56
	               shape |    table 0x00000253E97DA300 #1
	potential_neighbours |    table 0x00000253F45A4560 #8
	        grids_merged |  boolean false
	                grid |      nil
	   built_connections |    table 0x00000253F45A47F0 #1
	create_connection_call_data |    table 0x00000253F45A4830 #0
	          is_loading |  boolean false
	construction_connections |   number 0
	         connect_dir |   number 2
	     object_hex_grid | userdata 0x00000253EADE5F58 #56
	         (for index) |   number 7
	         (for limit) |   number 8
	          (for step) |   number 2
	                   i |   number 7
	                  pt |    point (296, 217)
	            other_pt |    point (297, 216)
	                 dir |   number 5
	            adjacent |   object CableConstructionSite at (405000, 187056, 7738) on map 1
	    adjacent_element |   object SupplyGridElement
	                skip |  boolean false
	         empty_table |    table 0x00000253E5B45EA8 #0
[mod] [SMRTK] SMRTK_ERROR kind=lua message="Lua/SupplyGrid.lua:1829: attempt to index a boolean value (field 'grid')" stack="  Lua/SupplyGrid.lua(1829):  method SupplyGridConnectElement\n  Lua/ElectricityGrid.lua(294):  method SetupElectricityElement\n  Lua/ElectricityGrid.lua(298):   <>\n  [C](-1):  global procall\n  CommonLua/Core/classes.lua(243):  method GameInit\n  CommonLua/Classes/_object.lua(192):   <>\n        --- end of stack" t=201405541 id=429
[SMRTK] SMRTK_ERROR kind=lua message="Lua/SupplyGrid.lua:1829: attempt to index a boolean value (field 'grid')" stack="  Lua/SupplyGrid.lua(1829):  method SupplyGridConnectElement\n  Lua/ElectricityGrid.lua(294):  method SetupElectricityElement\n  Lua/ElectricityGrid.lua(298):   <>\n  [C](-1):  global procall\n  CommonLua/Core/classes.lua(243):  method GameInit\n  CommonLua/Classes/_object.lua(192):   <>\n        --- end of stack" t=201405541 id=429
						Lua 1:04:11:826
[LUA ERROR] Lua/SupplyGrid.lua:1820: attempt to index a nil value (local 'adjacent')
  Lua/SupplyGrid.lua(1820):  method SupplyGridConnectElement
  Lua/ElectricityGrid.lua(294):  method SetupElectricityElement
  Lua/ElectricityGrid.lua(298):   <>
  [C](-1):  global procall
  CommonLua/Core/classes.lua(243):  method GameInit
  CommonLua/Classes/_object.lua(192):   <>
        --- end of stack
Locals:
	                self |   object CableConstructionSite at (406000, 183592, 7738) on map 1
	             element |   object SupplyGridElement
	          grid_class |   object ElectricityGrid
	       new_grid_skin |      nil
	force_create_connections |      nil
	     supply_resource |   string electricity
	                dome |  boolean false
	  is_switched_switch |  boolean false
	     is_construction |  boolean true
	           grid_type |   string construction_grid
	                 map |   object Map
	supply_connection_grid |   object SupplyConnectionGrid
	 supply_overlay_grid | userdata 0x00000253F951CF48 #48
	           conn_grid | userdata 0x00000253F50B1840 #56
	               shape |    table 0x00000253E97DA300 #1
	potential_neighbours |    table 0x00000253EED5C4D8 #12
	        grids_merged |  boolean false
	                grid |      nil
	   built_connections |    table 0x00000253EED5C8C0 #0
	create_connection_call_data |    table 0x00000253EED5C900 #0
	          is_loading |  boolean false
	construction_connections |   number 0
	         connect_dir |   number 2
	     object_hex_grid | userdata 0x00000253EADE5F58 #56
	         (for index) |   number 5
	         (for limit) |   number 12
	          (for step) |   number 2
	                   i |   number 5
	                  pt |    point (300, 212)
	            other_pt |    point (299, 213)
	                 dir |   number 2
	            adjacent |      nil
	         empty_table |    table 0x00000253E5B45EA8 #0
[mod] [SMRTK] SMRTK_ERROR kind=lua message="Lua/SupplyGrid.lua:1820: attempt to index a nil value (local 'adjacent')" stack="  Lua/SupplyGrid.lua(1820):  method SupplyGridConnectElement\n  Lua/ElectricityGrid.lua(294):  method SetupElectricityElement\n  Lua/ElectricityGrid.lua(298):   <>\n  [C](-1):  global procall\n  CommonLua/Core/classes.lua(243):  method GameInit\n  CommonLua/Classes/_object.lua(192):   <>\n        --- end of stack" t=201405541 id=430
[SMRTK] SMRTK_ERROR kind=lua message="Lua/SupplyGrid.lua:1820: attempt to index a nil value (local 'adjacent')" stack="  Lua/SupplyGrid.lua(1820):  method SupplyGridConnectElement\n  Lua/ElectricityGrid.lua(294):  method SetupElectricityElement\n  Lua/ElectricityGrid.lua(298):   <>\n  [C](-1):  global procall\n  CommonLua/Core/classes.lua(243):  method GameInit\n  CommonLua/Classes/_object.lua(192):   <>\n        --- end of stack" t=201405541 id=430
						Lua 1:04:11:827
[LUA ERROR] Lua/SupplyGrid.lua:1829: attempt to index a boolean value (field 'grid')
  Lua/SupplyGrid.lua(1829):  method SupplyGridConnectElement
  Lua/ElectricityGrid.lua(294):  method SetupElectricityElement
  Lua/ElectricityGrid.lua(298):   <>
  [C](-1):  global procall
  CommonLua/Core/classes.lua(243):  method GameInit
  CommonLua/Classes/_object.lua(192):   <>
        --- end of stack
Locals:
	                self |   object CableConstructionSite at (404000, 187056, 7756) on map 1
	             element |   object SupplyGridElement
	          grid_class |   object ElectricityGrid
	       new_grid_skin |      nil
	force_create_connections |      nil
	     supply_resource |   string electricity
	                dome |  boolean false
	  is_switched_switch |  boolean false
	     is_construction |  boolean true
	           grid_type |   string construction_grid
	                 map |   object Map
	supply_connection_grid |   object SupplyConnectionGrid
	 supply_overlay_grid | userdata 0x00000253F951CF48 #48
	           conn_grid | userdata 0x00000253F50B1840 #56
	               shape |    table 0x00000253E97DA300 #1
	potential_neighbours |    table 0x00000253E920FB50 #8
	        grids_merged |  boolean false
	                grid |      nil
	   built_connections |    table 0x00000253E920FDE0 #1
	create_connection_call_data |    table 0x00000253E920FE20 #0
	          is_loading |  boolean false
	construction_connections |   number 0
	         connect_dir |   number 2
	     object_hex_grid | userdata 0x00000253EADE5F58 #56
	         (for index) |   number 7
	         (for limit) |   number 8
	          (for step) |   number 2
	                   i |   number 7
	                  pt |    point (296, 216)
	            other_pt |    point (297, 215)
	                 dir |   number 5
	            adjacent |   object CableConstructionSite at (404500, 186190, 7738) on map 1
	    adjacent_element |   object SupplyGridElement
	                skip |  boolean false
	         empty_table |    table 0x00000253E5B45EA8 #0
[mod] [SMRTK] SMRTK_ERROR kind=lua message="Lua/SupplyGrid.lua:1829: attempt to index a boolean value (field 'grid')" stack="  Lua/SupplyGrid.lua(1829):  method SupplyGridConnectElement\n  Lua/ElectricityGrid.lua(294):  method SetupElectricityElement\n  Lua/ElectricityGrid.lua(298):   <>\n  [C](-1):  global procall\n  CommonLua/Core/classes.lua(243):  method GameInit\n  CommonLua/Classes/_object.lua(192):   <>\n        --- end of stack" t=201405541 id=431
[SMRTK] SMRTK_ERROR kind=lua message="Lua/SupplyGrid.lua:1829: attempt to index a boolean value (field 'grid')" stack="  Lua/SupplyGrid.lua(1829):  method SupplyGridConnectElement\n  Lua/ElectricityGrid.lua(294):  method SetupElectricityElement\n  Lua/ElectricityGrid.lua(298):   <>\n  [C](-1):  global procall\n  CommonLua/Core/classes.lua(243):  method GameInit\n  CommonLua/Classes/_object.lua(192):   <>\n        --- end of stack" t=201405541 id=431
						Lua 1:04:17:366
[LUA ERROR] Lua/SupplyGrid.lua:1820: attempt to index a nil value (local 'adjacent')
  Lua/SupplyGrid.lua(1820):  method SupplyGridConnectElement
  Lua/ElectricityGrid.lua(294):  method SetupElectricityElement
  Lua/ElectricityGrid.lua(298):   <>
  [C](-1):  global procall
  CommonLua/Core/classes.lua(243):  method GameInit
  CommonLua/Classes/_object.lua(192):   <>
        --- end of stack
Locals:
	                self |   object CableConstructionSite at (405000, 183592, 7738) on map 1
	             element |   object SupplyGridElement
	          grid_class |   object ElectricityGrid
	       new_grid_skin |      nil
	force_create_connections |      nil
	     supply_resource |   string electricity
	                dome |  boolean false
	  is_switched_switch |  boolean false
	     is_construction |  boolean true
	           grid_type |   string construction_grid
	                 map |   object Map
	supply_connection_grid |   object SupplyConnectionGrid
	 supply_overlay_grid | userdata 0x00000253F951CF48 #48
	           conn_grid | userdata 0x00000253F50B1840 #56
	               shape |    table 0x00000253E97DA300 #1
	potential_neighbours |    table 0x00000253F6BDB7B0 #8
	        grids_merged |  boolean false
	                grid |      nil
	   built_connections |    table 0x00000253F6BDBA40 #0
	create_connection_call_data |    table 0x00000253F6BDBA80 #0
	          is_loading |  boolean false
	construction_connections |   number 0
	         connect_dir |   number 2
	     object_hex_grid | userdata 0x00000253EADE5F58 #56
	         (for index) |   number 5
	         (for limit) |   number 8
	          (for step) |   number 2
	                   i |   number 5
	                  pt |    point (299, 212)
	            other_pt |    point (298, 213)
	                 dir |   number 2
	            adjacent |      nil
	         empty_table |    table 0x00000253E5B45EA8 #0
[mod] [SMRTK] SMRTK_ERROR kind=lua message="Lua/SupplyGrid.lua:1820: attempt to index a nil value (local 'adjacent')" stack="  Lua/SupplyGrid.lua(1820):  method SupplyGridConnectElement\n  Lua/ElectricityGrid.lua(294):  method SetupElectricityElement\n  Lua/ElectricityGrid.lua(298):   <>\n  [C](-1):  global procall\n  CommonLua/Core/classes.lua(243):  method GameInit\n  CommonLua/Classes/_object.lua(192):   <>\n        --- end of stack" t=201405541 id=432
[SMRTK] SMRTK_ERROR kind=lua message="Lua/SupplyGrid.lua:1820: attempt to index a nil value (local 'adjacent')" stack="  Lua/SupplyGrid.lua(1820):  method SupplyGridConnectElement\n  Lua/ElectricityGrid.lua(294):  method SetupElectricityElement\n  Lua/ElectricityGrid.lua(298):   <>\n  [C](-1):  global procall\n  CommonLua/Core/classes.lua(243):  method GameInit\n  CommonLua/Classes/_object.lua(192):   <>\n        --- end of stack" t=201405541 id=432
						Lua 1:04:17:367
[LUA ERROR] Lua/SupplyGrid.lua:1829: attempt to index a boolean value (field 'grid')
  Lua/SupplyGrid.lua(1829):  method SupplyGridConnectElement
  Lua/ElectricityGrid.lua(294):  method SetupElectricityElement
  Lua/ElectricityGrid.lua(298):   <>
  [C](-1):  global procall
  CommonLua/Core/classes.lua(243):  method GameInit
  CommonLua/Classes/_object.lua(192):   <>
        --- end of stack
Locals:
	                self |   object CableConstructionSite at (403500, 186190, 7831) on map 1
	             element |   object SupplyGridElement
	          grid_class |   object ElectricityGrid
	       new_grid_skin |      nil
	force_create_connections |      nil
	     supply_resource |   string electricity
	                dome |  boolean false
	  is_switched_switch |  boolean false
	     is_construction |  boolean true
	           grid_type |   string construction_grid
	                 map |   object Map
	supply_connection_grid |   object SupplyConnectionGrid
	 supply_overlay_grid | userdata 0x00000253F951CF48 #48
	           conn_grid | userdata 0x00000253F50B1840 #56
	               shape |    table 0x00000253E97DA300 #1
	potential_neighbours |    table 0x00000253F6BE2C20 #8
	        grids_merged |  boolean false
	                grid |      nil
	   built_connections |    table 0x00000253F6BE2EB0 #1
	create_connection_call_data |    table 0x00000253F6BE2EF0 #0
	          is_loading |  boolean false
	construction_connections |   number 0
	         connect_dir |   number 2
	     object_hex_grid | userdata 0x00000253EADE5F58 #56
	         (for index) |   number 7
	         (for limit) |   number 8
	          (for step) |   number 2
	                   i |   number 7
	                  pt |    point (296, 215)
	            other_pt |    point (297, 214)
	                 dir |   number 5
	            adjacent |   object CableConstructionSite at (404000, 185324, 7738) on map 1
	    adjacent_element |   object SupplyGridElement
	                skip |  boolean false
	         empty_table |    table 0x00000253E5B45EA8 #0
[mod] [SMRTK] SMRTK_ERROR kind=lua message="Lua/SupplyGrid.lua:1829: attempt to index a boolean value (field 'grid')" stack="  Lua/SupplyGrid.lua(1829):  method SupplyGridConnectElement\n  Lua/ElectricityGrid.lua(294):  method SetupElectricityElement\n  Lua/ElectricityGrid.lua(298):   <>\n  [C](-1):  global procall\n  CommonLua/Core/classes.lua(243):  method GameInit\n  CommonLua/Classes/_object.lua(192):   <>\n        --- end of stack" t=201405541 id=433
[SMRTK] SMRTK_ERROR kind=lua message="Lua/SupplyGrid.lua:1829: attempt to index a boolean value (field 'grid')" stack="  Lua/SupplyGrid.lua(1829):  method SupplyGridConnectElement\n  Lua/ElectricityGrid.lua(294):  method SetupElectricityElement\n  Lua/ElectricityGrid.lua(298):   <>\n  [C](-1):  global procall\n  CommonLua/Core/classes.lua(243):  method GameInit\n  CommonLua/Classes/_object.lua(192):   <>\n        --- end of stack" t=201405541 id=433
						Lua 1:04:25:309
[mod] [SMRTK] SMRTK_PANEL action=panel_toggle open=true status=OK tab=Saves t=201405541 id=434
						Lua 1:04:27:165
[mod] [SMRTK] SMRTK_CLEAR action=clear status=OK t=201405541 id=435
						Lua 1:04:27:593
[mod] [SMRTK] SMRTK_COPY action=copy flushed=true from=644 lines=203 status=OK truncated=false t=201405541 id=436
[SMRTK] SMRTK_COPY action=copy flushed=true from=644 lines=203 status=OK truncated=false t=201405541 id=436
						Lua 1:04:28:770
[mod] [SMRTK] SMRTK_PANEL action=panel_toggle open=false status=OK tab=Saves t=201405541 id=437
						Lua 1:04:40:229
[mod] [SMRTK] SMRTK_SECTION action=section_attach attached=false reason="no supported actions" status=OK t=201405541 id=438
						Lua 1:04:44:481
[LUA ERROR] Lua/SupplyGrid.lua:1820: attempt to index a nil value (local 'adjacent')
  Lua/SupplyGrid.lua(1820):  method SupplyGridConnectElement
  Lua/ElectricityGrid.lua(294):  method SetupElectricityElement
  Lua/ElectricityGrid.lua(298):   <>
  [C](-1):  global procall
  CommonLua/Core/classes.lua(243):  method GameInit
  CommonLua/Classes/_object.lua(192):   <>
        --- end of stack
Locals:
	                self |   object CableConstructionSite at (423000, 178396, 7738) on map 1
	             element |   object SupplyGridElement
	          grid_class |   object ElectricityGrid
	       new_grid_skin |      nil
	force_create_connections |      nil
	     supply_resource |   string electricity
	                dome |  boolean false
	  is_switched_switch |  boolean false
	     is_construction |  boolean true
	           grid_type |   string construction_grid
	                 map |   object Map
	supply_connection_grid |   object SupplyConnectionGrid
	 supply_overlay_grid | userdata 0x00000253F951CF48 #48
	           conn_grid | userdata 0x00000253F50B1840 #56
	               shape |    table 0x00000253E97DA300 #1
	potential_neighbours |    table 0x00000253F8C8B108 #10
	        grids_merged |  boolean false
	                grid |      nil
	   built_connections |    table 0x00000253F8C8B470 #0
	create_connection_call_data |    table 0x00000253F8C8B4B0 #0
	          is_loading |  boolean false
	construction_connections |   number 0
	         connect_dir |   number 2
	     object_hex_grid | userdata 0x00000253EADE5F58 #56
	         (for index) |   number 3
	         (for limit) |   number 10
	          (for step) |   number 2
	                   i |   number 3
	                  pt |    point (320, 206)
	            other_pt |    point (319, 207)
	                 dir |   number 2
	            adjacent |      nil
	         empty_table |    table 0x00000253E5B45EA8 #0
[mod] [SMRTK] SMRTK_ERROR kind=lua message="Lua/SupplyGrid.lua:1820: attempt to index a nil value (local 'adjacent')" stack="  Lua/SupplyGrid.lua(1820):  method SupplyGridConnectElement\n  Lua/ElectricityGrid.lua(294):  method SetupElectricityElement\n  Lua/ElectricityGrid.lua(298):   <>\n  [C](-1):  global procall\n  CommonLua/Core/classes.lua(243):  method GameInit\n  CommonLua/Classes/_object.lua(192):   <>\n        --- end of stack" t=201405541 id=439
[SMRTK] SMRTK_ERROR kind=lua message="Lua/SupplyGrid.lua:1820: attempt to index a nil value (local 'adjacent')" stack="  Lua/SupplyGrid.lua(1820):  method SupplyGridConnectElement\n  Lua/ElectricityGrid.lua(294):  method SetupElectricityElement\n  Lua/ElectricityGrid.lua(298):   <>\n  [C](-1):  global procall\n  CommonLua/Core/classes.lua(243):  method GameInit\n  CommonLua/Classes/_object.lua(192):   <>\n        --- end of stack" t=201405541 id=439
						Lua 1:04:44:482
[LUA ERROR] Lua/SupplyGrid.lua:1829: attempt to index a boolean value (field 'grid')
  Lua/SupplyGrid.lua(1829):  method SupplyGridConnectElement
  Lua/ElectricityGrid.lua(294):  method SetupElectricityElement
  Lua/ElectricityGrid.lua(298):   <>
  [C](-1):  global procall
  CommonLua/Core/classes.lua(243):  method GameInit
  CommonLua/Classes/_object.lua(192):   <>
        --- end of stack
Locals:
	                self |   object CableConstructionSite at (420000, 183592, 7738) on map 1
	             element |   object SupplyGridElement
	          grid_class |   object ElectricityGrid
	       new_grid_skin |      nil
	force_create_connections |      nil
	     supply_resource |   string electricity
	                dome |  boolean false
	  is_switched_switch |  boolean false
	     is_construction |  boolean true
	           grid_type |   string construction_grid
	                 map |   object Map
	supply_connection_grid |   object SupplyConnectionGrid
	 supply_overlay_grid | userdata 0x00000253F951CF48 #48
	           conn_grid | userdata 0x00000253F50B1840 #56
	               shape |    table 0x00000253E97DA300 #1
	potential_neighbours |    table 0x00000253F8C91090 #6
	        grids_merged |  boolean false
	                grid |      nil
	   built_connections |    table 0x00000253FA8B5CC8 #1
	create_connection_call_data |    table 0x00000253FA8B5D08 #0
	          is_loading |  boolean false
	construction_connections |   number 0
	         connect_dir |   number 2
	     object_hex_grid | userdata 0x00000253EADE5F58 #56
	         (for index) |   number 5
	         (for limit) |   number 6
	          (for step) |   number 2
	                   i |   number 5
	                  pt |    point (314, 212)
	            other_pt |    point (315, 211)
	                 dir |   number 5
	            adjacent |   object CableConstructionSite at (420500, 182726, 7738) on map 1
	    adjacent_element |   object SupplyGridElement
	                skip |  boolean false
	         empty_table |    table 0x00000253E5B45EA8 #0
[mod] [SMRTK] SMRTK_ERROR kind=lua message="Lua/SupplyGrid.lua:1829: attempt to index a boolean value (field 'grid')" stack="  Lua/SupplyGrid.lua(1829):  method SupplyGridConnectElement\n  Lua/ElectricityGrid.lua(294):  method SetupElectricityElement\n  Lua/ElectricityGrid.lua(298):   <>\n  [C](-1):  global procall\n  CommonLua/Core/classes.lua(243):  method GameInit\n  CommonLua/Classes/_object.lua(192):   <>\n        --- end of stack" t=201405541 id=440
[SMRTK] SMRTK_ERROR kind=lua message="Lua/SupplyGrid.lua:1829: attempt to index a boolean value (field 'grid')" stack="  Lua/SupplyGrid.lua(1829):  method SupplyGridConnectElement\n  Lua/ElectricityGrid.lua(294):  method SetupElectricityElement\n  Lua/ElectricityGrid.lua(298):   <>\n  [C](-1):  global procall\n  CommonLua/Core/classes.lua(243):  method GameInit\n  CommonLua/Classes/_object.lua(192):   <>\n        --- end of stack" t=201405541 id=440
						Lua 1:04:47:859
[LUA ERROR] Lua/SupplyGrid.lua:1820: attempt to index a nil value (local 'adjacent')
  Lua/SupplyGrid.lua(1820):  method SupplyGridConnectElement
  Lua/ElectricityGrid.lua(294):  method SetupElectricityElement
  Lua/ElectricityGrid.lua(298):   <>
  [C](-1):  global procall
  CommonLua/Core/classes.lua(243):  method GameInit
  CommonLua/Classes/_object.lua(192):   <>
        --- end of stack
Locals:
	                self |   object CableConstructionSite at (424000, 178396, 7738) on map 1
	             element |   object SupplyGridElement
	          grid_class |   object ElectricityGrid
	       new_grid_skin |      nil
	force_create_connections |      nil
	     supply_resource |   string electricity
	                dome |  boolean false
	  is_switched_switch |  boolean false
	     is_construction |  boolean true
	           grid_type |   string construction_grid
	                 map |   object Map
	supply_connection_grid |   object SupplyConnectionGrid
	 supply_overlay_grid | userdata 0x00000253F951CF48 #48
	           conn_grid | userdata 0x00000253F50B1840 #56
	               shape |    table 0x00000253E97DA300 #1
	potential_neighbours |    table 0x00000253F2865FB0 #12
	        grids_merged |  boolean false
	                grid |      nil
	   built_connections |    table 0x00000253F2866398 #0
	create_connection_call_data |    table 0x00000253F28663D8 #0
	          is_loading |  boolean false
	construction_connections |   number 0
	         connect_dir |   number 2
	     object_hex_grid | userdata 0x00000253EADE5F58 #56
	         (for index) |   number 5
	         (for limit) |   number 12
	          (for step) |   number 2
	                   i |   number 5
	                  pt |    point (321, 206)
	            other_pt |    point (320, 207)
	                 dir |   number 2
	            adjacent |      nil
	         empty_table |    table 0x00000253E5B45EA8 #0
[mod] [SMRTK] SMRTK_ERROR kind=lua message="Lua/SupplyGrid.lua:1820: attempt to index a nil value (local 'adjacent')" stack="  Lua/SupplyGrid.lua(1820):  method SupplyGridConnectElement\n  Lua/ElectricityGrid.lua(294):  method SetupElectricityElement\n  Lua/ElectricityGrid.lua(298):   <>\n  [C](-1):  global procall\n  CommonLua/Core/classes.lua(243):  method GameInit\n  CommonLua/Classes/_object.lua(192):   <>\n        --- end of stack" t=201405541 id=441
[SMRTK] SMRTK_ERROR kind=lua message="Lua/SupplyGrid.lua:1820: attempt to index a nil value (local 'adjacent')" stack="  Lua/SupplyGrid.lua(1820):  method SupplyGridConnectElement\n  Lua/ElectricityGrid.lua(294):  method SetupElectricityElement\n  Lua/ElectricityGrid.lua(298):   <>\n  [C](-1):  global procall\n  CommonLua/Core/classes.lua(243):  method GameInit\n  CommonLua/Classes/_object.lua(192):   <>\n        --- end of stack" t=201405541 id=441
						Lua 1:04:47:860
[LUA ERROR] Lua/SupplyGrid.lua:1829: attempt to index a boolean value (field 'grid')
  Lua/SupplyGrid.lua(1829):  method SupplyGridConnectElement
  Lua/ElectricityGrid.lua(294):  method SetupElectricityElement
  Lua/ElectricityGrid.lua(298):   <>
  [C](-1):  global procall
  CommonLua/Core/classes.lua(243):  method GameInit
  CommonLua/Classes/_object.lua(192):   <>
        --- end of stack
Locals:
	                self |   object CableConstructionSite at (421500, 182726, 7738) on map 1
	             element |   object SupplyGridElement
	          grid_class |   object ElectricityGrid
	       new_grid_skin |      nil
	force_create_connections |      nil
	     supply_resource |   string electricity
	                dome |  boolean false
	  is_switched_switch |  boolean false
	     is_construction |  boolean true
	           grid_type |   string construction_grid
	                 map |   object Map
	supply_connection_grid |   object SupplyConnectionGrid
	 supply_overlay_grid | userdata 0x00000253F951CF48 #48
	           conn_grid | userdata 0x00000253F50B1840 #56
	               shape |    table 0x00000253E97DA300 #1
	potential_neighbours |    table 0x00000253F1B3BCA8 #10
	        grids_merged |  boolean false
	                grid |      nil
	   built_connections |    table 0x00000253F1B3C010 #1
	create_connection_call_data |    table 0x00000253F1B3C050 #0
	          is_loading |  boolean false
	construction_connections |   number 0
	         connect_dir |   number 2
	     object_hex_grid | userdata 0x00000253EADE5F58 #56
	         (for index) |   number 9
	         (for limit) |   number 10
	          (for step) |   number 2
	                   i |   number 9
	                  pt |    point (316, 211)
	            other_pt |    point (317, 210)
	                 dir |   number 5
	            adjacent |   object CableConstructionSite at (422000, 181860, 7738) on map 1
	    adjacent_element |   object SupplyGridElement
	                skip |  boolean false
	         empty_table |    table 0x00000253E5B45EA8 #0
[mod] [SMRTK] SMRTK_ERROR kind=lua message="Lua/SupplyGrid.lua:1829: attempt to index a boolean value (field 'grid')" stack="  Lua/SupplyGrid.lua(1829):  method SupplyGridConnectElement\n  Lua/ElectricityGrid.lua(294):  method SetupElectricityElement\n  Lua/ElectricityGrid.lua(298):   <>\n  [C](-1):  global procall\n  CommonLua/Core/classes.lua(243):  method GameInit\n  CommonLua/Classes/_object.lua(192):   <>\n        --- end of stack" t=201405541 id=442
[SMRTK] SMRTK_ERROR kind=lua message="Lua/SupplyGrid.lua:1829: attempt to index a boolean value (field 'grid')" stack="  Lua/SupplyGrid.lua(1829):  method SupplyGridConnectElement\n  Lua/ElectricityGrid.lua(294):  method SetupElectricityElement\n  Lua/ElectricityGrid.lua(298):   <>\n  [C](-1):  global procall\n  CommonLua/Core/classes.lua(243):  method GameInit\n  CommonLua/Classes/_object.lua(192):   <>\n        --- end of stack" t=201405541 id=442
						Lua 1:04:49:413
[LUA ERROR] Lua/SupplyGrid.lua:1829: attempt to index a boolean value (field 'grid')
  Lua/SupplyGrid.lua(1829):  method SupplyGridConnectElement
  Lua/ElectricityGrid.lua(294):  method SetupElectricityElement
  Lua/ElectricityGrid.lua(298):   <>
  [C](-1):  global procall
  CommonLua/Core/classes.lua(243):  method GameInit
  CommonLua/Classes/_object.lua(192):   <>
        --- end of stack
Locals:
	                self |   object CableConstructionSite at (413500, 194850, 7738) on map 1
	             element |   object SupplyGridElement
	          grid_class |   object ElectricityGrid
	       new_grid_skin |      nil
	force_create_connections |      nil
	     supply_resource |   string electricity
	                dome |  boolean false
	  is_switched_switch |  boolean false
	     is_construction |  boolean true
	           grid_type |   string construction_grid
	                 map |   object Map
	supply_connection_grid |   object SupplyConnectionGrid
	 supply_overlay_grid | userdata 0x00000253F951CF48 #48
	           conn_grid | userdata 0x00000253F50B1840 #56
	               shape |    table 0x00000253E97DA300 #1
	potential_neighbours |    table 0x00000253F5C85650 #4
	        grids_merged |  boolean false
	                grid |      nil
	   built_connections |    table 0x00000253F5C857E0 #1
	create_connection_call_data |    table 0x00000253F5C85820 #0
	          is_loading |  boolean false
	construction_connections |   number 0
	         connect_dir |   number 0
	     object_hex_grid | userdata 0x00000253EADE5F58 #56
	         (for index) |   number 1
	         (for limit) |   number 4
	          (for step) |   number 2
	                   i |   number 1
	                  pt |    point (301, 225)
	            other_pt |    point (302, 225)
	                 dir |   number 0
	            adjacent |   object CableConstructionSite at (414500, 194850, 7738) on map 1
	    adjacent_element |   object SupplyGridElement
	                skip |  boolean false
	         empty_table |    table 0x00000253E5B45EA8 #0
[mod] [SMRTK] SMRTK_ERROR kind=lua message="Lua/SupplyGrid.lua:1829: attempt to index a boolean value (field 'grid')" stack="  Lua/SupplyGrid.lua(1829):  method SupplyGridConnectElement\n  Lua/ElectricityGrid.lua(294):  method SetupElectricityElement\n  Lua/ElectricityGrid.lua(298):   <>\n  [C](-1):  global procall\n  CommonLua/Core/classes.lua(243):  method GameInit\n  CommonLua/Classes/_object.lua(192):   <>\n        --- end of stack" t=201405541 id=443
[SMRTK] SMRTK_ERROR kind=lua message="Lua/SupplyGrid.lua:1829: attempt to index a boolean value (field 'grid')" stack="  Lua/SupplyGrid.lua(1829):  method SupplyGridConnectElement\n  Lua/ElectricityGrid.lua(294):  method SetupElectricityElement\n  Lua/ElectricityGrid.lua(298):   <>\n  [C](-1):  global procall\n  CommonLua/Core/classes.lua(243):  method GameInit\n  CommonLua/Classes/_object.lua(192):   <>\n        --- end of stack" t=201405541 id=443
						Lua 1:04:52:441
[LUA ERROR] Lua/SupplyGrid.lua:1829: attempt to index a boolean value (field 'grid')
  Lua/SupplyGrid.lua(1829):  method SupplyGridConnectElement
  Lua/ElectricityGrid.lua(294):  method SetupElectricityElement
  Lua/ElectricityGrid.lua(298):   <>
  [C](-1):  global procall
  CommonLua/Core/classes.lua(243):  method GameInit
  CommonLua/Classes/_object.lua(192):   <>
        --- end of stack
Locals:
	                self |   object CableConstructionSite at (414000, 192252, 7738) on map 1
	             element |   object SupplyGridElement
	          grid_class |   object ElectricityGrid
	       new_grid_skin |      nil
	force_create_connections |      nil
	     supply_resource |   string electricity
	                dome |  boolean false
	  is_switched_switch |  boolean false
	     is_construction |  boolean true
	           grid_type |   string construction_grid
	                 map |   object Map
	supply_connection_grid |   object SupplyConnectionGrid
	 supply_overlay_grid | userdata 0x00000253F951CF48 #48
	           conn_grid | userdata 0x00000253F50B1840 #56
	               shape |    table 0x00000253E97DA300 #1
	potential_neighbours |    table 0x00000253F989A0E8 #10
	        grids_merged |  boolean false
	                grid |      nil
	   built_connections |    table 0x00000253F989A450 #1
	create_connection_call_data |    table 0x00000253F989A490 #0
	          is_loading |  boolean false
	construction_connections |   number 0
	         connect_dir |   number 2
	     object_hex_grid | userdata 0x00000253EADE5F58 #56
	         (for index) |   number 9
	         (for limit) |   number 10
	          (for step) |   number 2
	                   i |   number 9
	                  pt |    point (303, 222)
	            other_pt |    point (304, 221)
	                 dir |   number 5
	            adjacent |   object CableConstructionSite at (414500, 191386, 7738) on map 1
	    adjacent_element |   object SupplyGridElement
	                skip |  boolean false
	         empty_table |    table 0x00000253E5B45EA8 #0
[mod] [SMRTK] SMRTK_ERROR kind=lua message="Lua/SupplyGrid.lua:1829: attempt to index a boolean value (field 'grid')" stack="  Lua/SupplyGrid.lua(1829):  method SupplyGridConnectElement\n  Lua/ElectricityGrid.lua(294):  method SetupElectricityElement\n  Lua/ElectricityGrid.lua(298):   <>\n  [C](-1):  global procall\n  CommonLua/Core/classes.lua(243):  method GameInit\n  CommonLua/Classes/_object.lua(192):   <>\n        --- end of stack" t=201405541 id=444
[SMRTK] SMRTK_ERROR kind=lua message="Lua/SupplyGrid.lua:1829: attempt to index a boolean value (field 'grid')" stack="  Lua/SupplyGrid.lua(1829):  method SupplyGridConnectElement\n  Lua/ElectricityGrid.lua(294):  method SetupElectricityElement\n  Lua/ElectricityGrid.lua(298):   <>\n  [C](-1):  global procall\n  CommonLua/Core/classes.lua(243):  method GameInit\n  CommonLua/Classes/_object.lua(192):   <>\n        --- end of stack" t=201405541 id=444
						Lua 1:04:54:080
[LUA ERROR] Lua/SupplyGrid.lua:1829: attempt to index a boolean value (field 'grid')
  Lua/SupplyGrid.lua(1829):  method SupplyGridConnectElement
  Lua/ElectricityGrid.lua(294):  method SetupElectricityElement
  Lua/ElectricityGrid.lua(298):   <>
  [C](-1):  global procall
  CommonLua/Core/classes.lua(243):  method GameInit
  CommonLua/Classes/_object.lua(192):   <>
        --- end of stack
Locals:
	                self |   object CableConstructionSite at (412500, 193118, 7738) on map 1
	             element |   object SupplyGridElement
	          grid_class |   object ElectricityGrid
	       new_grid_skin |      nil
	force_create_connections |      nil
	     supply_resource |   string electricity
	                dome |  boolean false
	  is_switched_switch |  boolean false
	     is_construction |  boolean true
	           grid_type |   string construction_grid
	                 map |   object Map
	supply_connection_grid |   object SupplyConnectionGrid
	 supply_overlay_grid | userdata 0x00000253F951CF48 #48
	           conn_grid | userdata 0x00000253F50B1840 #56
	               shape |    table 0x00000253E97DA300 #1
	potential_neighbours |    table 0x00000253FAA49168 #10
	        grids_merged |  boolean false
	                grid |      nil
	   built_connections |    table 0x00000253FAA494D0 #1
	create_connection_call_data |    table 0x00000253FAA49510 #0
	          is_loading |  boolean false
	construction_connections |   number 0
	         connect_dir |   number 2
	     object_hex_grid | userdata 0x00000253EADE5F58 #56
	         (for index) |   number 9
	         (for limit) |   number 10
	          (for step) |   number 2
	                   i |   number 9
	                  pt |    point (301, 223)
	            other_pt |    point (302, 222)
	                 dir |   number 5
	            adjacent |   object CableConstructionSite at (413000, 192252, 7738) on map 1
	    adjacent_element |   object SupplyGridElement
	                skip |  boolean false
	         empty_table |    table 0x00000253E5B45EA8 #0
[mod] [SMRTK] SMRTK_ERROR kind=lua message="Lua/SupplyGrid.lua:1829: attempt to index a boolean value (field 'grid')" stack="  Lua/SupplyGrid.lua(1829):  method SupplyGridConnectElement\n  Lua/ElectricityGrid.lua(294):  method SetupElectricityElement\n  Lua/ElectricityGrid.lua(298):   <>\n  [C](-1):  global procall\n  CommonLua/Core/classes.lua(243):  method GameInit\n  CommonLua/Classes/_object.lua(192):   <>\n        --- end of stack" t=201405541 id=445
[SMRTK] SMRTK_ERROR kind=lua message="Lua/SupplyGrid.lua:1829: attempt to index a boolean value (field 'grid')" stack="  Lua/SupplyGrid.lua(1829):  method SupplyGridConnectElement\n  Lua/ElectricityGrid.lua(294):  method SetupElectricityElement\n  Lua/ElectricityGrid.lua(298):   <>\n  [C](-1):  global procall\n  CommonLua/Core/classes.lua(243):  method GameInit\n  CommonLua/Classes/_object.lua(192):   <>\n        --- end of stack" t=201405541 id=445
						Lua 1:04:57:236
[LUA ERROR] Lua/SupplyGrid.lua:1829: attempt to index a boolean value (field 'grid')
  Lua/SupplyGrid.lua(1829):  method SupplyGridConnectElement
  Lua/ElectricityGrid.lua(294):  method SetupElectricityElement
  Lua/ElectricityGrid.lua(298):   <>
  [C](-1):  global procall
  CommonLua/Core/classes.lua(243):  method GameInit
  CommonLua/Classes/_object.lua(192):   <>
        --- end of stack
Locals:
	                self |   object CableConstructionSite at (424500, 179262, 7738) on map 1
	             element |   object SupplyGridElement
	          grid_class |   object ElectricityGrid
	       new_grid_skin |      nil
	force_create_connections |      nil
	     supply_resource |   string electricity
	                dome |  boolean false
	  is_switched_switch |  boolean false
	     is_construction |  boolean true
	           grid_type |   string construction_grid
	                 map |   object Map
	supply_connection_grid |   object SupplyConnectionGrid
	 supply_overlay_grid | userdata 0x00000253F951CF48 #48
	           conn_grid | userdata 0x00000253F50B1840 #56
	               shape |    table 0x00000253E97DA300 #1
	potential_neighbours |    table 0x00000253F7633EE0 #10
	        grids_merged |  boolean false
	                grid |      nil
	   built_connections |    table 0x00000253F7634248 #2
	create_connection_call_data |    table 0x00000253F7634288 #0
	          is_loading |  boolean false
	construction_connections |   number 0
	         connect_dir |   number 0
	     object_hex_grid | userdata 0x00000253EADE5F58 #56
	         (for index) |   number 5
	         (for limit) |   number 10
	          (for step) |   number 2
	                   i |   number 5
	                  pt |    point (321, 207)
	            other_pt |    point (320, 207)
	                 dir |   number 3
	            adjacent |   object CableConstructionSite at (423500, 179262, 7738) on map 1
	    adjacent_element |   object SupplyGridElement
	                skip |  boolean false
	         empty_table |    table 0x00000253E5B45EA8 #0
[mod] [SMRTK] SMRTK_ERROR kind=lua message="Lua/SupplyGrid.lua:1829: attempt to index a boolean value (field 'grid')" stack="  Lua/SupplyGrid.lua(1829):  method SupplyGridConnectElement\n  Lua/ElectricityGrid.lua(294):  method SetupElectricityElement\n  Lua/ElectricityGrid.lua(298):   <>\n  [C](-1):  global procall\n  CommonLua/Core/classes.lua(243):  method GameInit\n  CommonLua/Classes/_object.lua(192):   <>\n        --- end of stack" t=201405541 id=446
[SMRTK] SMRTK_ERROR kind=lua message="Lua/SupplyGrid.lua:1829: attempt to index a boolean value (field 'grid')" stack="  Lua/SupplyGrid.lua(1829):  method SupplyGridConnectElement\n  Lua/ElectricityGrid.lua(294):  method SetupElectricityElement\n  Lua/ElectricityGrid.lua(298):   <>\n  [C](-1):  global procall\n  CommonLua/Core/classes.lua(243):  method GameInit\n  CommonLua/Classes/_object.lua(192):   <>\n        --- end of stack" t=201405541 id=446
						Lua 1:05:01:261
[LUA ERROR] Lua/SupplyGrid.lua:1820: attempt to index a nil value (local 'adjacent')
  Lua/SupplyGrid.lua(1820):  method SupplyGridConnectElement
  Lua/ElectricityGrid.lua(294):  method SetupElectricityElement
  Lua/ElectricityGrid.lua(298):   <>
  [C](-1):  global procall
  CommonLua/Core/classes.lua(243):  method GameInit
  CommonLua/Classes/_object.lua(192):   <>
        --- end of stack
Locals:
	                self |   object CableConstructionSite at (424000, 180128, 7738) on map 1
	             element |   object SupplyGridElement
	          grid_class |   object ElectricityGrid
	       new_grid_skin |      nil
	force_create_connections |      nil
	     supply_resource |   string electricity
	                dome |  boolean false
	  is_switched_switch |  boolean false
	     is_construction |  boolean true
	           grid_type |   string construction_grid
	                 map |   object Map
	supply_connection_grid |   object SupplyConnectionGrid
	 supply_overlay_grid | userdata 0x00000253F951CF48 #48
	           conn_grid | userdata 0x00000253F50B1840 #56
	               shape |    table 0x00000253E97DA300 #1
	potential_neighbours |    table 0x00000253EABA68E0 #8
	        grids_merged |  boolean false
	                grid |      nil
	   built_connections |    table 0x00000253EABA6B70 #0
	create_connection_call_data |    table 0x00000253EABA6BB0 #0
	          is_loading |  boolean false
	construction_connections |   number 0
	         connect_dir |   number 2
	     object_hex_grid | userdata 0x00000253EADE5F58 #56
	         (for index) |   number 1
	         (for limit) |   number 8
	          (for step) |   number 2
	                   i |   number 1
	                  pt |    point (320, 208)
	            other_pt |    point (319, 209)
	                 dir |   number 2
	            adjacent |      nil
	         empty_table |    table 0x00000253E5B45EA8 #0
[mod] [SMRTK] SMRTK_ERROR kind=lua message="Lua/SupplyGrid.lua:1820: attempt to index a nil value (local 'adjacent')" stack="  Lua/SupplyGrid.lua(1820):  method SupplyGridConnectElement\n  Lua/ElectricityGrid.lua(294):  method SetupElectricityElement\n  Lua/ElectricityGrid.lua(298):   <>\n  [C](-1):  global procall\n  CommonLua/Core/classes.lua(243):  method GameInit\n  CommonLua/Classes/_object.lua(192):   <>\n        --- end of stack" t=201405541 id=447
[SMRTK] SMRTK_ERROR kind=lua message="Lua/SupplyGrid.lua:1820: attempt to index a nil value (local 'adjacent')" stack="  Lua/SupplyGrid.lua(1820):  method SupplyGridConnectElement\n  Lua/ElectricityGrid.lua(294):  method SetupElectricityElement\n  Lua/ElectricityGrid.lua(298):   <>\n  [C](-1):  global procall\n  CommonLua/Core/classes.lua(243):  method GameInit\n  CommonLua/Classes/_object.lua(192):   <>\n        --- end of stack" t=201405541 id=447
[LUA ERROR] Lua/SupplyGrid.lua:1829: attempt to index a boolean value (field 'grid')
  Lua/SupplyGrid.lua(1829):  method SupplyGridConnectElement
  Lua/ElectricityGrid.lua(294):  method SetupElectricityElement
  Lua/ElectricityGrid.lua(298):   <>
  [C](-1):  global procall
  CommonLua/Core/classes.lua(243):  method GameInit
  CommonLua/Classes/_object.lua(192):   <>
        --- end of stack
Locals:
	                self |   object CableConstructionSite at (422500, 182726, 7738) on map 1
	             element |   object SupplyGridElement
	          grid_class |   object ElectricityGrid
						Lua 1:05:01:262
	       new_grid_skin |      nil
	force_create_connections |      nil
	     supply_resource |   string electricity
	                dome |  boolean false
	  is_switched_switch |  boolean false
	     is_construction |  boolean true
	           grid_type |   string construction_grid
	                 map |   object Map
	supply_connection_grid |   object SupplyConnectionGrid
	 supply_overlay_grid | userdata 0x00000253F951CF48 #48
	           conn_grid | userdata 0x00000253F50B1840 #56
	               shape |    table 0x00000253E97DA300 #1
	potential_neighbours |    table 0x00000253F25C2210 #10
	        grids_merged |  boolean false
	                grid |      nil
	   built_connections |    table 0x00000253F25C2578 #1
	create_connection_call_data |    table 0x00000253F25C25B8 #0
	          is_loading |  boolean false
	construction_connections |   number 0
	         connect_dir |   number 2
	     object_hex_grid | userdata 0x00000253EADE5F58 #56
	         (for index) |   number 9
	         (for limit) |   number 10
	          (for step) |   number 2
	                   i |   number 9
	                  pt |    point (317, 211)
	            other_pt |    point (318, 210)
	                 dir |   number 5
	            adjacent |   object CableConstructionSite at (423000, 181860, 7738) on map 1
	    adjacent_element |   object SupplyGridElement
	                skip |  boolean false
	         empty_table |    table 0x00000253E5B45EA8 #0
[mod] [SMRTK] SMRTK_ERROR kind=lua message="Lua/SupplyGrid.lua:1829: attempt to index a boolean value (field 'grid')" stack="  Lua/SupplyGrid.lua(1829):  method SupplyGridConnectElement\n  Lua/ElectricityGrid.lua(294):  method SetupElectricityElement\n  Lua/ElectricityGrid.lua(298):   <>\n  [C](-1):  global procall\n  CommonLua/Core/classes.lua(243):  method GameInit\n  CommonLua/Classes/_object.lua(192):   <>\n        --- end of stack" t=201405541 id=448
[SMRTK] SMRTK_ERROR kind=lua message="Lua/SupplyGrid.lua:1829: attempt to index a boolean value (field 'grid')" stack="  Lua/SupplyGrid.lua(1829):  method SupplyGridConnectElement\n  Lua/ElectricityGrid.lua(294):  method SetupElectricityElement\n  Lua/ElectricityGrid.lua(298):   <>\n  [C](-1):  global procall\n  CommonLua/Core/classes.lua(243):  method GameInit\n  CommonLua/Classes/_object.lua(192):   <>\n        --- end of stack" t=201405541 id=448
						Lua 1:05:05:344
[LUA ERROR] Lua/SupplyGrid.lua:1820: attempt to index a nil value (local 'adjacent')
  Lua/SupplyGrid.lua(1820):  method SupplyGridConnectElement
  Lua/ElectricityGrid.lua(294):  method SetupElectricityElement
  Lua/ElectricityGrid.lua(298):   <>
  [C](-1):  global procall
  CommonLua/Core/classes.lua(243):  method GameInit
  CommonLua/Classes/_object.lua(192):   <>
        --- end of stack
Locals:
	                self |   object CableConstructionSite at (425000, 180128, 7738) on map 1
	             element |   object SupplyGridElement
	          grid_class |   object ElectricityGrid
	       new_grid_skin |      nil
	force_create_connections |      nil
	     supply_resource |   string electricity
	                dome |  boolean false
	  is_switched_switch |  boolean false
	     is_construction |  boolean true
	           grid_type |   string construction_grid
	                 map |   object Map
	supply_connection_grid |   object SupplyConnectionGrid
	 supply_overlay_grid | userdata 0x00000253F951CF48 #48
	           conn_grid | userdata 0x00000253F50B1840 #56
	               shape |    table 0x00000253E97DA300 #1
	potential_neighbours |    table 0x00000253F36E8A60 #10
	        grids_merged |  boolean false
	                grid |      nil
	   built_connections |    table 0x00000253F36E8DC8 #0
	create_connection_call_data |    table 0x00000253F36E8E08 #0
	          is_loading |  boolean false
	construction_connections |   number 0
	         connect_dir |   number 2
	     object_hex_grid | userdata 0x00000253EADE5F58 #56
	         (for index) |   number 3
	         (for limit) |   number 10
	          (for step) |   number 2
	                   i |   number 3
	                  pt |    point (321, 208)
	            other_pt |    point (320, 209)
	                 dir |   number 2
	            adjacent |      nil
	         empty_table |    table 0x00000253E5B45EA8 #0
[mod] [SMRTK] SMRTK_ERROR kind=lua message="Lua/SupplyGrid.lua:1820: attempt to index a nil value (local 'adjacent')" stack="  Lua/SupplyGrid.lua(1820):  method SupplyGridConnectElement\n  Lua/ElectricityGrid.lua(294):  method SetupElectricityElement\n  Lua/ElectricityGrid.lua(298):   <>\n  [C](-1):  global procall\n  CommonLua/Core/classes.lua(243):  method GameInit\n  CommonLua/Classes/_object.lua(192):   <>\n        --- end of stack" t=201405541 id=449
[SMRTK] SMRTK_ERROR kind=lua message="Lua/SupplyGrid.lua:1820: attempt to index a nil value (local 'adjacent')" stack="  Lua/SupplyGrid.lua(1820):  method SupplyGridConnectElement\n  Lua/ElectricityGrid.lua(294):  method SetupElectricityElement\n  Lua/ElectricityGrid.lua(298):   <>\n  [C](-1):  global procall\n  CommonLua/Core/classes.lua(243):  method GameInit\n  CommonLua/Classes/_object.lua(192):   <>\n        --- end of stack" t=201405541 id=449
[LUA ERROR] Lua/SupplyGrid.lua:1829: attempt to index a boolean value (field 'grid')
  Lua/SupplyGrid.lua(1829):  method SupplyGridConnectElement
  Lua/ElectricityGrid.lua(294):  method SetupElectricityElement
  Lua/ElectricityGrid.lua(298):   <>
  [C](-1):  global procall
  CommonLua/Core/classes.lua(243):  method GameInit
  CommonLua/Classes/_object.lua(192):   <>
        --- end of stack
Locals:
	                self |   object CableConstructionSite at (424500, 180994, 7738) on map 1
	             element |   object SupplyGridElement
	          grid_class |   object ElectricityGrid
	       new_grid_skin |      nil
	force_create_connections |      nil
	     supply_resource |   string electricity
	                dome |  boolean false
	  is_switched_switch |  boolean false
	     is_construction |  boolean true
	           grid_type |   string construction_grid
	                 map |   object Map
	supply_connection_grid |   object SupplyConnectionGrid
	 supply_overlay_grid | userdata 0x00000253F951CF48 #48
	           conn_grid | userdata 0x00000253F50B1840 #56
	               shape |    table 0x00000253E97DA300 #1
	potential_neighbours |    table 0x00000253F36EBD78 #6
	        grids_merged |  boolean false
	                grid |      nil
	   built_connections |    table 0x00000253F36EBF88 #1
	create_connection_call_data |    table 0x00000253F36EBFC8 #0
	          is_loading |  boolean false
	construction_connections |   number 0
	         connect_dir |   number 2
	     object_hex_grid | userdata 0x00000253EADE5F58 #56
	         (for index) |   number 5
	         (for limit) |   number 6
	          (for step) |   number 2
	                   i |   number 5
	                  pt |    point (320, 209)
	            other_pt |    point (321, 208)
	                 dir |   number 5
	            adjacent |   object CableConstructionSite at (425000, 180128, 7738) on map 1
	    adjacent_element |   object SupplyGridElement
	                skip |  boolean false
	         empty_table |    table 0x00000253E5B45EA8 #0
[mod] [SMRTK] SMRTK_ERROR kind=lua message="Lua/SupplyGrid.lua:1829: attempt to index a boolean value (field 'grid')" stack="  Lua/SupplyGrid.lua(1829):  method SupplyGridConnectElement\n  Lua/ElectricityGrid.lua(294):  method SetupElectricityElement\n  Lua/ElectricityGrid.lua(298):   <>\n  [C](-1):  global procall\n  CommonLua/Core/classes.lua(243):  method GameInit\n  CommonLua/Classes/_object.lua(192):   <>\n        --- end of stack" t=201405541 id=450
[SMRTK] SMRTK_ERROR kind=lua message="Lua/SupplyGrid.lua:1829: attempt to index a boolean value (field 'grid')" stack="  Lua/SupplyGrid.lua(1829):  method SupplyGridConnectElement\n  Lua/ElectricityGrid.lua(294):  method SetupElectricityElement\n  Lua/ElectricityGrid.lua(298):   <>\n  [C](-1):  global procall\n  CommonLua/Core/classes.lua(243):  method GameInit\n  CommonLua/Classes/_object.lua(192):   <>\n        --- end of stack" t=201405541 id=450
						Lua 1:05:07:970
[LUA ERROR] Lua/SupplyGrid.lua:1880: attempt to index a boolean value (field 'grid')
  Lua/SupplyGrid.lua(1880):  method SupplyGridConnectElement
  Lua/ElectricityGrid.lua(294):  method SetupElectricityElement
  Lua/ElectricityGrid.lua(298):   <>
  [C](-1):  global procall
  CommonLua/Core/classes.lua(243):  method GameInit
  CommonLua/Classes/_object.lua(192):   <>
        --- end of stack
Locals:
	                self |   object CableConstructionSite at (425500, 180994, 7738) on map 1
	             element |   object SupplyGridElement
	          grid_class |   object ElectricityGrid
	       new_grid_skin |      nil
	force_create_connections |      nil
	     supply_resource |   string electricity
	                dome |  boolean false
	  is_switched_switch |  boolean false
	     is_construction |  boolean true
	           grid_type |   string construction_grid
	                 map |   object Map
	supply_connection_grid |   object SupplyConnectionGrid
	 supply_overlay_grid | userdata 0x00000253F951CF48 #48
	           conn_grid | userdata 0x00000253F50B1840 #56
	               shape |    table 0x00000253E97DA300 #1
	potential_neighbours |    table 0x00000253F9C42840 #8
	        grids_merged |  boolean false
	                grid |      nil
	   built_connections |    table 0x00000253F951E588 #2
	create_connection_call_data |    table 0x00000253F951E5C8 #0
	          is_loading |  boolean false
	construction_connections |   number 0
	         should_skip | function 0x00000253F951F368
	     object_hex_grid | userdata 0x00000253EADE5F58 #56
	         (for index) |   number 3
	         (for limit) |   number 8
	          (for step) |   number 2
	                   i |   number 3
	                  pt |    point (321, 209)
	            other_pt |    point (320, 209)
	            adjacent |   object CableConstructionSite at (424500, 180994, 7738) on map 1
	    adjacent_element |   object SupplyGridElement
	       force_connect |      nil
	         empty_table |    table 0x00000253E5B45EA8 #0
[mod] [SMRTK] SMRTK_ERROR kind=lua message="Lua/SupplyGrid.lua:1880: attempt to index a boolean value (field 'grid')" stack="  Lua/SupplyGrid.lua(1880):  method SupplyGridConnectElement\n  Lua/ElectricityGrid.lua(294):  method SetupElectricityElement\n  Lua/ElectricityGrid.lua(298):   <>\n  [C](-1):  global procall\n  CommonLua/Core/classes.lua(243):  method GameInit\n  CommonLua/Classes/_object.lua(192):   <>\n        --- end of stack" t=201405541 id=451
[SMRTK] SMRTK_ERROR kind=lua message="Lua/SupplyGrid.lua:1880: attempt to index a boolean value (field 'grid')" stack="  Lua/SupplyGrid.lua(1880):  method SupplyGridConnectElement\n  Lua/ElectricityGrid.lua(294):  method SetupElectricityElement\n  Lua/ElectricityGrid.lua(298):   <>\n  [C](-1):  global procall\n  CommonLua/Core/classes.lua(243):  method GameInit\n  CommonLua/Classes/_object.lua(192):   <>\n        --- end of stack" t=201405541 id=451
						Lua 1:05:07:971
[LUA ERROR] Lua/SupplyGrid.lua:1829: attempt to index a boolean value (field 'grid')
  Lua/SupplyGrid.lua(1829):  method SupplyGridConnectElement
  Lua/ElectricityGrid.lua(294):  method SetupElectricityElement
  Lua/ElectricityGrid.lua(298):   <>
  [C](-1):  global procall
  CommonLua/Core/classes.lua(243):  method GameInit
  CommonLua/Classes/_object.lua(192):   <>
        --- end of stack
Locals:
	                self |   object CableConstructionSite at (425000, 181860, 7738) on map 1
	             element |   object SupplyGridElement
	          grid_class |   object ElectricityGrid
	       new_grid_skin |      nil
	force_create_connections |      nil
	     supply_resource |   string electricity
	                dome |  boolean false
	  is_switched_switch |  boolean false
	     is_construction |  boolean true
	           grid_type |   string construction_grid
	                 map |   object Map
	supply_connection_grid |   object SupplyConnectionGrid
	 supply_overlay_grid | userdata 0x00000253F951CF48 #48
	           conn_grid | userdata 0x00000253F50B1840 #56
	               shape |    table 0x00000253E97DA300 #1
	potential_neighbours |    table 0x00000253F9521D40 #6
	        grids_merged |  boolean false
	                grid |      nil
	   built_connections |    table 0x00000253F9521F50 #1
	create_connection_call_data |    table 0x00000253F9521F90 #0
	          is_loading |  boolean false
	construction_connections |   number 0
	         connect_dir |   number 2
	     object_hex_grid | userdata 0x00000253EADE5F58 #56
	         (for index) |   number 5
	         (for limit) |   number 6
	          (for step) |   number 2
	                   i |   number 5
	                  pt |    point (320, 210)
	            other_pt |    point (321, 209)
	                 dir |   number 5
	            adjacent |   object CableConstructionSite at (425500, 180994, 7738) on map 1
	    adjacent_element |   object SupplyGridElement
	                skip |  boolean false
	         empty_table |    table 0x00000253E5B45EA8 #0
[mod] [SMRTK] SMRTK_ERROR kind=lua message="Lua/SupplyGrid.lua:1829: attempt to index a boolean value (field 'grid')" stack="  Lua/SupplyGrid.lua(1829):  method SupplyGridConnectElement\n  Lua/ElectricityGrid.lua(294):  method SetupElectricityElement\n  Lua/ElectricityGrid.lua(298):   <>\n  [C](-1):  global procall\n  CommonLua/Core/classes.lua(243):  method GameInit\n  CommonLua/Classes/_object.lua(192):   <>\n        --- end of stack" t=201405541 id=452
[SMRTK] SMRTK_ERROR kind=lua message="Lua/SupplyGrid.lua:1829: attempt to index a boolean value (field 'grid')" stack="  Lua/SupplyGrid.lua(1829):  method SupplyGridConnectElement\n  Lua/ElectricityGrid.lua(294):  method SetupElectricityElement\n  Lua/ElectricityGrid.lua(298):   <>\n  [C](-1):  global procall\n  CommonLua/Core/classes.lua(243):  method GameInit\n  CommonLua/Classes/_object.lua(192):   <>\n        --- end of stack" t=201405541 id=452
						Lua 1:05:17:230
[mod] [SMRTK] SMRTK_PANEL action=panel_toggle open=true status=OK tab=Saves t=201405541 id=453
						Lua 1:05:18:127
[mod] [SMRTK] SMRTK_CLEAR action=clear status=OK t=201405541 id=454
						Lua 1:05:19:105
[mod] [SMRTK] SMRTK_PANEL action=panel_toggle open=false status=OK tab=Saves t=201405541 id=455
						Lua 1:05:25:954
[mod] [SMRTK] SMRTK_SECTION action=section_attach attached=false reason="no supported actions" status=OK t=201405541 id=456
						Lua 1:05:28:670
[LUA ERROR] Lua/SupplyGrid.lua:1890: attempt to index a boolean value (local 'other_grid')
  Lua/SupplyGrid.lua(1890):  method SupplyGridConnectElement
  Lua/ElectricityGrid.lua(294):  method SetupElectricityElement
  Lua/ElectricityGrid.lua(298):   <>
  [C](-1):  global procall
  CommonLua/Core/classes.lua(243):  method GameInit
  CommonLua/Classes/_object.lua(192):   <>
        --- end of stack
Locals:
	                self |   object CableConstructionSite at (420000, 169736, 7738) on map 1
	             element |   object SupplyGridElement
	          grid_class |   object ElectricityGrid
	       new_grid_skin |      nil
	force_create_connections |      nil
	     supply_resource |   string electricity
	                dome |  boolean false
	  is_switched_switch |  boolean false
	     is_construction |  boolean true
	           grid_type |   string construction_grid
	                 map |   object Map
	supply_connection_grid |   object SupplyConnectionGrid
	 supply_overlay_grid | userdata 0x00000253F951CF48 #48
	           conn_grid | userdata 0x00000253F50B1840 #56
	               shape |    table 0x00000253E97DA300 #1
	potential_neighbours |    table 0x00000253FA5DD068 #6
	        grids_merged |  boolean false
	                grid |   object PlaceholderSupplyGrid at invalid pos on map 1
	   built_connections |    table 0x00000253FA5DD278 #1
	create_connection_call_data |    table 0x00000253FA5DD2B8 #0
	          is_loading |  boolean false
	construction_connections |   number 0
	         should_skip | function 0x00000253FA5DDCA0
	     object_hex_grid | userdata 0x00000253EADE5F58 #56
	         (for index) |   number 3
	         (for limit) |   number 6
	          (for step) |   number 2
	                   i |   number 3
	                  pt |    point (322, 196)
	            other_pt |    point (322, 197)
	            adjacent |   object CableConstructionSite at (420500, 170602, 7738) on map 1
	    adjacent_element |   object SupplyGridElement
	       force_connect |      nil
	          other_grid |  boolean false
	         empty_table |    table 0x00000253E5B45EA8 #0
[mod] [SMRTK] SMRTK_ERROR kind=lua message="Lua/SupplyGrid.lua:1890: attempt to index a boolean value (local 'other_grid')" stack="  Lua/SupplyGrid.lua(1890):  method SupplyGridConnectElement\n  Lua/ElectricityGrid.lua(294):  method SetupElectricityElement\n  Lua/ElectricityGrid.lua(298):   <>\n  [C](-1):  global procall\n  CommonLua/Core/classes.lua(243):  method GameInit\n  CommonLua/Classes/_object.lua(192):   <>\n        --- end of stack" t=201405541 id=457
[SMRTK] SMRTK_ERROR kind=lua message="Lua/SupplyGrid.lua:1890: attempt to index a boolean value (local 'other_grid')" stack="  Lua/SupplyGrid.lua(1890):  method SupplyGridConnectElement\n  Lua/ElectricityGrid.lua(294):  method SetupElectricityElement\n  Lua/ElectricityGrid.lua(298):   <>\n  [C](-1):  global procall\n  CommonLua/Core/classes.lua(243):  method GameInit\n  CommonLua/Classes/_object.lua(192):   <>\n        --- end of stack" t=201405541 id=457
						Lua 1:05:28:671
[LUA ERROR] Lua/SupplyGrid.lua:1820: attempt to index a nil value (local 'adjacent')
  Lua/SupplyGrid.lua(1820):  method SupplyGridConnectElement
  Lua/ElectricityGrid.lua(294):  method SetupElectricityElement
  Lua/ElectricityGrid.lua(298):   <>
  [C](-1):  global procall
  CommonLua/Core/classes.lua(243):  method GameInit
  CommonLua/Classes/_object.lua(192):   <>
        --- end of stack
Locals:
	                self |   object CableConstructionSite at (419500, 170602, 7738) on map 1
	             element |   object SupplyGridElement
	          grid_class |   object ElectricityGrid
	       new_grid_skin |      nil
	force_create_connections |      nil
	     supply_resource |   string electricity
	                dome |  boolean false
	  is_switched_switch |  boolean false
	     is_construction |  boolean true
	           grid_type |   string construction_grid
	                 map |   object Map
	supply_connection_grid |   object SupplyConnectionGrid
	 supply_overlay_grid | userdata 0x00000253F951CF48 #48
	           conn_grid | userdata 0x00000253F50B1840 #56
	               shape |    table 0x00000253E97DA300 #1
	potential_neighbours |    table 0x00000253FA5E02A0 #8
	        grids_merged |  boolean false
	                grid |      nil
	   built_connections |    table 0x00000253FA5E0530 #0
	create_connection_call_data |    table 0x00000253FA5E0570 #0
	          is_loading |  boolean false
	construction_connections |   number 0
	         connect_dir |   number 2
	     object_hex_grid | userdata 0x00000253EADE5F58 #56
	         (for index) |   number 5
	         (for limit) |   number 8
	          (for step) |   number 2
	                   i |   number 5
	                  pt |    point (321, 197)
	            other_pt |    point (320, 198)
	                 dir |   number 2
	            adjacent |      nil
	         empty_table |    table 0x00000253E5B45EA8 #0
[mod] [SMRTK] SMRTK_ERROR kind=lua message="Lua/SupplyGrid.lua:1820: attempt to index a nil value (local 'adjacent')" stack="  Lua/SupplyGrid.lua(1820):  method SupplyGridConnectElement\n  Lua/ElectricityGrid.lua(294):  method SetupElectricityElement\n  Lua/ElectricityGrid.lua(298):   <>\n  [C](-1):  global procall\n  CommonLua/Core/classes.lua(243):  method GameInit\n  CommonLua/Classes/_object.lua(192):   <>\n        --- end of stack" t=201405541 id=458
[SMRTK] SMRTK_ERROR kind=lua message="Lua/SupplyGrid.lua:1820: attempt to index a nil value (local 'adjacent')" stack="  Lua/SupplyGrid.lua(1820):  method SupplyGridConnectElement\n  Lua/ElectricityGrid.lua(294):  method SetupElectricityElement\n  Lua/ElectricityGrid.lua(298):   <>\n  [C](-1):  global procall\n  CommonLua/Core/classes.lua(243):  method GameInit\n  CommonLua/Classes/_object.lua(192):   <>\n        --- end of stack" t=201405541 id=458
[LUA ERROR] Lua/SupplyGrid.lua:1829: attempt to index a boolean value (field 'grid')
  Lua/SupplyGrid.lua(1829):  method SupplyGridConnectElement
  Lua/ElectricityGrid.lua(294):  method SetupElectricityElement
  Lua/ElectricityGrid.lua(298):   <>
  [C](-1):  global procall
  CommonLua/Core/classes.lua(243):  method GameInit
  CommonLua/Classes/_object.lua(192):   <>
        --- end of stack
Locals:
	                self |   object CableConstructionSite at (418500, 172334, 7738) on map 1
	             element |   object SupplyGridElement
	          grid_class |   object ElectricityGrid
	       new_grid_skin |      nil
	force_create_connections |      nil
	     supply_resource |   string electricity
	                dome |  boolean false
	  is_switched_switch |  boolean false
	     is_construction |  boolean true
	           grid_type |   string construction_grid
	                 map |   object Map
	supply_connection_grid |   object SupplyConnectionGrid
	 supply_overlay_grid | userdata 0x00000253F951CF48 #48
	           conn_grid | userdata 0x00000253F50B1840 #56
	               shape |    table 0x00000253E97DA300 #1
	potential_neighbours |    table 0x00000253FA5E4910 #12
	        grids_merged |  boolean false
	                grid |      nil
	   built_connections |    table 0x00000253FA5E4CF8 #1
	create_connection_call_data |    table 0x00000253FA5E4D38 #0
	          is_loading |  boolean false
	construction_connections |   number 0
	         connect_dir |   number 2
	     object_hex_grid | userdata 0x00000253EADE5F58 #56
	         (for index) |   number 5
	         (for limit) |   number 12
	          (for step) |   number 2
	                   i |   number 5
	                  pt |    point (319, 199)
	            other_pt |    point (318, 200)
	                 dir |   number 2
	            adjacent |   object CableConstructionSite at (418000, 173200, 7738) on map 1
	    adjacent_element |   object SupplyGridElement
	                skip |  boolean false
	         empty_table |    table 0x00000253E5B45EA8 #0
[mod] [SMRTK] SMRTK_ERROR kind=lua message="Lua/SupplyGrid.lua:1829: attempt to index a boolean value (field 'grid')" stack="  Lua/SupplyGrid.lua(1829):  method SupplyGridConnectElement\n  Lua/ElectricityGrid.lua(294):  method SetupElectricityElement\n  Lua/ElectricityGrid.lua(298):   <>\n  [C](-1):  global procall\n  CommonLua/Core/classes.lua(243):  method GameInit\n  CommonLua/Classes/_object.lua(192):   <>\n        --- end of stack" t=201405541 id=459
[SMRTK] SMRTK_ERROR kind=lua message="Lua/SupplyGrid.lua:1829: attempt to index a boolean value (field 'grid')" stack="  Lua/SupplyGrid.lua(1829):  method SupplyGridConnectElement\n  Lua/ElectricityGrid.lua(294):  method SetupElectricityElement\n  Lua/ElectricityGrid.lua(298):   <>\n  [C](-1):  global procall\n  CommonLua/Core/classes.lua(243):  method GameInit\n  CommonLua/Classes/_object.lua(192):   <>\n        --- end of stack" t=201405541 id=459
						Lua 1:05:31:112
[LUA ERROR] Lua/SupplyGrid.lua:1890: attempt to index a boolean value (local 'other_grid')
  Lua/SupplyGrid.lua(1890):  method SupplyGridConnectElement
  Lua/ElectricityGrid.lua(294):  method SetupElectricityElement
  Lua/ElectricityGrid.lua(298):   <>
  [C](-1):  global procall
  CommonLua/Core/classes.lua(243):  method GameInit
  CommonLua/Classes/_object.lua(192):   <>
        --- end of stack
Locals:
	                self |   object CableConstructionSite at (419000, 169736, 7738) on map 1
	             element |   object SupplyGridElement
	          grid_class |   object ElectricityGrid
	       new_grid_skin |      nil
	force_create_connections |      nil
	     supply_resource |   string electricity
	                dome |  boolean false
	  is_switched_switch |  boolean false
	     is_construction |  boolean true
	           grid_type |   string construction_grid
	                 map |   object Map
	supply_connection_grid |   object SupplyConnectionGrid
	 supply_overlay_grid | userdata 0x00000253F951CF48 #48
	           conn_grid | userdata 0x00000253F50B1840 #56
	               shape |    table 0x00000253E97DA300 #1
	potential_neighbours |    table 0x00000253F4D40C60 #6
	        grids_merged |  boolean false
	                grid |   object PlaceholderSupplyGrid at invalid pos on map 1
	   built_connections |    table 0x00000253F4D40E70 #1
	create_connection_call_data |    table 0x00000253F4D40EB0 #0
	          is_loading |  boolean false
	construction_connections |   number 0
	         should_skip | function 0x00000253F4D41898
	     object_hex_grid | userdata 0x00000253EADE5F58 #56
	         (for index) |   number 3
	         (for limit) |   number 6
	          (for step) |   number 2
	                   i |   number 3
	                  pt |    point (321, 196)
	            other_pt |    point (321, 197)
	            adjacent |   object CableConstructionSite at (419500, 170602, 7738) on map 1
	    adjacent_element |   object SupplyGridElement
	       force_connect |      nil
	          other_grid |  boolean false
	         empty_table |    table 0x00000253E5B45EA8 #0
[mod] [SMRTK] SMRTK_ERROR kind=lua message="Lua/SupplyGrid.lua:1890: attempt to index a boolean value (local 'other_grid')" stack="  Lua/SupplyGrid.lua(1890):  method SupplyGridConnectElement\n  Lua/ElectricityGrid.lua(294):  method SetupElectricityElement\n  Lua/ElectricityGrid.lua(298):   <>\n  [C](-1):  global procall\n  CommonLua/Core/classes.lua(243):  method GameInit\n  CommonLua/Classes/_object.lua(192):   <>\n        --- end of stack" t=201405541 id=460
[SMRTK] SMRTK_ERROR kind=lua message="Lua/SupplyGrid.lua:1890: attempt to index a boolean value (local 'other_grid')" stack="  Lua/SupplyGrid.lua(1890):  method SupplyGridConnectElement\n  Lua/ElectricityGrid.lua(294):  method SetupElectricityElement\n  Lua/ElectricityGrid.lua(298):   <>\n  [C](-1):  global procall\n  CommonLua/Core/classes.lua(243):  method GameInit\n  CommonLua/Classes/_object.lua(192):   <>\n        --- end of stack" t=201405541 id=460
[LUA ERROR] Lua/SupplyGrid.lua:1820: attempt to index a nil value (local 'adjacent')
  Lua/SupplyGrid.lua(1820):  method SupplyGridConnectElement
  Lua/ElectricityGrid.lua(294):  method SetupElectricityElement
  Lua/ElectricityGrid.lua(298):   <>
  [C](-1):  global procall
  CommonLua/Core/classes.lua(243):  method GameInit
  CommonLua/Classes/_object.lua(192):   <>
        --- end of stack
Locals:
	                self |   object CableConstructionSite at (418500, 170602, 7738) on map 1
	             element |   object SupplyGridElement
	          grid_class |   object ElectricityGrid
	       new_grid_skin |      nil
	force_create_connections |      nil
	     supply_resource |   string electricity
	                dome |  boolean false
	  is_switched_switch |  boolean false
	     is_construction |  boolean true
	           grid_type |   string construction_grid
	                 map |   object Map
	supply_connection_grid |   object SupplyConnectionGrid
	 supply_overlay_grid | userdata 0x00000253F951CF48 #48
	           conn_grid | userdata 0x00000253F50B1840 #56
						Lua 1:05:31:113
	               shape |    table 0x00000253E97DA300 #1
	potential_neighbours |    table 0x00000253F4D43E98 #8
	        grids_merged |  boolean false
	                grid |      nil
	   built_connections |    table 0x00000253F4D44128 #0
	create_connection_call_data |    table 0x00000253F4D44168 #0
	          is_loading |  boolean false
	construction_connections |   number 0
	         connect_dir |   number 2
	     object_hex_grid | userdata 0x00000253EADE5F58 #56
	         (for index) |   number 5
	         (for limit) |   number 8
	          (for step) |   number 2
	                   i |   number 5
	                  pt |    point (320, 197)
	            other_pt |    point (319, 198)
	                 dir |   number 2
	            adjacent |      nil
	         empty_table |    table 0x00000253E5B45EA8 #0
[mod] [SMRTK] SMRTK_ERROR kind=lua message="Lua/SupplyGrid.lua:1820: attempt to index a nil value (local 'adjacent')" stack="  Lua/SupplyGrid.lua(1820):  method SupplyGridConnectElement\n  Lua/ElectricityGrid.lua(294):  method SetupElectricityElement\n  Lua/ElectricityGrid.lua(298):   <>\n  [C](-1):  global procall\n  CommonLua/Core/classes.lua(243):  method GameInit\n  CommonLua/Classes/_object.lua(192):   <>\n        --- end of stack" t=201405541 id=461
[SMRTK] SMRTK_ERROR kind=lua message="Lua/SupplyGrid.lua:1820: attempt to index a nil value (local 'adjacent')" stack="  Lua/SupplyGrid.lua(1820):  method SupplyGridConnectElement\n  Lua/ElectricityGrid.lua(294):  method SetupElectricityElement\n  Lua/ElectricityGrid.lua(298):   <>\n  [C](-1):  global procall\n  CommonLua/Core/classes.lua(243):  method GameInit\n  CommonLua/Classes/_object.lua(192):   <>\n        --- end of stack" t=201405541 id=461
[LUA ERROR] Lua/SupplyGrid.lua:1829: attempt to index a boolean value (field 'grid')
  Lua/SupplyGrid.lua(1829):  method SupplyGridConnectElement
  Lua/ElectricityGrid.lua(294):  method SetupElectricityElement
  Lua/ElectricityGrid.lua(298):   <>
  [C](-1):  global procall
  CommonLua/Core/classes.lua(243):  method GameInit
  CommonLua/Classes/_object.lua(192):   <>
        --- end of stack
Locals:
	                self |   object CableConstructionSite at (418000, 171468, 7738) on map 1
	             element |   object SupplyGridElement
	          grid_class |   object ElectricityGrid
	       new_grid_skin |      nil
	force_create_connections |      nil
	     supply_resource |   string electricity
	                dome |  boolean false
	  is_switched_switch |  boolean false
	     is_construction |  boolean true
	           grid_type |   string construction_grid
	                 map |   object Map
	supply_connection_grid |   object SupplyConnectionGrid
	 supply_overlay_grid | userdata 0x00000253F951CF48 #48
	           conn_grid | userdata 0x00000253F50B1840 #56
	               shape |    table 0x00000253E97DA300 #1
	potential_neighbours |    table 0x00000253F4D46E38 #10
	        grids_merged |  boolean false
	                grid |      nil
	   built_connections |    table 0x00000253F4D471A0 #1
	create_connection_call_data |    table 0x00000253F4D471E0 #0
	          is_loading |  boolean false
	construction_connections |   number 0
	         connect_dir |   number 2
	     object_hex_grid | userdata 0x00000253EADE5F58 #56
	         (for index) |   number 5
	         (for limit) |   number 10
	          (for step) |   number 2
	                   i |   number 5
	                  pt |    point (319, 198)
	            other_pt |    point (318, 199)
	                 dir |   number 2
	            adjacent |   object CableConstructionSite at (417500, 172334, 7738) on map 1
	    adjacent_element |   object SupplyGridElement
	                skip |  boolean false
	         empty_table |    table 0x00000253E5B45EA8 #0
[mod] [SMRTK] SMRTK_ERROR kind=lua message="Lua/SupplyGrid.lua:1829: attempt to index a boolean value (field 'grid')" stack="  Lua/SupplyGrid.lua(1829):  method SupplyGridConnectElement\n  Lua/ElectricityGrid.lua(294):  method SetupElectricityElement\n  Lua/ElectricityGrid.lua(298):   <>\n  [C](-1):  global procall\n  CommonLua/Core/classes.lua(243):  method GameInit\n  CommonLua/Classes/_object.lua(192):   <>\n        --- end of stack" t=201405541 id=462
[SMRTK] SMRTK_ERROR kind=lua message="Lua/SupplyGrid.lua:1829: attempt to index a boolean value (field 'grid')" stack="  Lua/SupplyGrid.lua(1829):  method SupplyGridConnectElement\n  Lua/ElectricityGrid.lua(294):  method SetupElectricityElement\n  Lua/ElectricityGrid.lua(298):   <>\n  [C](-1):  global procall\n  CommonLua/Core/classes.lua(243):  method GameInit\n  CommonLua/Classes/_object.lua(192):   <>\n        --- end of stack" t=201405541 id=462
						Lua 1:05:33:108
[LUA ERROR] Lua/SupplyGrid.lua:1890: attempt to index a boolean value (local 'other_grid')
  Lua/SupplyGrid.lua(1890):  method SupplyGridConnectElement
  Lua/ElectricityGrid.lua(294):  method SetupElectricityElement
  Lua/ElectricityGrid.lua(298):   <>
  [C](-1):  global procall
  CommonLua/Core/classes.lua(243):  method GameInit
  CommonLua/Classes/_object.lua(192):   <>
        --- end of stack
Locals:
	                self |   object CableConstructionSite at (418000, 169736, 7738) on map 1
	             element |   object SupplyGridElement
	          grid_class |   object ElectricityGrid
	       new_grid_skin |      nil
	force_create_connections |      nil
	     supply_resource |   string electricity
	                dome |  boolean false
	  is_switched_switch |  boolean false
	     is_construction |  boolean true
	           grid_type |   string construction_grid
	                 map |   object Map
	supply_connection_grid |   object SupplyConnectionGrid
	 supply_overlay_grid | userdata 0x00000253F951CF48 #48
	           conn_grid | userdata 0x00000253F50B1840 #56
	               shape |    table 0x00000253E97DA300 #1
	potential_neighbours |    table 0x00000253F8CA0160 #6
	        grids_merged |  boolean false
	                grid |   object PlaceholderSupplyGrid at invalid pos on map 1
	   built_connections |    table 0x00000253F8CA0370 #1
	create_connection_call_data |    table 0x00000253F8CA03B0 #0
	          is_loading |  boolean false
	construction_connections |   number 0
	         should_skip | function 0x00000253F8CA0D78
	     object_hex_grid | userdata 0x00000253EADE5F58 #56
	         (for index) |   number 3
	         (for limit) |   number 6
	          (for step) |   number 2
	                   i |   number 3
	                  pt |    point (320, 196)
	            other_pt |    point (320, 197)
	            adjacent |   object CableConstructionSite at (418500, 170602, 7738) on map 1
	    adjacent_element |   object SupplyGridElement
	       force_connect |      nil
	          other_grid |  boolean false
	         empty_table |    table 0x00000253E5B45EA8 #0
[mod] [SMRTK] SMRTK_ERROR kind=lua message="Lua/SupplyGrid.lua:1890: attempt to index a boolean value (local 'other_grid')" stack="  Lua/SupplyGrid.lua(1890):  method SupplyGridConnectElement\n  Lua/ElectricityGrid.lua(294):  method SetupElectricityElement\n  Lua/ElectricityGrid.lua(298):   <>\n  [C](-1):  global procall\n  CommonLua/Core/classes.lua(243):  method GameInit\n  CommonLua/Classes/_object.lua(192):   <>\n        --- end of stack" t=201405541 id=463
[SMRTK] SMRTK_ERROR kind=lua message="Lua/SupplyGrid.lua:1890: attempt to index a boolean value (local 'other_grid')" stack="  Lua/SupplyGrid.lua(1890):  method SupplyGridConnectElement\n  Lua/ElectricityGrid.lua(294):  method SetupElectricityElement\n  Lua/ElectricityGrid.lua(298):   <>\n  [C](-1):  global procall\n  CommonLua/Core/classes.lua(243):  method GameInit\n  CommonLua/Classes/_object.lua(192):   <>\n        --- end of stack" t=201405541 id=463
[LUA ERROR] Lua/SupplyGrid.lua:1820: attempt to index a nil value (local 'adjacent')
  Lua/SupplyGrid.lua(1820):  method SupplyGridConnectElement
  Lua/ElectricityGrid.lua(294):  method SetupElectricityElement
  Lua/ElectricityGrid.lua(298):   <>
  [C](-1):  global procall
  CommonLua/Core/classes.lua(243):  method GameInit
  CommonLua/Classes/_object.lua(192):   <>
        --- end of stack
Locals:
	                self |   object CableConstructionSite at (417500, 170602, 7738) on map 1
	             element |   object SupplyGridElement
	          grid_class |   object ElectricityGrid
	       new_grid_skin |      nil
	force_create_connections |      nil
	     supply_resource |   string electricity
	                dome |  boolean false
	  is_switched_switch |  boolean false
	     is_construction |  boolean true
	           grid_type |   string construction_grid
	                 map |   object Map
	supply_connection_grid |   object SupplyConnectionGrid
	 supply_overlay_grid | userdata 0x00000253F951CF48 #48
	           conn_grid | userdata 0x00000253F50B1840 #56
	               shape |    table 0x00000253E97DA300 #1
	potential_neighbours |    table 0x00000253F2C0FE48 #8
	        grids_merged |  boolean false
	                grid |      nil
	   built_connections |    table 0x00000253F2C100D8 #0
	create_connection_call_data |    table 0x00000253F2C10118 #0
	          is_loading |  boolean false
	construction_connections |   number 0
	         connect_dir |   number 2
	     object_hex_grid | userdata 0x00000253EADE5F58 #56
	         (for index) |   number 5
	         (for limit) |   number 8
	          (for step) |   number 2
	                   i |   number 5
	                  pt |    point (319, 197)
	            other_pt |    point (318, 198)
	                 dir |   number 2
	            adjacent |      nil
	         empty_table |    table 0x00000253E5B45EA8 #0
[mod] [SMRTK] SMRTK_ERROR kind=lua message="Lua/SupplyGrid.lua:1820: attempt to index a nil value (local 'adjacent')" stack="  Lua/SupplyGrid.lua(1820):  method SupplyGridConnectElement\n  Lua/ElectricityGrid.lua(294):  method SetupElectricityElement\n  Lua/ElectricityGrid.lua(298):   <>\n  [C](-1):  global procall\n  CommonLua/Core/classes.lua(243):  method GameInit\n  CommonLua/Classes/_object.lua(192):   <>\n        --- end of stack" t=201405541 id=464
[SMRTK] SMRTK_ERROR kind=lua message="Lua/SupplyGrid.lua:1820: attempt to index a nil value (local 'adjacent')" stack="  Lua/SupplyGrid.lua(1820):  method SupplyGridConnectElement\n  Lua/ElectricityGrid.lua(294):  method SetupElectricityElement\n  Lua/ElectricityGrid.lua(298):   <>\n  [C](-1):  global procall\n  CommonLua/Core/classes.lua(243):  method GameInit\n  CommonLua/Classes/_object.lua(192):   <>\n        --- end of stack" t=201405541 id=464
						Lua 1:05:33:109
[LUA ERROR] Lua/SupplyGrid.lua:1829: attempt to index a boolean value (field 'grid')
  Lua/SupplyGrid.lua(1829):  method SupplyGridConnectElement
  Lua/ElectricityGrid.lua(294):  method SetupElectricityElement
  Lua/ElectricityGrid.lua(298):   <>
  [C](-1):  global procall
  CommonLua/Core/classes.lua(243):  method GameInit
  CommonLua/Classes/_object.lua(192):   <>
        --- end of stack
Locals:
	                self |   object CableConstructionSite at (417000, 171468, 7738) on map 1
	             element |   object SupplyGridElement
	          grid_class |   object ElectricityGrid
	       new_grid_skin |      nil
	force_create_connections |      nil
	     supply_resource |   string electricity
	                dome |  boolean false
	  is_switched_switch |  boolean false
	     is_construction |  boolean true
	           grid_type |   string construction_grid
	                 map |   object Map
	supply_connection_grid |   object SupplyConnectionGrid
	 supply_overlay_grid | userdata 0x00000253F951CF48 #48
	           conn_grid | userdata 0x00000253F50B1840 #56
	               shape |    table 0x00000253E97DA300 #1
	potential_neighbours |    table 0x00000253F2C12E30 #10
	        grids_merged |  boolean false
	                grid |      nil
	   built_connections |    table 0x00000253F2C13198 #1
	create_connection_call_data |    table 0x00000253F2C131D8 #0
	          is_loading |  boolean false
	construction_connections |   number 0
	         connect_dir |   number 2
	     object_hex_grid | userdata 0x00000253EADE5F58 #56
	         (for index) |   number 5
	         (for limit) |   number 10
	          (for step) |   number 2
	                   i |   number 5
	                  pt |    point (318, 198)
	            other_pt |    point (317, 199)
	                 dir |   number 2
	            adjacent |   object CableConstructionSite at (416500, 172334, 7738) on map 1
	    adjacent_element |   object SupplyGridElement
	                skip |  boolean false
	         empty_table |    table 0x00000253E5B45EA8 #0
[mod] [SMRTK] SMRTK_ERROR kind=lua message="Lua/SupplyGrid.lua:1829: attempt to index a boolean value (field 'grid')" stack="  Lua/SupplyGrid.lua(1829):  method SupplyGridConnectElement\n  Lua/ElectricityGrid.lua(294):  method SetupElectricityElement\n  Lua/ElectricityGrid.lua(298):   <>\n  [C](-1):  global procall\n  CommonLua/Core/classes.lua(243):  method GameInit\n  CommonLua/Classes/_object.lua(192):   <>\n        --- end of stack" t=201405541 id=465
[SMRTK] SMRTK_ERROR kind=lua message="Lua/SupplyGrid.lua:1829: attempt to index a boolean value (field 'grid')" stack="  Lua/SupplyGrid.lua(1829):  method SupplyGridConnectElement\n  Lua/ElectricityGrid.lua(294):  method SetupElectricityElement\n  Lua/ElectricityGrid.lua(298):   <>\n  [C](-1):  global procall\n  CommonLua/Core/classes.lua(243):  method GameInit\n  CommonLua/Classes/_object.lua(192):   <>\n        --- end of stack" t=201405541 id=465
						Lua 1:05:35:687
[LUA ERROR] Lua/SupplyGrid.lua:1890: attempt to index a boolean value (local 'other_grid')
  Lua/SupplyGrid.lua(1890):  method SupplyGridConnectElement
  Lua/ElectricityGrid.lua(294):  method SetupElectricityElement
  Lua/ElectricityGrid.lua(298):   <>
  [C](-1):  global procall
  CommonLua/Core/classes.lua(243):  method GameInit
  CommonLua/Classes/_object.lua(192):   <>
        --- end of stack
Locals:
	                self |   object CableConstructionSite at (417000, 169736, 7738) on map 1
	             element |   object SupplyGridElement
	          grid_class |   object ElectricityGrid
	       new_grid_skin |      nil
	force_create_connections |      nil
	     supply_resource |   string electricity
	                dome |  boolean false
	  is_switched_switch |  boolean false
	     is_construction |  boolean true
	           grid_type |   string construction_grid
	                 map |   object Map
	supply_connection_grid |   object SupplyConnectionGrid
	 supply_overlay_grid | userdata 0x00000253F951CF48 #48
	           conn_grid | userdata 0x00000253F50B1840 #56
	               shape |    table 0x00000253E97DA300 #1
	potential_neighbours |    table 0x00000253F7A102D8 #6
	        grids_merged |  boolean false
	                grid |   object PlaceholderSupplyGrid at invalid pos on map 1
	   built_connections |    table 0x00000253F7A104E8 #1
	create_connection_call_data |    table 0x00000253F7A10528 #0
	          is_loading |  boolean false
	construction_connections |   number 0
	         should_skip | function 0x00000253F7A10F10
	     object_hex_grid | userdata 0x00000253EADE5F58 #56
	         (for index) |   number 3
	         (for limit) |   number 6
	          (for step) |   number 2
	                   i |   number 3
	                  pt |    point (319, 196)
	            other_pt |    point (319, 197)
	            adjacent |   object CableConstructionSite at (417500, 170602, 7738) on map 1
	    adjacent_element |   object SupplyGridElement
	       force_connect |      nil
	          other_grid |  boolean false
	         empty_table |    table 0x00000253E5B45EA8 #0
[mod] [SMRTK] SMRTK_ERROR kind=lua message="Lua/SupplyGrid.lua:1890: attempt to index a boolean value (local 'other_grid')" stack="  Lua/SupplyGrid.lua(1890):  method SupplyGridConnectElement\n  Lua/ElectricityGrid.lua(294):  method SetupElectricityElement\n  Lua/ElectricityGrid.lua(298):   <>\n  [C](-1):  global procall\n  CommonLua/Core/classes.lua(243):  method GameInit\n  CommonLua/Classes/_object.lua(192):   <>\n        --- end of stack" t=201405541 id=466
[SMRTK] SMRTK_ERROR kind=lua message="Lua/SupplyGrid.lua:1890: attempt to index a boolean value (local 'other_grid')" stack="  Lua/SupplyGrid.lua(1890):  method SupplyGridConnectElement\n  Lua/ElectricityGrid.lua(294):  method SetupElectricityElement\n  Lua/ElectricityGrid.lua(298):   <>\n  [C](-1):  global procall\n  CommonLua/Core/classes.lua(243):  method GameInit\n  CommonLua/Classes/_object.lua(192):   <>\n        --- end of stack" t=201405541 id=466
[LUA ERROR] Lua/SupplyGrid.lua:1820: attempt to index a nil value (local 'adjacent')
  Lua/SupplyGrid.lua(1820):  method SupplyGridConnectElement
  Lua/ElectricityGrid.lua(294):  method SetupElectricityElement
  Lua/ElectricityGrid.lua(298):   <>
  [C](-1):  global procall
  CommonLua/Core/classes.lua(243):  method GameInit
  CommonLua/Classes/_object.lua(192):   <>
        --- end of stack
Locals:
	                self |   object CableConstructionSite at (416500, 170602, 7738) on map 1
	             element |   object SupplyGridElement
	          grid_class |   object ElectricityGrid
	       new_grid_skin |      nil
	force_create_connections |      nil
	     supply_resource |   string electricity
	                dome |  boolean false
	  is_switched_switch |  boolean false
	     is_construction |  boolean true
	           grid_type |   string construction_grid
	                 map |   object Map
	supply_connection_grid |   object SupplyConnectionGrid
	 supply_overlay_grid | userdata 0x00000253F951CF48 #48
	           conn_grid | userdata 0x00000253F50B1840 #56
	               shape |    table 0x00000253E97DA300 #1
	potential_neighbours |    table 0x00000253F7A13510 #8
	        grids_merged |  boolean false
	                grid |      nil
	   built_connections |    table 0x00000253F7A137A0 #0
	create_connection_call_data |    table 0x00000253F7A137E0 #0
	          is_loading |  boolean false
	construction_connections |   number 0
	         connect_dir |   number 2
	     object_hex_grid | userdata 0x00000253EADE5F58 #56
	         (for index) |   number 5
	         (for limit) |   number 8
	          (for step) |   number 2
	                   i |   number 5
	                  pt |    point (318, 197)
	            other_pt |    point (317, 198)
	                 dir |   number 2
						Lua 1:05:35:688
	            adjacent |      nil
	         empty_table |    table 0x00000253E5B45EA8 #0
[mod] [SMRTK] SMRTK_ERROR kind=lua message="Lua/SupplyGrid.lua:1820: attempt to index a nil value (local 'adjacent')" stack="  Lua/SupplyGrid.lua(1820):  method SupplyGridConnectElement\n  Lua/ElectricityGrid.lua(294):  method SetupElectricityElement\n  Lua/ElectricityGrid.lua(298):   <>\n  [C](-1):  global procall\n  CommonLua/Core/classes.lua(243):  method GameInit\n  CommonLua/Classes/_object.lua(192):   <>\n        --- end of stack" t=201405541 id=467
[SMRTK] SMRTK_ERROR kind=lua message="Lua/SupplyGrid.lua:1820: attempt to index a nil value (local 'adjacent')" stack="  Lua/SupplyGrid.lua(1820):  method SupplyGridConnectElement\n  Lua/ElectricityGrid.lua(294):  method SetupElectricityElement\n  Lua/ElectricityGrid.lua(298):   <>\n  [C](-1):  global procall\n  CommonLua/Core/classes.lua(243):  method GameInit\n  CommonLua/Classes/_object.lua(192):   <>\n        --- end of stack" t=201405541 id=467
[LUA ERROR] Lua/SupplyGrid.lua:1829: attempt to index a boolean value (field 'grid')
  Lua/SupplyGrid.lua(1829):  method SupplyGridConnectElement
  Lua/ElectricityGrid.lua(294):  method SetupElectricityElement
  Lua/ElectricityGrid.lua(298):   <>
  [C](-1):  global procall
  CommonLua/Core/classes.lua(243):  method GameInit
  CommonLua/Classes/_object.lua(192):   <>
        --- end of stack
Locals:
	                self |   object CableConstructionSite at (416000, 171468, 7738) on map 1
	             element |   object SupplyGridElement
	          grid_class |   object ElectricityGrid
	       new_grid_skin |      nil
	force_create_connections |      nil
	     supply_resource |   string electricity
	                dome |  boolean false
	  is_switched_switch |  boolean false
	     is_construction |  boolean true
	           grid_type |   string construction_grid
	                 map |   object Map
	supply_connection_grid |   object SupplyConnectionGrid
	 supply_overlay_grid | userdata 0x00000253F951CF48 #48
	           conn_grid | userdata 0x00000253F50B1840 #56
	               shape |    table 0x00000253E97DA300 #1
	potential_neighbours |    table 0x00000253F7A164B0 #10
	        grids_merged |  boolean false
	                grid |      nil
	   built_connections |    table 0x00000253F7A16818 #1
	create_connection_call_data |    table 0x00000253F7A16858 #0
	          is_loading |  boolean false
	construction_connections |   number 0
	         connect_dir |   number 2
	     object_hex_grid | userdata 0x00000253EADE5F58 #56
	         (for index) |   number 5
	         (for limit) |   number 10
	          (for step) |   number 2
	                   i |   number 5
	                  pt |    point (317, 198)
	            other_pt |    point (316, 199)
	                 dir |   number 2
	            adjacent |   object CableConstructionSite at (415500, 172334, 7738) on map 1
	    adjacent_element |   object SupplyGridElement
	                skip |  boolean false
	         empty_table |    table 0x00000253E5B45EA8 #0
[mod] [SMRTK] SMRTK_ERROR kind=lua message="Lua/SupplyGrid.lua:1829: attempt to index a boolean value (field 'grid')" stack="  Lua/SupplyGrid.lua(1829):  method SupplyGridConnectElement\n  Lua/ElectricityGrid.lua(294):  method SetupElectricityElement\n  Lua/ElectricityGrid.lua(298):   <>\n  [C](-1):  global procall\n  CommonLua/Core/classes.lua(243):  method GameInit\n  CommonLua/Classes/_object.lua(192):   <>\n        --- end of stack" t=201405541 id=468
[SMRTK] SMRTK_ERROR kind=lua message="Lua/SupplyGrid.lua:1829: attempt to index a boolean value (field 'grid')" stack="  Lua/SupplyGrid.lua(1829):  method SupplyGridConnectElement\n  Lua/ElectricityGrid.lua(294):  method SetupElectricityElement\n  Lua/ElectricityGrid.lua(298):   <>\n  [C](-1):  global procall\n  CommonLua/Core/classes.lua(243):  method GameInit\n  CommonLua/Classes/_object.lua(192):   <>\n        --- end of stack" t=201405541 id=468
						Lua 1:05:38:467
[LUA ERROR] Lua/SupplyGrid.lua:1890: attempt to index a boolean value (local 'other_grid')
  Lua/SupplyGrid.lua(1890):  method SupplyGridConnectElement
  Lua/ElectricityGrid.lua(294):  method SetupElectricityElement
  Lua/ElectricityGrid.lua(298):   <>
  [C](-1):  global procall
  CommonLua/Core/classes.lua(243):  method GameInit
  CommonLua/Classes/_object.lua(192):   <>
        --- end of stack
Locals:
	                self |   object CableConstructionSite at (416000, 169736, 7738) on map 1
	             element |   object SupplyGridElement
	          grid_class |   object ElectricityGrid
	       new_grid_skin |      nil
	force_create_connections |      nil
	     supply_resource |   string electricity
	                dome |  boolean false
	  is_switched_switch |  boolean false
	     is_construction |  boolean true
	           grid_type |   string construction_grid
	                 map |   object Map
	supply_connection_grid |   object SupplyConnectionGrid
	 supply_overlay_grid | userdata 0x00000253F951CF48 #48
	           conn_grid | userdata 0x00000253F50B1840 #56
	               shape |    table 0x00000253E97DA300 #1
	potential_neighbours |    table 0x00000253F2C5A1F8 #10
	        grids_merged |  boolean false
	                grid |   object PlaceholderSupplyGrid at invalid pos on map 1
	   built_connections |    table 0x00000253F2C5A560 #1
	create_connection_call_data |    table 0x00000253F2C5A5A0 #0
	          is_loading |  boolean false
	construction_connections |   number 0
	         should_skip | function 0x00000253F2C5AF68
	     object_hex_grid | userdata 0x00000253EADE5F58 #56
	         (for index) |   number 3
	         (for limit) |   number 10
	          (for step) |   number 2
	                   i |   number 3
	                  pt |    point (318, 196)
	            other_pt |    point (318, 197)
	            adjacent |   object CableConstructionSite at (416500, 170602, 7738) on map 1
	    adjacent_element |   object SupplyGridElement
	       force_connect |      nil
	          other_grid |  boolean false
	         empty_table |    table 0x00000253E5B45EA8 #0
[mod] [SMRTK] SMRTK_ERROR kind=lua message="Lua/SupplyGrid.lua:1890: attempt to index a boolean value (local 'other_grid')" stack="  Lua/SupplyGrid.lua(1890):  method SupplyGridConnectElement\n  Lua/ElectricityGrid.lua(294):  method SetupElectricityElement\n  Lua/ElectricityGrid.lua(298):   <>\n  [C](-1):  global procall\n  CommonLua/Core/classes.lua(243):  method GameInit\n  CommonLua/Classes/_object.lua(192):   <>\n        --- end of stack" t=201405541 id=469
[SMRTK] SMRTK_ERROR kind=lua message="Lua/SupplyGrid.lua:1890: attempt to index a boolean value (local 'other_grid')" stack="  Lua/SupplyGrid.lua(1890):  method SupplyGridConnectElement\n  Lua/ElectricityGrid.lua(294):  method SetupElectricityElement\n  Lua/ElectricityGrid.lua(298):   <>\n  [C](-1):  global procall\n  CommonLua/Core/classes.lua(243):  method GameInit\n  CommonLua/Classes/_object.lua(192):   <>\n        --- end of stack" t=201405541 id=469
						Lua 1:05:38:468
[LUA ERROR] Lua/SupplyGrid.lua:1829: attempt to index a boolean value (field 'grid')
  Lua/SupplyGrid.lua(1829):  method SupplyGridConnectElement
  Lua/ElectricityGrid.lua(294):  method SetupElectricityElement
  Lua/ElectricityGrid.lua(298):   <>
  [C](-1):  global procall
  CommonLua/Core/classes.lua(243):  method GameInit
  CommonLua/Classes/_object.lua(192):   <>
        --- end of stack
Locals:
	                self |   object CableConstructionSite at (415500, 170602, 7738) on map 1
	             element |   object SupplyGridElement
	          grid_class |   object ElectricityGrid
	       new_grid_skin |      nil
	force_create_connections |      nil
	     supply_resource |   string electricity
	                dome |  boolean false
	  is_switched_switch |  boolean false
	     is_construction |  boolean true
	           grid_type |   string construction_grid
	                 map |   object Map
	supply_connection_grid |   object SupplyConnectionGrid
	 supply_overlay_grid | userdata 0x00000253F951CF48 #48
	           conn_grid | userdata 0x00000253F50B1840 #56
	               shape |    table 0x00000253E97DA300 #1
	potential_neighbours |    table 0x00000253F2C5D568 #10
	        grids_merged |  boolean false
	                grid |      nil
	   built_connections |    table 0x00000253F2C5D8D0 #1
	create_connection_call_data |    table 0x00000253F2C5D910 #0
	          is_loading |  boolean false
	construction_connections |   number 0
	         connect_dir |   number 2
	     object_hex_grid | userdata 0x00000253EADE5F58 #56
	         (for index) |   number 5
	         (for limit) |   number 10
	          (for step) |   number 2
	                   i |   number 5
	                  pt |    point (317, 197)
	            other_pt |    point (316, 198)
	                 dir |   number 2
	            adjacent |   object CableConstructionSite at (415000, 171468, 7738) on map 1
	    adjacent_element |   object SupplyGridElement
	                skip |  boolean false
	         empty_table |    table 0x00000253E5B45EA8 #0
[mod] [SMRTK] SMRTK_ERROR kind=lua message="Lua/SupplyGrid.lua:1829: attempt to index a boolean value (field 'grid')" stack="  Lua/SupplyGrid.lua(1829):  method SupplyGridConnectElement\n  Lua/ElectricityGrid.lua(294):  method SetupElectricityElement\n  Lua/ElectricityGrid.lua(298):   <>\n  [C](-1):  global procall\n  CommonLua/Core/classes.lua(243):  method GameInit\n  CommonLua/Classes/_object.lua(192):   <>\n        --- end of stack" t=201405541 id=470
[SMRTK] SMRTK_ERROR kind=lua message="Lua/SupplyGrid.lua:1829: attempt to index a boolean value (field 'grid')" stack="  Lua/SupplyGrid.lua(1829):  method SupplyGridConnectElement\n  Lua/ElectricityGrid.lua(294):  method SetupElectricityElement\n  Lua/ElectricityGrid.lua(298):   <>\n  [C](-1):  global procall\n  CommonLua/Core/classes.lua(243):  method GameInit\n  CommonLua/Classes/_object.lua(192):   <>\n        --- end of stack" t=201405541 id=470
						Lua 1:05:41:172
[LUA ERROR] Lua/SupplyGrid.lua:1820: attempt to index a nil value (local 'adjacent')
  Lua/SupplyGrid.lua(1820):  method SupplyGridConnectElement
  Lua/ElectricityGrid.lua(294):  method SetupElectricityElement
  Lua/ElectricityGrid.lua(298):   <>
  [C](-1):  global procall
  CommonLua/Core/classes.lua(243):  method GameInit
  CommonLua/Classes/_object.lua(192):   <>
        --- end of stack
Locals:
	                self |   object CableConstructionSite at (413500, 170602, 7738) on map 1
	             element |   object SupplyGridElement
	          grid_class |   object ElectricityGrid
	       new_grid_skin |      nil
	force_create_connections |      nil
	     supply_resource |   string electricity
	                dome |  boolean false
	  is_switched_switch |  boolean false
	     is_construction |  boolean true
	           grid_type |   string construction_grid
	                 map |   object Map
	supply_connection_grid |   object SupplyConnectionGrid
	 supply_overlay_grid | userdata 0x00000253F951CF48 #48
	           conn_grid | userdata 0x00000253F50B1840 #56
	               shape |    table 0x00000253E97DA300 #1
	potential_neighbours |    table 0x00000253F2FE62B8 #8
	        grids_merged |  boolean false
	                grid |      nil
	   built_connections |    table 0x00000253F2FE6548 #0
	create_connection_call_data |    table 0x00000253F2FE6588 #0
	          is_loading |  boolean false
	construction_connections |   number 0
	         connect_dir |   number 2
	     object_hex_grid | userdata 0x00000253EADE5F58 #56
	         (for index) |   number 3
	         (for limit) |   number 8
	          (for step) |   number 2
	                   i |   number 3
	                  pt |    point (315, 197)
	            other_pt |    point (314, 198)
	                 dir |   number 2
	            adjacent |      nil
	         empty_table |    table 0x00000253E5B45EA8 #0
[mod] [SMRTK] SMRTK_ERROR kind=lua message="Lua/SupplyGrid.lua:1820: attempt to index a nil value (local 'adjacent')" stack="  Lua/SupplyGrid.lua(1820):  method SupplyGridConnectElement\n  Lua/ElectricityGrid.lua(294):  method SetupElectricityElement\n  Lua/ElectricityGrid.lua(298):   <>\n  [C](-1):  global procall\n  CommonLua/Core/classes.lua(243):  method GameInit\n  CommonLua/Classes/_object.lua(192):   <>\n        --- end of stack" t=201405541 id=471
[SMRTK] SMRTK_ERROR kind=lua message="Lua/SupplyGrid.lua:1820: attempt to index a nil value (local 'adjacent')" stack="  Lua/SupplyGrid.lua(1820):  method SupplyGridConnectElement\n  Lua/ElectricityGrid.lua(294):  method SetupElectricityElement\n  Lua/ElectricityGrid.lua(298):   <>\n  [C](-1):  global procall\n  CommonLua/Core/classes.lua(243):  method GameInit\n  CommonLua/Classes/_object.lua(192):   <>\n        --- end of stack" t=201405541 id=471
						Lua 1:05:41:173
[LUA ERROR] Lua/SupplyGrid.lua:1829: attempt to index a boolean value (field 'grid')
  Lua/SupplyGrid.lua(1829):  method SupplyGridConnectElement
  Lua/ElectricityGrid.lua(294):  method SetupElectricityElement
  Lua/ElectricityGrid.lua(298):   <>
  [C](-1):  global procall
  CommonLua/Core/classes.lua(243):  method GameInit
  CommonLua/Classes/_object.lua(192):   <>
        --- end of stack
Locals:
	                self |   object CableConstructionSite at (412500, 172334, 7738) on map 1
	             element |   object SupplyGridElement
	          grid_class |   object ElectricityGrid
	       new_grid_skin |      nil
	force_create_connections |      nil
	     supply_resource |   string electricity
	                dome |  boolean false
	  is_switched_switch |  boolean false
	     is_construction |  boolean true
	           grid_type |   string construction_grid
	                 map |   object Map
	supply_connection_grid |   object SupplyConnectionGrid
	 supply_overlay_grid | userdata 0x00000253F951CF48 #48
	           conn_grid | userdata 0x00000253F50B1840 #56
	               shape |    table 0x00000253E97DA300 #1
	potential_neighbours |    table 0x00000253F2FEA9E8 #12
	        grids_merged |  boolean false
	                grid |      nil
	   built_connections |    table 0x00000253F2FEADD0 #1
	create_connection_call_data |    table 0x00000253F2FEAE10 #0
	          is_loading |  boolean false
	construction_connections |   number 0
	         connect_dir |   number 2
	     object_hex_grid | userdata 0x00000253EADE5F58 #56
	         (for index) |   number 5
	         (for limit) |   number 12
	          (for step) |   number 2
	                   i |   number 5
	                  pt |    point (313, 199)
	            other_pt |    point (312, 200)
	                 dir |   number 2
	            adjacent |   object CableConstructionSite at (412000, 173200, 7738) on map 1
	    adjacent_element |   object SupplyGridElement
	                skip |  boolean false
	         empty_table |    table 0x00000253E5B45EA8 #0
[mod] [SMRTK] SMRTK_ERROR kind=lua message="Lua/SupplyGrid.lua:1829: attempt to index a boolean value (field 'grid')" stack="  Lua/SupplyGrid.lua(1829):  method SupplyGridConnectElement\n  Lua/ElectricityGrid.lua(294):  method SetupElectricityElement\n  Lua/ElectricityGrid.lua(298):   <>\n  [C](-1):  global procall\n  CommonLua/Core/classes.lua(243):  method GameInit\n  CommonLua/Classes/_object.lua(192):   <>\n        --- end of stack" t=201405541 id=472
[SMRTK] SMRTK_ERROR kind=lua message="Lua/SupplyGrid.lua:1829: attempt to index a boolean value (field 'grid')" stack="  Lua/SupplyGrid.lua(1829):  method SupplyGridConnectElement\n  Lua/ElectricityGrid.lua(294):  method SetupElectricityElement\n  Lua/ElectricityGrid.lua(298):   <>\n  [C](-1):  global procall\n  CommonLua/Core/classes.lua(243):  method GameInit\n  CommonLua/Classes/_object.lua(192):   <>\n        --- end of stack" t=201405541 id=472
						Lua 1:05:42:678
[LUA ERROR] Lua/SupplyGrid.lua:1820: attempt to index a nil value (local 'adjacent')
  Lua/SupplyGrid.lua(1820):  method SupplyGridConnectElement
  Lua/ElectricityGrid.lua(294):  method SetupElectricityElement
  Lua/ElectricityGrid.lua(298):   <>
  [C](-1):  global procall
  CommonLua/Core/classes.lua(243):  method GameInit
  CommonLua/Classes/_object.lua(192):   <>
        --- end of stack
Locals:
						Lua 1:05:42:679
	                self |   object CableConstructionSite at (414500, 170602, 7738) on map 1
	             element |   object SupplyGridElement
	          grid_class |   object ElectricityGrid
	       new_grid_skin |      nil
	force_create_connections |      nil
	     supply_resource |   string electricity
	                dome |  boolean false
	  is_switched_switch |  boolean false
	     is_construction |  boolean true
	           grid_type |   string construction_grid
	                 map |   object Map
	supply_connection_grid |   object SupplyConnectionGrid
	 supply_overlay_grid | userdata 0x00000253F951CF48 #48
	           conn_grid | userdata 0x00000253F50B1840 #56
	               shape |    table 0x00000253E97DA300 #1
	potential_neighbours |    table 0x00000253F6260E68 #12
	        grids_merged |  boolean false
	                grid |      nil
	   built_connections |    table 0x00000253F6261250 #0
	create_connection_call_data |    table 0x00000253F6261290 #0
	          is_loading |  boolean false
	construction_connections |   number 0
	         connect_dir |   number 2
	     object_hex_grid | userdata 0x00000253EADE5F58 #56
	         (for index) |   number 5
	         (for limit) |   number 12
	          (for step) |   number 2
	                   i |   number 5
	                  pt |    point (316, 197)
	            other_pt |    point (315, 198)
	                 dir |   number 2
	            adjacent |      nil
	         empty_table |    table 0x00000253E5B45EA8 #0
[mod] [SMRTK] SMRTK_ERROR kind=lua message="Lua/SupplyGrid.lua:1820: attempt to index a nil value (local 'adjacent')" stack="  Lua/SupplyGrid.lua(1820):  method SupplyGridConnectElement\n  Lua/ElectricityGrid.lua(294):  method SetupElectricityElement\n  Lua/ElectricityGrid.lua(298):   <>\n  [C](-1):  global procall\n  CommonLua/Core/classes.lua(243):  method GameInit\n  CommonLua/Classes/_object.lua(192):   <>\n        --- end of stack" t=201405541 id=473
[SMRTK] SMRTK_ERROR kind=lua message="Lua/SupplyGrid.lua:1820: attempt to index a nil value (local 'adjacent')" stack="  Lua/SupplyGrid.lua(1820):  method SupplyGridConnectElement\n  Lua/ElectricityGrid.lua(294):  method SetupElectricityElement\n  Lua/ElectricityGrid.lua(298):   <>\n  [C](-1):  global procall\n  CommonLua/Core/classes.lua(243):  method GameInit\n  CommonLua/Classes/_object.lua(192):   <>\n        --- end of stack" t=201405541 id=473
						Lua 1:05:42:680
[LUA ERROR] Lua/SupplyGrid.lua:1829: attempt to index a boolean value (field 'grid')
  Lua/SupplyGrid.lua(1829):  method SupplyGridConnectElement
  Lua/ElectricityGrid.lua(294):  method SetupElectricityElement
  Lua/ElectricityGrid.lua(298):   <>
  [C](-1):  global procall
  CommonLua/Core/classes.lua(243):  method GameInit
  CommonLua/Classes/_object.lua(192):   <>
        --- end of stack
Locals:
	                self |   object CableConstructionSite at (413000, 173200, 7738) on map 1
	             element |   object SupplyGridElement
	          grid_class |   object ElectricityGrid
	       new_grid_skin |      nil
	force_create_connections |      nil
	     supply_resource |   string electricity
	                dome |  boolean false
	  is_switched_switch |  boolean false
	     is_construction |  boolean true
	           grid_type |   string construction_grid
	                 map |   object Map
	supply_connection_grid |   object SupplyConnectionGrid
	 supply_overlay_grid | userdata 0x00000253F951CF48 #48
	           conn_grid | userdata 0x00000253F50B1840 #56
	               shape |    table 0x00000253E97DA300 #1
	potential_neighbours |    table 0x00000253F6268460 #12
	        grids_merged |  boolean false
	                grid |      nil
	   built_connections |    table 0x00000253F6268848 #1
	create_connection_call_data |    table 0x00000253F6268888 #0
	          is_loading |  boolean false
	construction_connections |   number 0
	         connect_dir |   number 2
	     object_hex_grid | userdata 0x00000253EADE5F58 #56
	         (for index) |   number 5
	         (for limit) |   number 12
	          (for step) |   number 2
	                   i |   number 5
	                  pt |    point (313, 200)
	            other_pt |    point (312, 201)
	                 dir |   number 2
	            adjacent |   object CableConstructionSite at (412500, 174066, 7738) on map 1
	    adjacent_element |   object SupplyGridElement
	                skip |  boolean false
	         empty_table |    table 0x00000253E5B45EA8 #0
[mod] [SMRTK] SMRTK_ERROR kind=lua message="Lua/SupplyGrid.lua:1829: attempt to index a boolean value (field 'grid')" stack="  Lua/SupplyGrid.lua(1829):  method SupplyGridConnectElement\n  Lua/ElectricityGrid.lua(294):  method SetupElectricityElement\n  Lua/ElectricityGrid.lua(298):   <>\n  [C](-1):  global procall\n  CommonLua/Core/classes.lua(243):  method GameInit\n  CommonLua/Classes/_object.lua(192):   <>\n        --- end of stack" t=201405541 id=474
[SMRTK] SMRTK_ERROR kind=lua message="Lua/SupplyGrid.lua:1829: attempt to index a boolean value (field 'grid')" stack="  Lua/SupplyGrid.lua(1829):  method SupplyGridConnectElement\n  Lua/ElectricityGrid.lua(294):  method SetupElectricityElement\n  Lua/ElectricityGrid.lua(298):   <>\n  [C](-1):  global procall\n  CommonLua/Core/classes.lua(243):  method GameInit\n  CommonLua/Classes/_object.lua(192):   <>\n        --- end of stack" t=201405541 id=474
						Lua 1:05:46:046
[LUA ERROR] Lua/SupplyGrid.lua:1820: attempt to index a nil value (local 'adjacent')
  Lua/SupplyGrid.lua(1820):  method SupplyGridConnectElement
  Lua/ElectricityGrid.lua(294):  method SetupElectricityElement
  Lua/ElectricityGrid.lua(298):   <>
  [C](-1):  global procall
  CommonLua/Core/classes.lua(243):  method GameInit
  CommonLua/Classes/_object.lua(192):   <>
        --- end of stack
Locals:
	                self |   object CableConstructionSite at (411500, 170602, 7738) on map 1
	             element |   object SupplyGridElement
	          grid_class |   object ElectricityGrid
	       new_grid_skin |      nil
	force_create_connections |      nil
	     supply_resource |   string electricity
	                dome |  boolean false
	  is_switched_switch |  boolean false
	     is_construction |  boolean true
	           grid_type |   string construction_grid
	                 map |   object Map
	supply_connection_grid |   object SupplyConnectionGrid
	 supply_overlay_grid | userdata 0x00000253F951CF48 #48
	           conn_grid | userdata 0x00000253F50B1840 #56
	               shape |    table 0x00000253E97DA300 #1
	potential_neighbours |    table 0x00000253F3DC2818 #12
	        grids_merged |  boolean false
	                grid |      nil
	   built_connections |    table 0x00000253F3DC2C00 #0
	create_connection_call_data |    table 0x00000253F3DC2C40 #0
	          is_loading |  boolean false
	construction_connections |   number 0
	         connect_dir |   number 1
	     object_hex_grid | userdata 0x00000253EADE5F58 #56
	         (for index) |   number 3
	         (for limit) |   number 12
	          (for step) |   number 2
	                   i |   number 3
	                  pt |    point (313, 197)
	            other_pt |    point (313, 198)
	                 dir |   number 1
	            adjacent |      nil
	         empty_table |    table 0x00000253E5B45EA8 #0
						Lua 1:05:46:047
[mod] [SMRTK] SMRTK_ERROR kind=lua message="Lua/SupplyGrid.lua:1820: attempt to index a nil value (local 'adjacent')" stack="  Lua/SupplyGrid.lua(1820):  method SupplyGridConnectElement\n  Lua/ElectricityGrid.lua(294):  method SetupElectricityElement\n  Lua/ElectricityGrid.lua(298):   <>\n  [C](-1):  global procall\n  CommonLua/Core/classes.lua(243):  method GameInit\n  CommonLua/Classes/_object.lua(192):   <>\n        --- end of stack" t=201405541 id=475
[SMRTK] SMRTK_ERROR kind=lua message="Lua/SupplyGrid.lua:1820: attempt to index a nil value (local 'adjacent')" stack="  Lua/SupplyGrid.lua(1820):  method SupplyGridConnectElement\n  Lua/ElectricityGrid.lua(294):  method SetupElectricityElement\n  Lua/ElectricityGrid.lua(298):   <>\n  [C](-1):  global procall\n  CommonLua/Core/classes.lua(243):  method GameInit\n  CommonLua/Classes/_object.lua(192):   <>\n        --- end of stack" t=201405541 id=475
[LUA ERROR] Lua/SupplyGrid.lua:1829: attempt to index a boolean value (field 'grid')
  Lua/SupplyGrid.lua(1829):  method SupplyGridConnectElement
  Lua/ElectricityGrid.lua(294):  method SetupElectricityElement
  Lua/ElectricityGrid.lua(298):   <>
  [C](-1):  global procall
  CommonLua/Core/classes.lua(243):  method GameInit
  CommonLua/Classes/_object.lua(192):   <>
        --- end of stack
Locals:
	                self |   object CableConstructionSite at (412000, 171468, 7738) on map 1
	             element |   object SupplyGridElement
	          grid_class |   object ElectricityGrid
	       new_grid_skin |      nil
	force_create_connections |      nil
	     supply_resource |   string electricity
	                dome |  boolean false
	  is_switched_switch |  boolean false
	     is_construction |  boolean true
	           grid_type |   string construction_grid
	                 map |   object Map
	supply_connection_grid |   object SupplyConnectionGrid
	 supply_overlay_grid | userdata 0x00000253F951CF48 #48
	           conn_grid | userdata 0x00000253F50B1840 #56
	               shape |    table 0x00000253E97DA300 #1
	potential_neighbours |    table 0x00000253F3DC5BE0 #12
	        grids_merged |  boolean false
	                grid |      nil
	   built_connections |    table 0x00000253F3DC5FC8 #1
	create_connection_call_data |    table 0x00000253F3DC6008 #0
	          is_loading |  boolean false
	construction_connections |   number 0
	         connect_dir |   number 1
	     object_hex_grid | userdata 0x00000253EADE5F58 #56
	         (for index) |   number 3
	         (for limit) |   number 12
	          (for step) |   number 2
	                   i |   number 3
	                  pt |    point (313, 198)
	            other_pt |    point (313, 199)
	                 dir |   number 1
	            adjacent |   object CableConstructionSite at (412500, 172334, 7738) on map 1
	    adjacent_element |   object SupplyGridElement
	                skip |  boolean false
	         empty_table |    table 0x00000253E5B45EA8 #0
[mod] [SMRTK] SMRTK_ERROR kind=lua message="Lua/SupplyGrid.lua:1829: attempt to index a boolean value (field 'grid')" stack="  Lua/SupplyGrid.lua(1829):  method SupplyGridConnectElement\n  Lua/ElectricityGrid.lua(294):  method SetupElectricityElement\n  Lua/ElectricityGrid.lua(298):   <>\n  [C](-1):  global procall\n  CommonLua/Core/classes.lua(243):  method GameInit\n  CommonLua/Classes/_object.lua(192):   <>\n        --- end of stack" t=201405541 id=476
[SMRTK] SMRTK_ERROR kind=lua message="Lua/SupplyGrid.lua:1829: attempt to index a boolean value (field 'grid')" stack="  Lua/SupplyGrid.lua(1829):  method SupplyGridConnectElement\n  Lua/ElectricityGrid.lua(294):  method SetupElectricityElement\n  Lua/ElectricityGrid.lua(298):   <>\n  [C](-1):  global procall\n  CommonLua/Core/classes.lua(243):  method GameInit\n  CommonLua/Classes/_object.lua(192):   <>\n        --- end of stack" t=201405541 id=476
						Lua 1:05:52:780
[LUA ERROR] Lua/SupplyGrid.lua:1829: attempt to index a boolean value (field 'grid')
  Lua/SupplyGrid.lua(1829):  method SupplyGridConnectElement
  Lua/ElectricityGrid.lua(294):  method SetupElectricityElement
  Lua/ElectricityGrid.lua(298):   <>
  [C](-1):  global procall
  CommonLua/Core/classes.lua(243):  method GameInit
  CommonLua/Classes/_object.lua(192):   <>
        --- end of stack
Locals:
	                self |   object CableConstructionSite at (413000, 169736, 7738) on map 1
						Lua 1:05:52:781
	             element |   object SupplyGridElement
	          grid_class |   object ElectricityGrid
	       new_grid_skin |      nil
	force_create_connections |      nil
	     supply_resource |   string electricity
	                dome |  boolean false
	  is_switched_switch |  boolean false
	     is_construction |  boolean true
	           grid_type |   string construction_grid
	                 map |   object Map
	supply_connection_grid |   object SupplyConnectionGrid
	 supply_overlay_grid | userdata 0x00000253F951CF48 #48
	           conn_grid | userdata 0x00000253F50B1840 #56
	               shape |    table 0x00000253E97DA300 #1
	potential_neighbours |    table 0x00000253F956E1A0 #8
	        grids_merged |  boolean false
	                grid |      nil
	   built_connections |    table 0x00000253F956E430 #1
	create_connection_call_data |    table 0x00000253F956E470 #0
	          is_loading |  boolean false
	construction_connections |   number 0
	         connect_dir |   number 1
	     object_hex_grid | userdata 0x00000253EADE5F58 #56
	         (for index) |   number 3
	         (for limit) |   number 8
	          (for step) |   number 2
	                   i |   number 3
	                  pt |    point (315, 196)
	            other_pt |    point (315, 197)
	                 dir |   number 1
	            adjacent |   object CableConstructionSite at (413500, 170602, 7738) on map 1
	    adjacent_element |   object SupplyGridElement
	                skip |  boolean false
	         empty_table |    table 0x00000253E5B45EA8 #0
[mod] [SMRTK] SMRTK_ERROR kind=lua message="Lua/SupplyGrid.lua:1829: attempt to index a boolean value (field 'grid')" stack="  Lua/SupplyGrid.lua(1829):  method SupplyGridConnectElement\n  Lua/ElectricityGrid.lua(294):  method SetupElectricityElement\n  Lua/ElectricityGrid.lua(298):   <>\n  [C](-1):  global procall\n  CommonLua/Core/classes.lua(243):  method GameInit\n  CommonLua/Classes/_object.lua(192):   <>\n        --- end of stack" t=201405541 id=477
[SMRTK] SMRTK_ERROR kind=lua message="Lua/SupplyGrid.lua:1829: attempt to index a boolean value (field 'grid')" stack="  Lua/SupplyGrid.lua(1829):  method SupplyGridConnectElement\n  Lua/ElectricityGrid.lua(294):  method SetupElectricityElement\n  Lua/ElectricityGrid.lua(298):   <>\n  [C](-1):  global procall\n  CommonLua/Core/classes.lua(243):  method GameInit\n  CommonLua/Classes/_object.lua(192):   <>\n        --- end of stack" t=201405541 id=477
						Lua 1:06:11:522
[mod] [SMRTK] SMRTK_PANEL action=panel_toggle open=true status=OK tab=Saves t=201405541 id=478
						Lua 1:06:12:657
[mod] [SMRTK] SMRTK_PANEL action=panel_toggle open=false status=OK tab=Saves t=201405541 id=479
						Lua 1:06:15:652
[mod] [SMRTK] SMRTK_PANEL action=panel_toggle open=true status=OK tab=Saves t=201405541 id=480
						Lua 1:06:17:116
[mod] [SMRTK] SMRTK_VERBOSE action=verbose status=OK verbose=off t=201405541 id=481
[SMRTK] SMRTK_VERBOSE action=verbose status=OK verbose=off t=201405541 id=481
						Lua 1:06:18:652
[mod] [SMRTK] SMRTK_SECTION action=section_attach attached=true dialog=ipBuilding object=CableConstructionSite(5848) status=OK t=201405541 id=482
						Lua 1:06:30:668
[mod] [SMRTK] SMRTK_SECTION action=section_attach attached=false reason="no supported actions" status=OK t=201405541 id=483
						Lua 1:06:32:516
[LUA ERROR] Lua/SupplyGrid.lua:1820: attempt to index a nil value (local 'adjacent')
  Lua/SupplyGrid.lua(1820):  method SupplyGridConnectElement
  Lua/ElectricityGrid.lua(294):  method SetupElectricityElement
  Lua/ElectricityGrid.lua(298):   <>
  [C](-1):  global procall
  CommonLua/Core/classes.lua(243):  method GameInit
  CommonLua/Classes/_object.lua(192):   <>
        --- end of stack
Locals:
	                self |   object CableConstructionSite at (416500, 172334, 7738) on map 1
	             element |   object SupplyGridElement
	          grid_class |   object ElectricityGrid
	       new_grid_skin |      nil
	force_create_connections |      nil
	     supply_resource |   string electricity
	                dome |  boolean false
	  is_switched_switch |  boolean false
	     is_construction |  boolean true
	           grid_type |   string construction_grid
	                 map |   object Map
	supply_connection_grid |   object SupplyConnectionGrid
	 supply_overlay_grid | userdata 0x00000253F951CF48 #48
	           conn_grid | userdata 0x00000253F50B1840 #56
	               shape |    table 0x00000253E97DA300 #1
	potential_neighbours |    table 0x00000253F92E1BB0 #12
	        grids_merged |  boolean false
	                grid |      nil
	   built_connections |    table 0x00000253F92E2E50 #0
	create_connection_call_data |    table 0x00000253F72EEAD0 #0
	          is_loading |  boolean false
	construction_connections |   number 0
	         connect_dir |   number 2
	     object_hex_grid | userdata 0x00000253EADE5F58 #56
	         (for index) |   number 5
	         (for limit) |   number 12
	          (for step) |   number 2
	                   i |   number 5
	                  pt |    point (317, 199)
	            other_pt |    point (316, 200)
	                 dir |   number 2
	            adjacent |      nil
	         empty_table |    table 0x00000253E5B45EA8 #0
[mod] [SMRTK] SMRTK_ERROR kind=lua message="Lua/SupplyGrid.lua:1820: attempt to index a nil value (local 'adjacent')" stack="  Lua/SupplyGrid.lua(1820):  method SupplyGridConnectElement\n  Lua/ElectricityGrid.lua(294):  method SetupElectricityElement\n  Lua/ElectricityGrid.lua(298):   <>\n  [C](-1):  global procall\n  CommonLua/Core/classes.lua(243):  method GameInit\n  CommonLua/Classes/_object.lua(192):   <>\n        --- end of stack" t=201405541 id=484
[SMRTK] SMRTK_ERROR kind=lua message="Lua/SupplyGrid.lua:1820: attempt to index a nil value (local 'adjacent')" stack="  Lua/SupplyGrid.lua(1820):  method SupplyGridConnectElement\n  Lua/ElectricityGrid.lua(294):  method SetupElectricityElement\n  Lua/ElectricityGrid.lua(298):   <>\n  [C](-1):  global procall\n  CommonLua/Core/classes.lua(243):  method GameInit\n  CommonLua/Classes/_object.lua(192):   <>\n        --- end of stack" t=201405541 id=484
						Lua 1:06:32:518
[LUA ERROR] Lua/SupplyGrid.lua:1829: attempt to index a boolean value (field 'grid')
  Lua/SupplyGrid.lua(1829):  method SupplyGridConnectElement
  Lua/ElectricityGrid.lua(294):  method SetupElectricityElement
  Lua/ElectricityGrid.lua(298):   <>
  [C](-1):  global procall
  CommonLua/Core/classes.lua(243):  method GameInit
  CommonLua/Classes/_object.lua(192):   <>
        --- end of stack
Locals:
	                self |   object CableConstructionSite at (414500, 175798, 7738) on map 1
	             element |   object SupplyGridElement
	          grid_class |   object ElectricityGrid
	       new_grid_skin |      nil
	force_create_connections |      nil
	     supply_resource |   string electricity
	                dome |  boolean false
	  is_switched_switch |  boolean false
	     is_construction |  boolean true
	           grid_type |   string construction_grid
	                 map |   object Map
	supply_connection_grid |   object SupplyConnectionGrid
	 supply_overlay_grid | userdata 0x00000253F951CF48 #48
	           conn_grid | userdata 0x00000253F50B1840 #56
	               shape |    table 0x00000253E97DA300 #1
	potential_neighbours |    table 0x00000253F68031A8 #12
	        grids_merged |  boolean false
	                grid |      nil
	   built_connections |    table 0x00000253F43C32D8 #1
	create_connection_call_data |    table 0x00000253F43C3368 #0
	          is_loading |  boolean false
	construction_connections |   number 0
	         connect_dir |   number 2
	     object_hex_grid | userdata 0x00000253EADE5F58 #56
	         (for index) |   number 5
	         (for limit) |   number 12
	          (for step) |   number 2
	                   i |   number 5
	                  pt |    point (313, 203)
	            other_pt |    point (312, 204)
	                 dir |   number 2
	            adjacent |   object CableConstructionSite at (414000, 176664, 7738) on map 1
	    adjacent_element |   object SupplyGridElement
	                skip |  boolean false
	         empty_table |    table 0x00000253E5B45EA8 #0
[mod] [SMRTK] SMRTK_ERROR kind=lua message="Lua/SupplyGrid.lua:1829: attempt to index a boolean value (field 'grid')" stack="  Lua/SupplyGrid.lua(1829):  method SupplyGridConnectElement\n  Lua/ElectricityGrid.lua(294):  method SetupElectricityElement\n  Lua/ElectricityGrid.lua(298):   <>\n  [C](-1):  global procall\n  CommonLua/Core/classes.lua(243):  method GameInit\n  CommonLua/Classes/_object.lua(192):   <>\n        --- end of stack" t=201405541 id=485
[SMRTK] SMRTK_ERROR kind=lua message="Lua/SupplyGrid.lua:1829: attempt to index a boolean value (field 'grid')" stack="  Lua/SupplyGrid.lua(1829):  method SupplyGridConnectElement\n  Lua/ElectricityGrid.lua(294):  method SetupElectricityElement\n  Lua/ElectricityGrid.lua(298):   <>\n  [C](-1):  global procall\n  CommonLua/Core/classes.lua(243):  method GameInit\n  CommonLua/Classes/_object.lua(192):   <>\n        --- end of stack" t=201405541 id=485
						Lua 1:06:35:204
[LUA ERROR] Lua/SupplyGrid.lua:1820: attempt to index a nil value (local 'adjacent')
  Lua/SupplyGrid.lua(1820):  method SupplyGridConnectElement
  Lua/ElectricityGrid.lua(294):  method SetupElectricityElement
  Lua/ElectricityGrid.lua(298):   <>
  [C](-1):  global procall
  CommonLua/Core/classes.lua(243):  method GameInit
  CommonLua/Classes/_object.lua(192):   <>
        --- end of stack
Locals:
	                self |   object CableConstructionSite at (415500, 172334, 7738) on map 1
	             element |   object SupplyGridElement
	          grid_class |   object ElectricityGrid
	       new_grid_skin |      nil
	force_create_connections |      nil
	     supply_resource |   string electricity
	                dome |  boolean false
	  is_switched_switch |  boolean false
	     is_construction |  boolean true
	           grid_type |   string construction_grid
	                 map |   object Map
	supply_connection_grid |   object SupplyConnectionGrid
	 supply_overlay_grid | userdata 0x00000253F951CF48 #48
	           conn_grid | userdata 0x00000253F50B1840 #56
	               shape |    table 0x00000253E97DA300 #1
	potential_neighbours |    table 0x00000253E8696898 #12
	        grids_merged |  boolean false
	                grid |      nil
	   built_connections |    table 0x00000253F6AA3430 #0
	create_connection_call_data |    table 0x00000253F6AA3470 #0
	          is_loading |  boolean false
	construction_connections |   number 0
	         connect_dir |   number 2
	     object_hex_grid | userdata 0x00000253EADE5F58 #56
	         (for index) |   number 5
	         (for limit) |   number 12
	          (for step) |   number 2
	                   i |   number 5
	                  pt |    point (316, 199)
	            other_pt |    point (315, 200)
	                 dir |   number 2
	            adjacent |      nil
	         empty_table |    table 0x00000253E5B45EA8 #0
[mod] [SMRTK] SMRTK_ERROR kind=lua message="Lua/SupplyGrid.lua:1820: attempt to index a nil value (local 'adjacent')" stack="  Lua/SupplyGrid.lua(1820):  method SupplyGridConnectElement\n  Lua/ElectricityGrid.lua(294):  method SetupElectricityElement\n  Lua/ElectricityGrid.lua(298):   <>\n  [C](-1):  global procall\n  CommonLua/Core/classes.lua(243):  method GameInit\n  CommonLua/Classes/_object.lua(192):   <>\n        --- end of stack" t=201405541 id=486
[SMRTK] SMRTK_ERROR kind=lua message="Lua/SupplyGrid.lua:1820: attempt to index a nil value (local 'adjacent')" stack="  Lua/SupplyGrid.lua(1820):  method SupplyGridConnectElement\n  Lua/ElectricityGrid.lua(294):  method SetupElectricityElement\n  Lua/ElectricityGrid.lua(298):   <>\n  [C](-1):  global procall\n  CommonLua/Core/classes.lua(243):  method GameInit\n  CommonLua/Classes/_object.lua(192):   <>\n        --- end of stack" t=201405541 id=486
						Lua 1:06:35:205
[LUA ERROR] Lua/SupplyGrid.lua:1829: attempt to index a boolean value (field 'grid')
  Lua/SupplyGrid.lua(1829):  method SupplyGridConnectElement
  Lua/ElectricityGrid.lua(294):  method SetupElectricityElement
  Lua/ElectricityGrid.lua(298):   <>
  [C](-1):  global procall
  CommonLua/Core/classes.lua(243):  method GameInit
  CommonLua/Classes/_object.lua(192):   <>
        --- end of stack
Locals:
	                self |   object CableConstructionSite at (413500, 175798, 7738) on map 1
	             element |   object SupplyGridElement
	          grid_class |   object ElectricityGrid
	       new_grid_skin |      nil
	force_create_connections |      nil
	     supply_resource |   string electricity
	                dome |  boolean false
	  is_switched_switch |  boolean false
	     is_construction |  boolean true
	           grid_type |   string construction_grid
	                 map |   object Map
	supply_connection_grid |   object SupplyConnectionGrid
	 supply_overlay_grid | userdata 0x00000253F951CF48 #48
	           conn_grid | userdata 0x00000253F50B1840 #56
	               shape |    table 0x00000253E97DA300 #1
	potential_neighbours |    table 0x00000253EC0672A8 #12
	        grids_merged |  boolean false
	                grid |      nil
	   built_connections |    table 0x00000253FA77E300 #1
	create_connection_call_data |    table 0x00000253FA77E340 #0
	          is_loading |  boolean false
	construction_connections |   number 0
	         connect_dir |   number 2
	     object_hex_grid | userdata 0x00000253EADE5F58 #56
	         (for index) |   number 5
	         (for limit) |   number 12
	          (for step) |   number 2
	                   i |   number 5
	                  pt |    point (312, 203)
	            other_pt |    point (311, 204)
	                 dir |   number 2
	            adjacent |   object CableConstructionSite at (413000, 176664, 7738) on map 1
	    adjacent_element |   object SupplyGridElement
	                skip |  boolean false
	         empty_table |    table 0x00000253E5B45EA8 #0
[mod] [SMRTK] SMRTK_ERROR kind=lua message="Lua/SupplyGrid.lua:1829: attempt to index a boolean value (field 'grid')" stack="  Lua/SupplyGrid.lua(1829):  method SupplyGridConnectElement\n  Lua/ElectricityGrid.lua(294):  method SetupElectricityElement\n  Lua/ElectricityGrid.lua(298):   <>\n  [C](-1):  global procall\n  CommonLua/Core/classes.lua(243):  method GameInit\n  CommonLua/Classes/_object.lua(192):   <>\n        --- end of stack" t=201405541 id=487
[SMRTK] SMRTK_ERROR kind=lua message="Lua/SupplyGrid.lua:1829: attempt to index a boolean value (field 'grid')" stack="  Lua/SupplyGrid.lua(1829):  method SupplyGridConnectElement\n  Lua/ElectricityGrid.lua(294):  method SetupElectricityElement\n  Lua/ElectricityGrid.lua(298):   <>\n  [C](-1):  global procall\n  CommonLua/Core/classes.lua(243):  method GameInit\n  CommonLua/Classes/_object.lua(192):   <>\n        --- end of stack" t=201405541 id=487
						Lua 1:06:37:541
[LUA ERROR] Lua/SupplyGrid.lua:1820: attempt to index a nil value (local 'adjacent')
  Lua/SupplyGrid.lua(1820):  method SupplyGridConnectElement
  Lua/ElectricityGrid.lua(294):  method SetupElectricityElement
  Lua/ElectricityGrid.lua(298):   <>
  [C](-1):  global procall
  CommonLua/Core/classes.lua(243):  method GameInit
  CommonLua/Classes/_object.lua(192):   <>
        --- end of stack
Locals:
	                self |   object CableConstructionSite at (416000, 169736, 7738) on map 1
	             element |   object SupplyGridElement
	          grid_class |   object ElectricityGrid
	       new_grid_skin |      nil
	force_create_connections |      nil
	     supply_resource |   string electricity
	                dome |  boolean false
	  is_switched_switch |  boolean false
	     is_construction |  boolean true
	           grid_type |   string construction_grid
	                 map |   object Map
	supply_connection_grid |   object SupplyConnectionGrid
	 supply_overlay_grid | userdata 0x00000253F951CF48 #48
	           conn_grid | userdata 0x00000253F50B1840 #56
	               shape |    table 0x00000253E97DA300 #1
	potential_neighbours |    table 0x00000253F77636A8 #12
	        grids_merged |  boolean false
	                grid |      nil
	   built_connections |    table 0x00000253E98517E8 #0
	create_connection_call_data |    table 0x00000253E9851828 #0
	          is_loading |  boolean false
	construction_connections |   number 0
	         connect_dir |   number 2
	     object_hex_grid | userdata 0x00000253EADE5F58 #56
	         (for index) |   number 5
	         (for limit) |   number 12
	          (for step) |   number 2
	                   i |   number 5
	                  pt |    point (318, 196)
	            other_pt |    point (317, 197)
	                 dir |   number 2
	            adjacent |      nil
	         empty_table |    table 0x00000253E5B45EA8 #0
[mod] [SMRTK] SMRTK_ERROR kind=lua message="Lua/SupplyGrid.lua:1820: attempt to index a nil value (local 'adjacent')" stack="  Lua/SupplyGrid.lua(1820):  method SupplyGridConnectElement\n  Lua/ElectricityGrid.lua(294):  method SetupElectricityElement\n  Lua/ElectricityGrid.lua(298):   <>\n  [C](-1):  global procall\n  CommonLua/Core/classes.lua(243):  method GameInit\n  CommonLua/Classes/_object.lua(192):   <>\n        --- end of stack" t=201405541 id=488
[SMRTK] SMRTK_ERROR kind=lua message="Lua/SupplyGrid.lua:1820: attempt to index a nil value (local 'adjacent')" stack="  Lua/SupplyGrid.lua(1820):  method SupplyGridConnectElement\n  Lua/ElectricityGrid.lua(294):  method SetupElectricityElement\n  Lua/ElectricityGrid.lua(298):   <>\n  [C](-1):  global procall\n  CommonLua/Core/classes.lua(243):  method GameInit\n  CommonLua/Classes/_object.lua(192):   <>\n        --- end of stack" t=201405541 id=488
						Lua 1:06:37:542
[LUA ERROR] Lua/SupplyGrid.lua:1829: attempt to index a boolean value (field 'grid')
  Lua/SupplyGrid.lua(1829):  method SupplyGridConnectElement
  Lua/ElectricityGrid.lua(294):  method SetupElectricityElement
  Lua/ElectricityGrid.lua(298):   <>
  [C](-1):  global procall
  CommonLua/Core/classes.lua(243):  method GameInit
  CommonLua/Classes/_object.lua(192):   <>
        --- end of stack
Locals:
	                self |   object CableConstructionSite at (413000, 174932, 7738) on map 1
	             element |   object SupplyGridElement
	          grid_class |   object ElectricityGrid
	       new_grid_skin |      nil
	force_create_connections |      nil
	     supply_resource |   string electricity
	                dome |  boolean false
	  is_switched_switch |  boolean false
	     is_construction |  boolean true
	           grid_type |   string construction_grid
	                 map |   object Map
	supply_connection_grid |   object SupplyConnectionGrid
	 supply_overlay_grid | userdata 0x00000253F951CF48 #48
	           conn_grid | userdata 0x00000253F50B1840 #56
	               shape |    table 0x00000253E97DA300 #1
	potential_neighbours |    table 0x00000253EDC220F8 #12
	        grids_merged |  boolean false
	                grid |      nil
	   built_connections |    table 0x00000253F988B1A0 #1
	create_connection_call_data |    table 0x00000253F988B1E0 #0
	          is_loading |  boolean false
	construction_connections |   number 0
	         connect_dir |   number 2
	     object_hex_grid | userdata 0x00000253EADE5F58 #56
	         (for index) |   number 5
	         (for limit) |   number 12
	          (for step) |   number 2
	                   i |   number 5
						Lua 1:06:37:543
	                  pt |    point (312, 202)
	            other_pt |    point (311, 203)
	                 dir |   number 2
	            adjacent |   object CableConstructionSite at (412500, 175798, 7738) on map 1
	    adjacent_element |   object SupplyGridElement
	                skip |  boolean false
	         empty_table |    table 0x00000253E5B45EA8 #0
[mod] [SMRTK] SMRTK_ERROR kind=lua message="Lua/SupplyGrid.lua:1829: attempt to index a boolean value (field 'grid')" stack="  Lua/SupplyGrid.lua(1829):  method SupplyGridConnectElement\n  Lua/ElectricityGrid.lua(294):  method SetupElectricityElement\n  Lua/ElectricityGrid.lua(298):   <>\n  [C](-1):  global procall\n  CommonLua/Core/classes.lua(243):  method GameInit\n  CommonLua/Classes/_object.lua(192):   <>\n        --- end of stack" t=201405541 id=489
[SMRTK] SMRTK_ERROR kind=lua message="Lua/SupplyGrid.lua:1829: attempt to index a boolean value (field 'grid')" stack="  Lua/SupplyGrid.lua(1829):  method SupplyGridConnectElement\n  Lua/ElectricityGrid.lua(294):  method SetupElectricityElement\n  Lua/ElectricityGrid.lua(298):   <>\n  [C](-1):  global procall\n  CommonLua/Core/classes.lua(243):  method GameInit\n  CommonLua/Classes/_object.lua(192):   <>\n        --- end of stack" t=201405541 id=489
						Lua 1:06:39:521
[LUA ERROR] Lua/SupplyGrid.lua:1820: attempt to index a nil value (local 'adjacent')
  Lua/SupplyGrid.lua(1820):  method SupplyGridConnectElement
  Lua/ElectricityGrid.lua(294):  method SetupElectricityElement
  Lua/ElectricityGrid.lua(298):   <>
  [C](-1):  global procall
  CommonLua/Core/classes.lua(243):  method GameInit
  CommonLua/Classes/_object.lua(192):   <>
        --- end of stack
Locals:
	                self |   object CableConstructionSite at (414500, 170602, 7738) on map 1
	             element |   object SupplyGridElement
	          grid_class |   object ElectricityGrid
	       new_grid_skin |      nil
	force_create_connections |      nil
	     supply_resource |   string electricity
	                dome |  boolean false
	  is_switched_switch |  boolean false
	     is_construction |  boolean true
	           grid_type |   string construction_grid
	                 map |   object Map
	supply_connection_grid |   object SupplyConnectionGrid
	 supply_overlay_grid | userdata 0x00000253F951CF48 #48
	           conn_grid | userdata 0x00000253F50B1840 #56
	               shape |    table 0x00000253E97DA300 #1
	potential_neighbours |    table 0x00000253FAE237A0 #10
	        grids_merged |  boolean false
	                grid |      nil
	   built_connections |    table 0x00000253F79878C8 #0
	create_connection_call_data |    table 0x00000253F7985B98 #0
	          is_loading |  boolean false
	construction_connections |   number 0
	         connect_dir |   number 2
	     object_hex_grid | userdata 0x00000253EADE5F58 #56
	         (for index) |   number 5
	         (for limit) |   number 10
	          (for step) |   number 2
	                   i |   number 5
	                  pt |    point (316, 197)
	            other_pt |    point (315, 198)
	                 dir |   number 2
	            adjacent |      nil
	         empty_table |    table 0x00000253E5B45EA8 #0
[mod] [SMRTK] SMRTK_ERROR kind=lua message="Lua/SupplyGrid.lua:1820: attempt to index a nil value (local 'adjacent')" stack="  Lua/SupplyGrid.lua(1820):  method SupplyGridConnectElement\n  Lua/ElectricityGrid.lua(294):  method SetupElectricityElement\n  Lua/ElectricityGrid.lua(298):   <>\n  [C](-1):  global procall\n  CommonLua/Core/classes.lua(243):  method GameInit\n  CommonLua/Classes/_object.lua(192):   <>\n        --- end of stack" t=201405541 id=490
[SMRTK] SMRTK_ERROR kind=lua message="Lua/SupplyGrid.lua:1820: attempt to index a nil value (local 'adjacent')" stack="  Lua/SupplyGrid.lua(1820):  method SupplyGridConnectElement\n  Lua/ElectricityGrid.lua(294):  method SetupElectricityElement\n  Lua/ElectricityGrid.lua(298):   <>\n  [C](-1):  global procall\n  CommonLua/Core/classes.lua(243):  method GameInit\n  CommonLua/Classes/_object.lua(192):   <>\n        --- end of stack" t=201405541 id=490
						Lua 1:06:39:522
[LUA ERROR] Lua/SupplyGrid.lua:1829: attempt to index a boolean value (field 'grid')
  Lua/SupplyGrid.lua(1829):  method SupplyGridConnectElement
  Lua/ElectricityGrid.lua(294):  method SetupElectricityElement
  Lua/ElectricityGrid.lua(298):   <>
  [C](-1):  global procall
  CommonLua/Core/classes.lua(243):  method GameInit
  CommonLua/Classes/_object.lua(192):   <>
        --- end of stack
Locals:
	                self |   object CableConstructionSite at (413500, 172334, 7738) on map 1
	             element |   object SupplyGridElement
	          grid_class |   object ElectricityGrid
	       new_grid_skin |      nil
	force_create_connections |      nil
	     supply_resource |   string electricity
	                dome |  boolean false
	  is_switched_switch |  boolean false
	     is_construction |  boolean true
	           grid_type |   string construction_grid
	                 map |   object Map
	supply_connection_grid |   object SupplyConnectionGrid
	 supply_overlay_grid | userdata 0x00000253F951CF48 #48
	           conn_grid | userdata 0x00000253F50B1840 #56
	               shape |    table 0x00000253E97DA300 #1
	potential_neighbours |    table 0x00000253F4130158 #12
	        grids_merged |  boolean false
	                grid |      nil
	   built_connections |    table 0x00000253F7D7B7D8 #1
	create_connection_call_data |    table 0x00000253F7D7B818 #0
	          is_loading |  boolean false
	construction_connections |   number 0
	         connect_dir |   number 2
	     object_hex_grid | userdata 0x00000253EADE5F58 #56
	         (for index) |   number 5
	         (for limit) |   number 12
	          (for step) |   number 2
	                   i |   number 5
	                  pt |    point (314, 199)
	            other_pt |    point (313, 200)
	                 dir |   number 2
	            adjacent |   object CableConstructionSite at (413000, 173200, 7738) on map 1
	    adjacent_element |   object SupplyGridElement
	                skip |  boolean false
	         empty_table |    table 0x00000253E5B45EA8 #0
[mod] [SMRTK] SMRTK_ERROR kind=lua message="Lua/SupplyGrid.lua:1829: attempt to index a boolean value (field 'grid')" stack="  Lua/SupplyGrid.lua(1829):  method SupplyGridConnectElement\n  Lua/ElectricityGrid.lua(294):  method SetupElectricityElement\n  Lua/ElectricityGrid.lua(298):   <>\n  [C](-1):  global procall\n  CommonLua/Core/classes.lua(243):  method GameInit\n  CommonLua/Classes/_object.lua(192):   <>\n        --- end of stack" t=201405541 id=491
[SMRTK] SMRTK_ERROR kind=lua message="Lua/SupplyGrid.lua:1829: attempt to index a boolean value (field 'grid')" stack="  Lua/SupplyGrid.lua(1829):  method SupplyGridConnectElement\n  Lua/ElectricityGrid.lua(294):  method SetupElectricityElement\n  Lua/ElectricityGrid.lua(298):   <>\n  [C](-1):  global procall\n  CommonLua/Core/classes.lua(243):  method GameInit\n  CommonLua/Classes/_object.lua(192):   <>\n        --- end of stack" t=201405541 id=491
						Lua 1:06:42:057
[LUA ERROR] Lua/SupplyGrid.lua:1820: attempt to index a nil value (local 'adjacent')
  Lua/SupplyGrid.lua(1820):  method SupplyGridConnectElement
  Lua/ElectricityGrid.lua(294):  method SetupElectricityElement
  Lua/ElectricityGrid.lua(298):   <>
  [C](-1):  global procall
  CommonLua/Core/classes.lua(243):  method GameInit
  CommonLua/Classes/_object.lua(192):   <>
        --- end of stack
Locals:
	                self |   object CableConstructionSite at (414000, 169736, 7738) on map 1
	             element |   object SupplyGridElement
	          grid_class |   object ElectricityGrid
	       new_grid_skin |      nil
	force_create_connections |      nil
	     supply_resource |   string electricity
	                dome |  boolean false
	  is_switched_switch |  boolean false
	     is_construction |  boolean true
	           grid_type |   string construction_grid
	                 map |   object Map
	supply_connection_grid |   object SupplyConnectionGrid
	 supply_overlay_grid | userdata 0x00000253F951CF48 #48
	           conn_grid | userdata 0x00000253F50B1840 #56
	               shape |    table 0x00000253E97DA300 #1
	potential_neighbours |    table 0x00000253E86309C8 #10
	        grids_merged |  boolean false
	                grid |      nil
	   built_connections |    table 0x00000253F29918B0 #0
	create_connection_call_data |    table 0x00000253EE31BA80 #0
	          is_loading |  boolean false
	construction_connections |   number 0
	         connect_dir |   number 2
	     object_hex_grid | userdata 0x00000253EADE5F58 #56
	         (for index) |   number 5
	         (for limit) |   number 10
	          (for step) |   number 2
	                   i |   number 5
	                  pt |    point (316, 196)
	            other_pt |    point (315, 197)
	                 dir |   number 2
	            adjacent |      nil
	         empty_table |    table 0x00000253E5B45EA8 #0
[mod] [SMRTK] SMRTK_ERROR kind=lua message="Lua/SupplyGrid.lua:1820: attempt to index a nil value (local 'adjacent')" stack="  Lua/SupplyGrid.lua(1820):  method SupplyGridConnectElement\n  Lua/ElectricityGrid.lua(294):  method SetupElectricityElement\n  Lua/ElectricityGrid.lua(298):   <>\n  [C](-1):  global procall\n  CommonLua/Core/classes.lua(243):  method GameInit\n  CommonLua/Classes/_object.lua(192):   <>\n        --- end of stack" t=201405541 id=492
[SMRTK] SMRTK_ERROR kind=lua message="Lua/SupplyGrid.lua:1820: attempt to index a nil value (local 'adjacent')" stack="  Lua/SupplyGrid.lua(1820):  method SupplyGridConnectElement\n  Lua/ElectricityGrid.lua(294):  method SetupElectricityElement\n  Lua/ElectricityGrid.lua(298):   <>\n  [C](-1):  global procall\n  CommonLua/Core/classes.lua(243):  method GameInit\n  CommonLua/Classes/_object.lua(192):   <>\n        --- end of stack" t=201405541 id=492
[LUA ERROR] Lua/SupplyGrid.lua:1829: attempt to index a boolean value (field 'grid')
  Lua/SupplyGrid.lua(1829):  method SupplyGridConnectElement
  Lua/ElectricityGrid.lua(294):  method SetupElectricityElement
  Lua/ElectricityGrid.lua(298):   <>
  [C](-1):  global procall
  CommonLua/Core/classes.lua(243):  method GameInit
  CommonLua/Classes/_object.lua(192):   <>
        --- end of stack
Locals:
	                self |   object CableConstructionSite at (412500, 172334, 7738) on map 1
	             element |   object SupplyGridElement
	          grid_class |   object ElectricityGrid
	       new_grid_skin |      nil
	force_create_connections |      nil
						Lua 1:06:42:058
	     supply_resource |   string electricity
	                dome |  boolean false
	  is_switched_switch |  boolean false
	     is_construction |  boolean true
	           grid_type |   string construction_grid
	                 map |   object Map
	supply_connection_grid |   object SupplyConnectionGrid
	 supply_overlay_grid | userdata 0x00000253F951CF48 #48
	           conn_grid | userdata 0x00000253F50B1840 #56
	               shape |    table 0x00000253E97DA300 #1
	potential_neighbours |    table 0x00000253E6F95410 #12
	        grids_merged |  boolean false
	                grid |      nil
	   built_connections |    table 0x00000253E6F953D0 #1
	create_connection_call_data |    table 0x00000253E9F5A5D0 #0
	          is_loading |  boolean false
	construction_connections |   number 0
	         connect_dir |   number 2
	     object_hex_grid | userdata 0x00000253EADE5F58 #56
	         (for index) |   number 5
	         (for limit) |   number 12
	          (for step) |   number 2
	                   i |   number 5
	                  pt |    point (313, 199)
	            other_pt |    point (312, 200)
	                 dir |   number 2
	            adjacent |   object CableConstructionSite at (412000, 173200, 7738) on map 1
	    adjacent_element |   object SupplyGridElement
	                skip |  boolean false
	         empty_table |    table 0x00000253E5B45EA8 #0
[mod] [SMRTK] SMRTK_ERROR kind=lua message="Lua/SupplyGrid.lua:1829: attempt to index a boolean value (field 'grid')" stack="  Lua/SupplyGrid.lua(1829):  method SupplyGridConnectElement\n  Lua/ElectricityGrid.lua(294):  method SetupElectricityElement\n  Lua/ElectricityGrid.lua(298):   <>\n  [C](-1):  global procall\n  CommonLua/Core/classes.lua(243):  method GameInit\n  CommonLua/Classes/_object.lua(192):   <>\n        --- end of stack" t=201405541 id=493
[SMRTK] SMRTK_ERROR kind=lua message="Lua/SupplyGrid.lua:1829: attempt to index a boolean value (field 'grid')" stack="  Lua/SupplyGrid.lua(1829):  method SupplyGridConnectElement\n  Lua/ElectricityGrid.lua(294):  method SetupElectricityElement\n  Lua/ElectricityGrid.lua(298):   <>\n  [C](-1):  global procall\n  CommonLua/Core/classes.lua(243):  method GameInit\n  CommonLua/Classes/_object.lua(192):   <>\n        --- end of stack" t=201405541 id=493
						Lua 1:07:04:698
[mod] [SMRTK] SMRTK_SECTION action=section_attach attached=false reason="no supported actions" status=OK t=201405541 id=494
						Lua 1:07:10:206
[LUA ERROR] Lua/SupplyGrid.lua:1829: attempt to index a boolean value (field 'grid')
  Lua/SupplyGrid.lua(1829):  method SupplyGridConnectElement
  Lua/ElectricityGrid.lua(294):  method SetupElectricityElement
  Lua/ElectricityGrid.lua(298):   <>
  [C](-1):  global procall
  CommonLua/Core/classes.lua(243):  method GameInit
  CommonLua/Classes/_object.lua(192):   <>
        --- end of stack
Locals:
	                self |   object CableConstructionSite at (413500, 168870, 7738) on map 1
	             element |   object SupplyGridElement
	          grid_class |   object ElectricityGrid
	       new_grid_skin |      nil
	force_create_connections |      nil
	     supply_resource |   string electricity
	                dome |  boolean false
	  is_switched_switch |  boolean false
	     is_construction |  boolean true
	           grid_type |   string construction_grid
	                 map |   object Map
	supply_connection_grid |   object SupplyConnectionGrid
	 supply_overlay_grid | userdata 0x00000253F951CF48 #48
	           conn_grid | userdata 0x00000253F50B1840 #56
	               shape |    table 0x00000253E97DA300 #1
	potential_neighbours |    table 0x00000253ECB88510 #10
	        grids_merged |  boolean false
	                grid |      nil
	   built_connections |    table 0x00000253E9E268C8 #1
	create_connection_call_data |    table 0x00000253E9E26908 #0
	          is_loading |  boolean false
	construction_connections |   number 0
	         connect_dir |   number 1
	     object_hex_grid | userdata 0x00000253EADE5F58 #56
	         (for index) |   number 3
	         (for limit) |   number 10
	          (for step) |   number 2
	                   i |   number 3
	                  pt |    point (316, 195)
	            other_pt |    point (316, 196)
	                 dir |   number 1
	            adjacent |   object CableConstructionSite at (414000, 169736, 7738) on map 1
	    adjacent_element |   object SupplyGridElement
	                skip |  boolean false
	         empty_table |    table 0x00000253E5B45EA8 #0
[mod] [SMRTK] SMRTK_ERROR kind=lua message="Lua/SupplyGrid.lua:1829: attempt to index a boolean value (field 'grid')" stack="  Lua/SupplyGrid.lua(1829):  method SupplyGridConnectElement\n  Lua/ElectricityGrid.lua(294):  method SetupElectricityElement\n  Lua/ElectricityGrid.lua(298):   <>\n  [C](-1):  global procall\n  CommonLua/Core/classes.lua(243):  method GameInit\n  CommonLua/Classes/_object.lua(192):   <>\n        --- end of stack" t=201405541 id=495
[SMRTK] SMRTK_ERROR kind=lua message="Lua/SupplyGrid.lua:1829: attempt to index a boolean value (field 'grid')" stack="  Lua/SupplyGrid.lua(1829):  method SupplyGridConnectElement\n  Lua/ElectricityGrid.lua(294):  method SetupElectricityElement\n  Lua/ElectricityGrid.lua(298):   <>\n  [C](-1):  global procall\n  CommonLua/Core/classes.lua(243):  method GameInit\n  CommonLua/Classes/_object.lua(192):   <>\n        --- end of stack" t=201405541 id=495
						Lua 1:07:12:822
[mod] [SMRTK] SMRTK_SECTION action=section_attach attached=true dialog=ipBuilding object=CableConstructionSite(6473) status=OK t=201405541 id=496
						Lua 1:07:15:729
[mod] [SMRTK] SMRTK_PANEL action=panel_toggle open=false status=OK tab=Saves t=201405541 id=497
						Lua 1:08:09:985
[mod] [SMRTK] SMRTK_PANEL action=panel_toggle open=true status=OK tab=Saves t=201405541 id=498
						Lua 1:08:11:562
[mod] [SMRTK] SMRTK_COPY action=copy flushed=true from=644 lines=266 status=OK truncated=false t=201405541 id=499
[SMRTK] SMRTK_COPY action=copy flushed=true from=644 lines=266 status=OK truncated=false t=201405541 id=499
						Lua 1:18:38:328
[mod] [SMRTK] SMRTK_PANEL action=panel_toggle open=false status=OK tab=Saves t=201405541 id=500
						Lua 1:19:15:664
Load Game: 
	lua_revision: 403908 (last saved with) 
	orig_lua_revision: 403908 (created with) 
	assets_revision: 33006 

	dlcs: norman, thomas 

	mods: SMR_CommunityOptInPack, SMR_CommunityFixPack, SMR_CommunityFixPackTestKit, SMR_TrainHubPrototype_20260918 
[mod] [SMRTK] SMRTK_CONSOLE_ARM enabled=true hook=ChangeMap t=201405541 id=501
[SMRTK] SMRTK_CONSOLE_ARM enabled=true hook=ChangeMap t=201405541 id=501
						Lua 1:19:15:674
[mod] [SMRTK] SMRTK_CONSOLE_ARM enabled=true hook=ChangeMap t=201405541 id=502
[SMRTK] SMRTK_CONSOLE_ARM enabled=true hook=ChangeMap t=201405541 id=502
						Lua 1:19:15:690
[mod] [SMRTK] SMRTK_CONSOLE_ARM enabled=true hook=ChangeMap t=201405541 id=503
[SMRTK] SMRTK_CONSOLE_ARM enabled=true hook=ChangeMap t=201405541 id=503
						Lua 1:19:16:592
[mod] [SMRTK] SMRTK_SHORTCUT console=false key=Ctrl-Shift-F11 t=10 id=504
						Lua 1:19:17:377
[mod] [SMRTK] SMRTK_SHORTCUT console=false key=Ctrl-Shift-F11 t=19 id=505
						Lua 1:19:18:176
[mod] [SMRTK] SMRTK_SHORTCUT console=false key=Ctrl-Shift-F11 t=27 id=506
						Lua 1:19:18:958
[mod] [SMRTK] SMRTK_CONSOLE_ARM enabled=true hook=PreLoadGame t=35 id=507
[SMRTK] SMRTK_CONSOLE_ARM enabled=true hook=PreLoadGame t=35 id=507
						Lua 1:19:19:839
[mod] This savegame tries to load Mod Relaunched Fix Pack (id SMR_CommunityFixPack, v1.00-016), which is loaded with a different version 1.00-021
[mod] This savegame tries to load Mod DEV ONLY - Train Hub Prototype (id SMR_TrainHubPrototype_20260918, v0.00-002), which is present, but not loaded
						Lua 1:19:21:835
[mod] [SMRTest] console enable requested (flag set, no overlay) — press Enter (or Alt-Shift-C) once in a colony
[SMRTest] console enable requested (flag set, no overlay) — press Enter (or Alt-Shift-C) once in a colony
						Lua 1:19:21:841
[mod] [CommunityFixPack] ExoticDepositSign: 1 Exotic Minerals deposit(s) re-signed onto the clean entity
						Lua 1:19:21:842
[mod] [CommunityFixPack] SilentHitMomentFX: restored 2 missing hit-moment tracker(s) on load
						Lua 1:19:21:853
[RailShaftDev] UniversalTunnel allowed underground = true (DisabledInEnvironment is a GameVar: this is
						Lua 1:19:21:854
[RailShaftDev]   written into the save, and stays there if this mod is removed -- throwaway saves only)
[RailShaftDev] ready. SMRRailShaft.Status() for where things stand.
						Lua 1:19:21:876
Applied 28 savegame fixup(s) in 22 ms: AAA_SetLRManagerMap, AgronomistFarmCropGrowth, CleanStaleRoverDamagedNotificationObjects, ConstructionSiteFlightMarks, CureSmallCropTechLock, CureUndergroundCropTechLock, FixDustGeneratorThrowTimes, FixFoodServiceMealsServedByShift, HospitalExoticMineralTreatment, KickWorkersFromTurnedOffDomes, MarkUnavoidableSupplyDrains, MoveOpenPasturePilesOffOrigin2, PipesAtBuildableLevelSteps, PoliticalAnimalAchievement2, RemarkJumboCaves, RemoveBreathableAtmosphereAirConsumptionModifier, ResetPlanetSceneCameraState, RespawnUnreachableBottomlessPitAnomalies, ResupplyCutoffLocksDelicacies, SplitDailyCountersByShift, ZZZZ_FixLeakedRocketReservations, ZZZ_DestroyTradeRocketsWithUnplacedLandingSite, ZZZ_FactionTaskDomeCompletableInAnyDome, ZZZ_HungerLocksFoodImport, ZZZ_RebuildElevatorResourceModeRegistration, ZZZ_ReviveElevatorSharedDepots, ZZZ_UpdateRefuelRequests, Zzz_RestartStalledMaintenanceDemand
						Lua 1:19:22:125
game_settings:
    sponsor: Japan
    profile: citymayor
    founding_faction: WorkersParty
    rival_colonies: NewArk, Roscosmos, CNSA, SpaceY
    mystery_random: 
    game_rules: (none)
more_game_settings: save_game_id: 55afqP8zZV1vEYMb, mystery: MirrorSphereMystery, coordinates: 2N176E, landing_spot: ElysiumBeta, logo: Japan
						Lua 1:19:22:126
map_conditions: altitude: -2776, temperature: -15, cold_wave: 36, dust_devils: 47, dust_storm: 0, meteors: 73
map_resources: concrete: 254, metals: 146, precious_metals: 146, water: 109
						Lua 1:19:22:226
[mod] [CommunityFixPack] SaveSanitizer: F95 astrogeologist-residue pass removed 0 modifier(s), left 0 unidentified
						Lua 1:19:22:231
Game Loaded in 6569 ms
[mod] [SMRTK] SMRTK_PROVENANCE actions=9 last=copy last_id=33 present=true session=1789769954:3401382086:1232994391:2120852950 t=352034344 id=508
[SMRTK] SMRTK_PROVENANCE actions=9 last=copy last_id=33 present=true session=1789769954:3401382086:1232994391:2120852950 t=352034344 id=508
						Lua 1:19:22:241
[mod] [SMRTK] SMRTK_SHORTCUT console=true key=Ctrl-Shift-F11 t=352034344 id=509
						Lua 1:19:22:254
[mod] [SMRTK] SMRTK_DOCK action=dock_attach attached=true route="idBottom sibling" status=OK surface=one-toggle+tasks t=352034344 id=510
						Lua 1:19:22:262
[mod] [SMRTest] console enable requested (flag set, no overlay) — press Enter (or Alt-Shift-C) once in a colony
[SMRTest] console enable requested (flag set, no overlay) — press Enter (or Alt-Shift-C) once in a colony
						Lua 1:19:22:437
[mod] [SMRTK] SMRTK_SHORTCUT console=true key=Ctrl-Shift-F11 t=352034344 id=511
						Lua 1:19:22:728
Game loaded on map BlankBig_04 in 7237 ms
						Lua 1:19:24:033
[mod] [SMRTest] console enable requested (flag set, no overlay) — press Enter (or Alt-Shift-C) once in a colony
[SMRTest] console enable requested (flag set, no overlay) — press Enter (or Alt-Shift-C) once in a colony
						Lua 1:19:24:044
[mod] [SMRTK] SMRTK_SHORTCUT console=true key=Ctrl-Shift-F11 t=352034344 id=512
						Lua 1:25:28:368
[mod] [SMRTK] SMRTK_SECTION action=section_attach attached=true dialog=ipBuilding object=StorageBread(7132) status=OK t=352034344 id=513						Lua 1:25:28:369

						Lua 1:26:56:956
Load Game: 
	lua_revision: 405907 (last saved with) 
	orig_lua_revision: 403908 (created with) 
	assets_revision: 33225 

	dlcs: norman, thomas 

	mods: SMR_CommunityOptInPack, SMR_CommunityFixPackTestKit, SMR_CommunityFixPack, SMR_TrainHubDev_20260918, SMR_RailShaftDev_20260923 
[mod] [SMRTK] SMRTK_CONSOLE_ARM enabled=true hook=ChangeMap t=352034344 id=514
[SMRTK] SMRTK_CONSOLE_ARM enabled=true hook=ChangeMap t=352034344 id=514
						Lua 1:26:57:001
[mod] [SMRTK] SMRTK_CONSOLE_ARM enabled=true hook=ChangeMap t=352034344 id=515
[SMRTK] SMRTK_CONSOLE_ARM enabled=true hook=ChangeMap t=352034344 id=515
						Lua 1:26:57:045
[mod] [SMRTK] SMRTK_CONSOLE_ARM enabled=true hook=ChangeMap t=352034344 id=516
[SMRTK] SMRTK_CONSOLE_ARM enabled=true hook=ChangeMap t=352034344 id=516
						Lua 1:26:57:098
[mod] [SMRTK] SMRTK_CONSOLE_ARM enabled=true hook=ChangeMap t=352034344 id=517
[SMRTK] SMRTK_CONSOLE_ARM enabled=true hook=ChangeMap t=352034344 id=517
						Lua 1:26:58:153
[mod] [SMRTK] SMRTK_SHORTCUT console=false key=Ctrl-Shift-F11 t=10 id=518
						Lua 1:26:58:921
[mod] [SMRTK] SMRTK_CONSOLE_ARM enabled=true hook=PreLoadGame t=18 id=519
[SMRTK] SMRTK_CONSOLE_ARM enabled=true hook=PreLoadGame t=18 id=519
						Lua 1:27:01:091
[mod] [SMRTest] console enable requested (flag set, no overlay) — press Enter (or Alt-Shift-C) once in a colony
[SMRTest] console enable requested (flag set, no overlay) — press Enter (or Alt-Shift-C) once in a colony
[TrainHubDev] reactor palette: channel 1 = 18,32,78 roughness 0 metallic 0
[TrainHubDev] reactor palette: channel 2 = 18,32,78 roughness 0 metallic 0
[TrainHubDev] reactor palette: channel 3 = 200,205,210 roughness -90 metallic 110
[TrainHubDev] reactor palette: P4 "navy + steel on 3 and 4", 3 of 4 channels written on the attached copy only (vanilla's own per-object call; no material is restyled)
						Lua 1:27:01:092
[TrainHubDev] lights: arm 0, flanks the reactor (red flank) = B2 "Deep blue wash" (SpotLight), 12 lights, engine bearing 0 deg
[TrainHubDev] lights: arm 1, flanks the reactor (blue flank) = B2 "Deep blue wash" (SpotLight), 12 lights, engine bearing 60 deg
[TrainHubDev] lights: arm 2, next to the blue flank = B2 "Deep blue wash" (SpotLight), 12 lights, engine bearing 120 deg
[TrainHubDev] lights: arm 3, opposite the red flank = B2 "Deep blue wash" (SpotLight), 12 lights, engine bearing 180 deg
						Lua 1:27:01:093
[TrainHubDev] lights: arm 4, opposite the blue flank = B2 "Deep blue wash" (SpotLight), 12 lights, engine bearing 240 deg
[TrainHubDev] lights: arm 5, next to the red flank = B2 "Deep blue wash" (SpotLight), 12 lights, engine bearing 300 deg
[TrainHubDev] lights: arm tune intensity 50, side 150 cm, height 200 cm, radius 500 cm, cone 50/100, colour 0,40,255
[TrainHubDev] structure lights: portal rims ON, 30 lights (intensity 4, radius 350 cm)
[TrainHubDev] structure lights: drone pit kerb OFF, 0 lights (intensity 15, radius 300 cm)
[TrainHubDev] structure lights: ring rim strip OFF, 0 lights (intensity 12, radius 400 cm)
[TrainHubDev] structure lights: floor edge strip OFF, 0 lights (intensity 30, radius 300 cm)
[TrainHubDev] structure lights: crown floor light ON, 0 lights (intensity 150, radius 4000 cm)
[TrainHubDev] structure lights: crown floor light follows the VANILLA night schedule (OnMsg.LightmodelChange -> map.NightLightsState, NightLightObjects.lua:250-259, :22 on build 1.1.0.403908); it is DAY now, so it is NOT PLACED -- hanging at z 1900 cm, colour 255,214,170, cone 0/0
[TrainHubDev] structure lights: under-deck fill ON, 0 lights (intensity 40, radius 1200 cm)
[TrainHubDev] structure lights: under-deck fill follows the VANILLA night schedule (OnMsg.LightmodelChange -> map.NightLightsState, NightLightObjects.lua:250-259, :22 on build 1.1.0.403908); it is DAY now, so it is NOT PLACED -- hanging at z 700 cm, colour 255,214,170, cone 0/0
[TrainHubDev] lights: 102 placed (72 arm + 30 structure); a stopped hub destroys them all
						Lua 1:27:01:096
[mod] [CommunityFixPack] SilentHitMomentFX: restored 2 missing hit-moment tracker(s) on load
						Lua 1:27:01:097
[RailShaftDev] loaded; underground is locked in this save, so the tunnel stays surface-only.
[RailShaftDev] ready. SMRRailShaft.Status() for where things stand.
						Lua 1:27:01:201
game_settings:
    sponsor: SpaceY
    profile: politician
    founding_faction: UnitedColonistFront
    rival_colonies: NASA, Brazil, paradox
    mystery_random: 
    game_rules: (none)
more_game_settings: save_game_id: IsDKXg6Ddmz3wE5g, mystery: UnitedEarthMystery, coordinates: 15N179E, landing_spot: , logo: SpaceY
map_conditions: altitude: -3699, temperature: -43, cold_wave: 109, dust_devils: 39, dust_storm: 0, meteors: 37
map_resources: concrete: 243, metals: 147, precious_metals: 147, water: 147
						Lua 1:27:01:253
[mod] [CommunityFixPack] SaveSanitizer: F95 astrogeologist-residue pass removed 0 modifier(s), left 0 unidentified
Game Loaded in 4297 ms
[mod] [SMRTK] SMRTK_PROVENANCE actions=19 last=copy last_id=2217 present=true session=1790392144:180417242:39543104:290418134 t=32762717 id=520
[SMRTK] SMRTK_PROVENANCE actions=19 last=copy last_id=2217 present=true session=1790392144:180417242:39543104:290418134 t=32762717 id=520
						Lua 1:27:01:263
[mod] [SMRTK] SMRTK_SHORTCUT console=true key=Ctrl-Shift-F11 t=32762717 id=521
						Lua 1:27:01:276
[mod] [SMRTK] SMRTK_DOCK action=dock_attach attached=true route="idBottom sibling" status=OK surface=one-toggle+tasks t=32762717 id=522
						Lua 1:27:01:279
[mod] [SMRTest] console enable requested (flag set, no overlay) — press Enter (or Alt-Shift-C) once in a colony
[SMRTest] console enable requested (flag set, no overlay) — press Enter (or Alt-Shift-C) once in a colony
						Lua 1:27:01:441
[mod] [SMRTK] SMRTK_SHORTCUT console=true key=Ctrl-Shift-F11 t=32762717 id=523
						Lua 1:27:01:696
Game loaded on map BlankBig_01 in 4923 ms
						Lua 1:27:03:000
[mod] [SMRTest] console enable requested (flag set, no overlay) — press Enter (or Alt-Shift-C) once in a colony
[SMRTest] console enable requested (flag set, no overlay) — press Enter (or Alt-Shift-C) once in a colony
						Lua 1:27:03:010
[mod] [SMRTK] SMRTK_SHORTCUT console=true key=Ctrl-Shift-F11 t=32762717 id=524
						Lua 1:27:03:761
[mod] [SMRTK] SMRTK_SECTION action=section_attach attached=true dialog=ipBuilding object=SMROptInTrainHub6(6430) status=OK t=32762717 id=525
						Lua 1:27:06:484
[mod] [SMRTK] SMRTK_PANEL action=panel_toggle open=true status=OK tab=Saves t=32762717 id=526
						Lua 1:27:07:915
[mod] [SMRTK] SMRTK_TAB action=tab_Agent page=Agent status=OK t=32762717 id=527
						Lua 1:27:09:608
[mod] [SMRTK] SMRTK_MARK action=mark label=BUILD5_TOGGLE_true mark=970 status=OK t=32762717 id=528
[SMRTK] SMRTK_MARK action=mark label=BUILD5_TOGGLE_true mark=970 status=OK t=32762717 id=528
[mod] [SMRTK] SMRTK_FINGERPRINT action=fingerprint fix_pack_present=41/41 game=405907 mark_action=mark mods=SMR_CommunityFixPack,SMR_CommunityFixPackTestKit,SMR_CommunityOptInPack,SMR_RailShaftDev_20260923,SMR_TrainHubDev_20260918 pack_version=21 read="live registry" save=SMRTK_A.sav sol=46 status=OK t=32762717 id=529
[SMRTK] SMRTK_FINGERPRINT action=fingerprint fix_pack_present=41/41 game=405907 mark_action=mark mods=SMR_CommunityFixPack,SMR_CommunityFixPackTestKit,SMR_CommunityOptInPack,SMR_RailShaftDev_20260923,SMR_TrainHubDev_20260918 pack_version=21 read="live registry" save=SMRTK_A.sav sol=46 status=OK t=32762717 id=529
[mod] [SMRTK] SMRTK_MARK action=mark label=BUILD5_ON mark=972 status=OK t=32762717 id=530
[SMRTK] SMRTK_MARK action=mark label=BUILD5_ON mark=972 status=OK t=32762717 id=530
[mod] [SMRTK] SMRTK_FINGERPRINT action=fingerprint fix_pack_present=41/41 game=405907 mark_action=mark mods=SMR_CommunityFixPack,SMR_CommunityFixPackTestKit,SMR_CommunityOptInPack,SMR_RailShaftDev_20260923,SMR_TrainHubDev_20260918 pack_version=21 read="live registry" save=SMRTK_A.sav sol=46 status=OK t=32762717 id=531
[SMRTK] SMRTK_FINGERPRINT action=fingerprint fix_pack_present=41/41 game=405907 mark_action=mark mods=SMR_CommunityFixPack,SMR_CommunityFixPackTestKit,SMR_CommunityOptInPack,SMR_RailShaftDev_20260923,SMR_TrainHubDev_20260918 pack_version=21 read="live registry" save=SMRTK_A.sav sol=46 status=OK t=32762717 id=531
						Lua 1:27:09:616
[mod] [SMRTK] SMRTK_DUMP element=7557 elements=5 kind=build leg=ON row=candidate site=7552 track=7504 t=32762717 id=532
[SMRTK] SMRTK_DUMP element=7557 elements=5 kind=build leg=ON row=candidate site=7552 track=7504 t=32762717 id=532
[mod] [SMRTK] SMRTK_DUMP actual=200 leg=ON res=Metals row=demand site=7552 target=200 t=32762717 id=533
[SMRTK] SMRTK_DUMP actual=200 leg=ON res=Metals row=demand site=7552 target=200 t=32762717 id=533
[mod] [SMRTK] SMRTK_DUMP element=7367 elements=5 kind=build leg=ON row=candidate site=7366 track=7360 t=32762717 id=534
[SMRTK] SMRTK_DUMP element=7367 elements=5 kind=build leg=ON row=candidate site=7366 track=7360 t=32762717 id=534
[mod] [SMRTK] SMRTK_DUMP actual=200 leg=ON res=Metals row=demand site=7366 target=200 t=32762717 id=535
[SMRTK] SMRTK_DUMP actual=200 leg=ON res=Metals row=demand site=7366 target=200 t=32762717 id=535
[mod] [SMRTK] SMRTK_DUMP element=7415 elements=5 kind=build leg=ON row=candidate site=7414 track=7360 t=32762717 id=536
[SMRTK] SMRTK_DUMP element=7415 elements=5 kind=build leg=ON row=candidate site=7414 track=7360 t=32762717 id=536
[mod] [SMRTK] SMRTK_DUMP actual=200 leg=ON res=Metals row=demand site=7414 target=200 t=32762717 id=537
[SMRTK] SMRTK_DUMP actual=200 leg=ON res=Metals row=demand site=7414 target=200 t=32762717 id=537
[mod] [SMRTK] SMRTK_DUMP element=7427 elements=5 kind=build leg=ON row=candidate site=7426 track=7360 t=32762717 id=538
[SMRTK] SMRTK_DUMP element=7427 elements=5 kind=build leg=ON row=candidate site=7426 track=7360 t=32762717 id=538
[mod] [SMRTK] SMRTK_DUMP actual=200 leg=ON res=Metals row=demand site=7426 target=200 t=32762717 id=539
[SMRTK] SMRTK_DUMP actual=200 leg=ON res=Metals row=demand site=7426 target=200 t=32762717 id=539
[mod] [SMRTK] SMRTK_DUMP element=7498 elements=5 kind=build leg=ON row=candidate site=7497 track=7360 t=32762717 id=540
[SMRTK] SMRTK_DUMP element=7498 elements=5 kind=build leg=ON row=candidate site=7497 track=7360 t=32762717 id=540
[mod] [SMRTK] SMRTK_DUMP actual=200 leg=ON res=Metals row=demand site=7497 target=200 t=32762717 id=541
[SMRTK] SMRTK_DUMP actual=200 leg=ON res=Metals row=demand site=7497 target=200 t=32762717 id=541
[mod] [SMRTK] SMRTK_DUMP element=7373 elements=5 kind=build leg=ON row=candidate site=7372 track=7360 t=32762717 id=542
[SMRTK] SMRTK_DUMP element=7373 elements=5 kind=build leg=ON row=candidate site=7372 track=7360 t=32762717 id=542
[mod] [SMRTK] SMRTK_DUMP actual=200 leg=ON res=Metals row=demand site=7372 target=200 t=32762717 id=543
[SMRTK] SMRTK_DUMP actual=200 leg=ON res=Metals row=demand site=7372 target=200 t=32762717 id=543
						Lua 1:27:09:617
[mod] [SMRTK] SMRTK_DUMP element=7569 elements=5 kind=build leg=ON row=candidate site=7564 track=7504 t=32762717 id=544
[SMRTK] SMRTK_DUMP element=7569 elements=5 kind=build leg=ON row=candidate site=7564 track=7504 t=32762717 id=544
[mod] [SMRTK] SMRTK_DUMP actual=200 leg=ON res=Metals row=demand site=7564 target=200 t=32762717 id=545
[SMRTK] SMRTK_DUMP actual=200 leg=ON res=Metals row=demand site=7564 target=200 t=32762717 id=545
[mod] [SMRTK] SMRTK_DUMP element=7486 elements=5 kind=build leg=ON row=candidate site=7485 track=7360 t=32762717 id=546
[SMRTK] SMRTK_DUMP element=7486 elements=5 kind=build leg=ON row=candidate site=7485 track=7360 t=32762717 id=546
[mod] [SMRTK] SMRTK_DUMP actual=200 leg=ON res=Metals row=demand site=7485 target=200 t=32762717 id=547
[SMRTK] SMRTK_DUMP actual=200 leg=ON res=Metals row=demand site=7485 target=200 t=32762717 id=547
[mod] [SMRTK] SMRTK_DUMP element=7492 elements=5 kind=build leg=ON row=candidate site=7491 track=7360 t=32762717 id=548
[SMRTK] SMRTK_DUMP element=7492 elements=5 kind=build leg=ON row=candidate site=7491 track=7360 t=32762717 id=548
[mod] [SMRTK] SMRTK_DUMP actual=200 leg=ON res=Metals row=demand site=7491 target=200 t=32762717 id=549
[SMRTK] SMRTK_DUMP actual=200 leg=ON res=Metals row=demand site=7491 target=200 t=32762717 id=549
[mod] [SMRTK] SMRTK_DUMP element=7480 elements=5 kind=build leg=ON row=candidate site=7479 track=7360 t=32762717 id=550
[SMRTK] SMRTK_DUMP element=7480 elements=5 kind=build leg=ON row=candidate site=7479 track=7360 t=32762717 id=550
[mod] [SMRTK] SMRTK_DUMP actual=200 leg=ON res=Metals row=demand site=7479 target=200 t=32762717 id=551
[SMRTK] SMRTK_DUMP actual=200 leg=ON res=Metals row=demand site=7479 target=200 t=32762717 id=551
[mod] [SMRTK] SMRTK_DUMP element=7563 elements=5 kind=build leg=ON row=candidate site=7558 track=7504 t=32762717 id=552
[SMRTK] SMRTK_DUMP element=7563 elements=5 kind=build leg=ON row=candidate site=7558 track=7504 t=32762717 id=552
[mod] [SMRTK] SMRTK_DUMP actual=200 leg=ON res=Metals row=demand site=7558 target=200 t=32762717 id=553
[SMRTK] SMRTK_DUMP actual=200 leg=ON res=Metals row=demand site=7558 target=200 t=32762717 id=553
[mod] [SMRTK] SMRTK_DUMP element=7409 elements=5 kind=build leg=ON row=candidate site=7408 track=7360 t=32762717 id=554
[SMRTK] SMRTK_DUMP element=7409 elements=5 kind=build leg=ON row=candidate site=7408 track=7360 t=32762717 id=554
[mod] [SMRTK] SMRTK_DUMP actual=200 leg=ON res=Metals row=demand site=7408 target=200 t=32762717 id=555
[SMRTK] SMRTK_DUMP actual=200 leg=ON res=Metals row=demand site=7408 target=200 t=32762717 id=555
[mod] [SMRTK] SMRTK_DUMP element=7509 elements=5 kind=build leg=ON row=candidate site=7503 track=7504 t=32762717 id=556
[SMRTK] SMRTK_DUMP element=7509 elements=5 kind=build leg=ON row=candidate site=7503 track=7504 t=32762717 id=556
[mod] [SMRTK] SMRTK_DUMP actual=200 leg=ON res=Metals row=demand site=7503 target=200 t=32762717 id=557
[SMRTK] SMRTK_DUMP actual=200 leg=ON res=Metals row=demand site=7503 target=200 t=32762717 id=557
[mod] [SMRTK] SMRTK_DUMP element=7361 elements=5 kind=build leg=ON row=candidate site=7359 track=7360 t=32762717 id=558
[SMRTK] SMRTK_DUMP element=7361 elements=5 kind=build leg=ON row=candidate site=7359 track=7360 t=32762717 id=558
[mod] [SMRTK] SMRTK_DUMP actual=200 leg=ON res=Metals row=demand site=7359 target=200 t=32762717 id=559
[SMRTK] SMRTK_DUMP actual=200 leg=ON res=Metals row=demand site=7359 target=200 t=32762717 id=559
[mod] [SMRTK] SMRTK_DUMP element=7571 elements=1 kind=build leg=ON row=candidate site=7570 track=7504 t=32762717 id=560
[SMRTK] SMRTK_DUMP element=7571 elements=1 kind=build leg=ON row=candidate site=7570 track=7504 t=32762717 id=560
[mod] [SMRTK] SMRTK_DUMP actual=200 leg=ON res=Metals row=demand site=7570 target=200 t=32762717 id=561
[SMRTK] SMRTK_DUMP actual=200 leg=ON res=Metals row=demand site=7570 target=200 t=32762717 id=561
[mod] [SMRTK] SMRTK_DUMP element=7521 elements=5 kind=build leg=ON row=candidate site=7516 track=7504 t=32762717 id=562
[SMRTK] SMRTK_DUMP element=7521 elements=5 kind=build leg=ON row=candidate site=7516 track=7504 t=32762717 id=562
[mod] [SMRTK] SMRTK_DUMP actual=200 leg=ON res=Metals row=demand site=7516 target=200 t=32762717 id=563
[SMRTK] SMRTK_DUMP actual=200 leg=ON res=Metals row=demand site=7516 target=200 t=32762717 id=563
[mod] [SMRTK] SMRTK_DUMP element=7379 elements=5 kind=build leg=ON row=candidate site=7378 track=7360 t=32762717 id=564
[SMRTK] SMRTK_DUMP element=7379 elements=5 kind=build leg=ON row=candidate site=7378 track=7360 t=32762717 id=564
[mod] [SMRTK] SMRTK_DUMP actual=200 leg=ON res=Metals row=demand site=7378 target=200 t=32762717 id=565
[SMRTK] SMRTK_DUMP actual=200 leg=ON res=Metals row=demand site=7378 target=200 t=32762717 id=565
[mod] [SMRTK] SMRTK_DUMP element=7421 elements=5 kind=build leg=ON row=candidate site=7420 track=7360 t=32762717 id=566
[SMRTK] SMRTK_DUMP element=7421 elements=5 kind=build leg=ON row=candidate site=7420 track=7360 t=32762717 id=566
[mod] [SMRTK] SMRTK_DUMP actual=200 leg=ON res=Metals row=demand site=7420 target=200 t=32762717 id=567
[SMRTK] SMRTK_DUMP actual=200 leg=ON res=Metals row=demand site=7420 target=200 t=32762717 id=567
[mod] [SMRTK] SMRTK_DUMP element=7515 elements=5 kind=build leg=ON row=candidate site=7510 track=7504 t=32762717 id=568
[SMRTK] SMRTK_DUMP element=7515 elements=5 kind=build leg=ON row=candidate site=7510 track=7504 t=32762717 id=568
[mod] [SMRTK] SMRTK_DUMP actual=200 leg=ON res=Metals row=demand site=7510 target=200 t=32762717 id=569
[SMRTK] SMRTK_DUMP actual=200 leg=ON res=Metals row=demand site=7510 target=200 t=32762717 id=569
[mod] [SMRTK] SMRTK_DUMP element=7527 elements=5 kind=build leg=ON row=candidate site=7522 track=7504 t=32762717 id=570
[SMRTK] SMRTK_DUMP element=7527 elements=5 kind=build leg=ON row=candidate site=7522 track=7504 t=32762717 id=570
[mod] [SMRTK] SMRTK_DUMP actual=200 leg=ON res=Metals row=demand site=7522 target=200 t=32762717 id=571
[SMRTK] SMRTK_DUMP actual=200 leg=ON res=Metals row=demand site=7522 target=200 t=32762717 id=571
						Lua 1:27:09:618
[mod] [SMRTK] SMRTK_DUMP leg=ON object=2007 on_graph=true row=network_station t=32762717 id=572
[SMRTK] SMRTK_DUMP leg=ON object=2007 on_graph=true row=network_station t=32762717 id=572
[mod] [SMRTK] SMRTK_DUMP leg=ON object=2008 on_graph=true row=network_station t=32762717 id=573
[SMRTK] SMRTK_DUMP leg=ON object=2008 on_graph=true row=network_station t=32762717 id=573
[mod] [SMRTK] SMRTK_DUMP leg=ON object=7353 on_graph=false row=network_station t=32762717 id=574
[SMRTK] SMRTK_DUMP leg=ON object=7353 on_graph=false row=network_station t=32762717 id=574
[mod] [SMRTK] SMRTK_DUMP leg=ON object=2009 on_graph=true row=network_station t=32762717 id=575
[SMRTK] SMRTK_DUMP leg=ON object=2009 on_graph=true row=network_station t=32762717 id=575
[mod] [SMRTK] SMRTK_DUMP leg=ON object=6430 on_graph=true row=network_station t=32762717 id=576
[SMRTK] SMRTK_DUMP leg=ON object=6430 on_graph=true row=network_station t=32762717 id=576
[mod] [SMRTK] SMRTK_DUMP leg=ON object=1994 on_graph=true row=network_station t=32762717 id=577
[SMRTK] SMRTK_DUMP leg=ON object=1994 on_graph=true row=network_station t=32762717 id=577
[mod] [SMRTK] SMRTK_DUMP leg=ON object=2011 on_graph=true row=network_station t=32762717 id=578
[SMRTK] SMRTK_DUMP leg=ON object=2011 on_graph=true row=network_station t=32762717 id=578
[mod] [SMRTK] SMRTK_DUMP leg=ON object=2012 on_graph=true row=network_station t=32762717 id=579
[SMRTK] SMRTK_DUMP leg=ON object=2012 on_graph=true row=network_station t=32762717 id=579
[mod] [SMRTK] SMRTK_DUMP leg=ON object=7042 on_graph=false row=network_station t=32762717 id=580
[SMRTK] SMRTK_DUMP leg=ON object=7042 on_graph=false row=network_station t=32762717 id=580
						Lua 1:27:09:619
[mod] [SMRTK] SMRTK_DUMP leg=ON object=6243 on_graph=true row=network_station t=32762717 id=581
[SMRTK] SMRTK_DUMP leg=ON object=6243 on_graph=true row=network_station t=32762717 id=581
[mod] [SMRTK] SMRTK_DUMP actual=63000 leg=ON res=Meat row=stock target=63000 t=32762717 id=582
[SMRTK] SMRTK_DUMP actual=63000 leg=ON res=Meat row=stock target=63000 t=32762717 id=582
[mod] [SMRTK] SMRTK_DUMP actual=70600 leg=ON res=Metals row=stock target=70600 t=32762717 id=583
[SMRTK] SMRTK_DUMP actual=70600 leg=ON res=Metals row=stock target=70600 t=32762717 id=583
[mod] [SMRTK] SMRTK_DUMP actual=69000 leg=ON res=Seeds row=stock target=69000 t=32762717 id=584
[SMRTK] SMRTK_DUMP actual=69000 leg=ON res=Seeds row=stock target=69000 t=32762717 id=584
[mod] [SMRTK] SMRTK_DUMP actual=65000 leg=ON res=Butter row=stock target=65000 t=32762717 id=585
[SMRTK] SMRTK_DUMP actual=65000 leg=ON res=Butter row=stock target=65000 t=32762717 id=585
[mod] [SMRTK] SMRTK_DUMP actual=67000 leg=ON res=Polymers row=stock target=67000 t=32762717 id=586
[SMRTK] SMRTK_DUMP actual=67000 leg=ON res=Polymers row=stock target=67000 t=32762717 id=586
[mod] [SMRTK] SMRTK_DUMP actual=64000 leg=ON res=Food row=stock target=64000 t=32762717 id=587
[SMRTK] SMRTK_DUMP actual=64000 leg=ON res=Food row=stock target=64000 t=32762717 id=587
[mod] [SMRTK] SMRTK_DUMP actual=70000 leg=ON res=Electronics row=stock target=67200 t=32762717 id=588
[SMRTK] SMRTK_DUMP actual=70000 leg=ON res=Electronics row=stock target=67200 t=32762717 id=588
[mod] [SMRTK] SMRTK_DUMP actual=72000 leg=ON res=Coffee row=stock target=72000 t=32762717 id=589
[SMRTK] SMRTK_DUMP actual=72000 leg=ON res=Coffee row=stock target=72000 t=32762717 id=589
[mod] [SMRTK] SMRTK_DUMP actual=69000 leg=ON res=Bread row=stock target=69000 t=32762717 id=590
[SMRTK] SMRTK_DUMP actual=69000 leg=ON res=Bread row=stock target=69000 t=32762717 id=590
[mod] [SMRTK] SMRTK_DUMP actual=67000 leg=ON res=PreciousMetals row=stock target=67000 t=32762717 id=591
[SMRTK] SMRTK_DUMP actual=67000 leg=ON res=PreciousMetals row=stock target=67000 t=32762717 id=591
[mod] [SMRTK] SMRTK_DUMP actual=71000 leg=ON res=MachineParts row=stock target=71000 t=32762717 id=592
[SMRTK] SMRTK_DUMP actual=71000 leg=ON res=MachineParts row=stock target=71000 t=32762717 id=592
[mod] [SMRTK] SMRTK_DUMP actual=73000 leg=ON res=WasteRock row=stock target=73000 t=32762717 id=593
[SMRTK] SMRTK_DUMP actual=73000 leg=ON res=WasteRock row=stock target=73000 t=32762717 id=593
[mod] [SMRTK] SMRTK_DUMP actual=67000 leg=ON res=Fuel row=stock target=67000 t=32762717 id=594
[SMRTK] SMRTK_DUMP actual=67000 leg=ON res=Fuel row=stock target=67000 t=32762717 id=594
[mod] [SMRTK] SMRTK_DUMP actual=69000 leg=ON res=PreciousMinerals row=stock target=69000 t=32762717 id=595
[SMRTK] SMRTK_DUMP actual=69000 leg=ON res=PreciousMinerals row=stock target=69000 t=32762717 id=595
[mod] [SMRTK] SMRTK_DUMP actual=59000 leg=ON res=Sugar row=stock target=59000 t=32762717 id=596
[SMRTK] SMRTK_DUMP actual=59000 leg=ON res=Sugar row=stock target=59000 t=32762717 id=596
[mod] [SMRTK] SMRTK_DUMP actual=73000 leg=ON res=Concrete row=stock target=73000 t=32762717 id=597
[SMRTK] SMRTK_DUMP actual=73000 leg=ON res=Concrete row=stock target=73000 t=32762717 id=597
[mod] [SMRTK] SMRTK_DUMP actual=65000 leg=ON res=Cheese row=stock target=65000 t=32762717 id=598
[SMRTK] SMRTK_DUMP actual=65000 leg=ON res=Cheese row=stock target=65000 t=32762717 id=598
[mod] [SMRTK] SMRTK_DUMP actual=67000 leg=ON res=Herbs row=stock target=67000 t=32762717 id=599
[SMRTK] SMRTK_DUMP actual=67000 leg=ON res=Herbs row=stock target=67000 t=32762717 id=599
[mod] [SMRTK] SMRTK_DUMP actual=66000 leg=ON res=Spices row=stock target=66000 t=32762717 id=600
[SMRTK] SMRTK_DUMP actual=66000 leg=ON res=Spices row=stock target=66000 t=32762717 id=600
[mod] [SMRTK] SMRTK_ACTION action=slot_3 active=0 candidate_elements=96 candidate_groups=20 errors=112 fleet=5 game_time=32762717 hub=6430 mark=972 max_drones=60 sitting=build5_pass2_smoke status=OK track_work=true waiting=0 t=32762717 id=601
[SMRTK] SMRTK_ACTION action=slot_3 active=0 candidate_elements=96 candidate_groups=20 errors=112 fleet=5 game_time=32762717 hub=6430 mark=972 max_drones=60 sitting=build5_pass2_smoke status=OK track_work=true waiting=0 t=32762717 id=601
						Lua 1:27:32:413
[TrainHubDev] build dispatched: elements 5, 1629 m, deadline in 38724 ms (launch 4000 + travel 22724 + work 12000) at t=32766195 site=7522 track=7504
						Lua 1:27:37:411
[TrainHubDev] build dispatched: elements 5, 1666 m, deadline in 39240 ms (launch 4000 + travel 23240 + work 12000) at t=32771195 site=7510 track=7504
						Lua 1:27:42:411
[TrainHubDev] build dispatched: elements 5, 1256 m, deadline in 33525 ms (launch 4000 + travel 17525 + work 12000) at t=32776195 site=7420 track=7360
						Lua 1:27:47:506
[mod] [SMRTK] SMRTK_MARK action=mark label=BUILD5_TOGGLE_false mark=1047 status=OK t=32779613 id=602
[SMRTK] SMRTK_MARK action=mark label=BUILD5_TOGGLE_false mark=1047 status=OK t=32779613 id=602
[mod] [SMRTK] SMRTK_FINGERPRINT action=fingerprint fix_pack_present=41/41 game=405907 mark_action=mark mods=SMR_CommunityFixPack,SMR_CommunityFixPackTestKit,SMR_CommunityOptInPack,SMR_RailShaftDev_20260923,SMR_TrainHubDev_20260918 pack_version=21 read="live registry" save=SMRTK_A.sav sol=46 status=OK t=32779613 id=603
[SMRTK] SMRTK_FINGERPRINT action=fingerprint fix_pack_present=41/41 game=405907 mark_action=mark mods=SMR_CommunityFixPack,SMR_CommunityFixPackTestKit,SMR_CommunityOptInPack,SMR_RailShaftDev_20260923,SMR_TrainHubDev_20260918 pack_version=21 read="live registry" save=SMRTK_A.sav sol=46 status=OK t=32779613 id=603
[mod] [SMRTK] SMRTK_MARK action=mark label=BUILD5_OFF mark=1049 status=OK t=32779613 id=604
[SMRTK] SMRTK_MARK action=mark label=BUILD5_OFF mark=1049 status=OK t=32779613 id=604
[mod] [SMRTK] SMRTK_FINGERPRINT action=fingerprint fix_pack_present=41/41 game=405907 mark_action=mark mods=SMR_CommunityFixPack,SMR_CommunityFixPackTestKit,SMR_CommunityOptInPack,SMR_RailShaftDev_20260923,SMR_TrainHubDev_20260918 pack_version=21 read="live registry" save=SMRTK_A.sav sol=46 status=OK t=32779613 id=605
[SMRTK] SMRTK_FINGERPRINT action=fingerprint fix_pack_present=41/41 game=405907 mark_action=mark mods=SMR_CommunityFixPack,SMR_CommunityFixPackTestKit,SMR_CommunityOptInPack,SMR_RailShaftDev_20260923,SMR_TrainHubDev_20260918 pack_version=21 read="live registry" save=SMRTK_A.sav sol=46 status=OK t=32779613 id=605
						Lua 1:27:47:514
[mod] [SMRTK] SMRTK_DUMP element=7557 elements=5 kind=build leg=OFF row=candidate site=7552 track=7504 t=32779613 id=606
[SMRTK] SMRTK_DUMP element=7557 elements=5 kind=build leg=OFF row=candidate site=7552 track=7504 t=32779613 id=606
[mod] [SMRTK] SMRTK_DUMP actual=200 leg=OFF res=Metals row=demand site=7552 target=200 t=32779613 id=607
[SMRTK] SMRTK_DUMP actual=200 leg=OFF res=Metals row=demand site=7552 target=200 t=32779613 id=607
[mod] [SMRTK] SMRTK_DUMP element=7367 elements=5 kind=build leg=OFF row=candidate site=7366 track=7360 t=32779613 id=608
[SMRTK] SMRTK_DUMP element=7367 elements=5 kind=build leg=OFF row=candidate site=7366 track=7360 t=32779613 id=608
[mod] [SMRTK] SMRTK_DUMP actual=200 leg=OFF res=Metals row=demand site=7366 target=200 t=32779613 id=609
[SMRTK] SMRTK_DUMP actual=200 leg=OFF res=Metals row=demand site=7366 target=200 t=32779613 id=609
[mod] [SMRTK] SMRTK_DUMP element=7415 elements=5 kind=build leg=OFF row=candidate site=7414 track=7360 t=32779613 id=610
[SMRTK] SMRTK_DUMP element=7415 elements=5 kind=build leg=OFF row=candidate site=7414 track=7360 t=32779613 id=610
[mod] [SMRTK] SMRTK_DUMP actual=200 leg=OFF res=Metals row=demand site=7414 target=200 t=32779613 id=611
[SMRTK] SMRTK_DUMP actual=200 leg=OFF res=Metals row=demand site=7414 target=200 t=32779613 id=611
[mod] [SMRTK] SMRTK_DUMP element=7427 elements=5 kind=build leg=OFF row=candidate site=7426 track=7360 t=32779613 id=612
[SMRTK] SMRTK_DUMP element=7427 elements=5 kind=build leg=OFF row=candidate site=7426 track=7360 t=32779613 id=612
[mod] [SMRTK] SMRTK_DUMP actual=200 leg=OFF res=Metals row=demand site=7426 target=200 t=32779613 id=613
[SMRTK] SMRTK_DUMP actual=200 leg=OFF res=Metals row=demand site=7426 target=200 t=32779613 id=613
[mod] [SMRTK] SMRTK_DUMP element=7498 elements=5 kind=build leg=OFF row=candidate site=7497 track=7360 t=32779613 id=614
[SMRTK] SMRTK_DUMP element=7498 elements=5 kind=build leg=OFF row=candidate site=7497 track=7360 t=32779613 id=614
[mod] [SMRTK] SMRTK_DUMP actual=200 leg=OFF res=Metals row=demand site=7497 target=200 t=32779613 id=615
[SMRTK] SMRTK_DUMP actual=200 leg=OFF res=Metals row=demand site=7497 target=200 t=32779613 id=615
[mod] [SMRTK] SMRTK_DUMP element=7373 elements=5 kind=build leg=OFF row=candidate site=7372 track=7360 t=32779613 id=616
[SMRTK] SMRTK_DUMP element=7373 elements=5 kind=build leg=OFF row=candidate site=7372 track=7360 t=32779613 id=616
[mod] [SMRTK] SMRTK_DUMP actual=200 leg=OFF res=Metals row=demand site=7372 target=200 t=32779613 id=617
[SMRTK] SMRTK_DUMP actual=200 leg=OFF res=Metals row=demand site=7372 target=200 t=32779613 id=617
[mod] [SMRTK] SMRTK_DUMP element=7569 elements=5 kind=build leg=OFF row=candidate site=7564 track=7504 t=32779613 id=618
[SMRTK] SMRTK_DUMP element=7569 elements=5 kind=build leg=OFF row=candidate site=7564 track=7504 t=32779613 id=618
[mod] [SMRTK] SMRTK_DUMP actual=200 leg=OFF res=Metals row=demand site=7564 target=200 t=32779613 id=619
[SMRTK] SMRTK_DUMP actual=200 leg=OFF res=Metals row=demand site=7564 target=200 t=32779613 id=619
[mod] [SMRTK] SMRTK_DUMP element=7486 elements=5 kind=build leg=OFF row=candidate site=7485 track=7360 t=32779613 id=620
[SMRTK] SMRTK_DUMP element=7486 elements=5 kind=build leg=OFF row=candidate site=7485 track=7360 t=32779613 id=620
[mod] [SMRTK] SMRTK_DUMP actual=200 leg=OFF res=Metals row=demand site=7485 target=200 t=32779613 id=621
[SMRTK] SMRTK_DUMP actual=200 leg=OFF res=Metals row=demand site=7485 target=200 t=32779613 id=621
[mod] [SMRTK] SMRTK_DUMP element=7492 elements=5 kind=build leg=OFF row=candidate site=7491 track=7360 t=32779613 id=622
[SMRTK] SMRTK_DUMP element=7492 elements=5 kind=build leg=OFF row=candidate site=7491 track=7360 t=32779613 id=622
[mod] [SMRTK] SMRTK_DUMP actual=200 leg=OFF res=Metals row=demand site=7491 target=200 t=32779613 id=623
[SMRTK] SMRTK_DUMP actual=200 leg=OFF res=Metals row=demand site=7491 target=200 t=32779613 id=623
[mod] [SMRTK] SMRTK_DUMP element=7480 elements=5 kind=build leg=OFF row=candidate site=7479 track=7360 t=32779613 id=624
[SMRTK] SMRTK_DUMP element=7480 elements=5 kind=build leg=OFF row=candidate site=7479 track=7360 t=32779613 id=624
[mod] [SMRTK] SMRTK_DUMP actual=200 leg=OFF res=Metals row=demand site=7479 target=200 t=32779613 id=625
[SMRTK] SMRTK_DUMP actual=200 leg=OFF res=Metals row=demand site=7479 target=200 t=32779613 id=625
						Lua 1:27:47:515
[mod] [SMRTK] SMRTK_DUMP element=7563 elements=5 kind=build leg=OFF row=candidate site=7558 track=7504 t=32779613 id=626
[SMRTK] SMRTK_DUMP element=7563 elements=5 kind=build leg=OFF row=candidate site=7558 track=7504 t=32779613 id=626
[mod] [SMRTK] SMRTK_DUMP actual=200 leg=OFF res=Metals row=demand site=7558 target=200 t=32779613 id=627
[SMRTK] SMRTK_DUMP actual=200 leg=OFF res=Metals row=demand site=7558 target=200 t=32779613 id=627
[mod] [SMRTK] SMRTK_DUMP element=7409 elements=5 kind=build leg=OFF row=candidate site=7408 track=7360 t=32779613 id=628
[SMRTK] SMRTK_DUMP element=7409 elements=5 kind=build leg=OFF row=candidate site=7408 track=7360 t=32779613 id=628
[mod] [SMRTK] SMRTK_DUMP actual=200 leg=OFF res=Metals row=demand site=7408 target=200 t=32779613 id=629
[SMRTK] SMRTK_DUMP actual=200 leg=OFF res=Metals row=demand site=7408 target=200 t=32779613 id=629
[mod] [SMRTK] SMRTK_DUMP element=7509 elements=5 kind=build leg=OFF row=candidate site=7503 track=7504 t=32779613 id=630
[SMRTK] SMRTK_DUMP element=7509 elements=5 kind=build leg=OFF row=candidate site=7503 track=7504 t=32779613 id=630
[mod] [SMRTK] SMRTK_DUMP actual=200 leg=OFF res=Metals row=demand site=7503 target=200 t=32779613 id=631
[SMRTK] SMRTK_DUMP actual=200 leg=OFF res=Metals row=demand site=7503 target=200 t=32779613 id=631
[mod] [SMRTK] SMRTK_DUMP element=7361 elements=5 kind=build leg=OFF row=candidate site=7359 track=7360 t=32779613 id=632
[SMRTK] SMRTK_DUMP element=7361 elements=5 kind=build leg=OFF row=candidate site=7359 track=7360 t=32779613 id=632
[mod] [SMRTK] SMRTK_DUMP actual=200 leg=OFF res=Metals row=demand site=7359 target=200 t=32779613 id=633
[SMRTK] SMRTK_DUMP actual=200 leg=OFF res=Metals row=demand site=7359 target=200 t=32779613 id=633
[mod] [SMRTK] SMRTK_DUMP element=7571 elements=1 kind=build leg=OFF row=candidate site=7570 track=7504 t=32779613 id=634
[SMRTK] SMRTK_DUMP element=7571 elements=1 kind=build leg=OFF row=candidate site=7570 track=7504 t=32779613 id=634
[mod] [SMRTK] SMRTK_DUMP actual=200 leg=OFF res=Metals row=demand site=7570 target=200 t=32779613 id=635
[SMRTK] SMRTK_DUMP actual=200 leg=OFF res=Metals row=demand site=7570 target=200 t=32779613 id=635
[mod] [SMRTK] SMRTK_DUMP element=7521 elements=5 kind=build leg=OFF row=candidate site=7516 track=7504 t=32779613 id=636
[SMRTK] SMRTK_DUMP element=7521 elements=5 kind=build leg=OFF row=candidate site=7516 track=7504 t=32779613 id=636
[mod] [SMRTK] SMRTK_DUMP actual=200 leg=OFF res=Metals row=demand site=7516 target=200 t=32779613 id=637
[SMRTK] SMRTK_DUMP actual=200 leg=OFF res=Metals row=demand site=7516 target=200 t=32779613 id=637
[mod] [SMRTK] SMRTK_DUMP element=7379 elements=5 kind=build leg=OFF row=candidate site=7378 track=7360 t=32779613 id=638
[SMRTK] SMRTK_DUMP element=7379 elements=5 kind=build leg=OFF row=candidate site=7378 track=7360 t=32779613 id=638
[mod] [SMRTK] SMRTK_DUMP actual=200 leg=OFF res=Metals row=demand site=7378 target=200 t=32779613 id=639
[SMRTK] SMRTK_DUMP actual=200 leg=OFF res=Metals row=demand site=7378 target=200 t=32779613 id=639
[mod] [SMRTK] SMRTK_DUMP element=7421 elements=5 kind=build leg=OFF row=candidate site=7420 track=7360 t=32779613 id=640
[SMRTK] SMRTK_DUMP element=7421 elements=5 kind=build leg=OFF row=candidate site=7420 track=7360 t=32779613 id=640
[mod] [SMRTK] SMRTK_DUMP actual=200 leg=OFF res=Metals row=demand site=7420 target=200 t=32779613 id=641
[SMRTK] SMRTK_DUMP actual=200 leg=OFF res=Metals row=demand site=7420 target=200 t=32779613 id=641
[mod] [SMRTK] SMRTK_DUMP element=7515 elements=5 kind=build leg=OFF row=candidate site=7510 track=7504 t=32779613 id=642
[SMRTK] SMRTK_DUMP element=7515 elements=5 kind=build leg=OFF row=candidate site=7510 track=7504 t=32779613 id=642
[mod] [SMRTK] SMRTK_DUMP actual=200 leg=OFF res=Metals row=demand site=7510 target=200 t=32779613 id=643
[SMRTK] SMRTK_DUMP actual=200 leg=OFF res=Metals row=demand site=7510 target=200 t=32779613 id=643
[mod] [SMRTK] SMRTK_DUMP element=7527 elements=5 kind=build leg=OFF row=candidate site=7522 track=7504 t=32779613 id=644
[SMRTK] SMRTK_DUMP element=7527 elements=5 kind=build leg=OFF row=candidate site=7522 track=7504 t=32779613 id=644
[mod] [SMRTK] SMRTK_DUMP actual=200 leg=OFF res=Metals row=demand site=7522 target=200 t=32779613 id=645
[SMRTK] SMRTK_DUMP actual=200 leg=OFF res=Metals row=demand site=7522 target=200 t=32779613 id=645
						Lua 1:27:47:516
[mod] [SMRTK] SMRTK_DUMP leg=OFF object=2007 on_graph=true row=network_station t=32779613 id=646
[SMRTK] SMRTK_DUMP leg=OFF object=2007 on_graph=true row=network_station t=32779613 id=646
[mod] [SMRTK] SMRTK_DUMP leg=OFF object=2008 on_graph=true row=network_station t=32779613 id=647
[SMRTK] SMRTK_DUMP leg=OFF object=2008 on_graph=true row=network_station t=32779613 id=647
[mod] [SMRTK] SMRTK_DUMP leg=OFF object=7353 on_graph=false row=network_station t=32779613 id=648
[SMRTK] SMRTK_DUMP leg=OFF object=7353 on_graph=false row=network_station t=32779613 id=648
[mod] [SMRTK] SMRTK_DUMP leg=OFF object=2009 on_graph=true row=network_station t=32779613 id=649
[SMRTK] SMRTK_DUMP leg=OFF object=2009 on_graph=true row=network_station t=32779613 id=649
[mod] [SMRTK] SMRTK_DUMP leg=OFF object=6430 on_graph=true row=network_station t=32779613 id=650
[SMRTK] SMRTK_DUMP leg=OFF object=6430 on_graph=true row=network_station t=32779613 id=650
[mod] [SMRTK] SMRTK_DUMP leg=OFF object=1994 on_graph=true row=network_station t=32779613 id=651
[SMRTK] SMRTK_DUMP leg=OFF object=1994 on_graph=true row=network_station t=32779613 id=651
[mod] [SMRTK] SMRTK_DUMP leg=OFF object=2011 on_graph=true row=network_station t=32779613 id=652
[SMRTK] SMRTK_DUMP leg=OFF object=2011 on_graph=true row=network_station t=32779613 id=652
[mod] [SMRTK] SMRTK_DUMP leg=OFF object=2012 on_graph=true row=network_station t=32779613 id=653
[SMRTK] SMRTK_DUMP leg=OFF object=2012 on_graph=true row=network_station t=32779613 id=653
[mod] [SMRTK] SMRTK_DUMP leg=OFF object=7042 on_graph=false row=network_station t=32779613 id=654
[SMRTK] SMRTK_DUMP leg=OFF object=7042 on_graph=false row=network_station t=32779613 id=654
[mod] [SMRTK] SMRTK_DUMP leg=OFF object=6243 on_graph=true row=network_station t=32779613 id=655
[SMRTK] SMRTK_DUMP leg=OFF object=6243 on_graph=true row=network_station t=32779613 id=655
[mod] [SMRTK] SMRTK_DUMP command=none deadline=false drone=false element=7557 elements=5 kind=build leg=OFF row=job site=7552 started=false track=7504 waiting=false t=32779613 id=656
[SMRTK] SMRTK_DUMP command=none deadline=false drone=false element=7557 elements=5 kind=build leg=OFF row=job site=7552 started=false track=7504 waiting=false t=32779613 id=656
[mod] [SMRTK] SMRTK_DUMP command=none deadline=false drone=false element=7367 elements=5 kind=build leg=OFF row=job site=7366 started=false track=7360 waiting=false t=32779613 id=657
[SMRTK] SMRTK_DUMP command=none deadline=false drone=false element=7367 elements=5 kind=build leg=OFF row=job site=7366 started=false track=7360 waiting=false t=32779613 id=657
[mod] [SMRTK] SMRTK_DUMP command=none deadline=false drone=false element=7415 elements=5 kind=build leg=OFF row=job site=7414 started=false track=7360 waiting=false t=32779613 id=658
[SMRTK] SMRTK_DUMP command=none deadline=false drone=false element=7415 elements=5 kind=build leg=OFF row=job site=7414 started=false track=7360 waiting=false t=32779613 id=658
[mod] [SMRTK] SMRTK_DUMP command=none deadline=false drone=false element=7427 elements=5 kind=build leg=OFF row=job site=7426 started=false track=7360 waiting=false t=32779613 id=659
[SMRTK] SMRTK_DUMP command=none deadline=false drone=false element=7427 elements=5 kind=build leg=OFF row=job site=7426 started=false track=7360 waiting=false t=32779613 id=659
[mod] [SMRTK] SMRTK_DUMP command=none deadline=false drone=false element=7498 elements=5 kind=build leg=OFF row=job site=7497 started=false track=7360 waiting=false t=32779613 id=660
[SMRTK] SMRTK_DUMP command=none deadline=false drone=false element=7498 elements=5 kind=build leg=OFF row=job site=7497 started=false track=7360 waiting=false t=32779613 id=660
[mod] [SMRTK] SMRTK_DUMP command=none deadline=false drone=false element=7373 elements=5 kind=build leg=OFF row=job site=7372 started=false track=7360 waiting=false t=32779613 id=661
[SMRTK] SMRTK_DUMP command=none deadline=false drone=false element=7373 elements=5 kind=build leg=OFF row=job site=7372 started=false track=7360 waiting=false t=32779613 id=661
[mod] [SMRTK] SMRTK_DUMP command=none deadline=false drone=false element=7569 elements=5 kind=build leg=OFF row=job site=7564 started=false track=7504 waiting=false t=32779613 id=662
[SMRTK] SMRTK_DUMP command=none deadline=false drone=false element=7569 elements=5 kind=build leg=OFF row=job site=7564 started=false track=7504 waiting=false t=32779613 id=662
[mod] [SMRTK] SMRTK_DUMP command=none deadline=false drone=false element=7486 elements=5 kind=build leg=OFF row=job site=7485 started=false track=7360 waiting=false t=32779613 id=663
[SMRTK] SMRTK_DUMP command=none deadline=false drone=false element=7486 elements=5 kind=build leg=OFF row=job site=7485 started=false track=7360 waiting=false t=32779613 id=663
[mod] [SMRTK] SMRTK_DUMP command=none deadline=false drone=false element=7492 elements=5 kind=build leg=OFF row=job site=7491 started=false track=7360 waiting=false t=32779613 id=664
[SMRTK] SMRTK_DUMP command=none deadline=false drone=false element=7492 elements=5 kind=build leg=OFF row=job site=7491 started=false track=7360 waiting=false t=32779613 id=664
						Lua 1:27:47:517
[mod] [SMRTK] SMRTK_DUMP command=none deadline=false drone=false element=7480 elements=5 kind=build leg=OFF row=job site=7479 started=false track=7360 waiting=false t=32779613 id=665
[SMRTK] SMRTK_DUMP command=none deadline=false drone=false element=7480 elements=5 kind=build leg=OFF row=job site=7479 started=false track=7360 waiting=false t=32779613 id=665
[mod] [SMRTK] SMRTK_DUMP command=none deadline=false drone=false element=7563 elements=5 kind=build leg=OFF row=job site=7558 started=false track=7504 waiting=false t=32779613 id=666
[SMRTK] SMRTK_DUMP command=none deadline=false drone=false element=7563 elements=5 kind=build leg=OFF row=job site=7558 started=false track=7504 waiting=false t=32779613 id=666
[mod] [SMRTK] SMRTK_DUMP command=none deadline=false drone=false element=7409 elements=5 kind=build leg=OFF row=job site=7408 started=false track=7360 waiting=false t=32779613 id=667
[SMRTK] SMRTK_DUMP command=none deadline=false drone=false element=7409 elements=5 kind=build leg=OFF row=job site=7408 started=false track=7360 waiting=false t=32779613 id=667
[mod] [SMRTK] SMRTK_DUMP command=none deadline=false drone=false element=7509 elements=5 kind=build leg=OFF row=job site=7503 started=false track=7504 waiting=false t=32779613 id=668
[SMRTK] SMRTK_DUMP command=none deadline=false drone=false element=7509 elements=5 kind=build leg=OFF row=job site=7503 started=false track=7504 waiting=false t=32779613 id=668
[mod] [SMRTK] SMRTK_DUMP command=none deadline=false drone=false element=7361 elements=5 kind=build leg=OFF row=job site=7359 started=false track=7360 waiting=false t=32779613 id=669
[SMRTK] SMRTK_DUMP command=none deadline=false drone=false element=7361 elements=5 kind=build leg=OFF row=job site=7359 started=false track=7360 waiting=false t=32779613 id=669
[mod] [SMRTK] SMRTK_DUMP command=none deadline=false drone=false element=7571 elements=1 kind=build leg=OFF row=job site=7570 started=false track=7504 waiting=false t=32779613 id=670
[SMRTK] SMRTK_DUMP command=none deadline=false drone=false element=7571 elements=1 kind=build leg=OFF row=job site=7570 started=false track=7504 waiting=false t=32779613 id=670
[mod] [SMRTK] SMRTK_DUMP command=none deadline=false drone=false element=7521 elements=5 kind=build leg=OFF row=job site=7516 started=false track=7504 waiting=false t=32779613 id=671
[SMRTK] SMRTK_DUMP command=none deadline=false drone=false element=7521 elements=5 kind=build leg=OFF row=job site=7516 started=false track=7504 waiting=false t=32779613 id=671
[mod] [SMRTK] SMRTK_DUMP command=none deadline=false drone=false element=7379 elements=5 kind=build leg=OFF row=job site=7378 started=false track=7360 waiting=false t=32779613 id=672
[SMRTK] SMRTK_DUMP command=none deadline=false drone=false element=7379 elements=5 kind=build leg=OFF row=job site=7378 started=false track=7360 waiting=false t=32779613 id=672
[mod] [SMRTK] SMRTK_DUMP command=false deadline=32809720 drone=2000002007 element=7421 elements=5 kind=build leg=OFF row=job site=7420 started=32776195 track=7360 waiting=false t=32779613 id=673
[SMRTK] SMRTK_DUMP command=false deadline=32809720 drone=2000002007 element=7421 elements=5 kind=build leg=OFF row=job site=7420 started=32776195 track=7360 waiting=false t=32779613 id=673
[mod] [SMRTK] SMRTK_DUMP command=FlightGoto deadline=32810435 drone=2000002006 element=7515 elements=5 kind=build leg=OFF row=job site=7510 started=32771195 track=7504 waiting=false t=32779613 id=674
[SMRTK] SMRTK_DUMP command=FlightGoto deadline=32810435 drone=2000002006 element=7515 elements=5 kind=build leg=OFF row=job site=7510 started=32771195 track=7504 waiting=false t=32779613 id=674
[mod] [SMRTK] SMRTK_DUMP command=FlightGoto deadline=32804919 drone=2000002005 element=7527 elements=5 kind=build leg=OFF row=job site=7522 started=32766195 track=7504 waiting=false t=32779613 id=675
[SMRTK] SMRTK_DUMP command=FlightGoto deadline=32804919 drone=2000002005 element=7527 elements=5 kind=build leg=OFF row=job site=7522 started=32766195 track=7504 waiting=false t=32779613 id=675
[mod] [SMRTK] SMRTK_DUMP actual=63000 leg=OFF res=Meat row=stock target=63000 t=32779613 id=676
[SMRTK] SMRTK_DUMP actual=63000 leg=OFF res=Meat row=stock target=63000 t=32779613 id=676
[mod] [SMRTK] SMRTK_DUMP actual=71600 leg=OFF res=Metals row=stock target=71600 t=32779613 id=677
[SMRTK] SMRTK_DUMP actual=71600 leg=OFF res=Metals row=stock target=71600 t=32779613 id=677
[mod] [SMRTK] SMRTK_DUMP actual=69000 leg=OFF res=Seeds row=stock target=69000 t=32779613 id=678
[SMRTK] SMRTK_DUMP actual=69000 leg=OFF res=Seeds row=stock target=69000 t=32779613 id=678
[mod] [SMRTK] SMRTK_DUMP actual=66000 leg=OFF res=Butter row=stock target=66000 t=32779613 id=679
[SMRTK] SMRTK_DUMP actual=66000 leg=OFF res=Butter row=stock target=66000 t=32779613 id=679
[mod] [SMRTK] SMRTK_DUMP actual=67000 leg=OFF res=Polymers row=stock target=67000 t=32779613 id=680
[SMRTK] SMRTK_DUMP actual=67000 leg=OFF res=Polymers row=stock target=67000 t=32779613 id=680
[mod] [SMRTK] SMRTK_DUMP actual=64000 leg=OFF res=Food row=stock target=64000 t=32779613 id=681
[SMRTK] SMRTK_DUMP actual=64000 leg=OFF res=Food row=stock target=64000 t=32779613 id=681
[mod] [SMRTK] SMRTK_DUMP actual=72000 leg=OFF res=Electronics row=stock target=69200 t=32779613 id=682
[SMRTK] SMRTK_DUMP actual=72000 leg=OFF res=Electronics row=stock target=69200 t=32779613 id=682
[mod] [SMRTK] SMRTK_DUMP actual=72000 leg=OFF res=Coffee row=stock target=72000 t=32779613 id=683
[SMRTK] SMRTK_DUMP actual=72000 leg=OFF res=Coffee row=stock target=72000 t=32779613 id=683
[mod] [SMRTK] SMRTK_DUMP actual=70000 leg=OFF res=Bread row=stock target=70000 t=32779613 id=684
[SMRTK] SMRTK_DUMP actual=70000 leg=OFF res=Bread row=stock target=70000 t=32779613 id=684
[mod] [SMRTK] SMRTK_DUMP actual=67000 leg=OFF res=PreciousMetals row=stock target=67000 t=32779613 id=685
[SMRTK] SMRTK_DUMP actual=67000 leg=OFF res=PreciousMetals row=stock target=67000 t=32779613 id=685
[mod] [SMRTK] SMRTK_DUMP actual=71000 leg=OFF res=MachineParts row=stock target=71000 t=32779613 id=686
[SMRTK] SMRTK_DUMP actual=71000 leg=OFF res=MachineParts row=stock target=71000 t=32779613 id=686
[mod] [SMRTK] SMRTK_DUMP actual=73000 leg=OFF res=WasteRock row=stock target=73000 t=32779613 id=687
[SMRTK] SMRTK_DUMP actual=73000 leg=OFF res=WasteRock row=stock target=73000 t=32779613 id=687
[mod] [SMRTK] SMRTK_DUMP actual=68000 leg=OFF res=Fuel row=stock target=68000 t=32779613 id=688
[SMRTK] SMRTK_DUMP actual=68000 leg=OFF res=Fuel row=stock target=68000 t=32779613 id=688
[mod] [SMRTK] SMRTK_DUMP actual=69000 leg=OFF res=PreciousMinerals row=stock target=69000 t=32779613 id=689
[SMRTK] SMRTK_DUMP actual=69000 leg=OFF res=PreciousMinerals row=stock target=69000 t=32779613 id=689
[mod] [SMRTK] SMRTK_DUMP actual=59000 leg=OFF res=Sugar row=stock target=59000 t=32779613 id=690
[SMRTK] SMRTK_DUMP actual=59000 leg=OFF res=Sugar row=stock target=59000 t=32779613 id=690
[mod] [SMRTK] SMRTK_DUMP actual=73000 leg=OFF res=Concrete row=stock target=73000 t=32779613 id=691
[SMRTK] SMRTK_DUMP actual=73000 leg=OFF res=Concrete row=stock target=73000 t=32779613 id=691
[mod] [SMRTK] SMRTK_DUMP actual=65000 leg=OFF res=Cheese row=stock target=65000 t=32779613 id=692
[SMRTK] SMRTK_DUMP actual=65000 leg=OFF res=Cheese row=stock target=65000 t=32779613 id=692
[mod] [SMRTK] SMRTK_DUMP actual=67000 leg=OFF res=Herbs row=stock target=67000 t=32779613 id=693
[SMRTK] SMRTK_DUMP actual=67000 leg=OFF res=Herbs row=stock target=67000 t=32779613 id=693
[mod] [SMRTK] SMRTK_DUMP actual=67000 leg=OFF res=Spices row=stock target=67000 t=32779613 id=694
[SMRTK] SMRTK_DUMP actual=67000 leg=OFF res=Spices row=stock target=67000 t=32779613 id=694
[mod] [SMRTK] SMRTK_ACTION action=slot_2 active=3 candidate_elements=96 candidate_groups=20 errors=112 fleet=5 game_time=32779613 hub=6430 mark=1049 max_drones=60 sitting=build5_pass2_smoke status=OK track_work=false waiting=17 t=32779613 id=695
[SMRTK] SMRTK_ACTION action=slot_2 active=3 candidate_elements=96 candidate_groups=20 errors=112 fleet=5 game_time=32779613 hub=6430 mark=1049 max_drones=60 sitting=build5_pass2_smoke status=OK track_work=false waiting=17 t=32779613 id=695
						Lua 1:27:53:442
[mod] [SMRTK] SMRTK_MARK action=mark label=BUILD5_READ mark=1141 status=OK t=32779613 id=696
[SMRTK] SMRTK_MARK action=mark label=BUILD5_READ mark=1141 status=OK t=32779613 id=696
[mod] [SMRTK] SMRTK_FINGERPRINT action=fingerprint fix_pack_present=41/41 game=405907 mark_action=mark mods=SMR_CommunityFixPack,SMR_CommunityFixPackTestKit,SMR_CommunityOptInPack,SMR_RailShaftDev_20260923,SMR_TrainHubDev_20260918 pack_version=21 read="live registry" save=SMRTK_A.sav sol=46 status=OK t=32779613 id=697
[SMRTK] SMRTK_FINGERPRINT action=fingerprint fix_pack_present=41/41 game=405907 mark_action=mark mods=SMR_CommunityFixPack,SMR_CommunityFixPackTestKit,SMR_CommunityOptInPack,SMR_RailShaftDev_20260923,SMR_TrainHubDev_20260918 pack_version=21 read="live registry" save=SMRTK_A.sav sol=46 status=OK t=32779613 id=697
						Lua 1:27:53:450
[mod] [SMRTK] SMRTK_DUMP element=7557 elements=5 kind=build leg=READ row=candidate site=7552 track=7504 t=32779613 id=698
[SMRTK] SMRTK_DUMP element=7557 elements=5 kind=build leg=READ row=candidate site=7552 track=7504 t=32779613 id=698
[mod] [SMRTK] SMRTK_DUMP actual=200 leg=READ res=Metals row=demand site=7552 target=200 t=32779613 id=699
[SMRTK] SMRTK_DUMP actual=200 leg=READ res=Metals row=demand site=7552 target=200 t=32779613 id=699
[mod] [SMRTK] SMRTK_DUMP element=7367 elements=5 kind=build leg=READ row=candidate site=7366 track=7360 t=32779613 id=700
[SMRTK] SMRTK_DUMP element=7367 elements=5 kind=build leg=READ row=candidate site=7366 track=7360 t=32779613 id=700
[mod] [SMRTK] SMRTK_DUMP actual=200 leg=READ res=Metals row=demand site=7366 target=200 t=32779613 id=701
[SMRTK] SMRTK_DUMP actual=200 leg=READ res=Metals row=demand site=7366 target=200 t=32779613 id=701
[mod] [SMRTK] SMRTK_DUMP element=7415 elements=5 kind=build leg=READ row=candidate site=7414 track=7360 t=32779613 id=702
[SMRTK] SMRTK_DUMP element=7415 elements=5 kind=build leg=READ row=candidate site=7414 track=7360 t=32779613 id=702
[mod] [SMRTK] SMRTK_DUMP actual=200 leg=READ res=Metals row=demand site=7414 target=200 t=32779613 id=703
[SMRTK] SMRTK_DUMP actual=200 leg=READ res=Metals row=demand site=7414 target=200 t=32779613 id=703
[mod] [SMRTK] SMRTK_DUMP element=7427 elements=5 kind=build leg=READ row=candidate site=7426 track=7360 t=32779613 id=704
[SMRTK] SMRTK_DUMP element=7427 elements=5 kind=build leg=READ row=candidate site=7426 track=7360 t=32779613 id=704
[mod] [SMRTK] SMRTK_DUMP actual=200 leg=READ res=Metals row=demand site=7426 target=200 t=32779613 id=705
[SMRTK] SMRTK_DUMP actual=200 leg=READ res=Metals row=demand site=7426 target=200 t=32779613 id=705
[mod] [SMRTK] SMRTK_DUMP element=7498 elements=5 kind=build leg=READ row=candidate site=7497 track=7360 t=32779613 id=706
[SMRTK] SMRTK_DUMP element=7498 elements=5 kind=build leg=READ row=candidate site=7497 track=7360 t=32779613 id=706
[mod] [SMRTK] SMRTK_DUMP actual=200 leg=READ res=Metals row=demand site=7497 target=200 t=32779613 id=707
[SMRTK] SMRTK_DUMP actual=200 leg=READ res=Metals row=demand site=7497 target=200 t=32779613 id=707
[mod] [SMRTK] SMRTK_DUMP element=7373 elements=5 kind=build leg=READ row=candidate site=7372 track=7360 t=32779613 id=708
[SMRTK] SMRTK_DUMP element=7373 elements=5 kind=build leg=READ row=candidate site=7372 track=7360 t=32779613 id=708
[mod] [SMRTK] SMRTK_DUMP actual=200 leg=READ res=Metals row=demand site=7372 target=200 t=32779613 id=709
[SMRTK] SMRTK_DUMP actual=200 leg=READ res=Metals row=demand site=7372 target=200 t=32779613 id=709
[mod] [SMRTK] SMRTK_DUMP element=7569 elements=5 kind=build leg=READ row=candidate site=7564 track=7504 t=32779613 id=710
[SMRTK] SMRTK_DUMP element=7569 elements=5 kind=build leg=READ row=candidate site=7564 track=7504 t=32779613 id=710
[mod] [SMRTK] SMRTK_DUMP actual=200 leg=READ res=Metals row=demand site=7564 target=200 t=32779613 id=711
[SMRTK] SMRTK_DUMP actual=200 leg=READ res=Metals row=demand site=7564 target=200 t=32779613 id=711
[mod] [SMRTK] SMRTK_DUMP element=7486 elements=5 kind=build leg=READ row=candidate site=7485 track=7360 t=32779613 id=712
[SMRTK] SMRTK_DUMP element=7486 elements=5 kind=build leg=READ row=candidate site=7485 track=7360 t=32779613 id=712
						Lua 1:27:53:451
[mod] [SMRTK] SMRTK_DUMP actual=200 leg=READ res=Metals row=demand site=7485 target=200 t=32779613 id=713
[SMRTK] SMRTK_DUMP actual=200 leg=READ res=Metals row=demand site=7485 target=200 t=32779613 id=713
[mod] [SMRTK] SMRTK_DUMP element=7492 elements=5 kind=build leg=READ row=candidate site=7491 track=7360 t=32779613 id=714
[SMRTK] SMRTK_DUMP element=7492 elements=5 kind=build leg=READ row=candidate site=7491 track=7360 t=32779613 id=714
[mod] [SMRTK] SMRTK_DUMP actual=200 leg=READ res=Metals row=demand site=7491 target=200 t=32779613 id=715
[SMRTK] SMRTK_DUMP actual=200 leg=READ res=Metals row=demand site=7491 target=200 t=32779613 id=715
[mod] [SMRTK] SMRTK_DUMP element=7480 elements=5 kind=build leg=READ row=candidate site=7479 track=7360 t=32779613 id=716
[SMRTK] SMRTK_DUMP element=7480 elements=5 kind=build leg=READ row=candidate site=7479 track=7360 t=32779613 id=716
[mod] [SMRTK] SMRTK_DUMP actual=200 leg=READ res=Metals row=demand site=7479 target=200 t=32779613 id=717
[SMRTK] SMRTK_DUMP actual=200 leg=READ res=Metals row=demand site=7479 target=200 t=32779613 id=717
[mod] [SMRTK] SMRTK_DUMP element=7563 elements=5 kind=build leg=READ row=candidate site=7558 track=7504 t=32779613 id=718
[SMRTK] SMRTK_DUMP element=7563 elements=5 kind=build leg=READ row=candidate site=7558 track=7504 t=32779613 id=718
[mod] [SMRTK] SMRTK_DUMP actual=200 leg=READ res=Metals row=demand site=7558 target=200 t=32779613 id=719
[SMRTK] SMRTK_DUMP actual=200 leg=READ res=Metals row=demand site=7558 target=200 t=32779613 id=719
[mod] [SMRTK] SMRTK_DUMP element=7409 elements=5 kind=build leg=READ row=candidate site=7408 track=7360 t=32779613 id=720
[SMRTK] SMRTK_DUMP element=7409 elements=5 kind=build leg=READ row=candidate site=7408 track=7360 t=32779613 id=720
[mod] [SMRTK] SMRTK_DUMP actual=200 leg=READ res=Metals row=demand site=7408 target=200 t=32779613 id=721
[SMRTK] SMRTK_DUMP actual=200 leg=READ res=Metals row=demand site=7408 target=200 t=32779613 id=721
[mod] [SMRTK] SMRTK_DUMP element=7509 elements=5 kind=build leg=READ row=candidate site=7503 track=7504 t=32779613 id=722
[SMRTK] SMRTK_DUMP element=7509 elements=5 kind=build leg=READ row=candidate site=7503 track=7504 t=32779613 id=722
[mod] [SMRTK] SMRTK_DUMP actual=200 leg=READ res=Metals row=demand site=7503 target=200 t=32779613 id=723
[SMRTK] SMRTK_DUMP actual=200 leg=READ res=Metals row=demand site=7503 target=200 t=32779613 id=723
[mod] [SMRTK] SMRTK_DUMP element=7361 elements=5 kind=build leg=READ row=candidate site=7359 track=7360 t=32779613 id=724
[SMRTK] SMRTK_DUMP element=7361 elements=5 kind=build leg=READ row=candidate site=7359 track=7360 t=32779613 id=724
[mod] [SMRTK] SMRTK_DUMP actual=200 leg=READ res=Metals row=demand site=7359 target=200 t=32779613 id=725
[SMRTK] SMRTK_DUMP actual=200 leg=READ res=Metals row=demand site=7359 target=200 t=32779613 id=725
[mod] [SMRTK] SMRTK_DUMP element=7571 elements=1 kind=build leg=READ row=candidate site=7570 track=7504 t=32779613 id=726
[SMRTK] SMRTK_DUMP element=7571 elements=1 kind=build leg=READ row=candidate site=7570 track=7504 t=32779613 id=726
[mod] [SMRTK] SMRTK_DUMP actual=200 leg=READ res=Metals row=demand site=7570 target=200 t=32779613 id=727
[SMRTK] SMRTK_DUMP actual=200 leg=READ res=Metals row=demand site=7570 target=200 t=32779613 id=727
[mod] [SMRTK] SMRTK_DUMP element=7521 elements=5 kind=build leg=READ row=candidate site=7516 track=7504 t=32779613 id=728
[SMRTK] SMRTK_DUMP element=7521 elements=5 kind=build leg=READ row=candidate site=7516 track=7504 t=32779613 id=728
[mod] [SMRTK] SMRTK_DUMP actual=200 leg=READ res=Metals row=demand site=7516 target=200 t=32779613 id=729
[SMRTK] SMRTK_DUMP actual=200 leg=READ res=Metals row=demand site=7516 target=200 t=32779613 id=729
[mod] [SMRTK] SMRTK_DUMP element=7379 elements=5 kind=build leg=READ row=candidate site=7378 track=7360 t=32779613 id=730
[SMRTK] SMRTK_DUMP element=7379 elements=5 kind=build leg=READ row=candidate site=7378 track=7360 t=32779613 id=730
[mod] [SMRTK] SMRTK_DUMP actual=200 leg=READ res=Metals row=demand site=7378 target=200 t=32779613 id=731
[SMRTK] SMRTK_DUMP actual=200 leg=READ res=Metals row=demand site=7378 target=200 t=32779613 id=731
[mod] [SMRTK] SMRTK_DUMP element=7421 elements=5 kind=build leg=READ row=candidate site=7420 track=7360 t=32779613 id=732
[SMRTK] SMRTK_DUMP element=7421 elements=5 kind=build leg=READ row=candidate site=7420 track=7360 t=32779613 id=732
[mod] [SMRTK] SMRTK_DUMP actual=200 leg=READ res=Metals row=demand site=7420 target=200 t=32779613 id=733
[SMRTK] SMRTK_DUMP actual=200 leg=READ res=Metals row=demand site=7420 target=200 t=32779613 id=733
[mod] [SMRTK] SMRTK_DUMP element=7515 elements=5 kind=build leg=READ row=candidate site=7510 track=7504 t=32779613 id=734
[SMRTK] SMRTK_DUMP element=7515 elements=5 kind=build leg=READ row=candidate site=7510 track=7504 t=32779613 id=734
[mod] [SMRTK] SMRTK_DUMP actual=200 leg=READ res=Metals row=demand site=7510 target=200 t=32779613 id=735
[SMRTK] SMRTK_DUMP actual=200 leg=READ res=Metals row=demand site=7510 target=200 t=32779613 id=735
[mod] [SMRTK] SMRTK_DUMP element=7527 elements=5 kind=build leg=READ row=candidate site=7522 track=7504 t=32779613 id=736
[SMRTK] SMRTK_DUMP element=7527 elements=5 kind=build leg=READ row=candidate site=7522 track=7504 t=32779613 id=736
[mod] [SMRTK] SMRTK_DUMP actual=200 leg=READ res=Metals row=demand site=7522 target=200 t=32779613 id=737
[SMRTK] SMRTK_DUMP actual=200 leg=READ res=Metals row=demand site=7522 target=200 t=32779613 id=737
						Lua 1:27:53:452
[mod] [SMRTK] SMRTK_DUMP leg=READ object=2007 on_graph=true row=network_station t=32779613 id=738
[SMRTK] SMRTK_DUMP leg=READ object=2007 on_graph=true row=network_station t=32779613 id=738
[mod] [SMRTK] SMRTK_DUMP leg=READ object=2008 on_graph=true row=network_station t=32779613 id=739
[SMRTK] SMRTK_DUMP leg=READ object=2008 on_graph=true row=network_station t=32779613 id=739
[mod] [SMRTK] SMRTK_DUMP leg=READ object=7353 on_graph=false row=network_station t=32779613 id=740
[SMRTK] SMRTK_DUMP leg=READ object=7353 on_graph=false row=network_station t=32779613 id=740
[mod] [SMRTK] SMRTK_DUMP leg=READ object=2009 on_graph=true row=network_station t=32779613 id=741
[SMRTK] SMRTK_DUMP leg=READ object=2009 on_graph=true row=network_station t=32779613 id=741
[mod] [SMRTK] SMRTK_DUMP leg=READ object=6430 on_graph=true row=network_station t=32779613 id=742
[SMRTK] SMRTK_DUMP leg=READ object=6430 on_graph=true row=network_station t=32779613 id=742
[mod] [SMRTK] SMRTK_DUMP leg=READ object=1994 on_graph=true row=network_station t=32779613 id=743
[SMRTK] SMRTK_DUMP leg=READ object=1994 on_graph=true row=network_station t=32779613 id=743
[mod] [SMRTK] SMRTK_DUMP leg=READ object=2011 on_graph=true row=network_station t=32779613 id=744
[SMRTK] SMRTK_DUMP leg=READ object=2011 on_graph=true row=network_station t=32779613 id=744
[mod] [SMRTK] SMRTK_DUMP leg=READ object=2012 on_graph=true row=network_station t=32779613 id=745
[SMRTK] SMRTK_DUMP leg=READ object=2012 on_graph=true row=network_station t=32779613 id=745
[mod] [SMRTK] SMRTK_DUMP leg=READ object=7042 on_graph=false row=network_station t=32779613 id=746
[SMRTK] SMRTK_DUMP leg=READ object=7042 on_graph=false row=network_station t=32779613 id=746
[mod] [SMRTK] SMRTK_DUMP leg=READ object=6243 on_graph=true row=network_station t=32779613 id=747
[SMRTK] SMRTK_DUMP leg=READ object=6243 on_graph=true row=network_station t=32779613 id=747
[mod] [SMRTK] SMRTK_DUMP command=none deadline=false drone=false element=7557 elements=5 kind=build leg=READ row=job site=7552 started=false track=7504 waiting=false t=32779613 id=748
[SMRTK] SMRTK_DUMP command=none deadline=false drone=false element=7557 elements=5 kind=build leg=READ row=job site=7552 started=false track=7504 waiting=false t=32779613 id=748
[mod] [SMRTK] SMRTK_DUMP command=none deadline=false drone=false element=7367 elements=5 kind=build leg=READ row=job site=7366 started=false track=7360 waiting=false t=32779613 id=749
[SMRTK] SMRTK_DUMP command=none deadline=false drone=false element=7367 elements=5 kind=build leg=READ row=job site=7366 started=false track=7360 waiting=false t=32779613 id=749
[mod] [SMRTK] SMRTK_DUMP command=none deadline=false drone=false element=7415 elements=5 kind=build leg=READ row=job site=7414 started=false track=7360 waiting=false t=32779613 id=750
[SMRTK] SMRTK_DUMP command=none deadline=false drone=false element=7415 elements=5 kind=build leg=READ row=job site=7414 started=false track=7360 waiting=false t=32779613 id=750
						Lua 1:27:53:453
[mod] [SMRTK] SMRTK_DUMP command=none deadline=false drone=false element=7427 elements=5 kind=build leg=READ row=job site=7426 started=false track=7360 waiting=false t=32779613 id=751
[SMRTK] SMRTK_DUMP command=none deadline=false drone=false element=7427 elements=5 kind=build leg=READ row=job site=7426 started=false track=7360 waiting=false t=32779613 id=751
[mod] [SMRTK] SMRTK_DUMP command=none deadline=false drone=false element=7498 elements=5 kind=build leg=READ row=job site=7497 started=false track=7360 waiting=false t=32779613 id=752
[SMRTK] SMRTK_DUMP command=none deadline=false drone=false element=7498 elements=5 kind=build leg=READ row=job site=7497 started=false track=7360 waiting=false t=32779613 id=752
[mod] [SMRTK] SMRTK_DUMP command=none deadline=false drone=false element=7373 elements=5 kind=build leg=READ row=job site=7372 started=false track=7360 waiting=false t=32779613 id=753
[SMRTK] SMRTK_DUMP command=none deadline=false drone=false element=7373 elements=5 kind=build leg=READ row=job site=7372 started=false track=7360 waiting=false t=32779613 id=753
[mod] [SMRTK] SMRTK_DUMP command=none deadline=false drone=false element=7569 elements=5 kind=build leg=READ row=job site=7564 started=false track=7504 waiting=false t=32779613 id=754
[SMRTK] SMRTK_DUMP command=none deadline=false drone=false element=7569 elements=5 kind=build leg=READ row=job site=7564 started=false track=7504 waiting=false t=32779613 id=754
[mod] [SMRTK] SMRTK_DUMP command=none deadline=false drone=false element=7486 elements=5 kind=build leg=READ row=job site=7485 started=false track=7360 waiting=false t=32779613 id=755
[SMRTK] SMRTK_DUMP command=none deadline=false drone=false element=7486 elements=5 kind=build leg=READ row=job site=7485 started=false track=7360 waiting=false t=32779613 id=755
[mod] [SMRTK] SMRTK_DUMP command=none deadline=false drone=false element=7492 elements=5 kind=build leg=READ row=job site=7491 started=false track=7360 waiting=false t=32779613 id=756
[SMRTK] SMRTK_DUMP command=none deadline=false drone=false element=7492 elements=5 kind=build leg=READ row=job site=7491 started=false track=7360 waiting=false t=32779613 id=756
[mod] [SMRTK] SMRTK_DUMP command=none deadline=false drone=false element=7480 elements=5 kind=build leg=READ row=job site=7479 started=false track=7360 waiting=false t=32779613 id=757
[SMRTK] SMRTK_DUMP command=none deadline=false drone=false element=7480 elements=5 kind=build leg=READ row=job site=7479 started=false track=7360 waiting=false t=32779613 id=757
[mod] [SMRTK] SMRTK_DUMP command=none deadline=false drone=false element=7563 elements=5 kind=build leg=READ row=job site=7558 started=false track=7504 waiting=false t=32779613 id=758
[SMRTK] SMRTK_DUMP command=none deadline=false drone=false element=7563 elements=5 kind=build leg=READ row=job site=7558 started=false track=7504 waiting=false t=32779613 id=758
[mod] [SMRTK] SMRTK_DUMP command=none deadline=false drone=false element=7409 elements=5 kind=build leg=READ row=job site=7408 started=false track=7360 waiting=false t=32779613 id=759
[SMRTK] SMRTK_DUMP command=none deadline=false drone=false element=7409 elements=5 kind=build leg=READ row=job site=7408 started=false track=7360 waiting=false t=32779613 id=759
[mod] [SMRTK] SMRTK_DUMP command=none deadline=false drone=false element=7509 elements=5 kind=build leg=READ row=job site=7503 started=false track=7504 waiting=false t=32779613 id=760
[SMRTK] SMRTK_DUMP command=none deadline=false drone=false element=7509 elements=5 kind=build leg=READ row=job site=7503 started=false track=7504 waiting=false t=32779613 id=760
[mod] [SMRTK] SMRTK_DUMP command=none deadline=false drone=false element=7361 elements=5 kind=build leg=READ row=job site=7359 started=false track=7360 waiting=false t=32779613 id=761
[SMRTK] SMRTK_DUMP command=none deadline=false drone=false element=7361 elements=5 kind=build leg=READ row=job site=7359 started=false track=7360 waiting=false t=32779613 id=761
[mod] [SMRTK] SMRTK_DUMP command=none deadline=false drone=false element=7571 elements=1 kind=build leg=READ row=job site=7570 started=false track=7504 waiting=false t=32779613 id=762
[SMRTK] SMRTK_DUMP command=none deadline=false drone=false element=7571 elements=1 kind=build leg=READ row=job site=7570 started=false track=7504 waiting=false t=32779613 id=762
[mod] [SMRTK] SMRTK_DUMP command=none deadline=false drone=false element=7521 elements=5 kind=build leg=READ row=job site=7516 started=false track=7504 waiting=false t=32779613 id=763
[SMRTK] SMRTK_DUMP command=none deadline=false drone=false element=7521 elements=5 kind=build leg=READ row=job site=7516 started=false track=7504 waiting=false t=32779613 id=763
[mod] [SMRTK] SMRTK_DUMP command=none deadline=false drone=false element=7379 elements=5 kind=build leg=READ row=job site=7378 started=false track=7360 waiting=false t=32779613 id=764
[SMRTK] SMRTK_DUMP command=none deadline=false drone=false element=7379 elements=5 kind=build leg=READ row=job site=7378 started=false track=7360 waiting=false t=32779613 id=764
[mod] [SMRTK] SMRTK_DUMP command=false deadline=32809720 drone=2000002007 element=7421 elements=5 kind=build leg=READ row=job site=7420 started=32776195 track=7360 waiting=false t=32779613 id=765
[SMRTK] SMRTK_DUMP command=false deadline=32809720 drone=2000002007 element=7421 elements=5 kind=build leg=READ row=job site=7420 started=32776195 track=7360 waiting=false t=32779613 id=765
[mod] [SMRTK] SMRTK_DUMP command=FlightGoto deadline=32810435 drone=2000002006 element=7515 elements=5 kind=build leg=READ row=job site=7510 started=32771195 track=7504 waiting=false t=32779613 id=766
[SMRTK] SMRTK_DUMP command=FlightGoto deadline=32810435 drone=2000002006 element=7515 elements=5 kind=build leg=READ row=job site=7510 started=32771195 track=7504 waiting=false t=32779613 id=766
[mod] [SMRTK] SMRTK_DUMP command=FlightGoto deadline=32804919 drone=2000002005 element=7527 elements=5 kind=build leg=READ row=job site=7522 started=32766195 track=7504 waiting=false t=32779613 id=767
[SMRTK] SMRTK_DUMP command=FlightGoto deadline=32804919 drone=2000002005 element=7527 elements=5 kind=build leg=READ row=job site=7522 started=32766195 track=7504 waiting=false t=32779613 id=767
[mod] [SMRTK] SMRTK_DUMP actual=63000 leg=READ res=Meat row=stock target=63000 t=32779613 id=768
[SMRTK] SMRTK_DUMP actual=63000 leg=READ res=Meat row=stock target=63000 t=32779613 id=768
[mod] [SMRTK] SMRTK_DUMP actual=71600 leg=READ res=Metals row=stock target=71600 t=32779613 id=769
[SMRTK] SMRTK_DUMP actual=71600 leg=READ res=Metals row=stock target=71600 t=32779613 id=769
[mod] [SMRTK] SMRTK_DUMP actual=69000 leg=READ res=Seeds row=stock target=69000 t=32779613 id=770
[SMRTK] SMRTK_DUMP actual=69000 leg=READ res=Seeds row=stock target=69000 t=32779613 id=770
[mod] [SMRTK] SMRTK_DUMP actual=66000 leg=READ res=Butter row=stock target=66000 t=32779613 id=771
[SMRTK] SMRTK_DUMP actual=66000 leg=READ res=Butter row=stock target=66000 t=32779613 id=771
[mod] [SMRTK] SMRTK_DUMP actual=67000 leg=READ res=Polymers row=stock target=67000 t=32779613 id=772
[SMRTK] SMRTK_DUMP actual=67000 leg=READ res=Polymers row=stock target=67000 t=32779613 id=772
[mod] [SMRTK] SMRTK_DUMP actual=64000 leg=READ res=Food row=stock target=64000 t=32779613 id=773
[SMRTK] SMRTK_DUMP actual=64000 leg=READ res=Food row=stock target=64000 t=32779613 id=773
[mod] [SMRTK] SMRTK_DUMP actual=72000 leg=READ res=Electronics row=stock target=69200 t=32779613 id=774
[SMRTK] SMRTK_DUMP actual=72000 leg=READ res=Electronics row=stock target=69200 t=32779613 id=774
[mod] [SMRTK] SMRTK_DUMP actual=72000 leg=READ res=Coffee row=stock target=72000 t=32779613 id=775
[SMRTK] SMRTK_DUMP actual=72000 leg=READ res=Coffee row=stock target=72000 t=32779613 id=775
[mod] [SMRTK] SMRTK_DUMP actual=70000 leg=READ res=Bread row=stock target=70000 t=32779613 id=776
[SMRTK] SMRTK_DUMP actual=70000 leg=READ res=Bread row=stock target=70000 t=32779613 id=776
[mod] [SMRTK] SMRTK_DUMP actual=67000 leg=READ res=PreciousMetals row=stock target=67000 t=32779613 id=777
[SMRTK] SMRTK_DUMP actual=67000 leg=READ res=PreciousMetals row=stock target=67000 t=32779613 id=777
[mod] [SMRTK] SMRTK_DUMP actual=71000 leg=READ res=MachineParts row=stock target=71000 t=32779613 id=778
[SMRTK] SMRTK_DUMP actual=71000 leg=READ res=MachineParts row=stock target=71000 t=32779613 id=778
[mod] [SMRTK] SMRTK_DUMP actual=73000 leg=READ res=WasteRock row=stock target=73000 t=32779613 id=779
[SMRTK] SMRTK_DUMP actual=73000 leg=READ res=WasteRock row=stock target=73000 t=32779613 id=779
[mod] [SMRTK] SMRTK_DUMP actual=68000 leg=READ res=Fuel row=stock target=68000 t=32779613 id=780
[SMRTK] SMRTK_DUMP actual=68000 leg=READ res=Fuel row=stock target=68000 t=32779613 id=780
						Lua 1:27:53:454
[mod] [SMRTK] SMRTK_DUMP actual=69000 leg=READ res=PreciousMinerals row=stock target=69000 t=32779613 id=781
[SMRTK] SMRTK_DUMP actual=69000 leg=READ res=PreciousMinerals row=stock target=69000 t=32779613 id=781
[mod] [SMRTK] SMRTK_DUMP actual=59000 leg=READ res=Sugar row=stock target=59000 t=32779613 id=782
[SMRTK] SMRTK_DUMP actual=59000 leg=READ res=Sugar row=stock target=59000 t=32779613 id=782
[mod] [SMRTK] SMRTK_DUMP actual=73000 leg=READ res=Concrete row=stock target=73000 t=32779613 id=783
[SMRTK] SMRTK_DUMP actual=73000 leg=READ res=Concrete row=stock target=73000 t=32779613 id=783
[mod] [SMRTK] SMRTK_DUMP actual=65000 leg=READ res=Cheese row=stock target=65000 t=32779613 id=784
[SMRTK] SMRTK_DUMP actual=65000 leg=READ res=Cheese row=stock target=65000 t=32779613 id=784
[mod] [SMRTK] SMRTK_DUMP actual=67000 leg=READ res=Herbs row=stock target=67000 t=32779613 id=785
[SMRTK] SMRTK_DUMP actual=67000 leg=READ res=Herbs row=stock target=67000 t=32779613 id=785
[mod] [SMRTK] SMRTK_DUMP actual=67000 leg=READ res=Spices row=stock target=67000 t=32779613 id=786
[SMRTK] SMRTK_DUMP actual=67000 leg=READ res=Spices row=stock target=67000 t=32779613 id=786
[mod] [SMRTK] SMRTK_ACTION action=slot_1 active=3 candidate_elements=96 candidate_groups=20 errors=112 fleet=5 game_time=32779613 hub=6430 mark=1141 max_drones=60 sitting=build5_pass2_smoke status=OK track_work=false waiting=17 t=32779613 id=787
[SMRTK] SMRTK_ACTION action=slot_1 active=3 candidate_elements=96 candidate_groups=20 errors=112 fleet=5 game_time=32779613 hub=6430 mark=1141 max_drones=60 sitting=build5_pass2_smoke status=OK track_work=false waiting=17 t=32779613 id=787
						Lua 1:28:29:314
[TrainHubDev] build relaunched: elements 5, 1256 m, deadline in 33525 ms (launch 4000 + travel 17525 + work 12000) at t=32781195 site=7420 track=7360
						Lua 1:28:50:321
[mod] [SMRTK] SMRTK_COPY action=copy flushed=true from=1141 lines=93 status=OK truncated=false t=32782277 id=788
[SMRTK] SMRTK_COPY action=copy flushed=true from=1141 lines=93 status=OK truncated=false t=32782277 id=788
						Lua 1:29:28:217


Stopping the game threads from the Lua side with exit code 0.

					Render 1:29:28:219


Stopping the game threads after receiving WM_QUIT.

					Render 1:29:28:567


*** Debug::Done()
Time (ms)	5368567


