					Render 0:00:00:009
*** executable info
Timestamp:     	6a91a190
Date:          	Fri Aug 28 10:56:16 2026
Command line:  	
Compiler:      	195136247, 142 (VS 2019) or newer


*** hardware info
CPU name      	Intel(R) Core(TM) i7-14700K
CPU MHz       	3418
CPU cores     	20/28
Phys. Memory   	65278 MBytes
Memory In Use  	59%
Disk Free      	801102 MBytes


*** OS info
OS:            	Windows 11
Version:       	10.0.26100 


*** Debug::Init()


					Render 0:00:00:084
Steam initialized (AppId 3215050)
					Render 0:00:00:087
Drive type for game installation: SSD, savegames: SSD
Language: English
					Render 0:00:01:499
*** graphics info
GPU                            	NVIDIA GeForce RTX 4080 Feature Level: 12.1 {  DoublePrecisionFloatShaderOps: 1 OutputMergerLogicOp: 1 MinPrecisionSupport: 2 TiledResourcesTier: 4 ResourceBindingTier: 3 PSSpecifiedStencilRefSupported: 0 TypedUAVLoadAdditionalFormats: 1 ROVsSupported: 1 ConservativeRasterizationTier: 3 MaxGPUVirtualAddressBitsPerResource: 40 StandardSwizzle64KBSupported: 0 CrossNodeSharingTier: 0 CrossAdapterRowMajorTextureSupported: 0 VPAndRTArrayIndexFromAnyShaderFeedingRasterizerSupportedWithoutGSEmulation: 1 ResourceHeapTier: 2 NotZeroedPools: 1 UMA: 0 UnalignedBlockTextures: 1}
API                            	d3d12
GPU Driver Version             	32.0.16.1074
GPU Driver Package Version     	610.74
GPU Dedicated Video Memory     	16048 MB
					Render 0:00:01:644

Libs: Network, Sequences, MouseTrackWin, DumbAI, MapGen, Paradox, TriggersAndEvents, Notifications, Research, Resources, Tutorial, Objectives 

					Render 0:00:01:882

Platform: desktop, editor, goldmaster, paradox, pc, steam

					Render 0:00:02:881
*** audio info
Audio Endpoint                 	Speakers (Razer Leviathan V2)
						Lua 0:00:02:883
Lua revision: 403908
Assets revision: 33006
Steam AppID: 3215050
Build version: 1.1.0.403908
Build branch:  Release
						Lua 0:00:16:387
Account storage loaded successfully in 2 ms
DLC norman loaded, lua revision 403908, assets revision 33006
DLC thomas loaded, lua revision 403908, assets revision 33006
						Lua 0:00:16:391
[mod] Loaded mod def DEV ONLY - Train Hub Prototype (id SMR_TrainHubPrototype_20260918, v0.00-002) unpacked from appdata
[mod] Loaded mod def Relaunched Fix Pack (id SMR_CommunityFixPack, v1.00-019) unpacked from appdata
[mod] Loaded mod def DEV ONLY - Train Hub (Module B build) (id SMR_TrainHubDev_20260918, v0.00-009) unpacked from appdata
[mod] Loaded mod def Relaunched Fix Pack: Opt-In Modules (id SMR_CommunityOptInPack, v1.00-000) unpacked from appdata
[mod] Loaded mod def Community Fix Pack — Test Kit (id SMR_CommunityFixPackTestKit, v0.00-001) unpacked from appdata
[mod] Loaded mod def TEMPORARY - Linux NVIDIA 580 Crash Workaround (id SMR_FR1TempWorkaround, v0.00-003) unpacked from appdata
						Lua 0:00:16:782
[mod] [CommunityOptInPack] AcknowledgedWarnings: applied
						Lua 0:00:16:783
[mod] [CommunityOptInPack] ResidencyControl: inactive (opt-in module, off by default — enable it in Options → Mod Options)
[mod] [CommunityOptInPack] MultipleSuns: applied
[mod] [CommunityOptInPack] DroneStatDials: applied
[mod] [SMRTest] console enable requested (flag set, no overlay) — press Enter (or Alt-Shift-C) once in a colony
[SMRTest] console enable requested (flag set, no overlay) — press Enter (or Alt-Shift-C) once in a colony
						Lua 0:00:16:784
[mod] [SMRTest] no debug.getinfo (mod sandbox) — [install] probes will SKIP
[SMRTest] no debug.getinfo (mod sandbox) — [install] probes will SKIP
[mod] [SMRTest] test kit loaded — SMRTest.RunAll(), SMRTest.List(), SMRTest.<ProbeId>()
[SMRTest] test kit loaded — SMRTest.RunAll(), SMRTest.List(), SMRTest.<ProbeId>()
						Lua 0:00:16:789
[mod] [SMRTK] SMRTK_CORE loaded=true tee=false t=12293 id=1
[SMRTK] SMRTK_CORE loaded=true tee=false t=12293 id=1
						Lua 0:00:16:792
[mod] [SMRTK] SMRTK_SLOTS armed_at_load=0 predictions="TRAIN_HUB_BUILD_20260918.md: build 3b" sitting=train_hub_3b slots="1 traffic,2 inward,3 departure,4 crossing watch,5 outward,6 parts,scratch boot" t=12293 id=2
[SMRTK] SMRTK_SLOTS armed_at_load=0 predictions="TRAIN_HUB_BUILD_20260918.md: build 3b" sitting=train_hub_3b slots="1 traffic,2 inward,3 departure,4 crossing watch,5 outward,6 parts,scratch boot" t=12293 id=2
						Lua 0:00:16:793
[mod] [SMRTest][carry] fixture-carry dump available — run SMRTest.FixtureCarry()
						Lua 0:00:16:794
[mod] [CommunityFixPack] NightShiftWork: applied
[mod] [CommunityFixPack] WispRewards: applied
[mod] [CommunityFixPack] TrainsToVoid: applied
[mod] [CommunityFixPack] LanderEmptyLaunch: applied
[mod] [CommunityFixPack] ShelterReflex: applied
[mod] [CommunityFixPack] BrokenTrackSalvage: applied
[mod] [CommunityFixPack] TrackSalvageWipe: applied
[mod] [CommunityFixPack] LakeEntombment: applied
[mod] [CommunityFixPack] RocketDroneChurn: applied
[mod] [CommunityFixPack] TradeRocketFuelRefresh: applied
						Lua 0:00:16:795
[mod] [CommunityFixPack] ShuttleTransportCache: applied
[mod] [CommunityFixPack] VacuumWalks: applied
[mod] [CommunityFixPack] ArrivalDeaths: applied
[mod] [CommunityFixPack] StaleReservations: applied
[mod] [CommunityFixPack] CrystalMysteryHang: applied
[mod] [CommunityFixPack] DomeOverviewHighlight: applied
[mod] [CommunityFixPack] TrainCargoDumping: applied
[mod] [CommunityFixPack] DestroyedTunnels: applied
						Lua 0:00:16:796
[mod] [CommunityFixPack] DustSicknessBiorobots: applied
[mod] [CommunityFixPack] GeneForging: applied
[mod] [CommunityFixPack] MirrorSphereSite: applied
[mod] [CommunityFixPack] PayloadTemplateRefill: applied
[mod] [CommunityFixPack] ShuttleHubOffAvailable: applied
[mod] [CommunityFixPack] FreedHousingNotice: applied
[mod] [CommunityFixPack] LandscapeUnitFilter: applied
						Lua 0:00:16:797
[mod] [CommunityFixPack] RocketInteractGuard: applied
[mod] [CommunityFixPack] TrackConnectorPingPong: applied
[mod] [CommunityFixPack] TrackTunnelPowerBridge: applied
[mod] [CommunityFixPack] GraphConsumedCaption: applied
						Lua 0:00:16:798
[mod] [CommunityFixPack] TrainWaitTime: applied
[mod] [CommunityFixPack] FounderTraitNotification: applied
[mod] [CommunityFixPack] SequenceLatents: applied
[mod] [CommunityFixPack] TrackSalvageRefund: applied
[mod] [CommunityFixPack] DroneTransportMinors: applied
[mod] [CommunityFixPack] ScanDowngrade: applied
[mod] [CommunityFixPack] BombardmentSpread: applied
[mod] [CommunityFixPack] ExtenderFlapChurn: applied
						Lua 0:00:16:799
[mod] [CommunityFixPack] SaintBlessing: applied
[mod] [CommunityFixPack] SinkholeIndestructible: applied
[mod] [CommunityFixPack] ExoticDepositSign: applied
[mod] [CommunityFixPack] JumboCaveReinforcementWedge: applied
[mod] [CommunityFixPack] SilentHitMomentFX: applied
[mod] [CommunityFixPack] CloggedBuildingRelease: applied
						Lua 0:00:16:800
[mod] [CommunityFixPack] FactionDomeSizeGate: applied
[mod] [CommunityFixPack] BuildingCodesPrefab: applied
[mod] [CommunityFixPack] HabitatExpeditionReturn: applied
[mod] [CommunityFixPack] HabitatExpeditionDraft: applied
[mod] [CommunityFixPack] OpenPastureStockpiles: applied
[mod] [CommunityFixPack] RoverSubclassManifest: applied
						Lua 0:00:16:801
[mod] [CommunityFixPack] DryFarmingFarms: applied
[mod] [CommunityFixPack] WildfireCureVisit: applied
[mod] [CommunityFixPack] SaveSanitizer: applied
[TrainHubDev] hub classes loaded: six-connector hub, built-in drone controller, maintenance reserve
						Lua 0:00:16:802
[TrainHubDev] train export floor loaded (standing + transient holds)
						Lua 0:00:17:609
[mod] [CommunityFixPack] SaintBlessing: inactive (no dome-colonists trait presets)
[mod] [CommunityFixPack] SinkholeIndestructible: the St. Elmo's Fire sinkhole is now indestructible, like every other mystery set-piece
						Lua 0:00:17:699
Reloading done in 1308 ms
						Lua 0:00:17:700
Available DLCs: norman(Feeding the Future),thomas(Interplanetary Codex) 
						Lua 0:00:17:743
[mod] [SMRTK] SMRTK_CONSOLE_ARM enabled=true hook=DataLoading t=12293 id=3
[SMRTK] SMRTK_CONSOLE_ARM enabled=true hook=DataLoading t=12293 id=3
						Lua 0:00:18:119
[preset] Preset postprocess took 153 ms.
						Lua 0:00:18:165
482 / 482 particle streams loaded in 40 ms.
						Lua 0:00:18:166
5 / 5 particle streams loaded in 1 ms.
						Lua 0:00:18:167
[mod] [CommunityOptInPack] MultipleSuns: BuildingTemplates.ArtificialSun not found — build limit NOT lifted (binding fix still active)
						Lua 0:00:18:168
[mod] [CommunityFixPack] SilentHitMomentFX: registered 11 missing animation-moment preset(s)
[mod] [CommunityFixPack] FactionDomeSizeGate: 7 faction dislike(s) now wait for 10 colonists in a dome
[mod] [CommunityFixPack] DryFarmingFarms: added 4 water entr(y/ies) at -50% to DryFarming (0 adopted, 4 of 4 farms loaded)
						Lua 0:00:18:381
[mod] [CommunityOptInPack] MultipleSuns: Artificial Sun build-once limit lifted
						Lua 0:00:18:382
[mod] [CommunityFixPack] SaintBlessing: the shipped code resolves the trait label itself — data left untouched; save re-base armed for 1 preset(s) of 2
						Lua 0:00:18:472
[mod] [SMRTK] SMRTK_SHORTCUT console=true key=Ctrl-Shift-F11 t=12293 id=4
						Lua 0:00:18:506
[mod] [SMRTK] SMRTK_SHORTCUT console=true key=Ctrl-Shift-F11 t=12293 id=5
						Lua 0:00:18:522
[LUA ERROR] CommonLua/Editor/ArtSpecEditor.lua:573: attempt to call a nil value (global 'EntitySpecPathToEntity')
  CommonLua/Editor/ArtSpecEditor.lua(573):  method OnPresetPostLoad
  CommonLua/Preset.lua(541):  upvalue f1
  CommonLua/Core/classes.lua(170):  method PostLoad
  CommonLua/Modding/ModItem.lua(2502):   <>
  [C](-1):  global sprocall
  CommonLua/Modding/Mod.lua(666):   <>
  CommonLua/Modding/Mod.lua(740):   <>
  CommonLua/Modding/Mod.lua(664):  method LoadItems
  CommonLua/Modding/Mod.lua(2185):  global ContinueModsReloadItems
  CommonLua/Dlc.lua(603):  global LoadDlcs
  CommonLua/Core/autorun.lua(447):  local StartupSequence
  CommonLua/Core/autorun.lua(516):   <>
        --- end of stack
Locals:
	                self |   object EntitySpec 'SMROptInTrainHub6'
[mod] Loaded mod items for: SMR_CommunityOptInPack, SMR_CommunityFixPackTestKit, SMR_CommunityFixPack, SMR_TrainHubDev_20260918
						Lua 0:00:18:778
[mod] [CommunityFixPack] SaintBlessing: the shipped code resolves the trait label itself — data left untouched; save re-base armed for 1 preset(s) of 2
						Lua 0:00:18:873
[mod] [SMRTK] SMRTK_SHORTCUT console=true key=Ctrl-Shift-F11 t=12293 id=6
						Lua 0:00:19:291
[PdxSDK] Started up. Took 1055
						Lua 0:00:19:694
[Braze] SessionStart error The server name or address could not be resolved

						Lua 0:00:19:695
[Braze] Failed sending launcher ev The server name or address could not be resolved

[Braze] Failed to init
						Lua 0:00:19:785
[Braze] SessionStart error The server name or address could not be resolved

[Braze] Failed sending launcher ev The server name or address could not be resolved

[Braze] Failed to init
						Lua 0:00:21:475
Load Game: 
	lua_revision: 403908 (last saved with) 
	orig_lua_revision: 403908 (created with) 
	assets_revision: 33006 

	dlcs: norman, thomas 

	mods: SMR_CommunityOptInPack, SMR_CommunityFixPackTestKit, SMR_CommunityFixPack, SMR_TrainHubDev_20260918 
						Lua 0:00:21:478
*** Reloading assets from folder 'BinAssets/'
						Lua 0:00:23:258
*** Assets reloaded in 1.8 s, read 359.3 MB, read speed 201.8 MB/s, average read 8139 bytes.
						Lua 0:00:24:148
[mod] [SMRTK] SMRTK_SHORTCUT console=true key=Ctrl-Shift-F11 t=14365 id=7
						Lua 0:00:24:895
[mod] [SMRTK] SMRTK_CONSOLE_ARM enabled=true hook=PreLoadGame t=14365 id=8
[SMRTK] SMRTK_CONSOLE_ARM enabled=true hook=PreLoadGame t=14365 id=8
						Lua 0:00:26:965
[mod] [SMRTest] console enable requested (flag set, no overlay) — press Enter (or Alt-Shift-C) once in a colony
[SMRTest] console enable requested (flag set, no overlay) — press Enter (or Alt-Shift-C) once in a colony
						Lua 0:00:26:969
[mod] [CommunityFixPack] SilentHitMomentFX: restored 2 missing hit-moment tracker(s) on load
						Lua 0:00:26:970
[TrainHubDev] SMROptInTrainHub6 line radii d0..d5 = 4 4 4 4 4 4
[TrainHubDev] SMROptInTrainHub6 connector spots: from the body
						Lua 0:00:26:990
game_settings:
    sponsor: SpaceY
    profile: politician
    founding_faction: UnitedColonistFront
    rival_colonies: paradox, NASA, Brazil
    mystery_random: 
    game_rules: (none)
more_game_settings: save_game_id: IsDKXg6Ddmz3wE5g, mystery: UnitedEarthMystery, coordinates: 15N179E, landing_spot: , logo: SpaceY
map_conditions: altitude: -3699, temperature: -43, cold_wave: 109, dust_devils: 39, dust_storm: 0, meteors: 37
map_resources: concrete: 243, metals: 147, precious_metals: 147, water: 147
						Lua 0:00:27:043
[mod] [CommunityFixPack] SaveSanitizer: F95 astrogeologist-residue pass removed 0 modifier(s), left 0 unidentified
Game Loaded in 5568 ms
[mod] [SMRTK] SMRTK_PROVENANCE actions=21 last=section_attach last_id=32 present=true session=1789888806:3520230763:1184987819:1655584288 t=14919135 id=9
[SMRTK] SMRTK_PROVENANCE actions=21 last=section_attach last_id=32 present=true session=1789888806:3520230763:1184987819:1655584288 t=14919135 id=9
						Lua 0:00:27:053
[mod] [SMRTK] SMRTK_SHORTCUT console=true key=Ctrl-Shift-F11 t=14919135 id=10
						Lua 0:00:27:066
[mod] [SMRTK] SMRTK_DOCK action=dock_attach attached=true route="idBottom sibling" status=OK surface=one-toggle+tasks t=14919135 id=11
						Lua 0:00:27:069
[mod] [SMRTest] console enable requested (flag set, no overlay) — press Enter (or Alt-Shift-C) once in a colony
[SMRTest] console enable requested (flag set, no overlay) — press Enter (or Alt-Shift-C) once in a colony
						Lua 0:00:27:179
[mod] [SMRTK] SMRTK_SHORTCUT console=true key=Ctrl-Shift-F11 t=14919135 id=12
						Lua 0:00:27:671
Game loaded on map BlankBig_01 in 6321 ms
						Lua 0:00:29:670
[mod] [SMRTK] SMRTK_MARK action=mark label=HUB3B_BOOT mark=23 status=OK t=14919135 id=13
[SMRTK] SMRTK_MARK action=mark label=HUB3B_BOOT mark=23 status=OK t=14919135 id=13
[mod] [SMRTK] SMRTK_FINGERPRINT action=fingerprint fix_pack_present=52/52 game=403908 mark_action=mark mods=SMR_CommunityFixPack,SMR_CommunityFixPackTestKit,SMR_CommunityOptInPack,SMR_TrainHubDev_20260918 pack_version=19 read="live registry" save="SpaceY Sol 21.savegame.sav" sol=21 status=OK t=14919135 id=14
[SMRTK] SMRTK_FINGERPRINT action=fingerprint fix_pack_present=52/52 game=403908 mark_action=mark mods=SMR_CommunityFixPack,SMR_CommunityFixPackTestKit,SMR_CommunityOptInPack,SMR_TrainHubDev_20260918 pack_version=19 read="live registry" save="SpaceY Sol 21.savegame.sav" sol=21 status=OK t=14919135 id=14
						Lua 0:00:29:680
[mod] [SMRTK] SMRTK_SHORTCUT console=false key=Ctrl-Shift-F11 t=14919135 id=15
						Lua 0:00:29:689
[mod] [SMRTK] SMRTK_CONSOLE_ARM enabled=true hook=control t=14919135 id=16
[SMRTK] SMRTK_CONSOLE_ARM enabled=true hook=control t=14919135 id=16
						Lua 0:00:29:699
[mod] [SMRTK] SMRTK_SHORTCUT console=true key=Ctrl-Shift-F11 t=14919135 id=17
						Lua 0:00:29:708
[mod] [SMRTK] SMRTK_CONSOLE_CONTROL action=console_control discriminates=true negative=false positive=true status=OK t=14919135 id=18
[SMRTK] SMRTK_CONSOLE_CONTROL action=console_control discriminates=true negative=false positive=true status=OK t=14919135 id=18
[mod] [SMRTK] SMRTK_TAINT_READ action=taint_read status=OK used=false t=14919135 id=19
[SMRTK] SMRTK_TAINT_READ action=taint_read status=OK used=false t=14919135 id=19
[mod] [SMRTK] SMRTK_ELIGIBILITY action=eligibility reason=UNAVAILABLE:sandbox status=OK t=14919135 id=20
[SMRTK] SMRTK_ELIGIBILITY action=eligibility reason=UNAVAILABLE:sandbox status=OK t=14919135 id=20
[mod] [SMRTK] SMRTK_ACTION action=slot_scratch errors=0 hub=SMROptInTrainHub6(6252) park=2000 sitting=train_hub_3b status=OK sweep="run desktop sweep before each boot" t=14919135 id=21
[SMRTK] SMRTK_ACTION action=slot_scratch errors=0 hub=SMROptInTrainHub6(6252) park=2000 sitting=train_hub_3b status=OK sweep="run desktop sweep before each boot" t=14919135 id=21
[mod] [SMRTK] SMRTK_MARK action=mark label=HUB3B_READ_BEGIN mark=32 status=OK t=14919135 id=22
[SMRTK] SMRTK_MARK action=mark label=HUB3B_READ_BEGIN mark=32 status=OK t=14919135 id=22
[mod] [SMRTK] SMRTK_FINGERPRINT action=fingerprint fix_pack_present=52/52 game=403908 mark_action=mark mods=SMR_CommunityFixPack,SMR_CommunityFixPackTestKit,SMR_CommunityOptInPack,SMR_TrainHubDev_20260918 pack_version=19 read="live registry" save="SpaceY Sol 21.savegame.sav" sol=21 status=OK t=14919135 id=23
[SMRTK] SMRTK_FINGERPRINT action=fingerprint fix_pack_present=52/52 game=403908 mark_action=mark mods=SMR_CommunityFixPack,SMR_CommunityFixPackTestKit,SMR_CommunityOptInPack,SMR_TrainHubDev_20260918 pack_version=19 read="live registry" save="SpaceY Sol 21.savegame.sav" sol=21 status=OK t=14919135 id=23
[mod] [SMRTK] SMRTK_DUMP angle=0 crossing=none errors=0 hub=SMROptInTrainHub6(6252) leg=hub3b park=2000 pos=280000,166272,10000 t=14919135 id=24
[SMRTK] SMRTK_DUMP angle=0 crossing=none errors=0 hub=SMROptInTrainHub6(6252) leg=hub3b park=2000 pos=280000,166272,10000 t=14919135 id=24
						Lua 0:00:29:709
[mod] [SMRTK] SMRTK_DUMP Ramparrive=278821,163654,10800@3600 Rampdepart=278321,163942,10800@14400 Spawn=279250,164396,10800@14400 Stop=279250,164396,10800@3600 Trackconnector=278000,162808,10800@19800 leg=hub3b_line line=1 reserved=none t=14919135 id=25
[SMRTK] SMRTK_DUMP Ramparrive=278821,163654,10800@3600 Rampdepart=278321,163942,10800@14400 Spawn=279250,164396,10800@14400 Stop=279250,164396,10800@3600 Trackconnector=278000,162808,10800@19800 leg=hub3b_line line=1 reserved=none t=14919135 id=25
[mod] [SMRTK] SMRTK_DUMP Ramparrive=281179,168891,10800@14400 Rampdepart=281679,168602,10800@3600 Spawn=280750,168149,10800@3600 Stop=280750,168149,10800@14400 Trackconnector=282000,169736,10800@9000 leg=hub3b_line line=2 reserved=Train(2000001576) t=14919135 id=26
[SMRTK] SMRTK_DUMP Ramparrive=281179,168891,10800@14400 Rampdepart=281679,168602,10800@3600 Spawn=280750,168149,10800@3600 Stop=280750,168149,10800@14400 Trackconnector=282000,169736,10800@9000 leg=hub3b_line line=2 reserved=Train(2000001576) t=14919135 id=26
[mod] [SMRTK] SMRTK_DUMP Ramparrive=277143,165983,10800@0 Rampdepart=277143,166561,10800@10800 Spawn=278000,165983,10800@10800 Stop=278000,165983,10800@0 Trackconnector=276000,166272,10800@16200 leg=hub3b_line line=3 reserved=none t=14919135 id=27
[SMRTK] SMRTK_DUMP Ramparrive=277143,165983,10800@0 Rampdepart=277143,166561,10800@10800 Spawn=278000,165983,10800@10800 Stop=278000,165983,10800@0 Trackconnector=276000,166272,10800@16200 leg=hub3b_line line=3 reserved=none t=14919135 id=27
[mod] [SMRTK] SMRTK_DUMP Ramparrive=282857,166561,10800@10800 Rampdepart=282857,165983,10800@0 Spawn=282000,166561,10800@0 Stop=282000,166561,10800@10800 Trackconnector=284000,166272,10800@5400 leg=hub3b_line line=4 reserved=none t=14919135 id=28
[SMRTK] SMRTK_DUMP Ramparrive=282857,166561,10800@10800 Rampdepart=282857,165983,10800@0 Spawn=282000,166561,10800@0 Stop=282000,166561,10800@10800 Trackconnector=284000,166272,10800@5400 leg=hub3b_line line=4 reserved=none t=14919135 id=28
[mod] [SMRTK] SMRTK_DUMP Ramparrive=278321,168602,10800@18000 Rampdepart=278821,168891,10800@7200 Spawn=278750,167860,10800@7200 Stop=278750,167860,10800@18000 Trackconnector=278000,169736,10800@12600 leg=hub3b_line line=5 reserved=none t=14919135 id=29
[SMRTK] SMRTK_DUMP Ramparrive=278321,168602,10800@18000 Rampdepart=278821,168891,10800@7200 Spawn=278750,167860,10800@7200 Stop=278750,167860,10800@18000 Trackconnector=278000,169736,10800@12600 leg=hub3b_line line=5 reserved=none t=14919135 id=29
[mod] [SMRTK] SMRTK_DUMP Ramparrive=281679,163942,10800@7200 Rampdepart=281179,163654,10800@18000 Spawn=281250,164684,10800@18000 Stop=281250,164684,10800@7200 Trackconnector=282000,162808,10800@1800 leg=hub3b_line line=6 reserved=none t=14919135 id=30
[SMRTK] SMRTK_DUMP Ramparrive=281679,163942,10800@7200 Rampdepart=281179,163654,10800@18000 Spawn=281250,164684,10800@18000 Stop=281250,164684,10800@7200 Trackconnector=282000,162808,10800@1800 leg=hub3b_line line=6 reserved=none t=14919135 id=30
[mod] [SMRTK] SMRTK_DUMP arrival=false at_station=false command=GotoStation leg=hub3b_train pos=282250,169592,10800 station=StationSmall(2008) track=TrackBase(3621) train=Train(2000001571) visual=279743,165249,10800 visual_yaw=3600 yaw=3600 t=14919135 id=31
[SMRTK] SMRTK_DUMP arrival=false at_station=false command=GotoStation leg=hub3b_train pos=282250,169592,10800 station=StationSmall(2008) track=TrackBase(3621) train=Train(2000001571) visual=279743,165249,10800 visual_yaw=3600 yaw=3600 t=14919135 id=31
[mod] [SMRTK] SMRTK_DUMP arrival=false at_station=false command=GotoStation leg=hub3b_train pos=189250,200190,10800 station=StationSmall(2012) track=TrackBase(6272) train=Train(2000001573) visual=189363,200385,10800 visual_yaw=14400 yaw=14400 t=14919135 id=32
[SMRTK] SMRTK_DUMP arrival=false at_station=false command=GotoStation leg=hub3b_train pos=189250,200190,10800 station=StationSmall(2012) track=TrackBase(6272) train=Train(2000001573) visual=189363,200385,10800 visual_yaw=14400 yaw=14400 t=14919135 id=32
[mod] [SMRTK] SMRTK_DUMP arrival=1 at_station=true command=UnloadTrain leg=hub3b_train pos=198539,215033,10000 station=StationSmall(2012) track=TrackBase(6272) train=Train(2000001575) visual=198539,215033,10000 visual_yaw=3600 yaw=3600 t=14919135 id=33
[SMRTK] SMRTK_DUMP arrival=1 at_station=true command=UnloadTrain leg=hub3b_train pos=198539,215033,10000 station=StationSmall(2012) track=TrackBase(6272) train=Train(2000001575) visual=198539,215033,10000 visual_yaw=3600 yaw=3600 t=14919135 id=33
[mod] [SMRTK] SMRTK_DUMP arrival=2 at_station=true command=LoadTrain leg=hub3b_train pos=280750,168149,10800 station=SMROptInTrainHub6(6252) track=TrackBase(6272) train=Train(2000001576) visual=280750,168149,10800 visual_yaw=14400 yaw=14400 t=14919135 id=34
[SMRTK] SMRTK_DUMP arrival=2 at_station=true command=LoadTrain leg=hub3b_train pos=280750,168149,10800 station=SMROptInTrainHub6(6252) track=TrackBase(6272) train=Train(2000001576) visual=280750,168149,10800 visual_yaw=14400 yaw=14400 t=14919135 id=34
[mod] [SMRTK] SMRTK_MARK action=mark label=HUB3B_READ_END mark=45 status=OK t=14919135 id=35
[SMRTK] SMRTK_MARK action=mark label=HUB3B_READ_END mark=45 status=OK t=14919135 id=35
[mod] [SMRTK] SMRTK_FINGERPRINT action=fingerprint fix_pack_present=52/52 game=403908 mark_action=mark mods=SMR_CommunityFixPack,SMR_CommunityFixPackTestKit,SMR_CommunityOptInPack,SMR_TrainHubDev_20260918 pack_version=19 read="live registry" save="SpaceY Sol 21.savegame.sav" sol=21 status=OK t=14919135 id=36
[SMRTK] SMRTK_FINGERPRINT action=fingerprint fix_pack_present=52/52 game=403908 mark_action=mark mods=SMR_CommunityFixPack,SMR_CommunityFixPackTestKit,SMR_CommunityOptInPack,SMR_TrainHubDev_20260918 pack_version=19 read="live registry" save="SpaceY Sol 21.savegame.sav" sol=21 status=OK t=14919135 id=36
[mod] [SMRTK] SMRTK_ACTION action=slot_1 errors=0 hub=SMROptInTrainHub6(6252) park=2000 status=OK t=14919135 id=37
[SMRTK] SMRTK_ACTION action=slot_1 errors=0 hub=SMROptInTrainHub6(6252) park=2000 status=OK t=14919135 id=37
[mod] [SMRTK] SMRTK_MARK action=mark label=HUB3B_PARTS_BEGIN mark=48 status=OK t=14919135 id=38
[SMRTK] SMRTK_MARK action=mark label=HUB3B_PARTS_BEGIN mark=48 status=OK t=14919135 id=38
[mod] [SMRTK] SMRTK_FINGERPRINT action=fingerprint fix_pack_present=52/52 game=403908 mark_action=mark mods=SMR_CommunityFixPack,SMR_CommunityFixPackTestKit,SMR_CommunityOptInPack,SMR_TrainHubDev_20260918 pack_version=19 read="live registry" save="SpaceY Sol 21.savegame.sav" sol=21 status=OK t=14919135 id=39
[SMRTK] SMRTK_FINGERPRINT action=fingerprint fix_pack_present=52/52 game=403908 mark_action=mark mods=SMR_CommunityFixPack,SMR_CommunityFixPackTestKit,SMR_CommunityOptInPack,SMR_TrainHubDev_20260918 pack_version=19 read="live registry" save="SpaceY Sol 21.savegame.sav" sol=21 status=OK t=14919135 id=39
[mod] [SMRTK] SMRTK_DUMP bbox_max=2818,209,436 bbox_min=-1332,-207,4 entity=TrainCCP3 leg=train_part object=Train(2000001576) path=train pos=280750,168149,10800 scale=100 state=moveWalk visual=280750,168149,10800 yaw=14400 t=14919135 id=40
[SMRTK] SMRTK_DUMP bbox_max=2818,209,436 bbox_min=-1332,-207,4 entity=TrainCCP3 leg=train_part object=Train(2000001576) path=train pos=280750,168149,10800 scale=100 state=moveWalk visual=280750,168149,10800 yaw=14400 t=14919135 id=40
						Lua 0:00:29:710
[mod] [SMRTK] SMRTK_DUMP bbox_max=45,46,123 bbox_min=-46,-46,-40 entity=PointLight leg=train_part object=NightLightSpotLight(5361145378) path=train/1 pos=280750,168149,10800 scale=100 state=idle visual=280425,167592,11195 yaw=14400 t=14919135 id=41
[SMRTK] SMRTK_DUMP bbox_max=45,46,123 bbox_min=-46,-46,-40 entity=PointLight leg=train_part object=NightLightSpotLight(5361145378) path=train/1 pos=280750,168149,10800 scale=100 state=idle visual=280425,167592,11195 yaw=14400 t=14919135 id=41
[mod] [SMRTK] SMRTK_DUMP bbox_max=45,46,123 bbox_min=-46,-46,-40 entity=PointLight leg=train_part object=NightLightSpotLight(5521333658) path=train/2 pos=280750,168149,10800 scale=100 state=idle visual=280283,167391,10774 yaw=14400 t=14919135 id=42
[SMRTK] SMRTK_DUMP bbox_max=45,46,123 bbox_min=-46,-46,-40 entity=PointLight leg=train_part object=NightLightSpotLight(5521333658) path=train/2 pos=280750,168149,10800 scale=100 state=idle visual=280283,167391,10774 yaw=14400 t=14919135 id=42
[mod] [SMRTK] SMRTK_DUMP bbox_max=49,50,100 bbox_min=-49,-50,0 entity=ResourceCheese leg=train_part object=ResourceStockpileBox(6022028743) path=train/3 pos=281466,167997,11002 scale=100 state=idle visual=281140,168613,11152 yaw=14400 t=14919135 id=43
[SMRTK] SMRTK_DUMP bbox_max=49,50,100 bbox_min=-49,-50,0 entity=ResourceCheese leg=train_part object=ResourceStockpileBox(6022028743) path=train/3 pos=281466,167997,11002 scale=100 state=idle visual=281140,168613,11152 yaw=14400 t=14919135 id=43
[mod] [SMRTK] SMRTK_DUMP bbox_max=49,50,100 bbox_min=-49,-50,0 entity=ResourceCheese leg=train_part object=ResourceStockpileBox(5656071965) path=train/4 pos=281409,167899,11002 scale=100 state=idle visual=281052,168664,11152 yaw=14400 t=14919135 id=44
[SMRTK] SMRTK_DUMP bbox_max=49,50,100 bbox_min=-49,-50,0 entity=ResourceCheese leg=train_part object=ResourceStockpileBox(5656071965) path=train/4 pos=281409,167899,11002 scale=100 state=idle visual=281052,168664,11152 yaw=14400 t=14919135 id=44
[mod] [SMRTK] SMRTK_DUMP bbox_max=49,50,100 bbox_min=-49,-50,0 entity=ResourceCheese leg=train_part object=ResourceStockpileBox(5475063981) path=train/5 pos=281353,167801,11002 scale=100 state=idle visual=280963,168715,11152 yaw=14400 t=14919135 id=45
[SMRTK] SMRTK_DUMP bbox_max=49,50,100 bbox_min=-49,-50,0 entity=ResourceCheese leg=train_part object=ResourceStockpileBox(5475063981) path=train/5 pos=281353,167801,11002 scale=100 state=idle visual=280963,168715,11152 yaw=14400 t=14919135 id=45
[mod] [SMRTK] SMRTK_DUMP bbox_max=47,48,114 bbox_min=-51,-49,0 entity=ResourceFuel leg=train_part object=ResourceStockpileBox(6006242911) path=train/6 pos=281365,168055,11002 scale=100 state=idle visual=281192,168703,11152 yaw=14400 t=14919135 id=46
[SMRTK] SMRTK_DUMP bbox_max=47,48,114 bbox_min=-51,-49,0 entity=ResourceFuel leg=train_part object=ResourceStockpileBox(6006242911) path=train/6 pos=281365,168055,11002 scale=100 state=idle visual=281192,168703,11152 yaw=14400 t=14919135 id=46
[mod] [SMRTK] SMRTK_DUMP bbox_max=47,48,114 bbox_min=-51,-49,0 entity=ResourceFuel leg=train_part object=ResourceStockpileBox(5818777371) path=train/7 pos=281309,167957,11002 scale=100 state=idle visual=281104,168754,11152 yaw=14400 t=14919135 id=47
[SMRTK] SMRTK_DUMP bbox_max=47,48,114 bbox_min=-51,-49,0 entity=ResourceFuel leg=train_part object=ResourceStockpileBox(5818777371) path=train/7 pos=281309,167957,11002 scale=100 state=idle visual=281104,168754,11152 yaw=14400 t=14919135 id=47
[mod] [SMRTK] SMRTK_DUMP bbox_max=47,48,114 bbox_min=-51,-49,0 entity=ResourceFuel leg=train_part object=ResourceStockpileBox(5503238834) path=train/8 pos=281252,167859,11002 scale=100 state=idle visual=281016,168805,11152 yaw=14400 t=14919135 id=48
[SMRTK] SMRTK_DUMP bbox_max=47,48,114 bbox_min=-51,-49,0 entity=ResourceFuel leg=train_part object=ResourceStockpileBox(5503238834) path=train/8 pos=281252,167859,11002 scale=100 state=idle visual=281016,168805,11152 yaw=14400 t=14919135 id=48
[mod] [SMRTK] SMRTK_DUMP bbox_max=47,48,114 bbox_min=-51,-49,0 entity=ResourceFuel leg=train_part object=ResourceStockpileBox(5328000498) path=train/9 pos=281265,168113,11002 scale=100 state=idle visual=281244,168794,11152 yaw=14400 t=14919135 id=49
[SMRTK] SMRTK_DUMP bbox_max=47,48,114 bbox_min=-51,-49,0 entity=ResourceFuel leg=train_part object=ResourceStockpileBox(5328000498) path=train/9 pos=281265,168113,11002 scale=100 state=idle visual=281244,168794,11152 yaw=14400 t=14919135 id=49
[mod] [SMRTK] SMRTK_DUMP bbox_max=47,48,114 bbox_min=-51,-49,0 entity=ResourceFuel leg=train_part object=ResourceStockpileBox(5348812938) path=train/10 pos=281208,168015,11002 scale=100 state=idle visual=281156,168845,11152 yaw=14400 t=14919135 id=50
[SMRTK] SMRTK_DUMP bbox_max=47,48,114 bbox_min=-51,-49,0 entity=ResourceFuel leg=train_part object=ResourceStockpileBox(5348812938) path=train/10 pos=281208,168015,11002 scale=100 state=idle visual=281156,168845,11152 yaw=14400 t=14919135 id=50
[mod] [SMRTK] SMRTK_DUMP bbox_max=47,48,114 bbox_min=-51,-49,0 entity=ResourceFuel leg=train_part object=ResourceStockpileBox(6143370010) path=train/11 pos=281152,167917,11002 scale=100 state=idle visual=281068,168896,11152 yaw=14400 t=14919135 id=51
[SMRTK] SMRTK_DUMP bbox_max=47,48,114 bbox_min=-51,-49,0 entity=ResourceFuel leg=train_part object=ResourceStockpileBox(6143370010) path=train/11 pos=281152,167917,11002 scale=100 state=idle visual=281068,168896,11152 yaw=14400 t=14919135 id=51
[mod] [SMRTK] SMRTK_DUMP bbox_max=47,48,114 bbox_min=-51,-49,0 entity=ResourceFuel leg=train_part object=ResourceStockpileBox(5525256013) path=train/12 pos=281164,168171,11002 scale=100 state=idle visual=281296,168884,11152 yaw=14400 t=14919135 id=52
[SMRTK] SMRTK_DUMP bbox_max=47,48,114 bbox_min=-51,-49,0 entity=ResourceFuel leg=train_part object=ResourceStockpileBox(5525256013) path=train/12 pos=281164,168171,11002 scale=100 state=idle visual=281296,168884,11152 yaw=14400 t=14919135 id=52
[mod] [SMRTK] SMRTK_DUMP bbox_max=47,48,114 bbox_min=-51,-49,0 entity=ResourceFuel leg=train_part object=ResourceStockpileBox(5860429359) path=train/13 pos=281108,168073,11002 scale=100 state=idle visual=281208,168935,11152 yaw=14400 t=14919135 id=53
[SMRTK] SMRTK_DUMP bbox_max=47,48,114 bbox_min=-51,-49,0 entity=ResourceFuel leg=train_part object=ResourceStockpileBox(5860429359) path=train/13 pos=281108,168073,11002 scale=100 state=idle visual=281208,168935,11152 yaw=14400 t=14919135 id=53
[mod] [SMRTK] SMRTK_DUMP bbox_max=47,48,114 bbox_min=-51,-49,0 entity=ResourceFuel leg=train_part object=ResourceStockpileBox(5687264392) path=train/14 pos=281051,167975,11002 scale=100 state=idle visual=281120,168986,11152 yaw=14400 t=14919135 id=54
[SMRTK] SMRTK_DUMP bbox_max=47,48,114 bbox_min=-51,-49,0 entity=ResourceFuel leg=train_part object=ResourceStockpileBox(5687264392) path=train/14 pos=281051,167975,11002 scale=100 state=idle visual=281120,168986,11152 yaw=14400 t=14919135 id=54
[mod] [SMRTK] SMRTK_DUMP bbox_max=47,48,114 bbox_min=-51,-49,0 entity=ResourceFuel leg=train_part object=ResourceStockpileBox(6004959204) path=train/15 pos=281064,168229,11002 scale=100 state=idle visual=281348,168975,11152 yaw=14400 t=14919135 id=55
[SMRTK] SMRTK_DUMP bbox_max=47,48,114 bbox_min=-51,-49,0 entity=ResourceFuel leg=train_part object=ResourceStockpileBox(6004959204) path=train/15 pos=281064,168229,11002 scale=100 state=idle visual=281348,168975,11152 yaw=14400 t=14919135 id=55
[mod] [SMRTK] SMRTK_DUMP bbox_max=47,48,114 bbox_min=-51,-49,0 entity=ResourceFuel leg=train_part object=ResourceStockpileBox(6130989452) path=train/16 pos=281007,168131,11002 scale=100 state=idle visual=281260,169026,11152 yaw=14400 t=14919135 id=56
[SMRTK] SMRTK_DUMP bbox_max=47,48,114 bbox_min=-51,-49,0 entity=ResourceFuel leg=train_part object=ResourceStockpileBox(6130989452) path=train/16 pos=281007,168131,11002 scale=100 state=idle visual=281260,169026,11152 yaw=14400 t=14919135 id=56
[mod] [SMRTK] SMRTK_DUMP bbox_max=47,48,114 bbox_min=-51,-49,0 entity=ResourceFuel leg=train_part object=ResourceStockpileBox(6107524330) path=train/17 pos=280951,168033,11002 scale=100 state=idle visual=281172,169076,11152 yaw=14400 t=14919135 id=57
[SMRTK] SMRTK_DUMP bbox_max=47,48,114 bbox_min=-51,-49,0 entity=ResourceFuel leg=train_part object=ResourceStockpileBox(6107524330) path=train/17 pos=280951,168033,11002 scale=100 state=idle visual=281172,169076,11152 yaw=14400 t=14919135 id=57
[mod] [SMRTK] SMRTK_DUMP bbox_max=47,48,114 bbox_min=-51,-49,0 entity=ResourceFuel leg=train_part object=ResourceStockpileBox(5810363853) path=train/18 pos=280963,168287,11002 scale=100 state=idle visual=281401,169065,11152 yaw=14400 t=14919135 id=58
[SMRTK] SMRTK_DUMP bbox_max=47,48,114 bbox_min=-51,-49,0 entity=ResourceFuel leg=train_part object=ResourceStockpileBox(5810363853) path=train/18 pos=280963,168287,11002 scale=100 state=idle visual=281401,169065,11152 yaw=14400 t=14919135 id=58
[mod] [SMRTK] SMRTK_DUMP bbox_max=47,48,114 bbox_min=-51,-49,0 entity=ResourceFuel leg=train_part object=ResourceStockpileBox(5521088843) path=train/19 pos=280907,168189,11002 scale=100 state=idle visual=281312,169116,11152 yaw=14400 t=14919135 id=59
[SMRTK] SMRTK_DUMP bbox_max=47,48,114 bbox_min=-51,-49,0 entity=ResourceFuel leg=train_part object=ResourceStockpileBox(5521088843) path=train/19 pos=280907,168189,11002 scale=100 state=idle visual=281312,169116,11152 yaw=14400 t=14919135 id=59
[mod] [SMRTK] SMRTK_DUMP bbox_max=49,51,100 bbox_min=-49,-49,0 entity=ResourceCoffe leg=train_part object=ResourceStockpileBox(5654493518) path=train/20 pos=280850,168091,11002 scale=100 state=idle visual=281224,169167,11152 yaw=14400 t=14919135 id=60
[SMRTK] SMRTK_DUMP bbox_max=49,51,100 bbox_min=-49,-49,0 entity=ResourceCoffe leg=train_part object=ResourceStockpileBox(5654493518) path=train/20 pos=280850,168091,11002 scale=100 state=idle visual=281224,169167,11152 yaw=14400 t=14919135 id=60
[mod] [SMRTK] SMRTK_DUMP bbox_max=49,51,100 bbox_min=-49,-49,0 entity=ResourceCoffe leg=train_part object=ResourceStockpileBox(5444518419) path=train/21 pos=280863,168345,11002 scale=100 state=idle visual=281453,169156,11152 yaw=14400 t=14919135 id=61
[SMRTK] SMRTK_DUMP bbox_max=49,51,100 bbox_min=-49,-49,0 entity=ResourceCoffe leg=train_part object=ResourceStockpileBox(5444518419) path=train/21 pos=280863,168345,11002 scale=100 state=idle visual=281453,169156,11152 yaw=14400 t=14919135 id=61
[mod] [SMRTK] SMRTK_DUMP bbox_max=49,51,100 bbox_min=-49,-49,0 entity=ResourceCoffe leg=train_part object=ResourceStockpileBox(5417979958) path=train/22 pos=280807,168247,11002 scale=100 state=idle visual=281365,169206,11152 yaw=14400 t=14919135 id=62
[SMRTK] SMRTK_DUMP bbox_max=49,51,100 bbox_min=-49,-49,0 entity=ResourceCoffe leg=train_part object=ResourceStockpileBox(5417979958) path=train/22 pos=280807,168247,11002 scale=100 state=idle visual=281365,169206,11152 yaw=14400 t=14919135 id=62
[mod] [SMRTK] SMRTK_DUMP bbox_max=49,51,100 bbox_min=-49,-49,0 entity=ResourceCoffe leg=train_part object=ResourceStockpileBox(5725791430) path=train/23 pos=280750,168149,11002 scale=100 state=idle visual=281277,169257,11152 yaw=14400 t=14919135 id=63
						Lua 0:00:29:711
[SMRTK] SMRTK_DUMP bbox_max=49,51,100 bbox_min=-49,-49,0 entity=ResourceCoffe leg=train_part object=ResourceStockpileBox(5725791430) path=train/23 pos=280750,168149,11002 scale=100 state=idle visual=281277,169257,11152 yaw=14400 t=14919135 id=63
[mod] [SMRTK] SMRTK_DUMP bbox_max=49,51,100 bbox_min=-49,-49,0 entity=ResourceCoffe leg=train_part object=ResourceStockpileBox(5553452234) path=train/24 pos=281466,167997,10901 scale=100 state=idle visual=281140,168613,11061 yaw=14400 t=14919135 id=64
[SMRTK] SMRTK_DUMP bbox_max=49,51,100 bbox_min=-49,-49,0 entity=ResourceCoffe leg=train_part object=ResourceStockpileBox(5553452234) path=train/24 pos=281466,167997,10901 scale=100 state=idle visual=281140,168613,11061 yaw=14400 t=14919135 id=64
[mod] [SMRTK] SMRTK_DUMP bbox_max=49,51,100 bbox_min=-49,-49,0 entity=ResourceCoffe leg=train_part object=ResourceStockpileBox(6090375769) path=train/25 pos=281409,167899,10901 scale=100 state=idle visual=281052,168664,11061 yaw=14400 t=14919135 id=65
[SMRTK] SMRTK_DUMP bbox_max=49,51,100 bbox_min=-49,-49,0 entity=ResourceCoffe leg=train_part object=ResourceStockpileBox(6090375769) path=train/25 pos=281409,167899,10901 scale=100 state=idle visual=281052,168664,11061 yaw=14400 t=14919135 id=65
[mod] [SMRTK] SMRTK_DUMP bbox_max=49,51,100 bbox_min=-49,-49,0 entity=ResourceCoffe leg=train_part object=ResourceStockpileBox(5665613763) path=train/26 pos=281353,167801,10901 scale=100 state=idle visual=280964,168715,11061 yaw=14400 t=14919135 id=66
[SMRTK] SMRTK_DUMP bbox_max=49,51,100 bbox_min=-49,-49,0 entity=ResourceCoffe leg=train_part object=ResourceStockpileBox(5665613763) path=train/26 pos=281353,167801,10901 scale=100 state=idle visual=280964,168715,11061 yaw=14400 t=14919135 id=66
[mod] [SMRTK] SMRTK_DUMP bbox_max=49,51,100 bbox_min=-49,-49,0 entity=ResourceCoffe leg=train_part object=ResourceStockpileBox(5708642586) path=train/27 pos=281365,168055,10901 scale=100 state=idle visual=281192,168703,11061 yaw=14400 t=14919135 id=67
[SMRTK] SMRTK_DUMP bbox_max=49,51,100 bbox_min=-49,-49,0 entity=ResourceCoffe leg=train_part object=ResourceStockpileBox(5708642586) path=train/27 pos=281365,168055,10901 scale=100 state=idle visual=281192,168703,11061 yaw=14400 t=14919135 id=67
[mod] [SMRTK] SMRTK_DUMP bbox_max=49,51,100 bbox_min=-49,-49,0 entity=ResourceCoffe leg=train_part object=ResourceStockpileBox(5801920214) path=train/28 pos=281309,167957,10901 scale=100 state=idle visual=281104,168754,11061 yaw=14400 t=14919135 id=68
[SMRTK] SMRTK_DUMP bbox_max=49,51,100 bbox_min=-49,-49,0 entity=ResourceCoffe leg=train_part object=ResourceStockpileBox(5801920214) path=train/28 pos=281309,167957,10901 scale=100 state=idle visual=281104,168754,11061 yaw=14400 t=14919135 id=68
[mod] [SMRTK] SMRTK_DUMP bbox_max=49,51,100 bbox_min=-49,-49,0 entity=ResourceCoffe leg=train_part object=ResourceStockpileBox(5749095783) path=train/29 pos=281252,167859,10901 scale=100 state=idle visual=281016,168805,11061 yaw=14400 t=14919135 id=69
[SMRTK] SMRTK_DUMP bbox_max=49,51,100 bbox_min=-49,-49,0 entity=ResourceCoffe leg=train_part object=ResourceStockpileBox(5749095783) path=train/29 pos=281252,167859,10901 scale=100 state=idle visual=281016,168805,11061 yaw=14400 t=14919135 id=69
[mod] [SMRTK] SMRTK_DUMP bbox_max=49,51,100 bbox_min=-49,-49,0 entity=ResourceCoffe leg=train_part object=ResourceStockpileBox(5596742023) path=train/30 pos=281265,168113,10901 scale=100 state=idle visual=281244,168794,11061 yaw=14400 t=14919135 id=70
[SMRTK] SMRTK_DUMP bbox_max=49,51,100 bbox_min=-49,-49,0 entity=ResourceCoffe leg=train_part object=ResourceStockpileBox(5596742023) path=train/30 pos=281265,168113,10901 scale=100 state=idle visual=281244,168794,11061 yaw=14400 t=14919135 id=70
[mod] [SMRTK] SMRTK_DUMP bbox_max=49,51,100 bbox_min=-49,-49,0 entity=ResourceCoffe leg=train_part object=ResourceStockpileBox(5821163920) path=train/31 pos=281208,168015,10901 scale=100 state=idle visual=281156,168845,11061 yaw=14400 t=14919135 id=71
[SMRTK] SMRTK_DUMP bbox_max=49,51,100 bbox_min=-49,-49,0 entity=ResourceCoffe leg=train_part object=ResourceStockpileBox(5821163920) path=train/31 pos=281208,168015,10901 scale=100 state=idle visual=281156,168845,11061 yaw=14400 t=14919135 id=71
[mod] [SMRTK] SMRTK_DUMP bbox_max=49,51,100 bbox_min=-49,-49,0 entity=ResourceCoffe leg=train_part object=ResourceStockpileBox(6009216656) path=train/32 pos=281152,167917,10901 scale=100 state=idle visual=281068,168895,11061 yaw=14400 t=14919135 id=72
[SMRTK] SMRTK_DUMP bbox_max=49,51,100 bbox_min=-49,-49,0 entity=ResourceCoffe leg=train_part object=ResourceStockpileBox(6009216656) path=train/32 pos=281152,167917,10901 scale=100 state=idle visual=281068,168895,11061 yaw=14400 t=14919135 id=72
[mod] [SMRTK] SMRTK_DUMP bbox_max=49,51,100 bbox_min=-49,-49,0 entity=ResourceCoffe leg=train_part object=ResourceStockpileBox(5919339204) path=train/33 pos=281164,168171,10901 scale=100 state=idle visual=281296,168884,11061 yaw=14400 t=14919135 id=73
[SMRTK] SMRTK_DUMP bbox_max=49,51,100 bbox_min=-49,-49,0 entity=ResourceCoffe leg=train_part object=ResourceStockpileBox(5919339204) path=train/33 pos=281164,168171,10901 scale=100 state=idle visual=281296,168884,11061 yaw=14400 t=14919135 id=73
[mod] [SMRTK] SMRTK_DUMP bbox_max=49,49,102 bbox_min=-49,-49,1 entity=ResourceMeat leg=train_part object=ResourceStockpileBox(5772027199) path=train/34 pos=281108,168073,10901 scale=100 state=idle visual=281208,168935,11061 yaw=14400 t=14919135 id=74
[SMRTK] SMRTK_DUMP bbox_max=49,49,102 bbox_min=-49,-49,1 entity=ResourceMeat leg=train_part object=ResourceStockpileBox(5772027199) path=train/34 pos=281108,168073,10901 scale=100 state=idle visual=281208,168935,11061 yaw=14400 t=14919135 id=74
[mod] [SMRTK] SMRTK_DUMP bbox_max=49,49,102 bbox_min=-49,-49,1 entity=ResourceMeat leg=train_part object=ResourceStockpileBox(5300549017) path=train/35 pos=281051,167975,10901 scale=100 state=idle visual=281120,168986,11061 yaw=14400 t=14919135 id=75
[SMRTK] SMRTK_DUMP bbox_max=49,49,102 bbox_min=-49,-49,1 entity=ResourceMeat leg=train_part object=ResourceStockpileBox(5300549017) path=train/35 pos=281051,167975,10901 scale=100 state=idle visual=281120,168986,11061 yaw=14400 t=14919135 id=75
[mod] [SMRTK] SMRTK_DUMP bbox_max=49,49,102 bbox_min=-49,-49,1 entity=ResourceMeat leg=train_part object=ResourceStockpileBox(5673620031) path=train/36 pos=281064,168229,10901 scale=100 state=idle visual=281348,168975,11061 yaw=14400 t=14919135 id=76
[SMRTK] SMRTK_DUMP bbox_max=49,49,102 bbox_min=-49,-49,1 entity=ResourceMeat leg=train_part object=ResourceStockpileBox(5673620031) path=train/36 pos=281064,168229,10901 scale=100 state=idle visual=281348,168975,11061 yaw=14400 t=14919135 id=76
[mod] [SMRTK] SMRTK_DUMP bbox_max=49,49,102 bbox_min=-49,-49,1 entity=ResourceMeat leg=train_part object=ResourceStockpileBox(5894904835) path=train/37 pos=281007,168131,10901 scale=100 state=idle visual=281260,169026,11061 yaw=14400 t=14919135 id=77
[SMRTK] SMRTK_DUMP bbox_max=49,49,102 bbox_min=-49,-49,1 entity=ResourceMeat leg=train_part object=ResourceStockpileBox(5894904835) path=train/37 pos=281007,168131,10901 scale=100 state=idle visual=281260,169026,11061 yaw=14400 t=14919135 id=77
[mod] [SMRTK] SMRTK_DUMP bbox_max=49,49,102 bbox_min=-49,-49,1 entity=ResourceMeat leg=train_part object=ResourceStockpileBox(5819671843) path=train/38 pos=280951,168033,10901 scale=100 state=idle visual=281172,169076,11061 yaw=14400 t=14919135 id=78
[SMRTK] SMRTK_DUMP bbox_max=49,49,102 bbox_min=-49,-49,1 entity=ResourceMeat leg=train_part object=ResourceStockpileBox(5819671843) path=train/38 pos=280951,168033,10901 scale=100 state=idle visual=281172,169076,11061 yaw=14400 t=14919135 id=78
[mod] [SMRTK] SMRTK_DUMP bbox_max=49,49,102 bbox_min=-49,-49,1 entity=ResourceMeat leg=train_part object=ResourceStockpileBox(5885205594) path=train/39 pos=280963,168287,10901 scale=100 state=idle visual=281401,169065,11061 yaw=14400 t=14919135 id=79
[SMRTK] SMRTK_DUMP bbox_max=49,49,102 bbox_min=-49,-49,1 entity=ResourceMeat leg=train_part object=ResourceStockpileBox(5885205594) path=train/39 pos=280963,168287,10901 scale=100 state=idle visual=281401,169065,11061 yaw=14400 t=14919135 id=79
[mod] [SMRTK] SMRTK_DUMP bbox_max=49,49,102 bbox_min=-49,-49,1 entity=ResourceMeat leg=train_part object=ResourceStockpileBox(5505838280) path=train/40 pos=280907,168189,10901 scale=100 state=idle visual=281312,169116,11061 yaw=14400 t=14919135 id=80
[SMRTK] SMRTK_DUMP bbox_max=49,49,102 bbox_min=-49,-49,1 entity=ResourceMeat leg=train_part object=ResourceStockpileBox(5505838280) path=train/40 pos=280907,168189,10901 scale=100 state=idle visual=281312,169116,11061 yaw=14400 t=14919135 id=80
[mod] [SMRTK] SMRTK_DUMP bbox_max=49,49,102 bbox_min=-49,-49,1 entity=ResourceMeat leg=train_part object=ResourceStockpileBox(6025709891) path=train/41 pos=280850,168091,10901 scale=100 state=idle visual=281224,169167,11061 yaw=14400 t=14919135 id=81
[SMRTK] SMRTK_DUMP bbox_max=49,49,102 bbox_min=-49,-49,1 entity=ResourceMeat leg=train_part object=ResourceStockpileBox(6025709891) path=train/41 pos=280850,168091,10901 scale=100 state=idle visual=281224,169167,11061 yaw=14400 t=14919135 id=81
[mod] [SMRTK] SMRTK_DUMP bbox_max=49,49,102 bbox_min=-49,-49,1 entity=ResourceMeat leg=train_part object=ResourceStockpileBox(5586126274) path=train/42 pos=280863,168345,10901 scale=100 state=idle visual=281453,169156,11061 yaw=14400 t=14919135 id=82
[SMRTK] SMRTK_DUMP bbox_max=49,49,102 bbox_min=-49,-49,1 entity=ResourceMeat leg=train_part object=ResourceStockpileBox(5586126274) path=train/42 pos=280863,168345,10901 scale=100 state=idle visual=281453,169156,11061 yaw=14400 t=14919135 id=82
[mod] [SMRTK] SMRTK_DUMP bbox_max=49,49,102 bbox_min=-49,-49,1 entity=ResourceMeat leg=train_part object=ResourceStockpileBox(5806704068) path=train/43 pos=280807,168247,10901 scale=100 state=idle visual=281365,169206,11061 yaw=14400 t=14919135 id=83
[SMRTK] SMRTK_DUMP bbox_max=49,49,102 bbox_min=-49,-49,1 entity=ResourceMeat leg=train_part object=ResourceStockpileBox(5806704068) path=train/43 pos=280807,168247,10901 scale=100 state=idle visual=281365,169206,11061 yaw=14400 t=14919135 id=83
[mod] [SMRTK] SMRTK_DUMP bbox_max=49,49,102 bbox_min=-49,-49,1 entity=ResourceMeat leg=train_part object=ResourceStockpileBox(6055680494) path=train/44 pos=280750,168149,10901 scale=100 state=idle visual=281277,169257,11061 yaw=14400 t=14919135 id=84
[SMRTK] SMRTK_DUMP bbox_max=49,49,102 bbox_min=-49,-49,1 entity=ResourceMeat leg=train_part object=ResourceStockpileBox(6055680494) path=train/44 pos=280750,168149,10901 scale=100 state=idle visual=281277,169257,11061 yaw=14400 t=14919135 id=84
[mod] [SMRTK] SMRTK_DUMP bbox_max=49,49,102 bbox_min=-49,-49,1 entity=ResourceMeat leg=train_part object=ResourceStockpileBox(5584535705) path=train/45 pos=281466,167997,10800 scale=100 state=idle visual=281140,168613,10970 yaw=14400 t=14919135 id=85
[SMRTK] SMRTK_DUMP bbox_max=49,49,102 bbox_min=-49,-49,1 entity=ResourceMeat leg=train_part object=ResourceStockpileBox(5584535705) path=train/45 pos=281466,167997,10800 scale=100 state=idle visual=281140,168613,10970 yaw=14400 t=14919135 id=85
[mod] [SMRTK] SMRTK_DUMP bbox_max=49,49,102 bbox_min=-49,-49,1 entity=ResourceMeat leg=train_part object=ResourceStockpileBox(5839237337) path=train/46 pos=281409,167899,10800 scale=100 state=idle visual=281052,168664,10970 yaw=14400 t=14919135 id=86
[SMRTK] SMRTK_DUMP bbox_max=49,49,102 bbox_min=-49,-49,1 entity=ResourceMeat leg=train_part object=ResourceStockpileBox(5839237337) path=train/46 pos=281409,167899,10800 scale=100 state=idle visual=281052,168664,10970 yaw=14400 t=14919135 id=86
[mod] [SMRTK] SMRTK_DUMP bbox_max=49,49,102 bbox_min=-49,-49,1 entity=ResourceMeat leg=train_part object=ResourceStockpileBox(5895137628) path=train/47 pos=281353,167801,10800 scale=100 state=idle visual=280964,168715,10970 yaw=14400 t=14919135 id=87
						Lua 0:00:29:712
[SMRTK] SMRTK_DUMP bbox_max=49,49,102 bbox_min=-49,-49,1 entity=ResourceMeat leg=train_part object=ResourceStockpileBox(5895137628) path=train/47 pos=281353,167801,10800 scale=100 state=idle visual=280964,168715,10970 yaw=14400 t=14919135 id=87
[mod] [SMRTK] SMRTK_DUMP bbox_max=49,49,102 bbox_min=-49,-49,1 entity=ResourceMeat leg=train_part object=ResourceStockpileBox(5501833635) path=train/48 pos=281365,168055,10800 scale=100 state=idle visual=281192,168703,10970 yaw=14400 t=14919135 id=88
[SMRTK] SMRTK_DUMP bbox_max=49,49,102 bbox_min=-49,-49,1 entity=ResourceMeat leg=train_part object=ResourceStockpileBox(5501833635) path=train/48 pos=281365,168055,10800 scale=100 state=idle visual=281192,168703,10970 yaw=14400 t=14919135 id=88
[mod] [SMRTK] SMRTK_DUMP bbox_max=49,49,102 bbox_min=-49,-49,1 entity=ResourceMeat leg=train_part object=ResourceStockpileBox(6091213841) path=train/49 pos=281309,167957,10800 scale=100 state=idle visual=281104,168754,10970 yaw=14400 t=14919135 id=89
[SMRTK] SMRTK_DUMP bbox_max=49,49,102 bbox_min=-49,-49,1 entity=ResourceMeat leg=train_part object=ResourceStockpileBox(6091213841) path=train/49 pos=281309,167957,10800 scale=100 state=idle visual=281104,168754,10970 yaw=14400 t=14919135 id=89
[mod] [SMRTK] SMRTK_DUMP bbox_max=47,51,100 bbox_min=-53,-50,3 entity=ResourceMachineParts leg=train_part object=ResourceStockpileBox(6052591975) path=train/50 pos=281252,167859,10800 scale=100 state=idle visual=281016,168805,10970 yaw=14400 t=14919135 id=90
[SMRTK] SMRTK_DUMP bbox_max=47,51,100 bbox_min=-53,-50,3 entity=ResourceMachineParts leg=train_part object=ResourceStockpileBox(6052591975) path=train/50 pos=281252,167859,10800 scale=100 state=idle visual=281016,168805,10970 yaw=14400 t=14919135 id=90
[mod] [SMRTK] SMRTK_DUMP bbox_max=47,51,100 bbox_min=-53,-50,3 entity=ResourceMachineParts leg=train_part object=ResourceStockpileBox(5803675911) path=train/51 pos=281265,168113,10800 scale=100 state=idle visual=281244,168794,10970 yaw=14400 t=14919135 id=91
[SMRTK] SMRTK_DUMP bbox_max=47,51,100 bbox_min=-53,-50,3 entity=ResourceMachineParts leg=train_part object=ResourceStockpileBox(5803675911) path=train/51 pos=281265,168113,10800 scale=100 state=idle visual=281244,168794,10970 yaw=14400 t=14919135 id=91
[mod] [SMRTK] SMRTK_DUMP bbox_max=47,51,100 bbox_min=-53,-50,3 entity=ResourceMachineParts leg=train_part object=ResourceStockpileBox(5816447252) path=train/52 pos=281208,168015,10800 scale=100 state=idle visual=281156,168845,10970 yaw=14400 t=14919135 id=92
[SMRTK] SMRTK_DUMP bbox_max=47,51,100 bbox_min=-53,-50,3 entity=ResourceMachineParts leg=train_part object=ResourceStockpileBox(5816447252) path=train/52 pos=281208,168015,10800 scale=100 state=idle visual=281156,168845,10970 yaw=14400 t=14919135 id=92
[mod] [SMRTK] SMRTK_DUMP bbox_max=47,51,100 bbox_min=-53,-50,3 entity=ResourceMachineParts leg=train_part object=ResourceStockpileBox(5451449773) path=train/53 pos=281152,167917,10800 scale=100 state=idle visual=281068,168895,10970 yaw=14400 t=14919135 id=93
[SMRTK] SMRTK_DUMP bbox_max=47,51,100 bbox_min=-53,-50,3 entity=ResourceMachineParts leg=train_part object=ResourceStockpileBox(5451449773) path=train/53 pos=281152,167917,10800 scale=100 state=idle visual=281068,168895,10970 yaw=14400 t=14919135 id=93
[mod] [SMRTK] SMRTK_DUMP bbox_max=47,51,100 bbox_min=-53,-50,3 entity=ResourceMachineParts leg=train_part object=ResourceStockpileBox(5498908901) path=train/54 pos=281164,168171,10800 scale=100 state=idle visual=281296,168884,10970 yaw=14400 t=14919135 id=94
[SMRTK] SMRTK_DUMP bbox_max=47,51,100 bbox_min=-53,-50,3 entity=ResourceMachineParts leg=train_part object=ResourceStockpileBox(5498908901) path=train/54 pos=281164,168171,10800 scale=100 state=idle visual=281296,168884,10970 yaw=14400 t=14919135 id=94
[mod] [SMRTK] SMRTK_DUMP bbox_max=47,51,100 bbox_min=-53,-50,3 entity=ResourceMachineParts leg=train_part object=ResourceStockpileBox(5411991699) path=train/55 pos=281108,168073,10800 scale=100 state=idle visual=281208,168935,10970 yaw=14400 t=14919135 id=95
[SMRTK] SMRTK_DUMP bbox_max=47,51,100 bbox_min=-53,-50,3 entity=ResourceMachineParts leg=train_part object=ResourceStockpileBox(5411991699) path=train/55 pos=281108,168073,10800 scale=100 state=idle visual=281208,168935,10970 yaw=14400 t=14919135 id=95
[mod] [SMRTK] SMRTK_DUMP bbox_max=47,51,100 bbox_min=-53,-50,3 entity=ResourceMachineParts leg=train_part object=ResourceStockpileBox(6005956684) path=train/56 pos=281051,167975,10800 scale=100 state=idle visual=281120,168986,10970 yaw=14400 t=14919135 id=96
[SMRTK] SMRTK_DUMP bbox_max=47,51,100 bbox_min=-53,-50,3 entity=ResourceMachineParts leg=train_part object=ResourceStockpileBox(6005956684) path=train/56 pos=281051,167975,10800 scale=100 state=idle visual=281120,168986,10970 yaw=14400 t=14919135 id=96
[mod] [SMRTK] SMRTK_DUMP bbox_max=47,51,100 bbox_min=-53,-50,3 entity=ResourceMachineParts leg=train_part object=ResourceStockpileBox(5580580669) path=train/57 pos=281064,168229,10800 scale=100 state=idle visual=281348,168975,10970 yaw=14400 t=14919135 id=97
[SMRTK] SMRTK_DUMP bbox_max=47,51,100 bbox_min=-53,-50,3 entity=ResourceMachineParts leg=train_part object=ResourceStockpileBox(5580580669) path=train/57 pos=281064,168229,10800 scale=100 state=idle visual=281348,168975,10970 yaw=14400 t=14919135 id=97
[mod] [SMRTK] SMRTK_DUMP bbox_max=47,51,100 bbox_min=-53,-50,3 entity=ResourceMachineParts leg=train_part object=ResourceStockpileBox(5973962601) path=train/58 pos=281007,168131,10800 scale=100 state=idle visual=281260,169025,10970 yaw=14400 t=14919135 id=98
[SMRTK] SMRTK_DUMP bbox_max=47,51,100 bbox_min=-53,-50,3 entity=ResourceMachineParts leg=train_part object=ResourceStockpileBox(5973962601) path=train/58 pos=281007,168131,10800 scale=100 state=idle visual=281260,169025,10970 yaw=14400 t=14919135 id=98
[mod] [SMRTK] SMRTK_DUMP bbox_max=47,51,100 bbox_min=-53,-50,3 entity=ResourceMachineParts leg=train_part object=ResourceStockpileBox(5319362219) path=train/59 pos=280951,168033,10800 scale=100 state=idle visual=281172,169076,10970 yaw=14400 t=14919135 id=99
[SMRTK] SMRTK_DUMP bbox_max=47,51,100 bbox_min=-53,-50,3 entity=ResourceMachineParts leg=train_part object=ResourceStockpileBox(5319362219) path=train/59 pos=280951,168033,10800 scale=100 state=idle visual=281172,169076,10970 yaw=14400 t=14919135 id=99
[mod] [SMRTK] SMRTK_DUMP bbox_max=47,51,100 bbox_min=-53,-50,3 entity=ResourceMachineParts leg=train_part object=ResourceStockpileBox(5879124315) path=train/60 pos=280963,168287,10800 scale=100 state=idle visual=281401,169065,10970 yaw=14400 t=14919135 id=100
[SMRTK] SMRTK_DUMP bbox_max=47,51,100 bbox_min=-53,-50,3 entity=ResourceMachineParts leg=train_part object=ResourceStockpileBox(5879124315) path=train/60 pos=280963,168287,10800 scale=100 state=idle visual=281401,169065,10970 yaw=14400 t=14919135 id=100
[mod] [SMRTK] SMRTK_DUMP bbox_max=47,51,100 bbox_min=-53,-50,3 entity=ResourceMachineParts leg=train_part object=ResourceStockpileBox(5357132298) path=train/61 pos=280907,168189,10800 scale=100 state=idle visual=281313,169116,10970 yaw=14400 t=14919135 id=101
[SMRTK] SMRTK_DUMP bbox_max=47,51,100 bbox_min=-53,-50,3 entity=ResourceMachineParts leg=train_part object=ResourceStockpileBox(5357132298) path=train/61 pos=280907,168189,10800 scale=100 state=idle visual=281313,169116,10970 yaw=14400 t=14919135 id=101
[mod] [SMRTK] SMRTK_DUMP bbox_max=47,51,100 bbox_min=-53,-50,3 entity=ResourceMachineParts leg=train_part object=ResourceStockpileBox(5935138420) path=train/62 pos=280850,168091,10800 scale=100 state=idle visual=281224,169167,10970 yaw=14400 t=14919135 id=102
[SMRTK] SMRTK_DUMP bbox_max=47,51,100 bbox_min=-53,-50,3 entity=ResourceMachineParts leg=train_part object=ResourceStockpileBox(5935138420) path=train/62 pos=280850,168091,10800 scale=100 state=idle visual=281224,169167,10970 yaw=14400 t=14919135 id=102
[mod] [SMRTK] SMRTK_DUMP bbox_max=47,51,100 bbox_min=-53,-50,3 entity=ResourceMachineParts leg=train_part object=ResourceStockpileBox(5540151126) path=train/63 pos=280863,168345,10800 scale=100 state=idle visual=281453,169156,10970 yaw=14400 t=14919135 id=103
[SMRTK] SMRTK_DUMP bbox_max=47,51,100 bbox_min=-53,-50,3 entity=ResourceMachineParts leg=train_part object=ResourceStockpileBox(5540151126) path=train/63 pos=280863,168345,10800 scale=100 state=idle visual=281453,169156,10970 yaw=14400 t=14919135 id=103
[mod] [SMRTK] SMRTK_DUMP bbox_max=47,51,100 bbox_min=-53,-50,3 entity=ResourceMachineParts leg=train_part object=ResourceStockpileBox(5525798385) path=train/64 pos=280807,168247,10800 scale=100 state=idle visual=281365,169206,10970 yaw=14400 t=14919135 id=104
[SMRTK] SMRTK_DUMP bbox_max=47,51,100 bbox_min=-53,-50,3 entity=ResourceMachineParts leg=train_part object=ResourceStockpileBox(5525798385) path=train/64 pos=280807,168247,10800 scale=100 state=idle visual=281365,169206,10970 yaw=14400 t=14919135 id=104
[mod] [SMRTK] SMRTK_DUMP bbox_max=47,51,100 bbox_min=-53,-50,3 entity=ResourceMachineParts leg=train_part object=ResourceStockpileBox(5581922021) path=train/65 pos=280750,168149,10800 scale=100 state=idle visual=281277,169257,10970 yaw=14400 t=14919135 id=105
[SMRTK] SMRTK_DUMP bbox_max=47,51,100 bbox_min=-53,-50,3 entity=ResourceMachineParts leg=train_part object=ResourceStockpileBox(5581922021) path=train/65 pos=280750,168149,10800 scale=100 state=idle visual=281277,169257,10970 yaw=14400 t=14919135 id=105
[mod] [SMRTK] SMRTK_MARK action=mark label=HUB3B_PARTS_END mark=116 status=OK t=14919135 id=106
[SMRTK] SMRTK_MARK action=mark label=HUB3B_PARTS_END mark=116 status=OK t=14919135 id=106
[mod] [SMRTK] SMRTK_FINGERPRINT action=fingerprint fix_pack_present=52/52 game=403908 mark_action=mark mods=SMR_CommunityFixPack,SMR_CommunityFixPackTestKit,SMR_CommunityOptInPack,SMR_TrainHubDev_20260918 pack_version=19 read="live registry" save="SpaceY Sol 21.savegame.sav" sol=21 status=OK t=14919135 id=107
[SMRTK] SMRTK_FINGERPRINT action=fingerprint fix_pack_present=52/52 game=403908 mark_action=mark mods=SMR_CommunityFixPack,SMR_CommunityFixPackTestKit,SMR_CommunityOptInPack,SMR_TrainHubDev_20260918 pack_version=19 read="live registry" save="SpaceY Sol 21.savegame.sav" sol=21 status=OK t=14919135 id=107
[mod] [SMRTK] SMRTK_ACTION action=slot_6 length_verdict="DISPUTED: compare visible train to hex grid" status=OK train=Train(2000001576) t=14919135 id=108
[SMRTK] SMRTK_ACTION action=slot_6 length_verdict="DISPUTED: compare visible train to hex grid" status=OK train=Train(2000001576) t=14919135 id=108
						Lua 0:00:31:875
[mod] [SMRTK] SMRTK_MARK action=screenshot_mark capture="native accepted" capture_id=0057 fallback=false label="Hub3b stage 2 loaded parked migration" mark=119 path=C:/Dev/SMR-ScreenCaptures/SMRTK_0057.png status=OK t=14919135 id=109
[SMRTK] SMRTK_MARK action=screenshot_mark capture="native accepted" capture_id=0057 fallback=false label="Hub3b stage 2 loaded parked migration" mark=119 path=C:/Dev/SMR-ScreenCaptures/SMRTK_0057.png status=OK t=14919135 id=109
[mod] [SMRTK] SMRTK_FINGERPRINT action=fingerprint fix_pack_present=52/52 game=403908 mark_action=screenshot_mark mods=SMR_CommunityFixPack,SMR_CommunityFixPackTestKit,SMR_CommunityOptInPack,SMR_TrainHubDev_20260918 pack_version=19 read="live registry" save="SpaceY Sol 21.savegame.sav" sol=21 status=OK t=14919135 id=110
[SMRTK] SMRTK_FINGERPRINT action=fingerprint fix_pack_present=52/52 game=403908 mark_action=screenshot_mark mods=SMR_CommunityFixPack,SMR_CommunityFixPackTestKit,SMR_CommunityOptInPack,SMR_TrainHubDev_20260918 pack_version=19 read="live registry" save="SpaceY Sol 21.savegame.sav" sol=21 status=OK t=14919135 id=110
[mod] [SMRTK] SMRTK_MARK action=mark label=HUB3B_TUNE_BEGIN mark=121 status=OK t=14919135 id=111
[SMRTK] SMRTK_MARK action=mark label=HUB3B_TUNE_BEGIN mark=121 status=OK t=14919135 id=111
[mod] [SMRTK] SMRTK_FINGERPRINT action=fingerprint fix_pack_present=52/52 game=403908 mark_action=mark mods=SMR_CommunityFixPack,SMR_CommunityFixPackTestKit,SMR_CommunityOptInPack,SMR_TrainHubDev_20260918 pack_version=19 read="live registry" save="SpaceY Sol 21.savegame.sav" sol=21 status=OK t=14919135 id=112
[SMRTK] SMRTK_FINGERPRINT action=fingerprint fix_pack_present=52/52 game=403908 mark_action=mark mods=SMR_CommunityFixPack,SMR_CommunityFixPackTestKit,SMR_CommunityOptInPack,SMR_TrainHubDev_20260918 pack_version=19 read="live registry" save="SpaceY Sol 21.savegame.sav" sol=21 status=OK t=14919135 id=112
[mod] [SMRTK] SMRTK_DUMP leg=park_setup moved=1 mutation="reposition paused parked trains" new=2100 old=2000 t=14919135 id=113
[SMRTK] SMRTK_DUMP leg=park_setup moved=1 mutation="reposition paused parked trains" new=2100 old=2000 t=14919135 id=113
[mod] [SMRTK] SMRTK_MARK action=mark label=HUB3B_TUNE_END mark=124 status=OK t=14919135 id=114
[SMRTK] SMRTK_MARK action=mark label=HUB3B_TUNE_END mark=124 status=OK t=14919135 id=114
[mod] [SMRTK] SMRTK_FINGERPRINT action=fingerprint fix_pack_present=52/52 game=403908 mark_action=mark mods=SMR_CommunityFixPack,SMR_CommunityFixPackTestKit,SMR_CommunityOptInPack,SMR_TrainHubDev_20260918 pack_version=19 read="live registry" save="SpaceY Sol 21.savegame.sav" sol=21 status=OK t=14919135 id=115
[SMRTK] SMRTK_FINGERPRINT action=fingerprint fix_pack_present=52/52 game=403908 mark_action=mark mods=SMR_CommunityFixPack,SMR_CommunityFixPackTestKit,SMR_CommunityOptInPack,SMR_TrainHubDev_20260918 pack_version=19 read="live registry" save="SpaceY Sol 21.savegame.sav" sol=21 status=OK t=14919135 id=115
[mod] [SMRTK] SMRTK_ACTION action=slot_5 leg=park_setup moved=1 mutation="reposition paused parked trains" new=2100 old=2000 status=OK t=14919135 id=116
[SMRTK] SMRTK_ACTION action=slot_5 leg=park_setup moved=1 mutation="reposition paused parked trains" new=2100 old=2000 status=OK t=14919135 id=116
[mod] [HUB3BSMOKE] TUNE outward true nil
[mod] [SMRTK] SMRTK_MARK action=mark label=HUB3B_TUNE_BEGIN mark=127 status=OK t=14919135 id=117
[SMRTK] SMRTK_MARK action=mark label=HUB3B_TUNE_BEGIN mark=127 status=OK t=14919135 id=117
[mod] [SMRTK] SMRTK_FINGERPRINT action=fingerprint fix_pack_present=52/52 game=403908 mark_action=mark mods=SMR_CommunityFixPack,SMR_CommunityFixPackTestKit,SMR_CommunityOptInPack,SMR_TrainHubDev_20260918 pack_version=19 read="live registry" save="SpaceY Sol 21.savegame.sav" sol=21 status=OK t=14919135 id=118
[SMRTK] SMRTK_FINGERPRINT action=fingerprint fix_pack_present=52/52 game=403908 mark_action=mark mods=SMR_CommunityFixPack,SMR_CommunityFixPackTestKit,SMR_CommunityOptInPack,SMR_TrainHubDev_20260918 pack_version=19 read="live registry" save="SpaceY Sol 21.savegame.sav" sol=21 status=OK t=14919135 id=118
						Lua 0:00:31:876
[mod] [SMRTK] SMRTK_DUMP leg=park_setup moved=1 mutation="reposition paused parked trains" new=2000 old=2100 t=14919135 id=119
[SMRTK] SMRTK_DUMP leg=park_setup moved=1 mutation="reposition paused parked trains" new=2000 old=2100 t=14919135 id=119
[mod] [SMRTK] SMRTK_MARK action=mark label=HUB3B_TUNE_END mark=130 status=OK t=14919135 id=120
[SMRTK] SMRTK_MARK action=mark label=HUB3B_TUNE_END mark=130 status=OK t=14919135 id=120
[mod] [SMRTK] SMRTK_FINGERPRINT action=fingerprint fix_pack_present=52/52 game=403908 mark_action=mark mods=SMR_CommunityFixPack,SMR_CommunityFixPackTestKit,SMR_CommunityOptInPack,SMR_TrainHubDev_20260918 pack_version=19 read="live registry" save="SpaceY Sol 21.savegame.sav" sol=21 status=OK t=14919135 id=121
[SMRTK] SMRTK_FINGERPRINT action=fingerprint fix_pack_present=52/52 game=403908 mark_action=mark mods=SMR_CommunityFixPack,SMR_CommunityFixPackTestKit,SMR_CommunityOptInPack,SMR_TrainHubDev_20260918 pack_version=19 read="live registry" save="SpaceY Sol 21.savegame.sav" sol=21 status=OK t=14919135 id=121
[mod] [SMRTK] SMRTK_ACTION action=slot_2 leg=park_setup moved=1 mutation="reposition paused parked trains" new=2000 old=2100 status=OK t=14919135 id=122
[SMRTK] SMRTK_ACTION action=slot_2 leg=park_setup moved=1 mutation="reposition paused parked trains" new=2000 old=2100 status=OK t=14919135 id=122
						Lua 0:00:34:074
[mod] [SMRTK] SMRTK_MARK action=screenshot_mark capture="native accepted" capture_id=0058 fallback=false label="Hub3b stage 2 park 2000 with hex grid" mark=133 path=C:/Dev/SMR-ScreenCaptures/SMRTK_0058.png status=OK t=14919135 id=123
[SMRTK] SMRTK_MARK action=screenshot_mark capture="native accepted" capture_id=0058 fallback=false label="Hub3b stage 2 park 2000 with hex grid" mark=133 path=C:/Dev/SMR-ScreenCaptures/SMRTK_0058.png status=OK t=14919135 id=123
[mod] [SMRTK] SMRTK_FINGERPRINT action=fingerprint fix_pack_present=52/52 game=403908 mark_action=screenshot_mark mods=SMR_CommunityFixPack,SMR_CommunityFixPackTestKit,SMR_CommunityOptInPack,SMR_TrainHubDev_20260918 pack_version=19 read="live registry" save="SpaceY Sol 21.savegame.sav" sol=21 status=OK t=14919135 id=124
[SMRTK] SMRTK_FINGERPRINT action=fingerprint fix_pack_present=52/52 game=403908 mark_action=screenshot_mark mods=SMR_CommunityFixPack,SMR_CommunityFixPackTestKit,SMR_CommunityOptInPack,SMR_TrainHubDev_20260918 pack_version=19 read="live registry" save="SpaceY Sol 21.savegame.sav" sol=21 status=OK t=14919135 id=124
[mod] [SMRTK] SMRTK_ACTION action=hub3b_hold mutation="vanilla Idle on parked train" status=OK train=2000001576 t=14919135 id=125
[SMRTK] SMRTK_ACTION action=hub3b_hold mutation="vanilla Idle on parked train" status=OK train=2000001576 t=14919135 id=125
						Lua 0:00:35:272
[mod] [SMRTK] SMRTK_ACTION action=hub3b_spare line=4 mutation="native AssignTrain; supply prefab if absent" prefabs_before=1 status=OK t=14920334 id=126
[SMRTK] SMRTK_ACTION action=hub3b_spare line=4 mutation="native AssignTrain; supply prefab if absent" prefabs_before=1 status=OK t=14920334 id=126
						Lua 0:00:35:324
[mod] [SMRTK] SMRTK_ACTION action=hub3b_hold mutation="vanilla Idle on parked train" status=OK train=2000001577 t=14920383 id=127
[SMRTK] SMRTK_ACTION action=hub3b_hold mutation="vanilla Idle on parked train" status=OK train=2000001577 t=14920383 id=127
[mod] [HUB3BSMOKE] SPARE_PARKED 2000001577
[mod] [SMRTK] SMRTK_MARK action=mark label=HUB3B_DEPART_BEGIN mark=138 status=OK t=14920383 id=128
[SMRTK] SMRTK_MARK action=mark label=HUB3B_DEPART_BEGIN mark=138 status=OK t=14920383 id=128
[mod] [SMRTK] SMRTK_FINGERPRINT action=fingerprint fix_pack_present=52/52 game=403908 mark_action=mark mods=SMR_CommunityFixPack,SMR_CommunityFixPackTestKit,SMR_CommunityOptInPack,SMR_TrainHubDev_20260918 pack_version=19 read="live registry" save="SpaceY Sol 21.savegame.sav" sol=21 status=OK t=14920383 id=129
[SMRTK] SMRTK_FINGERPRINT action=fingerprint fix_pack_present=52/52 game=403908 mark_action=mark mods=SMR_CommunityFixPack,SMR_CommunityFixPackTestKit,SMR_CommunityOptInPack,SMR_TrainHubDev_20260918 pack_version=19 read="live registry" save="SpaceY Sol 21.savegame.sav" sol=21 status=OK t=14920383 id=129
[mod] [SMRTK] SMRTK_DUMP arrival=2 departure=5 destination=StationSmall(2011) kind=60 leg=departure_setup mutation="assign outgoing track and start vanilla GotoStation" stage=2 train=Train(2000001576) t=14920383 id=130
[SMRTK] SMRTK_DUMP arrival=2 departure=5 destination=StationSmall(2011) kind=60 leg=departure_setup mutation="assign outgoing track and start vanilla GotoStation" stage=2 train=Train(2000001576) t=14920383 id=130
[mod] [SMRTK] SMRTK_MARK action=mark label=HUB3B_DEPART_END mark=141 status=OK t=14920383 id=131
[SMRTK] SMRTK_MARK action=mark label=HUB3B_DEPART_END mark=141 status=OK t=14920383 id=131
[mod] [SMRTK] SMRTK_FINGERPRINT action=fingerprint fix_pack_present=52/52 game=403908 mark_action=mark mods=SMR_CommunityFixPack,SMR_CommunityFixPackTestKit,SMR_CommunityOptInPack,SMR_TrainHubDev_20260918 pack_version=19 read="live registry" save="SpaceY Sol 21.savegame.sav" sol=21 status=OK t=14920383 id=132
[SMRTK] SMRTK_FINGERPRINT action=fingerprint fix_pack_present=52/52 game=403908 mark_action=mark mods=SMR_CommunityFixPack,SMR_CommunityFixPackTestKit,SMR_CommunityOptInPack,SMR_TrainHubDev_20260918 pack_version=19 read="live registry" save="SpaceY Sol 21.savegame.sav" sol=21 status=OK t=14920383 id=132
[mod] [SMRTK] SMRTK_ACTION action=slot_3 arrival=2 departure=5 destination=StationSmall(2011) kind=60 leg=departure_setup mutation="assign outgoing track and start vanilla GotoStation" stage=2 status=OK train=Train(2000001576) t=14920383 id=133
[SMRTK] SMRTK_ACTION action=slot_3 arrival=2 departure=5 destination=StationSmall(2011) kind=60 leg=departure_setup mutation="assign outgoing track and start vanilla GotoStation" stage=2 status=OK train=Train(2000001576) t=14920383 id=133
[mod] [HUB3BSMOKE] DEPART started=true reason=nil
						Lua 0:00:35:329
[mod] [SMRTK] SMRTK_SECTION action=section_attach attached=true dialog=ipTrain object=Train(2000001576) status=OK t=14920383 id=134
						Lua 0:00:37:523
[mod] [SMRTK] SMRTK_MARK action=screenshot_mark capture="native accepted" capture_id=0059 fallback=false label="Hub3b crossing before save" mark=145 path=C:/Dev/SMR-ScreenCaptures/SMRTK_0059.png status=OK t=14920484 id=135
[SMRTK] SMRTK_MARK action=screenshot_mark capture="native accepted" capture_id=0059 fallback=false label="Hub3b crossing before save" mark=145 path=C:/Dev/SMR-ScreenCaptures/SMRTK_0059.png status=OK t=14920484 id=135
						Lua 0:00:37:524
[mod] [SMRTK] SMRTK_FINGERPRINT action=fingerprint fix_pack_present=52/52 game=403908 mark_action=screenshot_mark mods=SMR_CommunityFixPack,SMR_CommunityFixPackTestKit,SMR_CommunityOptInPack,SMR_TrainHubDev_20260918 pack_version=19 read="live registry" save="SpaceY Sol 21.savegame.sav" sol=21 status=OK t=14920484 id=136
[SMRTK] SMRTK_FINGERPRINT action=fingerprint fix_pack_present=52/52 game=403908 mark_action=screenshot_mark mods=SMR_CommunityFixPack,SMR_CommunityFixPackTestKit,SMR_CommunityOptInPack,SMR_TrainHubDev_20260918 pack_version=19 read="live registry" save="SpaceY Sol 21.savegame.sav" sol=21 status=OK t=14920484 id=136
						Lua 0:00:38:091
[mod] [HUB3BSMOKE] SAVED Hub3bSmoke_MID_1789892612.savegame.sav lock=2000001576
						Lua 0:00:38:203
Load Game: 
	lua_revision: 403908 (last saved with) 
	orig_lua_revision: 403908 (created with) 
	assets_revision: 33006 

	dlcs: norman, thomas 

	mods: SMR_CommunityOptInPack, SMR_CommunityFixPackTestKit, SMR_CommunityFixPack, SMR_TrainHubDev_20260918 
[mod] [SMRTK] SMRTK_CONSOLE_ARM enabled=true hook=ChangeMap t=14920484 id=137
[SMRTK] SMRTK_CONSOLE_ARM enabled=true hook=ChangeMap t=14920484 id=137
						Lua 0:00:38:218
[mod] [SMRTK] SMRTK_CONSOLE_ARM enabled=true hook=ChangeMap t=14920484 id=138
[SMRTK] SMRTK_CONSOLE_ARM enabled=true hook=ChangeMap t=14920484 id=138
						Lua 0:00:39:092
[mod] [SMRTK] SMRTK_SHORTCUT console=false key=Ctrl-Shift-F11 t=0 id=139
						Lua 0:00:39:827
[mod] [SMRTK] SMRTK_CONSOLE_ARM enabled=true hook=PreLoadGame t=0 id=140
[SMRTK] SMRTK_CONSOLE_ARM enabled=true hook=PreLoadGame t=0 id=140
						Lua 0:00:41:891
[mod] [SMRTest] console enable requested (flag set, no overlay) — press Enter (or Alt-Shift-C) once in a colony
[SMRTest] console enable requested (flag set, no overlay) — press Enter (or Alt-Shift-C) once in a colony
						Lua 0:00:41:895
[mod] [CommunityFixPack] SilentHitMomentFX: restored 2 missing hit-moment tracker(s) on load
						Lua 0:00:41:915
game_settings:
    sponsor: SpaceY
    profile: politician
    founding_faction: UnitedColonistFront
    rival_colonies: paradox, NASA, Brazil
    mystery_random: 
    game_rules: (none)
more_game_settings: save_game_id: IsDKXg6Ddmz3wE5g, mystery: UnitedEarthMystery, coordinates: 15N179E, landing_spot: , logo: SpaceY
map_conditions: altitude: -3699, temperature: -43, cold_wave: 109, dust_devils: 39, dust_storm: 0, meteors: 37
map_resources: concrete: 243, metals: 147, precious_metals: 147, water: 147
						Lua 0:00:41:967
[mod] [CommunityFixPack] SaveSanitizer: F95 astrogeologist-residue pass removed 0 modifier(s), left 0 unidentified
Game Loaded in 3765 ms
[mod] [SMRTK] SMRTK_PROVENANCE actions=42 last=fingerprint last_id=136 present=true session=1789892591:3524016083:1857089674:1763635931 t=14920484 id=141
[SMRTK] SMRTK_PROVENANCE actions=42 last=fingerprint last_id=136 present=true session=1789892591:3524016083:1857089674:1763635931 t=14920484 id=141
						Lua 0:00:41:977
[mod] [SMRTK] SMRTK_SHORTCUT console=true key=Ctrl-Shift-F11 t=14920484 id=142
						Lua 0:00:41:992
[mod] [SMRTK] SMRTK_SECTION action=section_attach attached=true dialog=ipTrain object=Train(2000001576) status=OK t=14920484 id=143
						Lua 0:00:41:996
[mod] [SMRTK] SMRTK_DOCK action=dock_attach attached=true route="idBottom sibling" status=OK surface=one-toggle+tasks t=14920484 id=144
						Lua 0:00:41:999
[mod] [SMRTest] console enable requested (flag set, no overlay) — press Enter (or Alt-Shift-C) once in a colony
[SMRTest] console enable requested (flag set, no overlay) — press Enter (or Alt-Shift-C) once in a colony
						Lua 0:00:42:116
[mod] [SMRTK] SMRTK_SHORTCUT console=true key=Ctrl-Shift-F11 t=14920484 id=145
						Lua 0:00:42:394
Game loaded on map BlankBig_01 in 4303 ms
[mod] [HUB3BSMOKE] RELOAD_LOCK_OK 2000001576
[mod] [HUB3BSMOKE] RELOAD_PARKED_OK 2000001577
						Lua 0:00:42:793
[mod] [HUB3BSMOKE] POSE turn 5 lock=2000001576
[mod] [HUB3BSMOKE] TRAIN h=2000001571 hub=true at=false arrival=false cmd=GotoStation pos=(283678, 172065, 10800) yaw=3600 visual_yaw=3600
[mod] [HUB3BSMOKE] TRAIN h=2000001573 hub=false at=false arrival=false cmd=GotoStation pos=(191838, 195428, 10800) yaw=0 visual_yaw=0
[mod] [HUB3BSMOKE] TRAIN h=2000001575 hub=false at=true arrival=1 cmd=UnloadTrain pos=(198539, 215033, 10000) yaw=3600 visual_yaw=3600
[mod] [HUB3BSMOKE] TRAIN h=2000001576 hub=true at=false arrival=2 cmd=GotoStation pos=(280047, 166930, 10800) yaw=14400 visual_yaw=14400
[mod] [HUB3BSMOKE] TRAIN h=2000001577 hub=true at=true arrival=false cmd=false pos=(282000, 166561, 10800) yaw=0 visual_yaw=0
						Lua 0:00:43:293
[mod] [HUB3BSMOKE] POSE turn 10 lock=2000001576
[mod] [HUB3BSMOKE] TRAIN h=2000001571 hub=true at=false arrival=false cmd=GotoStation pos=(284804, 174016, 10800) yaw=3600 visual_yaw=3600
[mod] [HUB3BSMOKE] TRAIN h=2000001573 hub=false at=false arrival=false cmd=GotoStation pos=(194090, 195427, 10800) yaw=0 visual_yaw=0
[mod] [HUB3BSMOKE] TRAIN h=2000001575 hub=false at=true arrival=1 cmd=UnloadTrain pos=(198539, 215033, 10000) yaw=3600 visual_yaw=3600
[mod] [HUB3BSMOKE] TRAIN h=2000001576 hub=true at=false arrival=2 cmd=GotoStation pos=(280000, 166849, 10800) yaw=7200 visual_yaw=11995
[mod] [HUB3BSMOKE] TRAIN h=2000001577 hub=true at=true arrival=false cmd=false pos=(282000, 166561, 10800) yaw=0 visual_yaw=0
						Lua 0:00:43:697
[mod] [SMRTest] console enable requested (flag set, no overlay) — press Enter (or Alt-Shift-C) once in a colony
[SMRTest] console enable requested (flag set, no overlay) — press Enter (or Alt-Shift-C) once in a colony
						Lua 0:00:43:707
[mod] [SMRTK] SMRTK_SHORTCUT console=true key=Ctrl-Shift-F11 t=14921582 id=146
						Lua 0:00:45:700
[mod] [SMRTK] SMRTK_MARK action=screenshot_mark capture="native accepted" capture_id=0060 fallback=false label="Hub3b stage 2 movement sample" mark=160 path=C:/Dev/SMR-ScreenCaptures/SMRTK_0060.png status=OK t=14921582 id=147
[SMRTK] SMRTK_MARK action=screenshot_mark capture="native accepted" capture_id=0060 fallback=false label="Hub3b stage 2 movement sample" mark=160 path=C:/Dev/SMR-ScreenCaptures/SMRTK_0060.png status=OK t=14921582 id=147
[mod] [SMRTK] SMRTK_FINGERPRINT action=fingerprint fix_pack_present=52/52 game=403908 mark_action=screenshot_mark mods=SMR_CommunityFixPack,SMR_CommunityFixPackTestKit,SMR_CommunityOptInPack,SMR_TrainHubDev_20260918 pack_version=19 read="live registry" save=Hub3bSmoke_MID_1789892612.savegame.sav sol=21 status=OK t=14921582 id=148
[SMRTK] SMRTK_FINGERPRINT action=fingerprint fix_pack_present=52/52 game=403908 mark_action=screenshot_mark mods=SMR_CommunityFixPack,SMR_CommunityFixPackTestKit,SMR_CommunityOptInPack,SMR_TrainHubDev_20260918 pack_version=19 read="live registry" save=Hub3bSmoke_MID_1789892612.savegame.sav sol=21 status=OK t=14921582 id=148
						Lua 0:00:45:999
[mod] [HUB3BSMOKE] POSE turn 15 lock=2000001576
[mod] [HUB3BSMOKE] TRAIN h=2000001571 hub=true at=false arrival=false cmd=GotoStation pos=(285926, 175958, 10800) yaw=3600 visual_yaw=3600
[mod] [HUB3BSMOKE] TRAIN h=2000001573 hub=false at=false arrival=false cmd=GotoStation pos=(196333, 195427, 10800) yaw=0 visual_yaw=0
[mod] [HUB3BSMOKE] TRAIN h=2000001575 hub=false at=true arrival=1 cmd=LoadTrain pos=(198539, 215033, 10000) yaw=3600 visual_yaw=3600
[mod] [HUB3BSMOKE] TRAIN h=2000001576 hub=true at=false arrival=2 cmd=GotoStation pos=(280000, 166849, 10800) yaw=7200 visual_yaw=8409
[mod] [HUB3BSMOKE] TRAIN h=2000001577 hub=true at=true arrival=false cmd=false pos=(282000, 166561, 10800) yaw=0 visual_yaw=0
						Lua 0:00:46:499
[mod] [HUB3BSMOKE] POSE turn 20 lock=2000001576
[mod] [HUB3BSMOKE] TRAIN h=2000001571 hub=true at=false arrival=false cmd=GotoStation pos=(287052, 177909, 10800) yaw=3600 visual_yaw=3600
[mod] [HUB3BSMOKE] TRAIN h=2000001573 hub=false at=false arrival=false cmd=GotoStation pos=(198586, 195427, 10800) yaw=0 visual_yaw=0
[mod] [HUB3BSMOKE] TRAIN h=2000001575 hub=false at=true arrival=1 cmd=LoadTrain pos=(198539, 215033, 10000) yaw=3600 visual_yaw=3600
[mod] [HUB3BSMOKE] TRAIN h=2000001576 hub=true at=false arrival=2 cmd=GotoStation pos=(279369, 167941, 10800) yaw=7200 visual_yaw=7200
[mod] [HUB3BSMOKE] TRAIN h=2000001577 hub=true at=true arrival=false cmd=false pos=(282000, 166561, 10800) yaw=0 visual_yaw=0
						Lua 0:00:46:999
[mod] [HUB3BSMOKE] POSE turn 25 lock=2000001576
[mod] [HUB3BSMOKE] TRAIN h=2000001571 hub=true at=false arrival=false cmd=GotoStation pos=(288178, 179859, 10800) yaw=3600 visual_yaw=3600
[mod] [HUB3BSMOKE] TRAIN h=2000001573 hub=false at=false arrival=false cmd=GotoStation pos=(200838, 195427, 10800) yaw=0 visual_yaw=0
[mod] [HUB3BSMOKE] TRAIN h=2000001575 hub=false at=true arrival=1 cmd=LoadTrain pos=(198539, 215033, 10000) yaw=3600 visual_yaw=3600
[mod] [HUB3BSMOKE] TRAIN h=2000001576 hub=true at=false arrival=2 cmd=GotoStation pos=(278861, 168821, 10800) yaw=7200 visual_yaw=7200
[mod] [HUB3BSMOKE] TRAIN h=2000001577 hub=true at=true arrival=false cmd=false pos=(282000, 166561, 10800) yaw=0 visual_yaw=0
						Lua 0:00:47:500
[mod] [HUB3BSMOKE] POSE turn 30 lock=2000001576
[mod] [HUB3BSMOKE] TRAIN h=2000001571 hub=true at=false arrival=false cmd=GotoStation pos=(289304, 181810, 10800) yaw=3600 visual_yaw=3600
[mod] [HUB3BSMOKE] TRAIN h=2000001573 hub=false at=false arrival=false cmd=GotoStation pos=(203090, 195427, 10800) yaw=0 visual_yaw=0
[mod] [HUB3BSMOKE] TRAIN h=2000001575 hub=false at=true arrival=1 cmd=LoadTrain pos=(198539, 215033, 10000) yaw=3600 visual_yaw=3600
[mod] [HUB3BSMOKE] TRAIN h=2000001576 hub=true at=false arrival=2 cmd=GotoStation pos=(278723, 169060, 10800) yaw=7200 visual_yaw=7200
[mod] [HUB3BSMOKE] TRAIN h=2000001577 hub=true at=true arrival=false cmd=false pos=(282000, 166561, 10800) yaw=0 visual_yaw=0
						Lua 0:00:47:999
[mod] [HUB3BSMOKE] POSE turn 35 lock=2000001576
[mod] [HUB3BSMOKE] TRAIN h=2000001571 hub=true at=false arrival=false cmd=GotoStation pos=(290188, 183779, 10800) yaw=5059 visual_yaw=4951
[mod] [HUB3BSMOKE] TRAIN h=2000001573 hub=false at=false arrival=false cmd=GotoStation pos=(205342, 195427, 10800) yaw=0 visual_yaw=0
[mod] [HUB3BSMOKE] TRAIN h=2000001575 hub=false at=true arrival=1 cmd=LoadTrain pos=(198539, 215033, 10000) yaw=3600 visual_yaw=3600
[mod] [HUB3BSMOKE] TRAIN h=2000001576 hub=true at=false arrival=2 cmd=GotoStation pos=(278598, 169277, 10800) yaw=7200 visual_yaw=7200
[mod] [HUB3BSMOKE] TRAIN h=2000001577 hub=true at=true arrival=false cmd=false pos=(282000, 166561, 10800) yaw=0 visual_yaw=0
						Lua 0:00:48:499
[mod] [HUB3BSMOKE] POSE turn 40 lock=2000001576
[mod] [HUB3BSMOKE] TRAIN h=2000001571 hub=true at=false arrival=false cmd=GotoStation pos=(289126, 185683, 10800) yaw=7200 visual_yaw=7200
[mod] [HUB3BSMOKE] TRAIN h=2000001573 hub=false at=false arrival=false cmd=GotoStation pos=(207595, 195427, 10800) yaw=0 visual_yaw=0
[mod] [HUB3BSMOKE] TRAIN h=2000001575 hub=false at=true arrival=1 cmd=LoadTrain pos=(198539, 215033, 10000) yaw=3600 visual_yaw=3600
[mod] [HUB3BSMOKE] TRAIN h=2000001576 hub=true at=false arrival=2 cmd=GotoStation pos=(278473, 169494, 10800) yaw=7200 visual_yaw=7200
[mod] [HUB3BSMOKE] TRAIN h=2000001577 hub=true at=true arrival=false cmd=false pos=(282000, 166561, 10800) yaw=0 visual_yaw=0
						Lua 0:00:49:000
[mod] [HUB3BSMOKE] POSE turn 45 lock=2000001576
[mod] [HUB3BSMOKE] TRAIN h=2000001571 hub=true at=false arrival=false cmd=GotoStation pos=(288000, 187633, 10800) yaw=7200 visual_yaw=7200
[mod] [HUB3BSMOKE] TRAIN h=2000001573 hub=false at=false arrival=false cmd=GotoStation pos=(209847, 195427, 10800) yaw=0 visual_yaw=0
[mod] [HUB3BSMOKE] TRAIN h=2000001575 hub=false at=true arrival=1 cmd=LoadTrain pos=(198539, 215033, 10000) yaw=3600 visual_yaw=3600
[mod] [HUB3BSMOKE] TRAIN h=2000001576 hub=true at=false arrival=2 cmd=GotoStation pos=(278348, 169711, 10800) yaw=7200 visual_yaw=7200
[mod] [HUB3BSMOKE] TRAIN h=2000001577 hub=true at=true arrival=false cmd=false pos=(282000, 166561, 10800) yaw=0 visual_yaw=0
						Lua 0:00:49:400
[mod] [SMRTK] SMRTK_MARK action=mark label=HUB3B_READ_BEGIN mark=162 status=OK t=14925281 id=149
[SMRTK] SMRTK_MARK action=mark label=HUB3B_READ_BEGIN mark=162 status=OK t=14925281 id=149
[mod] [SMRTK] SMRTK_FINGERPRINT action=fingerprint fix_pack_present=52/52 game=403908 mark_action=mark mods=SMR_CommunityFixPack,SMR_CommunityFixPackTestKit,SMR_CommunityOptInPack,SMR_TrainHubDev_20260918 pack_version=19 read="live registry" save=Hub3bSmoke_MID_1789892612.savegame.sav sol=21 status=OK t=14925281 id=150
[SMRTK] SMRTK_FINGERPRINT action=fingerprint fix_pack_present=52/52 game=403908 mark_action=mark mods=SMR_CommunityFixPack,SMR_CommunityFixPackTestKit,SMR_CommunityOptInPack,SMR_TrainHubDev_20260918 pack_version=19 read="live registry" save=Hub3bSmoke_MID_1789892612.savegame.sav sol=21 status=OK t=14925281 id=150
[mod] [SMRTK] SMRTK_DUMP angle=0 crossing=none errors=0 hub=SMROptInTrainHub6(6252) leg=hub3b park=2000 pos=280000,166272,10000 t=14925281 id=151
[SMRTK] SMRTK_DUMP angle=0 crossing=none errors=0 hub=SMROptInTrainHub6(6252) leg=hub3b park=2000 pos=280000,166272,10000 t=14925281 id=151
[mod] [SMRTK] SMRTK_DUMP Ramparrive=278821,163654,10800@3600 Rampdepart=278321,163942,10800@14400 Spawn=279250,164396,10800@14400 Stop=279250,164396,10800@3600 Trackconnector=278000,162808,10800@19800 leg=hub3b_line line=1 reserved=none t=14925281 id=152
[SMRTK] SMRTK_DUMP Ramparrive=278821,163654,10800@3600 Rampdepart=278321,163942,10800@14400 Spawn=279250,164396,10800@14400 Stop=279250,164396,10800@3600 Trackconnector=278000,162808,10800@19800 leg=hub3b_line line=1 reserved=none t=14925281 id=152
[mod] [SMRTK] SMRTK_DUMP Ramparrive=281179,168891,10800@14400 Rampdepart=281679,168602,10800@3600 Spawn=280750,168149,10800@3600 Stop=280750,168149,10800@14400 Trackconnector=282000,169736,10800@9000 leg=hub3b_line line=2 reserved=none t=14925281 id=153
[SMRTK] SMRTK_DUMP Ramparrive=281179,168891,10800@14400 Rampdepart=281679,168602,10800@3600 Spawn=280750,168149,10800@3600 Stop=280750,168149,10800@14400 Trackconnector=282000,169736,10800@9000 leg=hub3b_line line=2 reserved=none t=14925281 id=153
						Lua 0:00:49:401
[mod] [SMRTK] SMRTK_DUMP Ramparrive=277143,165983,10800@0 Rampdepart=277143,166561,10800@10800 Spawn=278000,165983,10800@10800 Stop=278000,165983,10800@0 Trackconnector=276000,166272,10800@16200 leg=hub3b_line line=3 reserved=none t=14925281 id=154
[SMRTK] SMRTK_DUMP Ramparrive=277143,165983,10800@0 Rampdepart=277143,166561,10800@10800 Spawn=278000,165983,10800@10800 Stop=278000,165983,10800@0 Trackconnector=276000,166272,10800@16200 leg=hub3b_line line=3 reserved=none t=14925281 id=154
[mod] [SMRTK] SMRTK_DUMP Ramparrive=282857,166561,10800@10800 Rampdepart=282857,165983,10800@0 Spawn=282000,166561,10800@0 Stop=282000,166561,10800@10800 Trackconnector=284000,166272,10800@5400 leg=hub3b_line line=4 reserved=Train(2000001577) t=14925281 id=155
[SMRTK] SMRTK_DUMP Ramparrive=282857,166561,10800@10800 Rampdepart=282857,165983,10800@0 Spawn=282000,166561,10800@0 Stop=282000,166561,10800@10800 Trackconnector=284000,166272,10800@5400 leg=hub3b_line line=4 reserved=Train(2000001577) t=14925281 id=155
[mod] [SMRTK] SMRTK_DUMP Ramparrive=278321,168602,10800@18000 Rampdepart=278821,168891,10800@7200 Spawn=278750,167860,10800@7200 Stop=278750,167860,10800@18000 Trackconnector=278000,169736,10800@12600 leg=hub3b_line line=5 reserved=none t=14925281 id=156
[SMRTK] SMRTK_DUMP Ramparrive=278321,168602,10800@18000 Rampdepart=278821,168891,10800@7200 Spawn=278750,167860,10800@7200 Stop=278750,167860,10800@18000 Trackconnector=278000,169736,10800@12600 leg=hub3b_line line=5 reserved=none t=14925281 id=156
[mod] [SMRTK] SMRTK_DUMP Ramparrive=281679,163942,10800@7200 Rampdepart=281179,163654,10800@18000 Spawn=281250,164684,10800@18000 Stop=281250,164684,10800@7200 Trackconnector=282000,162808,10800@1800 leg=hub3b_line line=6 reserved=none t=14925281 id=157
[SMRTK] SMRTK_DUMP Ramparrive=281679,163942,10800@7200 Rampdepart=281179,163654,10800@18000 Spawn=281250,164684,10800@18000 Stop=281250,164684,10800@7200 Trackconnector=282000,162808,10800@1800 leg=hub3b_line line=6 reserved=none t=14925281 id=157
[mod] [SMRTK] SMRTK_DUMP arrival=false at_station=false command=GotoStation leg=hub3b_train pos=286750,189798,10800 station=SMROptInTrainHub6(6252) track=TrackBase(6272) train=Train(2000001571) visual=287099,189194,10800 visual_yaw=7200 yaw=7200 t=14925281 id=158
[SMRTK] SMRTK_DUMP arrival=false at_station=false command=GotoStation leg=hub3b_train pos=286750,189798,10800 station=SMROptInTrainHub6(6252) track=TrackBase(6272) train=Train(2000001571) visual=287099,189194,10800 visual_yaw=7200 yaw=7200 t=14925281 id=158
[mod] [SMRTK] SMRTK_DUMP arrival=false at_station=false command=GotoStation leg=hub3b_train pos=212000,195427,10800 station=StationSmall(2012) track=TrackBase(6272) train=Train(2000001573) visual=211649,195427,10800 visual_yaw=0 yaw=0 t=14925281 id=159
[SMRTK] SMRTK_DUMP arrival=false at_station=false command=GotoStation leg=hub3b_train pos=212000,195427,10800 station=StationSmall(2012) track=TrackBase(6272) train=Train(2000001573) visual=211649,195427,10800 visual_yaw=0 yaw=0 t=14925281 id=159
[mod] [SMRTK] SMRTK_DUMP arrival=1 at_station=true command=LoadTrain leg=hub3b_train pos=198539,215033,10000 station=StationSmall(2012) track=TrackBase(6272) train=Train(2000001575) visual=198539,215033,10000 visual_yaw=3600 yaw=3600 t=14925281 id=160
[SMRTK] SMRTK_DUMP arrival=1 at_station=true command=LoadTrain leg=hub3b_train pos=198539,215033,10000 station=StationSmall(2012) track=TrackBase(6272) train=Train(2000001575) visual=198539,215033,10000 visual_yaw=3600 yaw=3600 t=14925281 id=160
[mod] [SMRTK] SMRTK_DUMP arrival=false at_station=false command=GotoStation leg=hub3b_train pos=277750,170747,10800 station=SMROptInTrainHub6(6252) track=TrackBase(6269) train=Train(2000001576) visual=278248,169885,10800 visual_yaw=7200 yaw=7200 t=14925281 id=161
[SMRTK] SMRTK_DUMP arrival=false at_station=false command=GotoStation leg=hub3b_train pos=277750,170747,10800 station=SMROptInTrainHub6(6252) track=TrackBase(6269) train=Train(2000001576) visual=278248,169885,10800 visual_yaw=7200 yaw=7200 t=14925281 id=161
[mod] [SMRTK] SMRTK_DUMP arrival=false at_station=true command=false leg=hub3b_train pos=282000,166561,10800 station=SMROptInTrainHub6(6252) track=TrackBase(6275) train=Train(2000001577) visual=282000,166561,10800 visual_yaw=0 yaw=0 t=14925281 id=162
[SMRTK] SMRTK_DUMP arrival=false at_station=true command=false leg=hub3b_train pos=282000,166561,10800 station=SMROptInTrainHub6(6252) track=TrackBase(6275) train=Train(2000001577) visual=282000,166561,10800 visual_yaw=0 yaw=0 t=14925281 id=162
[mod] [SMRTK] SMRTK_MARK action=mark label=HUB3B_READ_END mark=176 status=OK t=14925281 id=163
[SMRTK] SMRTK_MARK action=mark label=HUB3B_READ_END mark=176 status=OK t=14925281 id=163
[mod] [SMRTK] SMRTK_FINGERPRINT action=fingerprint fix_pack_present=52/52 game=403908 mark_action=mark mods=SMR_CommunityFixPack,SMR_CommunityFixPackTestKit,SMR_CommunityOptInPack,SMR_TrainHubDev_20260918 pack_version=19 read="live registry" save=Hub3bSmoke_MID_1789892612.savegame.sav sol=21 status=OK t=14925281 id=164
[SMRTK] SMRTK_FINGERPRINT action=fingerprint fix_pack_present=52/52 game=403908 mark_action=mark mods=SMR_CommunityFixPack,SMR_CommunityFixPackTestKit,SMR_CommunityOptInPack,SMR_TrainHubDev_20260918 pack_version=19 read="live registry" save=Hub3bSmoke_MID_1789892612.savegame.sav sol=21 status=OK t=14925281 id=164
[mod] [SMRTK] SMRTK_ACTION action=slot_1 errors=0 hub=SMROptInTrainHub6(6252) park=2000 status=OK t=14925281 id=165
[SMRTK] SMRTK_ACTION action=slot_1 errors=0 hub=SMROptInTrainHub6(6252) park=2000 status=OK t=14925281 id=165
[mod] [HUB3BSMOKE] STAGE_COMPLETE stage=2 arrival=2 departure=5 train=2000001576
						Lua 0:00:51:618
[mod] [SMRTK] SMRTK_MARK action=screenshot_mark capture="native accepted" capture_id=0061 fallback=false label="Hub3b stage 2 after departure" mark=179 path=C:/Dev/SMR-ScreenCaptures/SMRTK_0061.png status=OK t=14925281 id=166
[SMRTK] SMRTK_MARK action=screenshot_mark capture="native accepted" capture_id=0061 fallback=false label="Hub3b stage 2 after departure" mark=179 path=C:/Dev/SMR-ScreenCaptures/SMRTK_0061.png status=OK t=14925281 id=166
[mod] [SMRTK] SMRTK_FINGERPRINT action=fingerprint fix_pack_present=52/52 game=403908 mark_action=screenshot_mark mods=SMR_CommunityFixPack,SMR_CommunityFixPackTestKit,SMR_CommunityOptInPack,SMR_TrainHubDev_20260918 pack_version=19 read="live registry" save=Hub3bSmoke_MID_1789892612.savegame.sav sol=21 status=OK t=14925281 id=167
[SMRTK] SMRTK_FINGERPRINT action=fingerprint fix_pack_present=52/52 game=403908 mark_action=screenshot_mark mods=SMR_CommunityFixPack,SMR_CommunityFixPackTestKit,SMR_CommunityOptInPack,SMR_TrainHubDev_20260918 pack_version=19 read="live registry" save=Hub3bSmoke_MID_1789892612.savegame.sav sol=21 status=OK t=14925281 id=167
						Lua 0:00:51:619
[mod] [HUB3BSMOKE] RESULT stage=2 ok=true result=nil
						Lua 0:00:51:732
Load Game: 
	lua_revision: 403908 (last saved with) 
	orig_lua_revision: 403908 (created with) 
	assets_revision: 33006 

	dlcs: norman, thomas 

	mods: SMR_CommunityOptInPack, SMR_CommunityFixPackTestKit, SMR_CommunityFixPack, SMR_TrainHubDev_20260918 
						Lua 0:00:51:733
[mod] [SMRTK] SMRTK_CONSOLE_ARM enabled=true hook=ChangeMap t=14925281 id=168
[SMRTK] SMRTK_CONSOLE_ARM enabled=true hook=ChangeMap t=14925281 id=168
						Lua 0:00:51:746
[mod] [SMRTK] SMRTK_CONSOLE_ARM enabled=true hook=ChangeMap t=14925281 id=169
[SMRTK] SMRTK_CONSOLE_ARM enabled=true hook=ChangeMap t=14925281 id=169
						Lua 0:00:52:585
[mod] [SMRTK] SMRTK_SHORTCUT console=false key=Ctrl-Shift-F11 t=0 id=170
						Lua 0:00:53:319
[mod] [SMRTK] SMRTK_CONSOLE_ARM enabled=true hook=PreLoadGame t=0 id=171
[SMRTK] SMRTK_CONSOLE_ARM enabled=true hook=PreLoadGame t=0 id=171
						Lua 0:00:55:409
[mod] [SMRTest] console enable requested (flag set, no overlay) — press Enter (or Alt-Shift-C) once in a colony
[SMRTest] console enable requested (flag set, no overlay) — press Enter (or Alt-Shift-C) once in a colony
						Lua 0:00:55:413
[mod] [CommunityFixPack] SilentHitMomentFX: restored 2 missing hit-moment tracker(s) on load
						Lua 0:00:55:433
game_settings:
    sponsor: SpaceY
    profile: politician
    founding_faction: UnitedColonistFront
    rival_colonies: paradox, NASA, Brazil
    mystery_random: 
    game_rules: (none)
more_game_settings: save_game_id: IsDKXg6Ddmz3wE5g, mystery: UnitedEarthMystery, coordinates: 15N179E, landing_spot: , logo: SpaceY
map_conditions: altitude: -3699, temperature: -43, cold_wave: 109, dust_devils: 39, dust_storm: 0, meteors: 37
map_resources: concrete: 243, metals: 147, precious_metals: 147, water: 147
						Lua 0:00:55:484
[mod] [CommunityFixPack] SaveSanitizer: F95 astrogeologist-residue pass removed 0 modifier(s), left 0 unidentified
Game Loaded in 3752 ms
[mod] [SMRTK] SMRTK_PROVENANCE actions=21 last=section_attach last_id=32 present=true session=1789888806:3520230763:1184987819:1655584288 t=14919135 id=172
[SMRTK] SMRTK_PROVENANCE actions=21 last=section_attach last_id=32 present=true session=1789888806:3520230763:1184987819:1655584288 t=14919135 id=172
						Lua 0:00:55:494
[mod] [SMRTK] SMRTK_SHORTCUT console=true key=Ctrl-Shift-F11 t=14919135 id=173
						Lua 0:00:55:507
[mod] [SMRTK] SMRTK_DOCK action=dock_attach attached=true route="idBottom sibling" status=OK surface=one-toggle+tasks t=14919135 id=174
						Lua 0:00:55:510
[mod] [SMRTest] console enable requested (flag set, no overlay) — press Enter (or Alt-Shift-C) once in a colony
[SMRTest] console enable requested (flag set, no overlay) — press Enter (or Alt-Shift-C) once in a colony
						Lua 0:00:55:622
[mod] [SMRTK] SMRTK_SHORTCUT console=true key=Ctrl-Shift-F11 t=14919135 id=175
						Lua 0:00:55:949
Game loaded on map BlankBig_01 in 4330 ms
						Lua 0:00:57:250
[mod] [SMRTest] console enable requested (flag set, no overlay) — press Enter (or Alt-Shift-C) once in a colony
[SMRTest] console enable requested (flag set, no overlay) — press Enter (or Alt-Shift-C) once in a colony
						Lua 0:00:57:260
[mod] [SMRTK] SMRTK_SHORTCUT console=true key=Ctrl-Shift-F11 t=14919135 id=176
						Lua 0:00:57:948
[mod] [SMRTK] SMRTK_MARK action=mark label=HUB3B_BOOT mark=193 status=OK t=14919135 id=177
[SMRTK] SMRTK_MARK action=mark label=HUB3B_BOOT mark=193 status=OK t=14919135 id=177
[mod] [SMRTK] SMRTK_FINGERPRINT action=fingerprint fix_pack_present=52/52 game=403908 mark_action=mark mods=SMR_CommunityFixPack,SMR_CommunityFixPackTestKit,SMR_CommunityOptInPack,SMR_TrainHubDev_20260918 pack_version=19 read="live registry" save="SpaceY Sol 21.savegame.sav" sol=21 status=OK t=14919135 id=178
[SMRTK] SMRTK_FINGERPRINT action=fingerprint fix_pack_present=52/52 game=403908 mark_action=mark mods=SMR_CommunityFixPack,SMR_CommunityFixPackTestKit,SMR_CommunityOptInPack,SMR_TrainHubDev_20260918 pack_version=19 read="live registry" save="SpaceY Sol 21.savegame.sav" sol=21 status=OK t=14919135 id=178
						Lua 0:00:57:958
[mod] [SMRTK] SMRTK_SHORTCUT console=false key=Ctrl-Shift-F11 t=14919135 id=179
						Lua 0:00:57:968
[mod] [SMRTK] SMRTK_CONSOLE_ARM enabled=true hook=control t=14919135 id=180
[SMRTK] SMRTK_CONSOLE_ARM enabled=true hook=control t=14919135 id=180
						Lua 0:00:57:977
[mod] [SMRTK] SMRTK_SHORTCUT console=true key=Ctrl-Shift-F11 t=14919135 id=181
						Lua 0:00:57:986
[mod] [SMRTK] SMRTK_CONSOLE_CONTROL action=console_control discriminates=true negative=false positive=true status=OK t=14919135 id=182
[SMRTK] SMRTK_CONSOLE_CONTROL action=console_control discriminates=true negative=false positive=true status=OK t=14919135 id=182
[mod] [SMRTK] SMRTK_TAINT_READ action=taint_read status=OK used=false t=14919135 id=183
[SMRTK] SMRTK_TAINT_READ action=taint_read status=OK used=false t=14919135 id=183
[mod] [SMRTK] SMRTK_ELIGIBILITY action=eligibility reason=UNAVAILABLE:sandbox status=OK t=14919135 id=184
[SMRTK] SMRTK_ELIGIBILITY action=eligibility reason=UNAVAILABLE:sandbox status=OK t=14919135 id=184
[mod] [SMRTK] SMRTK_ACTION action=slot_scratch errors=0 hub=SMROptInTrainHub6(6252) park=2000 sitting=train_hub_3b status=OK sweep="run desktop sweep before each boot" t=14919135 id=185
[SMRTK] SMRTK_ACTION action=slot_scratch errors=0 hub=SMROptInTrainHub6(6252) park=2000 sitting=train_hub_3b status=OK sweep="run desktop sweep before each boot" t=14919135 id=185
[mod] [SMRTK] SMRTK_MARK action=mark label=HUB3B_READ_BEGIN mark=202 status=OK t=14919135 id=186
[SMRTK] SMRTK_MARK action=mark label=HUB3B_READ_BEGIN mark=202 status=OK t=14919135 id=186
						Lua 0:00:57:987
[mod] [SMRTK] SMRTK_FINGERPRINT action=fingerprint fix_pack_present=52/52 game=403908 mark_action=mark mods=SMR_CommunityFixPack,SMR_CommunityFixPackTestKit,SMR_CommunityOptInPack,SMR_TrainHubDev_20260918 pack_version=19 read="live registry" save="SpaceY Sol 21.savegame.sav" sol=21 status=OK t=14919135 id=187
[SMRTK] SMRTK_FINGERPRINT action=fingerprint fix_pack_present=52/52 game=403908 mark_action=mark mods=SMR_CommunityFixPack,SMR_CommunityFixPackTestKit,SMR_CommunityOptInPack,SMR_TrainHubDev_20260918 pack_version=19 read="live registry" save="SpaceY Sol 21.savegame.sav" sol=21 status=OK t=14919135 id=187
[mod] [SMRTK] SMRTK_DUMP angle=0 crossing=none errors=0 hub=SMROptInTrainHub6(6252) leg=hub3b park=2000 pos=280000,166272,10000 t=14919135 id=188
[SMRTK] SMRTK_DUMP angle=0 crossing=none errors=0 hub=SMROptInTrainHub6(6252) leg=hub3b park=2000 pos=280000,166272,10000 t=14919135 id=188
[mod] [SMRTK] SMRTK_DUMP Ramparrive=278821,163654,10800@3600 Rampdepart=278321,163942,10800@14400 Spawn=279250,164396,10800@14400 Stop=279250,164396,10800@3600 Trackconnector=278000,162808,10800@19800 leg=hub3b_line line=1 reserved=none t=14919135 id=189
[SMRTK] SMRTK_DUMP Ramparrive=278821,163654,10800@3600 Rampdepart=278321,163942,10800@14400 Spawn=279250,164396,10800@14400 Stop=279250,164396,10800@3600 Trackconnector=278000,162808,10800@19800 leg=hub3b_line line=1 reserved=none t=14919135 id=189
[mod] [SMRTK] SMRTK_DUMP Ramparrive=281179,168891,10800@14400 Rampdepart=281679,168602,10800@3600 Spawn=280750,168149,10800@3600 Stop=280750,168149,10800@14400 Trackconnector=282000,169736,10800@9000 leg=hub3b_line line=2 reserved=Train(2000001576) t=14919135 id=190
[SMRTK] SMRTK_DUMP Ramparrive=281179,168891,10800@14400 Rampdepart=281679,168602,10800@3600 Spawn=280750,168149,10800@3600 Stop=280750,168149,10800@14400 Trackconnector=282000,169736,10800@9000 leg=hub3b_line line=2 reserved=Train(2000001576) t=14919135 id=190
[mod] [SMRTK] SMRTK_DUMP Ramparrive=277143,165983,10800@0 Rampdepart=277143,166561,10800@10800 Spawn=278000,165983,10800@10800 Stop=278000,165983,10800@0 Trackconnector=276000,166272,10800@16200 leg=hub3b_line line=3 reserved=none t=14919135 id=191
[SMRTK] SMRTK_DUMP Ramparrive=277143,165983,10800@0 Rampdepart=277143,166561,10800@10800 Spawn=278000,165983,10800@10800 Stop=278000,165983,10800@0 Trackconnector=276000,166272,10800@16200 leg=hub3b_line line=3 reserved=none t=14919135 id=191
[mod] [SMRTK] SMRTK_DUMP Ramparrive=282857,166561,10800@10800 Rampdepart=282857,165983,10800@0 Spawn=282000,166561,10800@0 Stop=282000,166561,10800@10800 Trackconnector=284000,166272,10800@5400 leg=hub3b_line line=4 reserved=none t=14919135 id=192
[SMRTK] SMRTK_DUMP Ramparrive=282857,166561,10800@10800 Rampdepart=282857,165983,10800@0 Spawn=282000,166561,10800@0 Stop=282000,166561,10800@10800 Trackconnector=284000,166272,10800@5400 leg=hub3b_line line=4 reserved=none t=14919135 id=192
[mod] [SMRTK] SMRTK_DUMP Ramparrive=278321,168602,10800@18000 Rampdepart=278821,168891,10800@7200 Spawn=278750,167860,10800@7200 Stop=278750,167860,10800@18000 Trackconnector=278000,169736,10800@12600 leg=hub3b_line line=5 reserved=none t=14919135 id=193
[SMRTK] SMRTK_DUMP Ramparrive=278321,168602,10800@18000 Rampdepart=278821,168891,10800@7200 Spawn=278750,167860,10800@7200 Stop=278750,167860,10800@18000 Trackconnector=278000,169736,10800@12600 leg=hub3b_line line=5 reserved=none t=14919135 id=193
[mod] [SMRTK] SMRTK_DUMP Ramparrive=281679,163942,10800@7200 Rampdepart=281179,163654,10800@18000 Spawn=281250,164684,10800@18000 Stop=281250,164684,10800@7200 Trackconnector=282000,162808,10800@1800 leg=hub3b_line line=6 reserved=none t=14919135 id=194
[SMRTK] SMRTK_DUMP Ramparrive=281679,163942,10800@7200 Rampdepart=281179,163654,10800@18000 Spawn=281250,164684,10800@18000 Stop=281250,164684,10800@7200 Trackconnector=282000,162808,10800@1800 leg=hub3b_line line=6 reserved=none t=14919135 id=194
[mod] [SMRTK] SMRTK_DUMP arrival=false at_station=false command=GotoStation leg=hub3b_train pos=282250,169592,10800 station=StationSmall(2008) track=TrackBase(3621) train=Train(2000001571) visual=279743,165249,10800 visual_yaw=3600 yaw=3600 t=14919135 id=195
[SMRTK] SMRTK_DUMP arrival=false at_station=false command=GotoStation leg=hub3b_train pos=282250,169592,10800 station=StationSmall(2008) track=TrackBase(3621) train=Train(2000001571) visual=279743,165249,10800 visual_yaw=3600 yaw=3600 t=14919135 id=195
[mod] [SMRTK] SMRTK_DUMP arrival=false at_station=false command=GotoStation leg=hub3b_train pos=189250,200190,10800 station=StationSmall(2012) track=TrackBase(6272) train=Train(2000001573) visual=189363,200385,10800 visual_yaw=14400 yaw=14400 t=14919135 id=196
[SMRTK] SMRTK_DUMP arrival=false at_station=false command=GotoStation leg=hub3b_train pos=189250,200190,10800 station=StationSmall(2012) track=TrackBase(6272) train=Train(2000001573) visual=189363,200385,10800 visual_yaw=14400 yaw=14400 t=14919135 id=196
[mod] [SMRTK] SMRTK_DUMP arrival=1 at_station=true command=UnloadTrain leg=hub3b_train pos=198539,215033,10000 station=StationSmall(2012) track=TrackBase(6272) train=Train(2000001575) visual=198539,215033,10000 visual_yaw=3600 yaw=3600 t=14919135 id=197
[SMRTK] SMRTK_DUMP arrival=1 at_station=true command=UnloadTrain leg=hub3b_train pos=198539,215033,10000 station=StationSmall(2012) track=TrackBase(6272) train=Train(2000001575) visual=198539,215033,10000 visual_yaw=3600 yaw=3600 t=14919135 id=197
[mod] [SMRTK] SMRTK_DUMP arrival=2 at_station=true command=LoadTrain leg=hub3b_train pos=280750,168149,10800 station=SMROptInTrainHub6(6252) track=TrackBase(6272) train=Train(2000001576) visual=280750,168149,10800 visual_yaw=14400 yaw=14400 t=14919135 id=198
[SMRTK] SMRTK_DUMP arrival=2 at_station=true command=LoadTrain leg=hub3b_train pos=280750,168149,10800 station=SMROptInTrainHub6(6252) track=TrackBase(6272) train=Train(2000001576) visual=280750,168149,10800 visual_yaw=14400 yaw=14400 t=14919135 id=198
[mod] [SMRTK] SMRTK_MARK action=mark label=HUB3B_READ_END mark=215 status=OK t=14919135 id=199
[SMRTK] SMRTK_MARK action=mark label=HUB3B_READ_END mark=215 status=OK t=14919135 id=199
[mod] [SMRTK] SMRTK_FINGERPRINT action=fingerprint fix_pack_present=52/52 game=403908 mark_action=mark mods=SMR_CommunityFixPack,SMR_CommunityFixPackTestKit,SMR_CommunityOptInPack,SMR_TrainHubDev_20260918 pack_version=19 read="live registry" save="SpaceY Sol 21.savegame.sav" sol=21 status=OK t=14919135 id=200
[SMRTK] SMRTK_FINGERPRINT action=fingerprint fix_pack_present=52/52 game=403908 mark_action=mark mods=SMR_CommunityFixPack,SMR_CommunityFixPackTestKit,SMR_CommunityOptInPack,SMR_TrainHubDev_20260918 pack_version=19 read="live registry" save="SpaceY Sol 21.savegame.sav" sol=21 status=OK t=14919135 id=200
[mod] [SMRTK] SMRTK_ACTION action=slot_1 errors=0 hub=SMROptInTrainHub6(6252) park=2000 status=OK t=14919135 id=201
[SMRTK] SMRTK_ACTION action=slot_1 errors=0 hub=SMROptInTrainHub6(6252) park=2000 status=OK t=14919135 id=201
[mod] [SMRTK] SMRTK_MARK action=mark label=HUB3B_PARTS_BEGIN mark=218 status=OK t=14919135 id=202
[SMRTK] SMRTK_MARK action=mark label=HUB3B_PARTS_BEGIN mark=218 status=OK t=14919135 id=202
						Lua 0:00:57:988
[mod] [SMRTK] SMRTK_FINGERPRINT action=fingerprint fix_pack_present=52/52 game=403908 mark_action=mark mods=SMR_CommunityFixPack,SMR_CommunityFixPackTestKit,SMR_CommunityOptInPack,SMR_TrainHubDev_20260918 pack_version=19 read="live registry" save="SpaceY Sol 21.savegame.sav" sol=21 status=OK t=14919135 id=203
[SMRTK] SMRTK_FINGERPRINT action=fingerprint fix_pack_present=52/52 game=403908 mark_action=mark mods=SMR_CommunityFixPack,SMR_CommunityFixPackTestKit,SMR_CommunityOptInPack,SMR_TrainHubDev_20260918 pack_version=19 read="live registry" save="SpaceY Sol 21.savegame.sav" sol=21 status=OK t=14919135 id=203
[mod] [SMRTK] SMRTK_DUMP bbox_max=2818,209,436 bbox_min=-1332,-207,4 entity=TrainCCP3 leg=train_part object=Train(2000001576) path=train pos=280750,168149,10800 scale=100 state=moveWalk visual=280750,168149,10800 yaw=14400 t=14919135 id=204
[SMRTK] SMRTK_DUMP bbox_max=2818,209,436 bbox_min=-1332,-207,4 entity=TrainCCP3 leg=train_part object=Train(2000001576) path=train pos=280750,168149,10800 scale=100 state=moveWalk visual=280750,168149,10800 yaw=14400 t=14919135 id=204
[mod] [SMRTK] SMRTK_DUMP bbox_max=45,46,123 bbox_min=-46,-46,-40 entity=PointLight leg=train_part object=NightLightSpotLight(5733613911) path=train/1 pos=280750,168149,10800 scale=100 state=idle visual=280425,167592,11195 yaw=14400 t=14919135 id=205
[SMRTK] SMRTK_DUMP bbox_max=45,46,123 bbox_min=-46,-46,-40 entity=PointLight leg=train_part object=NightLightSpotLight(5733613911) path=train/1 pos=280750,168149,10800 scale=100 state=idle visual=280425,167592,11195 yaw=14400 t=14919135 id=205
[mod] [SMRTK] SMRTK_DUMP bbox_max=45,46,123 bbox_min=-46,-46,-40 entity=PointLight leg=train_part object=NightLightSpotLight(5492529823) path=train/2 pos=280750,168149,10800 scale=100 state=idle visual=280283,167391,10774 yaw=14400 t=14919135 id=206
[SMRTK] SMRTK_DUMP bbox_max=45,46,123 bbox_min=-46,-46,-40 entity=PointLight leg=train_part object=NightLightSpotLight(5492529823) path=train/2 pos=280750,168149,10800 scale=100 state=idle visual=280283,167391,10774 yaw=14400 t=14919135 id=206
[mod] [SMRTK] SMRTK_DUMP bbox_max=49,50,100 bbox_min=-49,-50,0 entity=ResourceCheese leg=train_part object=ResourceStockpileBox(6022028743) path=train/3 pos=281466,167997,11002 scale=100 state=idle visual=281140,168613,11152 yaw=14400 t=14919135 id=207
[SMRTK] SMRTK_DUMP bbox_max=49,50,100 bbox_min=-49,-50,0 entity=ResourceCheese leg=train_part object=ResourceStockpileBox(6022028743) path=train/3 pos=281466,167997,11002 scale=100 state=idle visual=281140,168613,11152 yaw=14400 t=14919135 id=207
[mod] [SMRTK] SMRTK_DUMP bbox_max=49,50,100 bbox_min=-49,-50,0 entity=ResourceCheese leg=train_part object=ResourceStockpileBox(5656071965) path=train/4 pos=281409,167899,11002 scale=100 state=idle visual=281052,168664,11152 yaw=14400 t=14919135 id=208
[SMRTK] SMRTK_DUMP bbox_max=49,50,100 bbox_min=-49,-50,0 entity=ResourceCheese leg=train_part object=ResourceStockpileBox(5656071965) path=train/4 pos=281409,167899,11002 scale=100 state=idle visual=281052,168664,11152 yaw=14400 t=14919135 id=208
[mod] [SMRTK] SMRTK_DUMP bbox_max=49,50,100 bbox_min=-49,-50,0 entity=ResourceCheese leg=train_part object=ResourceStockpileBox(5475063981) path=train/5 pos=281353,167801,11002 scale=100 state=idle visual=280963,168715,11152 yaw=14400 t=14919135 id=209
[SMRTK] SMRTK_DUMP bbox_max=49,50,100 bbox_min=-49,-50,0 entity=ResourceCheese leg=train_part object=ResourceStockpileBox(5475063981) path=train/5 pos=281353,167801,11002 scale=100 state=idle visual=280963,168715,11152 yaw=14400 t=14919135 id=209
[mod] [SMRTK] SMRTK_DUMP bbox_max=47,48,114 bbox_min=-51,-49,0 entity=ResourceFuel leg=train_part object=ResourceStockpileBox(6006242911) path=train/6 pos=281365,168055,11002 scale=100 state=idle visual=281192,168703,11152 yaw=14400 t=14919135 id=210
[SMRTK] SMRTK_DUMP bbox_max=47,48,114 bbox_min=-51,-49,0 entity=ResourceFuel leg=train_part object=ResourceStockpileBox(6006242911) path=train/6 pos=281365,168055,11002 scale=100 state=idle visual=281192,168703,11152 yaw=14400 t=14919135 id=210
[mod] [SMRTK] SMRTK_DUMP bbox_max=47,48,114 bbox_min=-51,-49,0 entity=ResourceFuel leg=train_part object=ResourceStockpileBox(5818777371) path=train/7 pos=281309,167957,11002 scale=100 state=idle visual=281104,168754,11152 yaw=14400 t=14919135 id=211
[SMRTK] SMRTK_DUMP bbox_max=47,48,114 bbox_min=-51,-49,0 entity=ResourceFuel leg=train_part object=ResourceStockpileBox(5818777371) path=train/7 pos=281309,167957,11002 scale=100 state=idle visual=281104,168754,11152 yaw=14400 t=14919135 id=211
[mod] [SMRTK] SMRTK_DUMP bbox_max=47,48,114 bbox_min=-51,-49,0 entity=ResourceFuel leg=train_part object=ResourceStockpileBox(5503238834) path=train/8 pos=281252,167859,11002 scale=100 state=idle visual=281016,168805,11152 yaw=14400 t=14919135 id=212
[SMRTK] SMRTK_DUMP bbox_max=47,48,114 bbox_min=-51,-49,0 entity=ResourceFuel leg=train_part object=ResourceStockpileBox(5503238834) path=train/8 pos=281252,167859,11002 scale=100 state=idle visual=281016,168805,11152 yaw=14400 t=14919135 id=212
[mod] [SMRTK] SMRTK_DUMP bbox_max=47,48,114 bbox_min=-51,-49,0 entity=ResourceFuel leg=train_part object=ResourceStockpileBox(5328000498) path=train/9 pos=281265,168113,11002 scale=100 state=idle visual=281244,168794,11152 yaw=14400 t=14919135 id=213
[SMRTK] SMRTK_DUMP bbox_max=47,48,114 bbox_min=-51,-49,0 entity=ResourceFuel leg=train_part object=ResourceStockpileBox(5328000498) path=train/9 pos=281265,168113,11002 scale=100 state=idle visual=281244,168794,11152 yaw=14400 t=14919135 id=213
[mod] [SMRTK] SMRTK_DUMP bbox_max=47,48,114 bbox_min=-51,-49,0 entity=ResourceFuel leg=train_part object=ResourceStockpileBox(5348812938) path=train/10 pos=281208,168015,11002 scale=100 state=idle visual=281156,168845,11152 yaw=14400 t=14919135 id=214
[SMRTK] SMRTK_DUMP bbox_max=47,48,114 bbox_min=-51,-49,0 entity=ResourceFuel leg=train_part object=ResourceStockpileBox(5348812938) path=train/10 pos=281208,168015,11002 scale=100 state=idle visual=281156,168845,11152 yaw=14400 t=14919135 id=214
[mod] [SMRTK] SMRTK_DUMP bbox_max=47,48,114 bbox_min=-51,-49,0 entity=ResourceFuel leg=train_part object=ResourceStockpileBox(6143370010) path=train/11 pos=281152,167917,11002 scale=100 state=idle visual=281068,168896,11152 yaw=14400 t=14919135 id=215
[SMRTK] SMRTK_DUMP bbox_max=47,48,114 bbox_min=-51,-49,0 entity=ResourceFuel leg=train_part object=ResourceStockpileBox(6143370010) path=train/11 pos=281152,167917,11002 scale=100 state=idle visual=281068,168896,11152 yaw=14400 t=14919135 id=215
[mod] [SMRTK] SMRTK_DUMP bbox_max=47,48,114 bbox_min=-51,-49,0 entity=ResourceFuel leg=train_part object=ResourceStockpileBox(5525256013) path=train/12 pos=281164,168171,11002 scale=100 state=idle visual=281296,168884,11152 yaw=14400 t=14919135 id=216
[SMRTK] SMRTK_DUMP bbox_max=47,48,114 bbox_min=-51,-49,0 entity=ResourceFuel leg=train_part object=ResourceStockpileBox(5525256013) path=train/12 pos=281164,168171,11002 scale=100 state=idle visual=281296,168884,11152 yaw=14400 t=14919135 id=216
[mod] [SMRTK] SMRTK_DUMP bbox_max=47,48,114 bbox_min=-51,-49,0 entity=ResourceFuel leg=train_part object=ResourceStockpileBox(5860429359) path=train/13 pos=281108,168073,11002 scale=100 state=idle visual=281208,168935,11152 yaw=14400 t=14919135 id=217
[SMRTK] SMRTK_DUMP bbox_max=47,48,114 bbox_min=-51,-49,0 entity=ResourceFuel leg=train_part object=ResourceStockpileBox(5860429359) path=train/13 pos=281108,168073,11002 scale=100 state=idle visual=281208,168935,11152 yaw=14400 t=14919135 id=217
[mod] [SMRTK] SMRTK_DUMP bbox_max=47,48,114 bbox_min=-51,-49,0 entity=ResourceFuel leg=train_part object=ResourceStockpileBox(5687264392) path=train/14 pos=281051,167975,11002 scale=100 state=idle visual=281120,168986,11152 yaw=14400 t=14919135 id=218
[SMRTK] SMRTK_DUMP bbox_max=47,48,114 bbox_min=-51,-49,0 entity=ResourceFuel leg=train_part object=ResourceStockpileBox(5687264392) path=train/14 pos=281051,167975,11002 scale=100 state=idle visual=281120,168986,11152 yaw=14400 t=14919135 id=218
[mod] [SMRTK] SMRTK_DUMP bbox_max=47,48,114 bbox_min=-51,-49,0 entity=ResourceFuel leg=train_part object=ResourceStockpileBox(6004959204) path=train/15 pos=281064,168229,11002 scale=100 state=idle visual=281348,168975,11152 yaw=14400 t=14919135 id=219
[SMRTK] SMRTK_DUMP bbox_max=47,48,114 bbox_min=-51,-49,0 entity=ResourceFuel leg=train_part object=ResourceStockpileBox(6004959204) path=train/15 pos=281064,168229,11002 scale=100 state=idle visual=281348,168975,11152 yaw=14400 t=14919135 id=219
[mod] [SMRTK] SMRTK_DUMP bbox_max=47,48,114 bbox_min=-51,-49,0 entity=ResourceFuel leg=train_part object=ResourceStockpileBox(6130989452) path=train/16 pos=281007,168131,11002 scale=100 state=idle visual=281260,169026,11152 yaw=14400 t=14919135 id=220
[SMRTK] SMRTK_DUMP bbox_max=47,48,114 bbox_min=-51,-49,0 entity=ResourceFuel leg=train_part object=ResourceStockpileBox(6130989452) path=train/16 pos=281007,168131,11002 scale=100 state=idle visual=281260,169026,11152 yaw=14400 t=14919135 id=220
[mod] [SMRTK] SMRTK_DUMP bbox_max=47,48,114 bbox_min=-51,-49,0 entity=ResourceFuel leg=train_part object=ResourceStockpileBox(6107524330) path=train/17 pos=280951,168033,11002 scale=100 state=idle visual=281172,169076,11152 yaw=14400 t=14919135 id=221
[SMRTK] SMRTK_DUMP bbox_max=47,48,114 bbox_min=-51,-49,0 entity=ResourceFuel leg=train_part object=ResourceStockpileBox(6107524330) path=train/17 pos=280951,168033,11002 scale=100 state=idle visual=281172,169076,11152 yaw=14400 t=14919135 id=221
[mod] [SMRTK] SMRTK_DUMP bbox_max=47,48,114 bbox_min=-51,-49,0 entity=ResourceFuel leg=train_part object=ResourceStockpileBox(5810363853) path=train/18 pos=280963,168287,11002 scale=100 state=idle visual=281401,169065,11152 yaw=14400 t=14919135 id=222
[SMRTK] SMRTK_DUMP bbox_max=47,48,114 bbox_min=-51,-49,0 entity=ResourceFuel leg=train_part object=ResourceStockpileBox(5810363853) path=train/18 pos=280963,168287,11002 scale=100 state=idle visual=281401,169065,11152 yaw=14400 t=14919135 id=222
						Lua 0:00:57:989
[mod] [SMRTK] SMRTK_DUMP bbox_max=47,48,114 bbox_min=-51,-49,0 entity=ResourceFuel leg=train_part object=ResourceStockpileBox(5521088843) path=train/19 pos=280907,168189,11002 scale=100 state=idle visual=281312,169116,11152 yaw=14400 t=14919135 id=223
[SMRTK] SMRTK_DUMP bbox_max=47,48,114 bbox_min=-51,-49,0 entity=ResourceFuel leg=train_part object=ResourceStockpileBox(5521088843) path=train/19 pos=280907,168189,11002 scale=100 state=idle visual=281312,169116,11152 yaw=14400 t=14919135 id=223
[mod] [SMRTK] SMRTK_DUMP bbox_max=49,51,100 bbox_min=-49,-49,0 entity=ResourceCoffe leg=train_part object=ResourceStockpileBox(5654493518) path=train/20 pos=280850,168091,11002 scale=100 state=idle visual=281224,169167,11152 yaw=14400 t=14919135 id=224
[SMRTK] SMRTK_DUMP bbox_max=49,51,100 bbox_min=-49,-49,0 entity=ResourceCoffe leg=train_part object=ResourceStockpileBox(5654493518) path=train/20 pos=280850,168091,11002 scale=100 state=idle visual=281224,169167,11152 yaw=14400 t=14919135 id=224
[mod] [SMRTK] SMRTK_DUMP bbox_max=49,51,100 bbox_min=-49,-49,0 entity=ResourceCoffe leg=train_part object=ResourceStockpileBox(5444518419) path=train/21 pos=280863,168345,11002 scale=100 state=idle visual=281453,169156,11152 yaw=14400 t=14919135 id=225
[SMRTK] SMRTK_DUMP bbox_max=49,51,100 bbox_min=-49,-49,0 entity=ResourceCoffe leg=train_part object=ResourceStockpileBox(5444518419) path=train/21 pos=280863,168345,11002 scale=100 state=idle visual=281453,169156,11152 yaw=14400 t=14919135 id=225
[mod] [SMRTK] SMRTK_DUMP bbox_max=49,51,100 bbox_min=-49,-49,0 entity=ResourceCoffe leg=train_part object=ResourceStockpileBox(5417979958) path=train/22 pos=280807,168247,11002 scale=100 state=idle visual=281365,169206,11152 yaw=14400 t=14919135 id=226
[SMRTK] SMRTK_DUMP bbox_max=49,51,100 bbox_min=-49,-49,0 entity=ResourceCoffe leg=train_part object=ResourceStockpileBox(5417979958) path=train/22 pos=280807,168247,11002 scale=100 state=idle visual=281365,169206,11152 yaw=14400 t=14919135 id=226
[mod] [SMRTK] SMRTK_DUMP bbox_max=49,51,100 bbox_min=-49,-49,0 entity=ResourceCoffe leg=train_part object=ResourceStockpileBox(5725791430) path=train/23 pos=280750,168149,11002 scale=100 state=idle visual=281277,169257,11152 yaw=14400 t=14919135 id=227
[SMRTK] SMRTK_DUMP bbox_max=49,51,100 bbox_min=-49,-49,0 entity=ResourceCoffe leg=train_part object=ResourceStockpileBox(5725791430) path=train/23 pos=280750,168149,11002 scale=100 state=idle visual=281277,169257,11152 yaw=14400 t=14919135 id=227
[mod] [SMRTK] SMRTK_DUMP bbox_max=49,51,100 bbox_min=-49,-49,0 entity=ResourceCoffe leg=train_part object=ResourceStockpileBox(5553452234) path=train/24 pos=281466,167997,10901 scale=100 state=idle visual=281140,168613,11061 yaw=14400 t=14919135 id=228
[SMRTK] SMRTK_DUMP bbox_max=49,51,100 bbox_min=-49,-49,0 entity=ResourceCoffe leg=train_part object=ResourceStockpileBox(5553452234) path=train/24 pos=281466,167997,10901 scale=100 state=idle visual=281140,168613,11061 yaw=14400 t=14919135 id=228
[mod] [SMRTK] SMRTK_DUMP bbox_max=49,51,100 bbox_min=-49,-49,0 entity=ResourceCoffe leg=train_part object=ResourceStockpileBox(6090375769) path=train/25 pos=281409,167899,10901 scale=100 state=idle visual=281052,168664,11061 yaw=14400 t=14919135 id=229
[SMRTK] SMRTK_DUMP bbox_max=49,51,100 bbox_min=-49,-49,0 entity=ResourceCoffe leg=train_part object=ResourceStockpileBox(6090375769) path=train/25 pos=281409,167899,10901 scale=100 state=idle visual=281052,168664,11061 yaw=14400 t=14919135 id=229
[mod] [SMRTK] SMRTK_DUMP bbox_max=49,51,100 bbox_min=-49,-49,0 entity=ResourceCoffe leg=train_part object=ResourceStockpileBox(5665613763) path=train/26 pos=281353,167801,10901 scale=100 state=idle visual=280964,168715,11061 yaw=14400 t=14919135 id=230
[SMRTK] SMRTK_DUMP bbox_max=49,51,100 bbox_min=-49,-49,0 entity=ResourceCoffe leg=train_part object=ResourceStockpileBox(5665613763) path=train/26 pos=281353,167801,10901 scale=100 state=idle visual=280964,168715,11061 yaw=14400 t=14919135 id=230
[mod] [SMRTK] SMRTK_DUMP bbox_max=49,51,100 bbox_min=-49,-49,0 entity=ResourceCoffe leg=train_part object=ResourceStockpileBox(5708642586) path=train/27 pos=281365,168055,10901 scale=100 state=idle visual=281192,168703,11061 yaw=14400 t=14919135 id=231
[SMRTK] SMRTK_DUMP bbox_max=49,51,100 bbox_min=-49,-49,0 entity=ResourceCoffe leg=train_part object=ResourceStockpileBox(5708642586) path=train/27 pos=281365,168055,10901 scale=100 state=idle visual=281192,168703,11061 yaw=14400 t=14919135 id=231
[mod] [SMRTK] SMRTK_DUMP bbox_max=49,51,100 bbox_min=-49,-49,0 entity=ResourceCoffe leg=train_part object=ResourceStockpileBox(5801920214) path=train/28 pos=281309,167957,10901 scale=100 state=idle visual=281104,168754,11061 yaw=14400 t=14919135 id=232
[SMRTK] SMRTK_DUMP bbox_max=49,51,100 bbox_min=-49,-49,0 entity=ResourceCoffe leg=train_part object=ResourceStockpileBox(5801920214) path=train/28 pos=281309,167957,10901 scale=100 state=idle visual=281104,168754,11061 yaw=14400 t=14919135 id=232
[mod] [SMRTK] SMRTK_DUMP bbox_max=49,51,100 bbox_min=-49,-49,0 entity=ResourceCoffe leg=train_part object=ResourceStockpileBox(5749095783) path=train/29 pos=281252,167859,10901 scale=100 state=idle visual=281016,168805,11061 yaw=14400 t=14919135 id=233
[SMRTK] SMRTK_DUMP bbox_max=49,51,100 bbox_min=-49,-49,0 entity=ResourceCoffe leg=train_part object=ResourceStockpileBox(5749095783) path=train/29 pos=281252,167859,10901 scale=100 state=idle visual=281016,168805,11061 yaw=14400 t=14919135 id=233
[mod] [SMRTK] SMRTK_DUMP bbox_max=49,51,100 bbox_min=-49,-49,0 entity=ResourceCoffe leg=train_part object=ResourceStockpileBox(5596742023) path=train/30 pos=281265,168113,10901 scale=100 state=idle visual=281244,168794,11061 yaw=14400 t=14919135 id=234
[SMRTK] SMRTK_DUMP bbox_max=49,51,100 bbox_min=-49,-49,0 entity=ResourceCoffe leg=train_part object=ResourceStockpileBox(5596742023) path=train/30 pos=281265,168113,10901 scale=100 state=idle visual=281244,168794,11061 yaw=14400 t=14919135 id=234
[mod] [SMRTK] SMRTK_DUMP bbox_max=49,51,100 bbox_min=-49,-49,0 entity=ResourceCoffe leg=train_part object=ResourceStockpileBox(5821163920) path=train/31 pos=281208,168015,10901 scale=100 state=idle visual=281156,168845,11061 yaw=14400 t=14919135 id=235
[SMRTK] SMRTK_DUMP bbox_max=49,51,100 bbox_min=-49,-49,0 entity=ResourceCoffe leg=train_part object=ResourceStockpileBox(5821163920) path=train/31 pos=281208,168015,10901 scale=100 state=idle visual=281156,168845,11061 yaw=14400 t=14919135 id=235
[mod] [SMRTK] SMRTK_DUMP bbox_max=49,51,100 bbox_min=-49,-49,0 entity=ResourceCoffe leg=train_part object=ResourceStockpileBox(6009216656) path=train/32 pos=281152,167917,10901 scale=100 state=idle visual=281068,168895,11061 yaw=14400 t=14919135 id=236
[SMRTK] SMRTK_DUMP bbox_max=49,51,100 bbox_min=-49,-49,0 entity=ResourceCoffe leg=train_part object=ResourceStockpileBox(6009216656) path=train/32 pos=281152,167917,10901 scale=100 state=idle visual=281068,168895,11061 yaw=14400 t=14919135 id=236
[mod] [SMRTK] SMRTK_DUMP bbox_max=49,51,100 bbox_min=-49,-49,0 entity=ResourceCoffe leg=train_part object=ResourceStockpileBox(5919339204) path=train/33 pos=281164,168171,10901 scale=100 state=idle visual=281296,168884,11061 yaw=14400 t=14919135 id=237
[SMRTK] SMRTK_DUMP bbox_max=49,51,100 bbox_min=-49,-49,0 entity=ResourceCoffe leg=train_part object=ResourceStockpileBox(5919339204) path=train/33 pos=281164,168171,10901 scale=100 state=idle visual=281296,168884,11061 yaw=14400 t=14919135 id=237
[mod] [SMRTK] SMRTK_DUMP bbox_max=49,49,102 bbox_min=-49,-49,1 entity=ResourceMeat leg=train_part object=ResourceStockpileBox(5772027199) path=train/34 pos=281108,168073,10901 scale=100 state=idle visual=281208,168935,11061 yaw=14400 t=14919135 id=238
[SMRTK] SMRTK_DUMP bbox_max=49,49,102 bbox_min=-49,-49,1 entity=ResourceMeat leg=train_part object=ResourceStockpileBox(5772027199) path=train/34 pos=281108,168073,10901 scale=100 state=idle visual=281208,168935,11061 yaw=14400 t=14919135 id=238
[mod] [SMRTK] SMRTK_DUMP bbox_max=49,49,102 bbox_min=-49,-49,1 entity=ResourceMeat leg=train_part object=ResourceStockpileBox(5300549017) path=train/35 pos=281051,167975,10901 scale=100 state=idle visual=281120,168986,11061 yaw=14400 t=14919135 id=239
[SMRTK] SMRTK_DUMP bbox_max=49,49,102 bbox_min=-49,-49,1 entity=ResourceMeat leg=train_part object=ResourceStockpileBox(5300549017) path=train/35 pos=281051,167975,10901 scale=100 state=idle visual=281120,168986,11061 yaw=14400 t=14919135 id=239
[mod] [SMRTK] SMRTK_DUMP bbox_max=49,49,102 bbox_min=-49,-49,1 entity=ResourceMeat leg=train_part object=ResourceStockpileBox(5673620031) path=train/36 pos=281064,168229,10901 scale=100 state=idle visual=281348,168975,11061 yaw=14400 t=14919135 id=240
[SMRTK] SMRTK_DUMP bbox_max=49,49,102 bbox_min=-49,-49,1 entity=ResourceMeat leg=train_part object=ResourceStockpileBox(5673620031) path=train/36 pos=281064,168229,10901 scale=100 state=idle visual=281348,168975,11061 yaw=14400 t=14919135 id=240
[mod] [SMRTK] SMRTK_DUMP bbox_max=49,49,102 bbox_min=-49,-49,1 entity=ResourceMeat leg=train_part object=ResourceStockpileBox(5894904835) path=train/37 pos=281007,168131,10901 scale=100 state=idle visual=281260,169026,11061 yaw=14400 t=14919135 id=241
[SMRTK] SMRTK_DUMP bbox_max=49,49,102 bbox_min=-49,-49,1 entity=ResourceMeat leg=train_part object=ResourceStockpileBox(5894904835) path=train/37 pos=281007,168131,10901 scale=100 state=idle visual=281260,169026,11061 yaw=14400 t=14919135 id=241
[mod] [SMRTK] SMRTK_DUMP bbox_max=49,49,102 bbox_min=-49,-49,1 entity=ResourceMeat leg=train_part object=ResourceStockpileBox(5819671843) path=train/38 pos=280951,168033,10901 scale=100 state=idle visual=281172,169076,11061 yaw=14400 t=14919135 id=242
[SMRTK] SMRTK_DUMP bbox_max=49,49,102 bbox_min=-49,-49,1 entity=ResourceMeat leg=train_part object=ResourceStockpileBox(5819671843) path=train/38 pos=280951,168033,10901 scale=100 state=idle visual=281172,169076,11061 yaw=14400 t=14919135 id=242
[mod] [SMRTK] SMRTK_DUMP bbox_max=49,49,102 bbox_min=-49,-49,1 entity=ResourceMeat leg=train_part object=ResourceStockpileBox(5885205594) path=train/39 pos=280963,168287,10901 scale=100 state=idle visual=281401,169065,11061 yaw=14400 t=14919135 id=243
[SMRTK] SMRTK_DUMP bbox_max=49,49,102 bbox_min=-49,-49,1 entity=ResourceMeat leg=train_part object=ResourceStockpileBox(5885205594) path=train/39 pos=280963,168287,10901 scale=100 state=idle visual=281401,169065,11061 yaw=14400 t=14919135 id=243
[mod] [SMRTK] SMRTK_DUMP bbox_max=49,49,102 bbox_min=-49,-49,1 entity=ResourceMeat leg=train_part object=ResourceStockpileBox(5505838280) path=train/40 pos=280907,168189,10901 scale=100 state=idle visual=281312,169116,11061 yaw=14400 t=14919135 id=244
[SMRTK] SMRTK_DUMP bbox_max=49,49,102 bbox_min=-49,-49,1 entity=ResourceMeat leg=train_part object=ResourceStockpileBox(5505838280) path=train/40 pos=280907,168189,10901 scale=100 state=idle visual=281312,169116,11061 yaw=14400 t=14919135 id=244
[mod] [SMRTK] SMRTK_DUMP bbox_max=49,49,102 bbox_min=-49,-49,1 entity=ResourceMeat leg=train_part object=ResourceStockpileBox(6025709891) path=train/41 pos=280850,168091,10901 scale=100 state=idle visual=281224,169167,11061 yaw=14400 t=14919135 id=245
[SMRTK] SMRTK_DUMP bbox_max=49,49,102 bbox_min=-49,-49,1 entity=ResourceMeat leg=train_part object=ResourceStockpileBox(6025709891) path=train/41 pos=280850,168091,10901 scale=100 state=idle visual=281224,169167,11061 yaw=14400 t=14919135 id=245
[mod] [SMRTK] SMRTK_DUMP bbox_max=49,49,102 bbox_min=-49,-49,1 entity=ResourceMeat leg=train_part object=ResourceStockpileBox(5586126274) path=train/42 pos=280863,168345,10901 scale=100 state=idle visual=281453,169156,11061 yaw=14400 t=14919135 id=246						Lua 0:00:57:990

[SMRTK] SMRTK_DUMP bbox_max=49,49,102 bbox_min=-49,-49,1 entity=ResourceMeat leg=train_part object=ResourceStockpileBox(5586126274) path=train/42 pos=280863,168345,10901 scale=100 state=idle visual=281453,169156,11061 yaw=14400 t=14919135 id=246
[mod] [SMRTK] SMRTK_DUMP bbox_max=49,49,102 bbox_min=-49,-49,1 entity=ResourceMeat leg=train_part object=ResourceStockpileBox(5806704068) path=train/43 pos=280807,168247,10901 scale=100 state=idle visual=281365,169206,11061 yaw=14400 t=14919135 id=247
[SMRTK] SMRTK_DUMP bbox_max=49,49,102 bbox_min=-49,-49,1 entity=ResourceMeat leg=train_part object=ResourceStockpileBox(5806704068) path=train/43 pos=280807,168247,10901 scale=100 state=idle visual=281365,169206,11061 yaw=14400 t=14919135 id=247
[mod] [SMRTK] SMRTK_DUMP bbox_max=49,49,102 bbox_min=-49,-49,1 entity=ResourceMeat leg=train_part object=ResourceStockpileBox(6055680494) path=train/44 pos=280750,168149,10901 scale=100 state=idle visual=281277,169257,11061 yaw=14400 t=14919135 id=248
[SMRTK] SMRTK_DUMP bbox_max=49,49,102 bbox_min=-49,-49,1 entity=ResourceMeat leg=train_part object=ResourceStockpileBox(6055680494) path=train/44 pos=280750,168149,10901 scale=100 state=idle visual=281277,169257,11061 yaw=14400 t=14919135 id=248
[mod] [SMRTK] SMRTK_DUMP bbox_max=49,49,102 bbox_min=-49,-49,1 entity=ResourceMeat leg=train_part object=ResourceStockpileBox(5584535705) path=train/45 pos=281466,167997,10800 scale=100 state=idle visual=281140,168613,10970 yaw=14400 t=14919135 id=249
[SMRTK] SMRTK_DUMP bbox_max=49,49,102 bbox_min=-49,-49,1 entity=ResourceMeat leg=train_part object=ResourceStockpileBox(5584535705) path=train/45 pos=281466,167997,10800 scale=100 state=idle visual=281140,168613,10970 yaw=14400 t=14919135 id=249
[mod] [SMRTK] SMRTK_DUMP bbox_max=49,49,102 bbox_min=-49,-49,1 entity=ResourceMeat leg=train_part object=ResourceStockpileBox(5839237337) path=train/46 pos=281409,167899,10800 scale=100 state=idle visual=281052,168664,10970 yaw=14400 t=14919135 id=250
[SMRTK] SMRTK_DUMP bbox_max=49,49,102 bbox_min=-49,-49,1 entity=ResourceMeat leg=train_part object=ResourceStockpileBox(5839237337) path=train/46 pos=281409,167899,10800 scale=100 state=idle visual=281052,168664,10970 yaw=14400 t=14919135 id=250
[mod] [SMRTK] SMRTK_DUMP bbox_max=49,49,102 bbox_min=-49,-49,1 entity=ResourceMeat leg=train_part object=ResourceStockpileBox(5895137628) path=train/47 pos=281353,167801,10800 scale=100 state=idle visual=280964,168715,10970 yaw=14400 t=14919135 id=251
[SMRTK] SMRTK_DUMP bbox_max=49,49,102 bbox_min=-49,-49,1 entity=ResourceMeat leg=train_part object=ResourceStockpileBox(5895137628) path=train/47 pos=281353,167801,10800 scale=100 state=idle visual=280964,168715,10970 yaw=14400 t=14919135 id=251
[mod] [SMRTK] SMRTK_DUMP bbox_max=49,49,102 bbox_min=-49,-49,1 entity=ResourceMeat leg=train_part object=ResourceStockpileBox(5501833635) path=train/48 pos=281365,168055,10800 scale=100 state=idle visual=281192,168703,10970 yaw=14400 t=14919135 id=252
[SMRTK] SMRTK_DUMP bbox_max=49,49,102 bbox_min=-49,-49,1 entity=ResourceMeat leg=train_part object=ResourceStockpileBox(5501833635) path=train/48 pos=281365,168055,10800 scale=100 state=idle visual=281192,168703,10970 yaw=14400 t=14919135 id=252
[mod] [SMRTK] SMRTK_DUMP bbox_max=49,49,102 bbox_min=-49,-49,1 entity=ResourceMeat leg=train_part object=ResourceStockpileBox(6091213841) path=train/49 pos=281309,167957,10800 scale=100 state=idle visual=281104,168754,10970 yaw=14400 t=14919135 id=253
[SMRTK] SMRTK_DUMP bbox_max=49,49,102 bbox_min=-49,-49,1 entity=ResourceMeat leg=train_part object=ResourceStockpileBox(6091213841) path=train/49 pos=281309,167957,10800 scale=100 state=idle visual=281104,168754,10970 yaw=14400 t=14919135 id=253
[mod] [SMRTK] SMRTK_DUMP bbox_max=47,51,100 bbox_min=-53,-50,3 entity=ResourceMachineParts leg=train_part object=ResourceStockpileBox(6052591975) path=train/50 pos=281252,167859,10800 scale=100 state=idle visual=281016,168805,10970 yaw=14400 t=14919135 id=254
[SMRTK] SMRTK_DUMP bbox_max=47,51,100 bbox_min=-53,-50,3 entity=ResourceMachineParts leg=train_part object=ResourceStockpileBox(6052591975) path=train/50 pos=281252,167859,10800 scale=100 state=idle visual=281016,168805,10970 yaw=14400 t=14919135 id=254
[mod] [SMRTK] SMRTK_DUMP bbox_max=47,51,100 bbox_min=-53,-50,3 entity=ResourceMachineParts leg=train_part object=ResourceStockpileBox(5803675911) path=train/51 pos=281265,168113,10800 scale=100 state=idle visual=281244,168794,10970 yaw=14400 t=14919135 id=255
[SMRTK] SMRTK_DUMP bbox_max=47,51,100 bbox_min=-53,-50,3 entity=ResourceMachineParts leg=train_part object=ResourceStockpileBox(5803675911) path=train/51 pos=281265,168113,10800 scale=100 state=idle visual=281244,168794,10970 yaw=14400 t=14919135 id=255
[mod] [SMRTK] SMRTK_DUMP bbox_max=47,51,100 bbox_min=-53,-50,3 entity=ResourceMachineParts leg=train_part object=ResourceStockpileBox(5816447252) path=train/52 pos=281208,168015,10800 scale=100 state=idle visual=281156,168845,10970 yaw=14400 t=14919135 id=256
[SMRTK] SMRTK_DUMP bbox_max=47,51,100 bbox_min=-53,-50,3 entity=ResourceMachineParts leg=train_part object=ResourceStockpileBox(5816447252) path=train/52 pos=281208,168015,10800 scale=100 state=idle visual=281156,168845,10970 yaw=14400 t=14919135 id=256
[mod] [SMRTK] SMRTK_DUMP bbox_max=47,51,100 bbox_min=-53,-50,3 entity=ResourceMachineParts leg=train_part object=ResourceStockpileBox(5451449773) path=train/53 pos=281152,167917,10800 scale=100 state=idle visual=281068,168895,10970 yaw=14400 t=14919135 id=257
[SMRTK] SMRTK_DUMP bbox_max=47,51,100 bbox_min=-53,-50,3 entity=ResourceMachineParts leg=train_part object=ResourceStockpileBox(5451449773) path=train/53 pos=281152,167917,10800 scale=100 state=idle visual=281068,168895,10970 yaw=14400 t=14919135 id=257
[mod] [SMRTK] SMRTK_DUMP bbox_max=47,51,100 bbox_min=-53,-50,3 entity=ResourceMachineParts leg=train_part object=ResourceStockpileBox(5498908901) path=train/54 pos=281164,168171,10800 scale=100 state=idle visual=281296,168884,10970 yaw=14400 t=14919135 id=258
[SMRTK] SMRTK_DUMP bbox_max=47,51,100 bbox_min=-53,-50,3 entity=ResourceMachineParts leg=train_part object=ResourceStockpileBox(5498908901) path=train/54 pos=281164,168171,10800 scale=100 state=idle visual=281296,168884,10970 yaw=14400 t=14919135 id=258
[mod] [SMRTK] SMRTK_DUMP bbox_max=47,51,100 bbox_min=-53,-50,3 entity=ResourceMachineParts leg=train_part object=ResourceStockpileBox(5411991699) path=train/55 pos=281108,168073,10800 scale=100 state=idle visual=281208,168935,10970 yaw=14400 t=14919135 id=259
[SMRTK] SMRTK_DUMP bbox_max=47,51,100 bbox_min=-53,-50,3 entity=ResourceMachineParts leg=train_part object=ResourceStockpileBox(5411991699) path=train/55 pos=281108,168073,10800 scale=100 state=idle visual=281208,168935,10970 yaw=14400 t=14919135 id=259
[mod] [SMRTK] SMRTK_DUMP bbox_max=47,51,100 bbox_min=-53,-50,3 entity=ResourceMachineParts leg=train_part object=ResourceStockpileBox(6005956684) path=train/56 pos=281051,167975,10800 scale=100 state=idle visual=281120,168986,10970 yaw=14400 t=14919135 id=260
[SMRTK] SMRTK_DUMP bbox_max=47,51,100 bbox_min=-53,-50,3 entity=ResourceMachineParts leg=train_part object=ResourceStockpileBox(6005956684) path=train/56 pos=281051,167975,10800 scale=100 state=idle visual=281120,168986,10970 yaw=14400 t=14919135 id=260
[mod] [SMRTK] SMRTK_DUMP bbox_max=47,51,100 bbox_min=-53,-50,3 entity=ResourceMachineParts leg=train_part object=ResourceStockpileBox(5580580669) path=train/57 pos=281064,168229,10800 scale=100 state=idle visual=281348,168975,10970 yaw=14400 t=14919135 id=261
[SMRTK] SMRTK_DUMP bbox_max=47,51,100 bbox_min=-53,-50,3 entity=ResourceMachineParts leg=train_part object=ResourceStockpileBox(5580580669) path=train/57 pos=281064,168229,10800 scale=100 state=idle visual=281348,168975,10970 yaw=14400 t=14919135 id=261
[mod] [SMRTK] SMRTK_DUMP bbox_max=47,51,100 bbox_min=-53,-50,3 entity=ResourceMachineParts leg=train_part object=ResourceStockpileBox(5973962601) path=train/58 pos=281007,168131,10800 scale=100 state=idle visual=281260,169025,10970 yaw=14400 t=14919135 id=262
[SMRTK] SMRTK_DUMP bbox_max=47,51,100 bbox_min=-53,-50,3 entity=ResourceMachineParts leg=train_part object=ResourceStockpileBox(5973962601) path=train/58 pos=281007,168131,10800 scale=100 state=idle visual=281260,169025,10970 yaw=14400 t=14919135 id=262
[mod] [SMRTK] SMRTK_DUMP bbox_max=47,51,100 bbox_min=-53,-50,3 entity=ResourceMachineParts leg=train_part object=ResourceStockpileBox(5319362219) path=train/59 pos=280951,168033,10800 scale=100 state=idle visual=281172,169076,10970 yaw=14400 t=14919135 id=263
[SMRTK] SMRTK_DUMP bbox_max=47,51,100 bbox_min=-53,-50,3 entity=ResourceMachineParts leg=train_part object=ResourceStockpileBox(5319362219) path=train/59 pos=280951,168033,10800 scale=100 state=idle visual=281172,169076,10970 yaw=14400 t=14919135 id=263
[mod] [SMRTK] SMRTK_DUMP bbox_max=47,51,100 bbox_min=-53,-50,3 entity=ResourceMachineParts leg=train_part object=ResourceStockpileBox(5879124315) path=train/60 pos=280963,168287,10800 scale=100 state=idle visual=281401,169065,10970 yaw=14400 t=14919135 id=264
[SMRTK] SMRTK_DUMP bbox_max=47,51,100 bbox_min=-53,-50,3 entity=ResourceMachineParts leg=train_part object=ResourceStockpileBox(5879124315) path=train/60 pos=280963,168287,10800 scale=100 state=idle visual=281401,169065,10970 yaw=14400 t=14919135 id=264
[mod] [SMRTK] SMRTK_DUMP bbox_max=47,51,100 bbox_min=-53,-50,3 entity=ResourceMachineParts leg=train_part object=ResourceStockpileBox(5357132298) path=train/61 pos=280907,168189,10800 scale=100 state=idle visual=281313,169116,10970 yaw=14400 t=14919135 id=265
[SMRTK] SMRTK_DUMP bbox_max=47,51,100 bbox_min=-53,-50,3 entity=ResourceMachineParts leg=train_part object=ResourceStockpileBox(5357132298) path=train/61 pos=280907,168189,10800 scale=100 state=idle visual=281313,169116,10970 yaw=14400 t=14919135 id=265
[mod] [SMRTK] SMRTK_DUMP bbox_max=47,51,100 bbox_min=-53,-50,3 entity=ResourceMachineParts leg=train_part object=ResourceStockpileBox(5935138420) path=train/62 pos=280850,168091,10800 scale=100 state=idle visual=281224,169167,10970 yaw=14400 t=14919135 id=266
[SMRTK] SMRTK_DUMP bbox_max=47,51,100 bbox_min=-53,-50,3 entity=ResourceMachineParts leg=train_part object=ResourceStockpileBox(5935138420) path=train/62 pos=280850,168091,10800 scale=100 state=idle visual=281224,169167,10970 yaw=14400 t=14919135 id=266
[mod] [SMRTK] SMRTK_DUMP bbox_max=47,51,100 bbox_min=-53,-50,3 entity=ResourceMachineParts leg=train_part object=ResourceStockpileBox(5540151126) path=train/63 pos=280863,168345,10800 scale=100 state=idle visual=281453,169156,10970 yaw=14400 t=14919135 id=267
[SMRTK] SMRTK_DUMP bbox_max=47,51,100 bbox_min=-53,-50,3 entity=ResourceMachineParts leg=train_part object=ResourceStockpileBox(5540151126) path=train/63 pos=280863,168345,10800 scale=100 state=idle visual=281453,169156,10970 yaw=14400 t=14919135 id=267
[mod] [SMRTK] SMRTK_DUMP bbox_max=47,51,100 bbox_min=-53,-50,3 entity=ResourceMachineParts leg=train_part object=ResourceStockpileBox(5525798385) path=train/64 pos=280807,168247,10800 scale=100 state=idle visual=281365,169206,10970 yaw=14400 t=14919135 id=268
[SMRTK] SMRTK_DUMP bbox_max=47,51,100 bbox_min=-53,-50,3 entity=ResourceMachineParts leg=train_part object=ResourceStockpileBox(5525798385) path=train/64 pos=280807,168247,10800 scale=100 state=idle visual=281365,169206,10970 yaw=14400 t=14919135 id=268
						Lua 0:00:57:991
[mod] [SMRTK] SMRTK_DUMP bbox_max=47,51,100 bbox_min=-53,-50,3 entity=ResourceMachineParts leg=train_part object=ResourceStockpileBox(5581922021) path=train/65 pos=280750,168149,10800 scale=100 state=idle visual=281277,169257,10970 yaw=14400 t=14919135 id=269
[SMRTK] SMRTK_DUMP bbox_max=47,51,100 bbox_min=-53,-50,3 entity=ResourceMachineParts leg=train_part object=ResourceStockpileBox(5581922021) path=train/65 pos=280750,168149,10800 scale=100 state=idle visual=281277,169257,10970 yaw=14400 t=14919135 id=269
[mod] [SMRTK] SMRTK_MARK action=mark label=HUB3B_PARTS_END mark=286 status=OK t=14919135 id=270
[SMRTK] SMRTK_MARK action=mark label=HUB3B_PARTS_END mark=286 status=OK t=14919135 id=270
[mod] [SMRTK] SMRTK_FINGERPRINT action=fingerprint fix_pack_present=52/52 game=403908 mark_action=mark mods=SMR_CommunityFixPack,SMR_CommunityFixPackTestKit,SMR_CommunityOptInPack,SMR_TrainHubDev_20260918 pack_version=19 read="live registry" save="SpaceY Sol 21.savegame.sav" sol=21 status=OK t=14919135 id=271
[SMRTK] SMRTK_FINGERPRINT action=fingerprint fix_pack_present=52/52 game=403908 mark_action=mark mods=SMR_CommunityFixPack,SMR_CommunityFixPackTestKit,SMR_CommunityOptInPack,SMR_TrainHubDev_20260918 pack_version=19 read="live registry" save="SpaceY Sol 21.savegame.sav" sol=21 status=OK t=14919135 id=271
[mod] [SMRTK] SMRTK_ACTION action=slot_6 length_verdict="DISPUTED: compare visible train to hex grid" status=OK train=Train(2000001576) t=14919135 id=272
[SMRTK] SMRTK_ACTION action=slot_6 length_verdict="DISPUTED: compare visible train to hex grid" status=OK train=Train(2000001576) t=14919135 id=272
						Lua 0:01:00:174
[mod] [SMRTK] SMRTK_MARK action=screenshot_mark capture="native accepted" capture_id=0062 fallback=false label="Hub3b stage 3 loaded parked migration" mark=289 path=C:/Dev/SMR-ScreenCaptures/SMRTK_0062.png status=OK t=14919135 id=273
[SMRTK] SMRTK_MARK action=screenshot_mark capture="native accepted" capture_id=0062 fallback=false label="Hub3b stage 3 loaded parked migration" mark=289 path=C:/Dev/SMR-ScreenCaptures/SMRTK_0062.png status=OK t=14919135 id=273
[mod] [SMRTK] SMRTK_FINGERPRINT action=fingerprint fix_pack_present=52/52 game=403908 mark_action=screenshot_mark mods=SMR_CommunityFixPack,SMR_CommunityFixPackTestKit,SMR_CommunityOptInPack,SMR_TrainHubDev_20260918 pack_version=19 read="live registry" save="SpaceY Sol 21.savegame.sav" sol=21 status=OK t=14919135 id=274
[SMRTK] SMRTK_FINGERPRINT action=fingerprint fix_pack_present=52/52 game=403908 mark_action=screenshot_mark mods=SMR_CommunityFixPack,SMR_CommunityFixPackTestKit,SMR_CommunityOptInPack,SMR_TrainHubDev_20260918 pack_version=19 read="live registry" save="SpaceY Sol 21.savegame.sav" sol=21 status=OK t=14919135 id=274
[mod] [SMRTK] SMRTK_MARK action=mark label=HUB3B_TUNE_BEGIN mark=291 status=OK t=14919135 id=275
[SMRTK] SMRTK_MARK action=mark label=HUB3B_TUNE_BEGIN mark=291 status=OK t=14919135 id=275
[mod] [SMRTK] SMRTK_FINGERPRINT action=fingerprint fix_pack_present=52/52 game=403908 mark_action=mark mods=SMR_CommunityFixPack,SMR_CommunityFixPackTestKit,SMR_CommunityOptInPack,SMR_TrainHubDev_20260918 pack_version=19 read="live registry" save="SpaceY Sol 21.savegame.sav" sol=21 status=OK t=14919135 id=276
[SMRTK] SMRTK_FINGERPRINT action=fingerprint fix_pack_present=52/52 game=403908 mark_action=mark mods=SMR_CommunityFixPack,SMR_CommunityFixPackTestKit,SMR_CommunityOptInPack,SMR_TrainHubDev_20260918 pack_version=19 read="live registry" save="SpaceY Sol 21.savegame.sav" sol=21 status=OK t=14919135 id=276
[mod] [SMRTK] SMRTK_DUMP leg=park_setup moved=1 mutation="reposition paused parked trains" new=2100 old=2000 t=14919135 id=277
[SMRTK] SMRTK_DUMP leg=park_setup moved=1 mutation="reposition paused parked trains" new=2100 old=2000 t=14919135 id=277
[mod] [SMRTK] SMRTK_MARK action=mark label=HUB3B_TUNE_END mark=294 status=OK t=14919135 id=278
[SMRTK] SMRTK_MARK action=mark label=HUB3B_TUNE_END mark=294 status=OK t=14919135 id=278
						Lua 0:01:00:175
[mod] [SMRTK] SMRTK_FINGERPRINT action=fingerprint fix_pack_present=52/52 game=403908 mark_action=mark mods=SMR_CommunityFixPack,SMR_CommunityFixPackTestKit,SMR_CommunityOptInPack,SMR_TrainHubDev_20260918 pack_version=19 read="live registry" save="SpaceY Sol 21.savegame.sav" sol=21 status=OK t=14919135 id=279
[SMRTK] SMRTK_FINGERPRINT action=fingerprint fix_pack_present=52/52 game=403908 mark_action=mark mods=SMR_CommunityFixPack,SMR_CommunityFixPackTestKit,SMR_CommunityOptInPack,SMR_TrainHubDev_20260918 pack_version=19 read="live registry" save="SpaceY Sol 21.savegame.sav" sol=21 status=OK t=14919135 id=279
[mod] [SMRTK] SMRTK_ACTION action=slot_5 leg=park_setup moved=1 mutation="reposition paused parked trains" new=2100 old=2000 status=OK t=14919135 id=280
[SMRTK] SMRTK_ACTION action=slot_5 leg=park_setup moved=1 mutation="reposition paused parked trains" new=2100 old=2000 status=OK t=14919135 id=280
[mod] [HUB3BSMOKE] TUNE outward true nil
[mod] [SMRTK] SMRTK_MARK action=mark label=HUB3B_TUNE_BEGIN mark=297 status=OK t=14919135 id=281
[SMRTK] SMRTK_MARK action=mark label=HUB3B_TUNE_BEGIN mark=297 status=OK t=14919135 id=281
[mod] [SMRTK] SMRTK_FINGERPRINT action=fingerprint fix_pack_present=52/52 game=403908 mark_action=mark mods=SMR_CommunityFixPack,SMR_CommunityFixPackTestKit,SMR_CommunityOptInPack,SMR_TrainHubDev_20260918 pack_version=19 read="live registry" save="SpaceY Sol 21.savegame.sav" sol=21 status=OK t=14919135 id=282
[SMRTK] SMRTK_FINGERPRINT action=fingerprint fix_pack_present=52/52 game=403908 mark_action=mark mods=SMR_CommunityFixPack,SMR_CommunityFixPackTestKit,SMR_CommunityOptInPack,SMR_TrainHubDev_20260918 pack_version=19 read="live registry" save="SpaceY Sol 21.savegame.sav" sol=21 status=OK t=14919135 id=282
[mod] [SMRTK] SMRTK_DUMP leg=park_setup moved=1 mutation="reposition paused parked trains" new=2000 old=2100 t=14919135 id=283
[SMRTK] SMRTK_DUMP leg=park_setup moved=1 mutation="reposition paused parked trains" new=2000 old=2100 t=14919135 id=283
[mod] [SMRTK] SMRTK_MARK action=mark label=HUB3B_TUNE_END mark=300 status=OK t=14919135 id=284
[SMRTK] SMRTK_MARK action=mark label=HUB3B_TUNE_END mark=300 status=OK t=14919135 id=284
[mod] [SMRTK] SMRTK_FINGERPRINT action=fingerprint fix_pack_present=52/52 game=403908 mark_action=mark mods=SMR_CommunityFixPack,SMR_CommunityFixPackTestKit,SMR_CommunityOptInPack,SMR_TrainHubDev_20260918 pack_version=19 read="live registry" save="SpaceY Sol 21.savegame.sav" sol=21 status=OK t=14919135 id=285
[SMRTK] SMRTK_FINGERPRINT action=fingerprint fix_pack_present=52/52 game=403908 mark_action=mark mods=SMR_CommunityFixPack,SMR_CommunityFixPackTestKit,SMR_CommunityOptInPack,SMR_TrainHubDev_20260918 pack_version=19 read="live registry" save="SpaceY Sol 21.savegame.sav" sol=21 status=OK t=14919135 id=285
[mod] [SMRTK] SMRTK_ACTION action=slot_2 leg=park_setup moved=1 mutation="reposition paused parked trains" new=2000 old=2100 status=OK t=14919135 id=286
[SMRTK] SMRTK_ACTION action=slot_2 leg=park_setup moved=1 mutation="reposition paused parked trains" new=2000 old=2100 status=OK t=14919135 id=286
						Lua 0:01:02:378
[mod] [SMRTK] SMRTK_MARK action=screenshot_mark capture="native accepted" capture_id=0063 fallback=false label="Hub3b stage 3 park 2000 with hex grid" mark=303 path=C:/Dev/SMR-ScreenCaptures/SMRTK_0063.png status=OK t=14919135 id=287
[SMRTK] SMRTK_MARK action=screenshot_mark capture="native accepted" capture_id=0063 fallback=false label="Hub3b stage 3 park 2000 with hex grid" mark=303 path=C:/Dev/SMR-ScreenCaptures/SMRTK_0063.png status=OK t=14919135 id=287
[mod] [SMRTK] SMRTK_FINGERPRINT action=fingerprint fix_pack_present=52/52 game=403908 mark_action=screenshot_mark mods=SMR_CommunityFixPack,SMR_CommunityFixPackTestKit,SMR_CommunityOptInPack,SMR_TrainHubDev_20260918 pack_version=19 read="live registry" save="SpaceY Sol 21.savegame.sav" sol=21 status=OK t=14919135 id=288
[SMRTK] SMRTK_FINGERPRINT action=fingerprint fix_pack_present=52/52 game=403908 mark_action=screenshot_mark mods=SMR_CommunityFixPack,SMR_CommunityFixPackTestKit,SMR_CommunityOptInPack,SMR_TrainHubDev_20260918 pack_version=19 read="live registry" save="SpaceY Sol 21.savegame.sav" sol=21 status=OK t=14919135 id=288
[mod] [SMRTK] SMRTK_MARK action=mark label=HUB3B_DEPART_BEGIN mark=305 status=OK t=14919135 id=289
[SMRTK] SMRTK_MARK action=mark label=HUB3B_DEPART_BEGIN mark=305 status=OK t=14919135 id=289
[mod] [SMRTK] SMRTK_FINGERPRINT action=fingerprint fix_pack_present=52/52 game=403908 mark_action=mark mods=SMR_CommunityFixPack,SMR_CommunityFixPackTestKit,SMR_CommunityOptInPack,SMR_TrainHubDev_20260918 pack_version=19 read="live registry" save="SpaceY Sol 21.savegame.sav" sol=21 status=OK t=14919135 id=290
[SMRTK] SMRTK_FINGERPRINT action=fingerprint fix_pack_present=52/52 game=403908 mark_action=mark mods=SMR_CommunityFixPack,SMR_CommunityFixPackTestKit,SMR_CommunityOptInPack,SMR_TrainHubDev_20260918 pack_version=19 read="live registry" save="SpaceY Sol 21.savegame.sav" sol=21 status=OK t=14919135 id=290
[mod] [SMRTK] SMRTK_DUMP arrival=2 departure=3 destination=StationBig(2009) kind=120 leg=departure_setup mutation="assign outgoing track and start vanilla GotoStation" stage=3 train=Train(2000001576) t=14919135 id=291
[SMRTK] SMRTK_DUMP arrival=2 departure=3 destination=StationBig(2009) kind=120 leg=departure_setup mutation="assign outgoing track and start vanilla GotoStation" stage=3 train=Train(2000001576) t=14919135 id=291
[mod] [SMRTK] SMRTK_MARK action=mark label=HUB3B_DEPART_END mark=308 status=OK t=14919135 id=292
[SMRTK] SMRTK_MARK action=mark label=HUB3B_DEPART_END mark=308 status=OK t=14919135 id=292
[mod] [SMRTK] SMRTK_FINGERPRINT action=fingerprint fix_pack_present=52/52 game=403908 mark_action=mark mods=SMR_CommunityFixPack,SMR_CommunityFixPackTestKit,SMR_CommunityOptInPack,SMR_TrainHubDev_20260918 pack_version=19 read="live registry" save="SpaceY Sol 21.savegame.sav" sol=21 status=OK t=14919135 id=293
[SMRTK] SMRTK_FINGERPRINT action=fingerprint fix_pack_present=52/52 game=403908 mark_action=mark mods=SMR_CommunityFixPack,SMR_CommunityFixPackTestKit,SMR_CommunityOptInPack,SMR_TrainHubDev_20260918 pack_version=19 read="live registry" save="SpaceY Sol 21.savegame.sav" sol=21 status=OK t=14919135 id=293
						Lua 0:01:02:379
[mod] [SMRTK] SMRTK_ACTION action=slot_3 arrival=2 departure=3 destination=StationBig(2009) kind=120 leg=departure_setup mutation="assign outgoing track and start vanilla GotoStation" stage=3 status=OK train=Train(2000001576) t=14919135 id=294
[SMRTK] SMRTK_ACTION action=slot_3 arrival=2 departure=3 destination=StationBig(2009) kind=120 leg=departure_setup mutation="assign outgoing track and start vanilla GotoStation" stage=3 status=OK train=Train(2000001576) t=14919135 id=294
[mod] [HUB3BSMOKE] DEPART started=true reason=nil
						Lua 0:01:02:384
[mod] [SMRTK] SMRTK_SECTION action=section_attach attached=true dialog=ipTrain object=Train(2000001576) status=OK t=14919135 id=295
						Lua 0:01:05:694
[mod] [SMRTK] SMRTK_MARK action=screenshot_mark capture="native accepted" capture_id=0064 fallback=false label="Hub3b stage 3 movement sample" mark=312 path=C:/Dev/SMR-ScreenCaptures/SMRTK_0064.png status=OK t=14920333 id=296
[SMRTK] SMRTK_MARK action=screenshot_mark capture="native accepted" capture_id=0064 fallback=false label="Hub3b stage 3 movement sample" mark=312 path=C:/Dev/SMR-ScreenCaptures/SMRTK_0064.png status=OK t=14920333 id=296
[mod] [SMRTK] SMRTK_FINGERPRINT action=fingerprint fix_pack_present=52/52 game=403908 mark_action=screenshot_mark mods=SMR_CommunityFixPack,SMR_CommunityFixPackTestKit,SMR_CommunityOptInPack,SMR_TrainHubDev_20260918 pack_version=19 read="live registry" save="SpaceY Sol 21.savegame.sav" sol=21 status=OK t=14920333 id=297						Lua 0:01:05:695

[SMRTK] SMRTK_FINGERPRINT action=fingerprint fix_pack_present=52/52 game=403908 mark_action=screenshot_mark mods=SMR_CommunityFixPack,SMR_CommunityFixPackTestKit,SMR_CommunityOptInPack,SMR_TrainHubDev_20260918 pack_version=19 read="live registry" save="SpaceY Sol 21.savegame.sav" sol=21 status=OK t=14920333 id=297
						Lua 0:01:05:993
[mod] [HUB3BSMOKE] POSE turn 15 lock=2000001576
[mod] [HUB3BSMOKE] TRAIN h=2000001571 hub=true at=false arrival=false cmd=GotoStation pos=(283122, 171102, 10800) yaw=3600 visual_yaw=3600
[mod] [HUB3BSMOKE] TRAIN h=2000001573 hub=false at=false arrival=false cmd=GotoStation pos=(190743, 195432, 10800) yaw=20918 visual_yaw=20888
[mod] [HUB3BSMOKE] TRAIN h=2000001575 hub=false at=true arrival=1 cmd=UnloadTrain pos=(198539, 215033, 10000) yaw=3600 visual_yaw=3600
[mod] [HUB3BSMOKE] TRAIN h=2000001576 hub=true at=false arrival=2 cmd=GotoStation pos=(280090, 167006, 10800) yaw=14400 visual_yaw=14400
						Lua 0:01:06:494
[mod] [HUB3BSMOKE] POSE turn 20 lock=2000001576
[mod] [HUB3BSMOKE] TRAIN h=2000001571 hub=true at=false arrival=false cmd=GotoStation pos=(284239, 173037, 10800) yaw=3600 visual_yaw=3600
[mod] [HUB3BSMOKE] TRAIN h=2000001573 hub=false at=false arrival=false cmd=GotoStation pos=(192959, 195427, 10800) yaw=0 visual_yaw=0
[mod] [HUB3BSMOKE] TRAIN h=2000001575 hub=false at=true arrival=1 cmd=UnloadTrain pos=(198539, 215033, 10000) yaw=3600 visual_yaw=3600
[mod] [HUB3BSMOKE] TRAIN h=2000001576 hub=true at=false arrival=2 cmd=GotoStation pos=(279833, 166561, 10800) yaw=10800 visual_yaw=14151
						Lua 0:01:06:993
[mod] [HUB3BSMOKE] POSE turn 25 lock=2000001576
[mod] [HUB3BSMOKE] TRAIN h=2000001571 hub=true at=false arrival=false cmd=GotoStation pos=(285363, 174983, 10800) yaw=3600 visual_yaw=3600
[mod] [HUB3BSMOKE] TRAIN h=2000001573 hub=false at=false arrival=false cmd=GotoStation pos=(195207, 195427, 10800) yaw=0 visual_yaw=0
[mod] [HUB3BSMOKE] TRAIN h=2000001575 hub=false at=true arrival=1 cmd=UnloadTrain pos=(198539, 215033, 10000) yaw=3600 visual_yaw=3600
[mod] [HUB3BSMOKE] TRAIN h=2000001576 hub=true at=false arrival=2 cmd=GotoStation pos=(279833, 166561, 10800) yaw=10800 visual_yaw=12355
						Lua 0:01:07:494
[mod] [HUB3BSMOKE] POSE turn 30 lock=2000001576
[mod] [HUB3BSMOKE] TRAIN h=2000001571 hub=true at=false arrival=false cmd=GotoStation pos=(286491, 176937, 10800) yaw=3600 visual_yaw=3600
[mod] [HUB3BSMOKE] TRAIN h=2000001573 hub=false at=false arrival=false cmd=GotoStation pos=(197464, 195427, 10800) yaw=0 visual_yaw=0
[mod] [HUB3BSMOKE] TRAIN h=2000001575 hub=false at=true arrival=1 cmd=LoadTrain pos=(198539, 215033, 10000) yaw=3600 visual_yaw=3600
[mod] [HUB3BSMOKE] TRAIN h=2000001576 hub=true at=false arrival=2 cmd=GotoStation pos=(279531, 166561, 10800) yaw=10800 visual_yaw=10800
						Lua 0:01:07:993
[mod] [HUB3BSMOKE] POSE turn 35 lock=2000001576
[mod] [HUB3BSMOKE] TRAIN h=2000001571 hub=true at=false arrival=false cmd=GotoStation pos=(287613, 178880, 10800) yaw=3600 visual_yaw=3600
[mod] [HUB3BSMOKE] TRAIN h=2000001573 hub=false at=false arrival=false cmd=GotoStation pos=(199707, 195427, 10800) yaw=0 visual_yaw=0
[mod] [HUB3BSMOKE] TRAIN h=2000001575 hub=false at=true arrival=1 cmd=LoadTrain pos=(198539, 215033, 10000) yaw=3600 visual_yaw=3600
[mod] [HUB3BSMOKE] TRAIN h=2000001576 hub=true at=false arrival=2 cmd=GotoStation pos=(277879, 166561, 10800) yaw=10800 visual_yaw=10800
						Lua 0:01:08:493
[mod] [HUB3BSMOKE] POSE turn 40 lock=2000001576
[mod] [HUB3BSMOKE] TRAIN h=2000001571 hub=true at=false arrival=false cmd=GotoStation pos=(288743, 180838, 10800) yaw=3600 visual_yaw=3600
[mod] [HUB3BSMOKE] TRAIN h=2000001573 hub=false at=false arrival=false cmd=GotoStation pos=(201968, 195427, 10800) yaw=0 visual_yaw=0
[mod] [HUB3BSMOKE] TRAIN h=2000001575 hub=false at=true arrival=1 cmd=LoadTrain pos=(198539, 215033, 10000) yaw=3600 visual_yaw=3600
[mod] [HUB3BSMOKE] TRAIN h=2000001576 hub=true at=false arrival=2 cmd=GotoStation pos=(277147, 166561, 10800) yaw=10800 visual_yaw=10800
						Lua 0:01:08:993
[mod] [HUB3BSMOKE] POSE turn 45 lock=2000001576
[mod] [HUB3BSMOKE] TRAIN h=2000001571 hub=true at=false arrival=false cmd=GotoStation pos=(289867, 182785, 10800) yaw=3600 visual_yaw=3600
[mod] [HUB3BSMOKE] TRAIN h=2000001573 hub=false at=false arrival=false cmd=GotoStation pos=(204216, 195427, 10800) yaw=0 visual_yaw=0
[mod] [HUB3BSMOKE] TRAIN h=2000001575 hub=false at=true arrival=1 cmd=LoadTrain pos=(198539, 215033, 10000) yaw=3600 visual_yaw=3600
[mod] [HUB3BSMOKE] TRAIN h=2000001576 hub=true at=false arrival=2 cmd=GotoStation pos=(276897, 166561, 10800) yaw=10800 visual_yaw=10800
						Lua 0:01:09:493
[mod] [HUB3BSMOKE] POSE turn 50 lock=2000001576
[mod] [HUB3BSMOKE] TRAIN h=2000001571 hub=true at=false arrival=false cmd=GotoStation pos=(289687, 184712, 10800) yaw=7200 visual_yaw=7200
[mod] [HUB3BSMOKE] TRAIN h=2000001573 hub=false at=false arrival=false cmd=GotoStation pos=(206473, 195427, 10800) yaw=0 visual_yaw=0
[mod] [HUB3BSMOKE] TRAIN h=2000001575 hub=false at=true arrival=1 cmd=LoadTrain pos=(198539, 215033, 10000) yaw=3600 visual_yaw=3600
[mod] [HUB3BSMOKE] TRAIN h=2000001576 hub=true at=false arrival=2 cmd=GotoStation pos=(276647, 166561, 10800) yaw=10800 visual_yaw=10800
						Lua 0:01:09:993
[mod] [HUB3BSMOKE] POSE turn 55 lock=2000001576
[mod] [HUB3BSMOKE] TRAIN h=2000001571 hub=true at=false arrival=false cmd=GotoStation pos=(288561, 186662, 10800) yaw=7200 visual_yaw=7200
[mod] [HUB3BSMOKE] TRAIN h=2000001573 hub=false at=false arrival=false cmd=GotoStation pos=(208725, 195427, 10800) yaw=0 visual_yaw=0
[mod] [HUB3BSMOKE] TRAIN h=2000001575 hub=false at=true arrival=1 cmd=LoadTrain pos=(198539, 215033, 10000) yaw=3600 visual_yaw=3600
[mod] [HUB3BSMOKE] TRAIN h=2000001576 hub=true at=false arrival=2 cmd=GotoStation pos=(276397, 166561, 10800) yaw=10800 visual_yaw=10800
						Lua 0:01:10:493
[mod] [HUB3BSMOKE] POSE turn 60 lock=2000001576
[mod] [HUB3BSMOKE] TRAIN h=2000001571 hub=true at=false arrival=false cmd=GotoStation pos=(287435, 188613, 10800) yaw=7200 visual_yaw=7200
[mod] [HUB3BSMOKE] TRAIN h=2000001573 hub=false at=false arrival=false cmd=GotoStation pos=(210977, 195427, 10800) yaw=0 visual_yaw=0
[mod] [HUB3BSMOKE] TRAIN h=2000001575 hub=false at=true arrival=1 cmd=LoadTrain pos=(198539, 215033, 10000) yaw=3600 visual_yaw=3600
[mod] [HUB3BSMOKE] TRAIN h=2000001576 hub=true at=false arrival=2 cmd=GotoStation pos=(276147, 166561, 10800) yaw=10800 visual_yaw=10800
						Lua 0:01:10:794
[mod] [SMRTK] SMRTK_MARK action=mark label=HUB3B_READ_BEGIN mark=314 status=OK t=14925431 id=298
[SMRTK] SMRTK_MARK action=mark label=HUB3B_READ_BEGIN mark=314 status=OK t=14925431 id=298
[mod] [SMRTK] SMRTK_FINGERPRINT action=fingerprint fix_pack_present=52/52 game=403908 mark_action=mark mods=SMR_CommunityFixPack,SMR_CommunityFixPackTestKit,SMR_CommunityOptInPack,SMR_TrainHubDev_20260918 pack_version=19 read="live registry" save="SpaceY Sol 21.savegame.sav" sol=21 status=OK t=14925431 id=299
[SMRTK] SMRTK_FINGERPRINT action=fingerprint fix_pack_present=52/52 game=403908 mark_action=mark mods=SMR_CommunityFixPack,SMR_CommunityFixPackTestKit,SMR_CommunityOptInPack,SMR_TrainHubDev_20260918 pack_version=19 read="live registry" save="SpaceY Sol 21.savegame.sav" sol=21 status=OK t=14925431 id=299
[mod] [SMRTK] SMRTK_DUMP angle=0 crossing=none errors=0 hub=SMROptInTrainHub6(6252) leg=hub3b park=2000 pos=280000,166272,10000 t=14925431 id=300
[SMRTK] SMRTK_DUMP angle=0 crossing=none errors=0 hub=SMROptInTrainHub6(6252) leg=hub3b park=2000 pos=280000,166272,10000 t=14925431 id=300
[mod] [SMRTK] SMRTK_DUMP Ramparrive=278821,163654,10800@3600 Rampdepart=278321,163942,10800@14400 Spawn=279250,164396,10800@14400 Stop=279250,164396,10800@3600 Trackconnector=278000,162808,10800@19800 leg=hub3b_line line=1 reserved=none t=14925431 id=301
[SMRTK] SMRTK_DUMP Ramparrive=278821,163654,10800@3600 Rampdepart=278321,163942,10800@14400 Spawn=279250,164396,10800@14400 Stop=279250,164396,10800@3600 Trackconnector=278000,162808,10800@19800 leg=hub3b_line line=1 reserved=none t=14925431 id=301
[mod] [SMRTK] SMRTK_DUMP Ramparrive=281179,168891,10800@14400 Rampdepart=281679,168602,10800@3600 Spawn=280750,168149,10800@3600 Stop=280750,168149,10800@14400 Trackconnector=282000,169736,10800@9000 leg=hub3b_line line=2 reserved=none t=14925431 id=302
[SMRTK] SMRTK_DUMP Ramparrive=281179,168891,10800@14400 Rampdepart=281679,168602,10800@3600 Spawn=280750,168149,10800@3600 Stop=280750,168149,10800@14400 Trackconnector=282000,169736,10800@9000 leg=hub3b_line line=2 reserved=none t=14925431 id=302
[mod] [SMRTK] SMRTK_DUMP Ramparrive=277143,165983,10800@0 Rampdepart=277143,166561,10800@10800 Spawn=278000,165983,10800@10800 Stop=278000,165983,10800@0 Trackconnector=276000,166272,10800@16200 leg=hub3b_line line=3 reserved=none t=14925431 id=303
[SMRTK] SMRTK_DUMP Ramparrive=277143,165983,10800@0 Rampdepart=277143,166561,10800@10800 Spawn=278000,165983,10800@10800 Stop=278000,165983,10800@0 Trackconnector=276000,166272,10800@16200 leg=hub3b_line line=3 reserved=none t=14925431 id=303
[mod] [SMRTK] SMRTK_DUMP Ramparrive=282857,166561,10800@10800 Rampdepart=282857,165983,10800@0 Spawn=282000,166561,10800@0 Stop=282000,166561,10800@10800 Trackconnector=284000,166272,10800@5400 leg=hub3b_line line=4 reserved=none t=14925431 id=304
[SMRTK] SMRTK_DUMP Ramparrive=282857,166561,10800@10800 Rampdepart=282857,165983,10800@0 Spawn=282000,166561,10800@0 Stop=282000,166561,10800@10800 Trackconnector=284000,166272,10800@5400 leg=hub3b_line line=4 reserved=none t=14925431 id=304
[mod] [SMRTK] SMRTK_DUMP Ramparrive=278321,168602,10800@18000 Rampdepart=278821,168891,10800@7200 Spawn=278750,167860,10800@7200 Stop=278750,167860,10800@18000 Trackconnector=278000,169736,10800@12600 leg=hub3b_line line=5 reserved=none t=14925431 id=305
[SMRTK] SMRTK_DUMP Ramparrive=278321,168602,10800@18000 Rampdepart=278821,168891,10800@7200 Spawn=278750,167860,10800@7200 Stop=278750,167860,10800@18000 Trackconnector=278000,169736,10800@12600 leg=hub3b_line line=5 reserved=none t=14925431 id=305
						Lua 0:01:10:795
[mod] [SMRTK] SMRTK_DUMP Ramparrive=281679,163942,10800@7200 Rampdepart=281179,163654,10800@18000 Spawn=281250,164684,10800@18000 Stop=281250,164684,10800@7200 Trackconnector=282000,162808,10800@1800 leg=hub3b_line line=6 reserved=none t=14925431 id=306
[SMRTK] SMRTK_DUMP Ramparrive=281679,163942,10800@7200 Rampdepart=281179,163654,10800@18000 Spawn=281250,164684,10800@18000 Stop=281250,164684,10800@7200 Trackconnector=282000,162808,10800@1800 leg=hub3b_line line=6 reserved=none t=14925431 id=306
[mod] [SMRTK] SMRTK_DUMP arrival=false at_station=false command=GotoStation leg=hub3b_train pos=286750,189798,10800 station=SMROptInTrainHub6(6252) track=TrackBase(6272) train=Train(2000001571) visual=286761,189779,10800 visual_yaw=7200 yaw=7200 t=14925431 id=307
[SMRTK] SMRTK_DUMP arrival=false at_station=false command=GotoStation leg=hub3b_train pos=286750,189798,10800 station=SMROptInTrainHub6(6252) track=TrackBase(6272) train=Train(2000001571) visual=286761,189779,10800 visual_yaw=7200 yaw=7200 t=14925431 id=307
[mod] [SMRTK] SMRTK_DUMP arrival=false at_station=false command=GotoStation leg=hub3b_train pos=213000,195427,10800 station=StationSmall(2012) track=TrackBase(6272) train=Train(2000001573) visual=212324,195427,10800 visual_yaw=0 yaw=0 t=14925431 id=308
[SMRTK] SMRTK_DUMP arrival=false at_station=false command=GotoStation leg=hub3b_train pos=213000,195427,10800 station=StationSmall(2012) track=TrackBase(6272) train=Train(2000001573) visual=212324,195427,10800 visual_yaw=0 yaw=0 t=14925431 id=308
[mod] [SMRTK] SMRTK_DUMP arrival=1 at_station=true command=LoadTrain leg=hub3b_train pos=198539,215033,10000 station=StationSmall(2012) track=TrackBase(6272) train=Train(2000001575) visual=198539,215033,10000 visual_yaw=3600 yaw=3600 t=14925431 id=309
[SMRTK] SMRTK_DUMP arrival=1 at_station=true command=LoadTrain leg=hub3b_train pos=198539,215033,10000 station=StationSmall(2012) track=TrackBase(6272) train=Train(2000001575) visual=198539,215033,10000 visual_yaw=3600 yaw=3600 t=14925431 id=309
[mod] [SMRTK] SMRTK_DUMP arrival=false at_station=false command=GotoStation leg=hub3b_train pos=275000,166561,10800 station=SMROptInTrainHub6(6252) track=TrackBase(6266) train=Train(2000001576) visual=275998,166561,10800 visual_yaw=10800 yaw=10800 t=14925431 id=310
[SMRTK] SMRTK_DUMP arrival=false at_station=false command=GotoStation leg=hub3b_train pos=275000,166561,10800 station=SMROptInTrainHub6(6252) track=TrackBase(6266) train=Train(2000001576) visual=275998,166561,10800 visual_yaw=10800 yaw=10800 t=14925431 id=310
[mod] [SMRTK] SMRTK_MARK action=mark label=HUB3B_READ_END mark=327 status=OK t=14925431 id=311
[SMRTK] SMRTK_MARK action=mark label=HUB3B_READ_END mark=327 status=OK t=14925431 id=311
[mod] [SMRTK] SMRTK_FINGERPRINT action=fingerprint fix_pack_present=52/52 game=403908 mark_action=mark mods=SMR_CommunityFixPack,SMR_CommunityFixPackTestKit,SMR_CommunityOptInPack,SMR_TrainHubDev_20260918 pack_version=19 read="live registry" save="SpaceY Sol 21.savegame.sav" sol=21 status=OK t=14925431 id=312
[SMRTK] SMRTK_FINGERPRINT action=fingerprint fix_pack_present=52/52 game=403908 mark_action=mark mods=SMR_CommunityFixPack,SMR_CommunityFixPackTestKit,SMR_CommunityOptInPack,SMR_TrainHubDev_20260918 pack_version=19 read="live registry" save="SpaceY Sol 21.savegame.sav" sol=21 status=OK t=14925431 id=312
[mod] [SMRTK] SMRTK_ACTION action=slot_1 errors=0 hub=SMROptInTrainHub6(6252) park=2000 status=OK t=14925431 id=313
[SMRTK] SMRTK_ACTION action=slot_1 errors=0 hub=SMROptInTrainHub6(6252) park=2000 status=OK t=14925431 id=313
[mod] [HUB3BSMOKE] STAGE_COMPLETE stage=3 arrival=2 departure=3 train=2000001576
						Lua 0:01:12:900
[mod] [SMRTK] SMRTK_MARK action=screenshot_mark capture="native accepted" capture_id=0065 fallback=false label="Hub3b stage 3 after departure" mark=330 path=C:/Dev/SMR-ScreenCaptures/SMRTK_0065.png status=OK t=14925431 id=314
[SMRTK] SMRTK_MARK action=screenshot_mark capture="native accepted" capture_id=0065 fallback=false label="Hub3b stage 3 after departure" mark=330 path=C:/Dev/SMR-ScreenCaptures/SMRTK_0065.png status=OK t=14925431 id=314
[mod] [SMRTK] SMRTK_FINGERPRINT action=fingerprint fix_pack_present=52/52 game=403908 mark_action=screenshot_mark mods=SMR_CommunityFixPack,SMR_CommunityFixPackTestKit,SMR_CommunityOptInPack,SMR_TrainHubDev_20260918 pack_version=19 read="live registry" save="SpaceY Sol 21.savegame.sav" sol=21 status=OK t=14925431 id=315
[SMRTK] SMRTK_FINGERPRINT action=fingerprint fix_pack_present=52/52 game=403908 mark_action=screenshot_mark mods=SMR_CommunityFixPack,SMR_CommunityFixPackTestKit,SMR_CommunityOptInPack,SMR_TrainHubDev_20260918 pack_version=19 read="live registry" save="SpaceY Sol 21.savegame.sav" sol=21 status=OK t=14925431 id=315
[mod] [HUB3BSMOKE] RESULT stage=3 ok=true result=nil
						Lua 0:01:13:020
Load Game: 
	lua_revision: 403908 (last saved with) 
	orig_lua_revision: 403908 (created with) 
	assets_revision: 33006 

	dlcs: norman, thomas 

	mods: SMR_CommunityOptInPack, SMR_CommunityFixPackTestKit, SMR_CommunityFixPack, SMR_TrainHubDev_20260918 
						Lua 0:01:13:021
[mod] [SMRTK] SMRTK_CONSOLE_ARM enabled=true hook=ChangeMap t=14925431 id=316
[SMRTK] SMRTK_CONSOLE_ARM enabled=true hook=ChangeMap t=14925431 id=316
						Lua 0:01:13:036
[mod] [SMRTK] SMRTK_CONSOLE_ARM enabled=true hook=ChangeMap t=14925431 id=317
[SMRTK] SMRTK_CONSOLE_ARM enabled=true hook=ChangeMap t=14925431 id=317
						Lua 0:01:13:906
[mod] [SMRTK] SMRTK_SHORTCUT console=false key=Ctrl-Shift-F11 t=0 id=318
						Lua 0:01:14:644
[mod] [SMRTK] SMRTK_CONSOLE_ARM enabled=true hook=PreLoadGame t=0 id=319
[SMRTK] SMRTK_CONSOLE_ARM enabled=true hook=PreLoadGame t=0 id=319
						Lua 0:01:16:723
[mod] [SMRTest] console enable requested (flag set, no overlay) — press Enter (or Alt-Shift-C) once in a colony
[SMRTest] console enable requested (flag set, no overlay) — press Enter (or Alt-Shift-C) once in a colony
						Lua 0:01:16:727
[mod] [CommunityFixPack] SilentHitMomentFX: restored 2 missing hit-moment tracker(s) on load
						Lua 0:01:16:746
game_settings:
    sponsor: SpaceY
    profile: politician
    founding_faction: UnitedColonistFront
    rival_colonies: paradox, NASA, Brazil
    mystery_random: 
    game_rules: (none)
more_game_settings: save_game_id: IsDKXg6Ddmz3wE5g, mystery: UnitedEarthMystery, coordinates: 15N179E, landing_spot: , logo: SpaceY
map_conditions: altitude: -3699, temperature: -43, cold_wave: 109, dust_devils: 39, dust_storm: 0, meteors: 37
map_resources: concrete: 243, metals: 147, precious_metals: 147, water: 147
						Lua 0:01:16:798
[mod] [CommunityFixPack] SaveSanitizer: F95 astrogeologist-residue pass removed 0 modifier(s), left 0 unidentified
Game Loaded in 3778 ms
[mod] [SMRTK] SMRTK_PROVENANCE actions=21 last=section_attach last_id=32 present=true session=1789888806:3520230763:1184987819:1655584288 t=14919135 id=320
[SMRTK] SMRTK_PROVENANCE actions=21 last=section_attach last_id=32 present=true session=1789888806:3520230763:1184987819:1655584288 t=14919135 id=320
						Lua 0:01:16:807
[mod] [SMRTK] SMRTK_SHORTCUT console=true key=Ctrl-Shift-F11 t=14919135 id=321
						Lua 0:01:16:821
[mod] [SMRTK] SMRTK_DOCK action=dock_attach attached=true route="idBottom sibling" status=OK surface=one-toggle+tasks t=14919135 id=322
						Lua 0:01:16:823
[mod] [SMRTest] console enable requested (flag set, no overlay) — press Enter (or Alt-Shift-C) once in a colony
[SMRTest] console enable requested (flag set, no overlay) — press Enter (or Alt-Shift-C) once in a colony
						Lua 0:01:16:936
[mod] [SMRTK] SMRTK_SHORTCUT console=true key=Ctrl-Shift-F11 t=14919135 id=323
						Lua 0:01:17:298
Game loaded on map BlankBig_01 in 4398 ms
						Lua 0:01:18:598
[mod] [SMRTest] console enable requested (flag set, no overlay) — press Enter (or Alt-Shift-C) once in a colony
[SMRTest] console enable requested (flag set, no overlay) — press Enter (or Alt-Shift-C) once in a colony
						Lua 0:01:18:608
[mod] [SMRTK] SMRTK_SHORTCUT console=true key=Ctrl-Shift-F11 t=14919135 id=324
						Lua 0:01:19:298
[mod] [SMRTK] SMRTK_MARK action=mark label=HUB3B_BOOT mark=344 status=OK t=14919135 id=325
[SMRTK] SMRTK_MARK action=mark label=HUB3B_BOOT mark=344 status=OK t=14919135 id=325
[mod] [SMRTK] SMRTK_FINGERPRINT action=fingerprint fix_pack_present=52/52 game=403908 mark_action=mark mods=SMR_CommunityFixPack,SMR_CommunityFixPackTestKit,SMR_CommunityOptInPack,SMR_TrainHubDev_20260918 pack_version=19 read="live registry" save="SpaceY Sol 21.savegame.sav" sol=21 status=OK t=14919135 id=326
[SMRTK] SMRTK_FINGERPRINT action=fingerprint fix_pack_present=52/52 game=403908 mark_action=mark mods=SMR_CommunityFixPack,SMR_CommunityFixPackTestKit,SMR_CommunityOptInPack,SMR_TrainHubDev_20260918 pack_version=19 read="live registry" save="SpaceY Sol 21.savegame.sav" sol=21 status=OK t=14919135 id=326
						Lua 0:01:19:308
[mod] [SMRTK] SMRTK_SHORTCUT console=false key=Ctrl-Shift-F11 t=14919135 id=327
						Lua 0:01:19:319
[mod] [SMRTK] SMRTK_CONSOLE_ARM enabled=true hook=control t=14919135 id=328
[SMRTK] SMRTK_CONSOLE_ARM enabled=true hook=control t=14919135 id=328
						Lua 0:01:19:328
[mod] [SMRTK] SMRTK_SHORTCUT console=true key=Ctrl-Shift-F11 t=14919135 id=329
						Lua 0:01:19:338
[mod] [SMRTK] SMRTK_CONSOLE_CONTROL action=console_control discriminates=true negative=false positive=true status=OK t=14919135 id=330
[SMRTK] SMRTK_CONSOLE_CONTROL action=console_control discriminates=true negative=false positive=true status=OK t=14919135 id=330
						Lua 0:01:19:339
[mod] [SMRTK] SMRTK_TAINT_READ action=taint_read status=OK used=false t=14919135 id=331
[SMRTK] SMRTK_TAINT_READ action=taint_read status=OK used=false t=14919135 id=331
[mod] [SMRTK] SMRTK_ELIGIBILITY action=eligibility reason=UNAVAILABLE:sandbox status=OK t=14919135 id=332
[SMRTK] SMRTK_ELIGIBILITY action=eligibility reason=UNAVAILABLE:sandbox status=OK t=14919135 id=332
[mod] [SMRTK] SMRTK_ACTION action=slot_scratch errors=0 hub=SMROptInTrainHub6(6252) park=2000 sitting=train_hub_3b status=OK sweep="run desktop sweep before each boot" t=14919135 id=333
[SMRTK] SMRTK_ACTION action=slot_scratch errors=0 hub=SMROptInTrainHub6(6252) park=2000 sitting=train_hub_3b status=OK sweep="run desktop sweep before each boot" t=14919135 id=333
[mod] [SMRTK] SMRTK_MARK action=mark label=HUB3B_READ_BEGIN mark=353 status=OK t=14919135 id=334
[SMRTK] SMRTK_MARK action=mark label=HUB3B_READ_BEGIN mark=353 status=OK t=14919135 id=334
[mod] [SMRTK] SMRTK_FINGERPRINT action=fingerprint fix_pack_present=52/52 game=403908 mark_action=mark mods=SMR_CommunityFixPack,SMR_CommunityFixPackTestKit,SMR_CommunityOptInPack,SMR_TrainHubDev_20260918 pack_version=19 read="live registry" save="SpaceY Sol 21.savegame.sav" sol=21 status=OK t=14919135 id=335
[SMRTK] SMRTK_FINGERPRINT action=fingerprint fix_pack_present=52/52 game=403908 mark_action=mark mods=SMR_CommunityFixPack,SMR_CommunityFixPackTestKit,SMR_CommunityOptInPack,SMR_TrainHubDev_20260918 pack_version=19 read="live registry" save="SpaceY Sol 21.savegame.sav" sol=21 status=OK t=14919135 id=335
[mod] [SMRTK] SMRTK_DUMP angle=0 crossing=none errors=0 hub=SMROptInTrainHub6(6252) leg=hub3b park=2000 pos=280000,166272,10000 t=14919135 id=336
[SMRTK] SMRTK_DUMP angle=0 crossing=none errors=0 hub=SMROptInTrainHub6(6252) leg=hub3b park=2000 pos=280000,166272,10000 t=14919135 id=336
[mod] [SMRTK] SMRTK_DUMP Ramparrive=278821,163654,10800@3600 Rampdepart=278321,163942,10800@14400 Spawn=279250,164396,10800@14400 Stop=279250,164396,10800@3600 Trackconnector=278000,162808,10800@19800 leg=hub3b_line line=1 reserved=none t=14919135 id=337
[SMRTK] SMRTK_DUMP Ramparrive=278821,163654,10800@3600 Rampdepart=278321,163942,10800@14400 Spawn=279250,164396,10800@14400 Stop=279250,164396,10800@3600 Trackconnector=278000,162808,10800@19800 leg=hub3b_line line=1 reserved=none t=14919135 id=337
[mod] [SMRTK] SMRTK_DUMP Ramparrive=281179,168891,10800@14400 Rampdepart=281679,168602,10800@3600 Spawn=280750,168149,10800@3600 Stop=280750,168149,10800@14400 Trackconnector=282000,169736,10800@9000 leg=hub3b_line line=2 reserved=Train(2000001576) t=14919135 id=338
[SMRTK] SMRTK_DUMP Ramparrive=281179,168891,10800@14400 Rampdepart=281679,168602,10800@3600 Spawn=280750,168149,10800@3600 Stop=280750,168149,10800@14400 Trackconnector=282000,169736,10800@9000 leg=hub3b_line line=2 reserved=Train(2000001576) t=14919135 id=338
[mod] [SMRTK] SMRTK_DUMP Ramparrive=277143,165983,10800@0 Rampdepart=277143,166561,10800@10800 Spawn=278000,165983,10800@10800 Stop=278000,165983,10800@0 Trackconnector=276000,166272,10800@16200 leg=hub3b_line line=3 reserved=none t=14919135 id=339
[SMRTK] SMRTK_DUMP Ramparrive=277143,165983,10800@0 Rampdepart=277143,166561,10800@10800 Spawn=278000,165983,10800@10800 Stop=278000,165983,10800@0 Trackconnector=276000,166272,10800@16200 leg=hub3b_line line=3 reserved=none t=14919135 id=339
[mod] [SMRTK] SMRTK_DUMP Ramparrive=282857,166561,10800@10800 Rampdepart=282857,165983,10800@0 Spawn=282000,166561,10800@0 Stop=282000,166561,10800@10800 Trackconnector=284000,166272,10800@5400 leg=hub3b_line line=4 reserved=none t=14919135 id=340
[SMRTK] SMRTK_DUMP Ramparrive=282857,166561,10800@10800 Rampdepart=282857,165983,10800@0 Spawn=282000,166561,10800@0 Stop=282000,166561,10800@10800 Trackconnector=284000,166272,10800@5400 leg=hub3b_line line=4 reserved=none t=14919135 id=340
[mod] [SMRTK] SMRTK_DUMP Ramparrive=278321,168602,10800@18000 Rampdepart=278821,168891,10800@7200 Spawn=278750,167860,10800@7200 Stop=278750,167860,10800@18000 Trackconnector=278000,169736,10800@12600 leg=hub3b_line line=5 reserved=none t=14919135 id=341
[SMRTK] SMRTK_DUMP Ramparrive=278321,168602,10800@18000 Rampdepart=278821,168891,10800@7200 Spawn=278750,167860,10800@7200 Stop=278750,167860,10800@18000 Trackconnector=278000,169736,10800@12600 leg=hub3b_line line=5 reserved=none t=14919135 id=341
[mod] [SMRTK] SMRTK_DUMP Ramparrive=281679,163942,10800@7200 Rampdepart=281179,163654,10800@18000 Spawn=281250,164684,10800@18000 Stop=281250,164684,10800@7200 Trackconnector=282000,162808,10800@1800 leg=hub3b_line line=6 reserved=none t=14919135 id=342
[SMRTK] SMRTK_DUMP Ramparrive=281679,163942,10800@7200 Rampdepart=281179,163654,10800@18000 Spawn=281250,164684,10800@18000 Stop=281250,164684,10800@7200 Trackconnector=282000,162808,10800@1800 leg=hub3b_line line=6 reserved=none t=14919135 id=342
[mod] [SMRTK] SMRTK_DUMP arrival=false at_station=false command=GotoStation leg=hub3b_train pos=282250,169592,10800 station=StationSmall(2008) track=TrackBase(3621) train=Train(2000001571) visual=279743,165249,10800 visual_yaw=3600 yaw=3600 t=14919135 id=343
						Lua 0:01:19:340
[SMRTK] SMRTK_DUMP arrival=false at_station=false command=GotoStation leg=hub3b_train pos=282250,169592,10800 station=StationSmall(2008) track=TrackBase(3621) train=Train(2000001571) visual=279743,165249,10800 visual_yaw=3600 yaw=3600 t=14919135 id=343
[mod] [SMRTK] SMRTK_DUMP arrival=false at_station=false command=GotoStation leg=hub3b_train pos=189250,200190,10800 station=StationSmall(2012) track=TrackBase(6272) train=Train(2000001573) visual=189363,200385,10800 visual_yaw=14400 yaw=14400 t=14919135 id=344
[SMRTK] SMRTK_DUMP arrival=false at_station=false command=GotoStation leg=hub3b_train pos=189250,200190,10800 station=StationSmall(2012) track=TrackBase(6272) train=Train(2000001573) visual=189363,200385,10800 visual_yaw=14400 yaw=14400 t=14919135 id=344
[mod] [SMRTK] SMRTK_DUMP arrival=1 at_station=true command=UnloadTrain leg=hub3b_train pos=198539,215033,10000 station=StationSmall(2012) track=TrackBase(6272) train=Train(2000001575) visual=198539,215033,10000 visual_yaw=3600 yaw=3600 t=14919135 id=345
[SMRTK] SMRTK_DUMP arrival=1 at_station=true command=UnloadTrain leg=hub3b_train pos=198539,215033,10000 station=StationSmall(2012) track=TrackBase(6272) train=Train(2000001575) visual=198539,215033,10000 visual_yaw=3600 yaw=3600 t=14919135 id=345
[mod] [SMRTK] SMRTK_DUMP arrival=2 at_station=true command=LoadTrain leg=hub3b_train pos=280750,168149,10800 station=SMROptInTrainHub6(6252) track=TrackBase(6272) train=Train(2000001576) visual=280750,168149,10800 visual_yaw=14400 yaw=14400 t=14919135 id=346
[SMRTK] SMRTK_DUMP arrival=2 at_station=true command=LoadTrain leg=hub3b_train pos=280750,168149,10800 station=SMROptInTrainHub6(6252) track=TrackBase(6272) train=Train(2000001576) visual=280750,168149,10800 visual_yaw=14400 yaw=14400 t=14919135 id=346
[mod] [SMRTK] SMRTK_MARK action=mark label=HUB3B_READ_END mark=366 status=OK t=14919135 id=347
[SMRTK] SMRTK_MARK action=mark label=HUB3B_READ_END mark=366 status=OK t=14919135 id=347
[mod] [SMRTK] SMRTK_FINGERPRINT action=fingerprint fix_pack_present=52/52 game=403908 mark_action=mark mods=SMR_CommunityFixPack,SMR_CommunityFixPackTestKit,SMR_CommunityOptInPack,SMR_TrainHubDev_20260918 pack_version=19 read="live registry" save="SpaceY Sol 21.savegame.sav" sol=21 status=OK t=14919135 id=348
[SMRTK] SMRTK_FINGERPRINT action=fingerprint fix_pack_present=52/52 game=403908 mark_action=mark mods=SMR_CommunityFixPack,SMR_CommunityFixPackTestKit,SMR_CommunityOptInPack,SMR_TrainHubDev_20260918 pack_version=19 read="live registry" save="SpaceY Sol 21.savegame.sav" sol=21 status=OK t=14919135 id=348
[mod] [SMRTK] SMRTK_ACTION action=slot_1 errors=0 hub=SMROptInTrainHub6(6252) park=2000 status=OK t=14919135 id=349
[SMRTK] SMRTK_ACTION action=slot_1 errors=0 hub=SMROptInTrainHub6(6252) park=2000 status=OK t=14919135 id=349
[mod] [SMRTK] SMRTK_MARK action=mark label=HUB3B_PARTS_BEGIN mark=369 status=OK t=14919135 id=350
[SMRTK] SMRTK_MARK action=mark label=HUB3B_PARTS_BEGIN mark=369 status=OK t=14919135 id=350
[mod] [SMRTK] SMRTK_FINGERPRINT action=fingerprint fix_pack_present=52/52 game=403908 mark_action=mark mods=SMR_CommunityFixPack,SMR_CommunityFixPackTestKit,SMR_CommunityOptInPack,SMR_TrainHubDev_20260918 pack_version=19 read="live registry" save="SpaceY Sol 21.savegame.sav" sol=21 status=OK t=14919135 id=351
[SMRTK] SMRTK_FINGERPRINT action=fingerprint fix_pack_present=52/52 game=403908 mark_action=mark mods=SMR_CommunityFixPack,SMR_CommunityFixPackTestKit,SMR_CommunityOptInPack,SMR_TrainHubDev_20260918 pack_version=19 read="live registry" save="SpaceY Sol 21.savegame.sav" sol=21 status=OK t=14919135 id=351
[mod] [SMRTK] SMRTK_DUMP bbox_max=2818,209,436 bbox_min=-1332,-207,4 entity=TrainCCP3 leg=train_part object=Train(2000001576) path=train pos=280750,168149,10800 scale=100 state=moveWalk visual=280750,168149,10800 yaw=14400 t=14919135 id=352
[SMRTK] SMRTK_DUMP bbox_max=2818,209,436 bbox_min=-1332,-207,4 entity=TrainCCP3 leg=train_part object=Train(2000001576) path=train pos=280750,168149,10800 scale=100 state=moveWalk visual=280750,168149,10800 yaw=14400 t=14919135 id=352
[mod] [SMRTK] SMRTK_DUMP bbox_max=45,46,123 bbox_min=-46,-46,-40 entity=PointLight leg=train_part object=NightLightSpotLight(6015834877) path=train/1 pos=280750,168149,10800 scale=100 state=idle visual=280425,167592,11195 yaw=14400 t=14919135 id=353
[SMRTK] SMRTK_DUMP bbox_max=45,46,123 bbox_min=-46,-46,-40 entity=PointLight leg=train_part object=NightLightSpotLight(6015834877) path=train/1 pos=280750,168149,10800 scale=100 state=idle visual=280425,167592,11195 yaw=14400 t=14919135 id=353
[mod] [SMRTK] SMRTK_DUMP bbox_max=45,46,123 bbox_min=-46,-46,-40 entity=PointLight leg=train_part object=NightLightSpotLight(5603913078) path=train/2 pos=280750,168149,10800 scale=100 state=idle visual=280283,167391,10774 yaw=14400 t=14919135 id=354
[SMRTK] SMRTK_DUMP bbox_max=45,46,123 bbox_min=-46,-46,-40 entity=PointLight leg=train_part object=NightLightSpotLight(5603913078) path=train/2 pos=280750,168149,10800 scale=100 state=idle visual=280283,167391,10774 yaw=14400 t=14919135 id=354
[mod] [SMRTK] SMRTK_DUMP bbox_max=49,50,100 bbox_min=-49,-50,0 entity=ResourceCheese leg=train_part object=ResourceStockpileBox(6022028743) path=train/3 pos=281466,167997,11002 scale=100 state=idle visual=281140,168613,11152 yaw=14400 t=14919135 id=355
[SMRTK] SMRTK_DUMP bbox_max=49,50,100 bbox_min=-49,-50,0 entity=ResourceCheese leg=train_part object=ResourceStockpileBox(6022028743) path=train/3 pos=281466,167997,11002 scale=100 state=idle visual=281140,168613,11152 yaw=14400 t=14919135 id=355
[mod] [SMRTK] SMRTK_DUMP bbox_max=49,50,100 bbox_min=-49,-50,0 entity=ResourceCheese leg=train_part object=ResourceStockpileBox(5656071965) path=train/4 pos=281409,167899,11002 scale=100 state=idle visual=281052,168664,11152 yaw=14400 t=14919135 id=356
[SMRTK] SMRTK_DUMP bbox_max=49,50,100 bbox_min=-49,-50,0 entity=ResourceCheese leg=train_part object=ResourceStockpileBox(5656071965) path=train/4 pos=281409,167899,11002 scale=100 state=idle visual=281052,168664,11152 yaw=14400 t=14919135 id=356
[mod] [SMRTK] SMRTK_DUMP bbox_max=49,50,100 bbox_min=-49,-50,0 entity=ResourceCheese leg=train_part object=ResourceStockpileBox(5475063981) path=train/5 pos=281353,167801,11002 scale=100 state=idle visual=280963,168715,11152 yaw=14400 t=14919135 id=357
[SMRTK] SMRTK_DUMP bbox_max=49,50,100 bbox_min=-49,-50,0 entity=ResourceCheese leg=train_part object=ResourceStockpileBox(5475063981) path=train/5 pos=281353,167801,11002 scale=100 state=idle visual=280963,168715,11152 yaw=14400 t=14919135 id=357
[mod] [SMRTK] SMRTK_DUMP bbox_max=47,48,114 bbox_min=-51,-49,0 entity=ResourceFuel leg=train_part object=ResourceStockpileBox(6006242911) path=train/6 pos=281365,168055,11002 scale=100 state=idle visual=281192,168703,11152 yaw=14400 t=14919135 id=358
[SMRTK] SMRTK_DUMP bbox_max=47,48,114 bbox_min=-51,-49,0 entity=ResourceFuel leg=train_part object=ResourceStockpileBox(6006242911) path=train/6 pos=281365,168055,11002 scale=100 state=idle visual=281192,168703,11152 yaw=14400 t=14919135 id=358
[mod] [SMRTK] SMRTK_DUMP bbox_max=47,48,114 bbox_min=-51,-49,0 entity=ResourceFuel leg=train_part object=ResourceStockpileBox(5818777371) path=train/7 pos=281309,167957,11002 scale=100 state=idle visual=281104,168754,11152 yaw=14400 t=14919135 id=359
[SMRTK] SMRTK_DUMP bbox_max=47,48,114 bbox_min=-51,-49,0 entity=ResourceFuel leg=train_part object=ResourceStockpileBox(5818777371) path=train/7 pos=281309,167957,11002 scale=100 state=idle visual=281104,168754,11152 yaw=14400 t=14919135 id=359
[mod] [SMRTK] SMRTK_DUMP bbox_max=47,48,114 bbox_min=-51,-49,0 entity=ResourceFuel leg=train_part object=ResourceStockpileBox(5503238834) path=train/8 pos=281252,167859,11002 scale=100 state=idle visual=281016,168805,11152 yaw=14400 t=14919135 id=360
[SMRTK] SMRTK_DUMP bbox_max=47,48,114 bbox_min=-51,-49,0 entity=ResourceFuel leg=train_part object=ResourceStockpileBox(5503238834) path=train/8 pos=281252,167859,11002 scale=100 state=idle visual=281016,168805,11152 yaw=14400 t=14919135 id=360
						Lua 0:01:19:341
[mod] [SMRTK] SMRTK_DUMP bbox_max=47,48,114 bbox_min=-51,-49,0 entity=ResourceFuel leg=train_part object=ResourceStockpileBox(5328000498) path=train/9 pos=281265,168113,11002 scale=100 state=idle visual=281244,168794,11152 yaw=14400 t=14919135 id=361
[SMRTK] SMRTK_DUMP bbox_max=47,48,114 bbox_min=-51,-49,0 entity=ResourceFuel leg=train_part object=ResourceStockpileBox(5328000498) path=train/9 pos=281265,168113,11002 scale=100 state=idle visual=281244,168794,11152 yaw=14400 t=14919135 id=361
[mod] [SMRTK] SMRTK_DUMP bbox_max=47,48,114 bbox_min=-51,-49,0 entity=ResourceFuel leg=train_part object=ResourceStockpileBox(5348812938) path=train/10 pos=281208,168015,11002 scale=100 state=idle visual=281156,168845,11152 yaw=14400 t=14919135 id=362
[SMRTK] SMRTK_DUMP bbox_max=47,48,114 bbox_min=-51,-49,0 entity=ResourceFuel leg=train_part object=ResourceStockpileBox(5348812938) path=train/10 pos=281208,168015,11002 scale=100 state=idle visual=281156,168845,11152 yaw=14400 t=14919135 id=362
[mod] [SMRTK] SMRTK_DUMP bbox_max=47,48,114 bbox_min=-51,-49,0 entity=ResourceFuel leg=train_part object=ResourceStockpileBox(6143370010) path=train/11 pos=281152,167917,11002 scale=100 state=idle visual=281068,168896,11152 yaw=14400 t=14919135 id=363
[SMRTK] SMRTK_DUMP bbox_max=47,48,114 bbox_min=-51,-49,0 entity=ResourceFuel leg=train_part object=ResourceStockpileBox(6143370010) path=train/11 pos=281152,167917,11002 scale=100 state=idle visual=281068,168896,11152 yaw=14400 t=14919135 id=363
[mod] [SMRTK] SMRTK_DUMP bbox_max=47,48,114 bbox_min=-51,-49,0 entity=ResourceFuel leg=train_part object=ResourceStockpileBox(5525256013) path=train/12 pos=281164,168171,11002 scale=100 state=idle visual=281296,168884,11152 yaw=14400 t=14919135 id=364
[SMRTK] SMRTK_DUMP bbox_max=47,48,114 bbox_min=-51,-49,0 entity=ResourceFuel leg=train_part object=ResourceStockpileBox(5525256013) path=train/12 pos=281164,168171,11002 scale=100 state=idle visual=281296,168884,11152 yaw=14400 t=14919135 id=364
[mod] [SMRTK] SMRTK_DUMP bbox_max=47,48,114 bbox_min=-51,-49,0 entity=ResourceFuel leg=train_part object=ResourceStockpileBox(5860429359) path=train/13 pos=281108,168073,11002 scale=100 state=idle visual=281208,168935,11152 yaw=14400 t=14919135 id=365
[SMRTK] SMRTK_DUMP bbox_max=47,48,114 bbox_min=-51,-49,0 entity=ResourceFuel leg=train_part object=ResourceStockpileBox(5860429359) path=train/13 pos=281108,168073,11002 scale=100 state=idle visual=281208,168935,11152 yaw=14400 t=14919135 id=365
[mod] [SMRTK] SMRTK_DUMP bbox_max=47,48,114 bbox_min=-51,-49,0 entity=ResourceFuel leg=train_part object=ResourceStockpileBox(5687264392) path=train/14 pos=281051,167975,11002 scale=100 state=idle visual=281120,168986,11152 yaw=14400 t=14919135 id=366
[SMRTK] SMRTK_DUMP bbox_max=47,48,114 bbox_min=-51,-49,0 entity=ResourceFuel leg=train_part object=ResourceStockpileBox(5687264392) path=train/14 pos=281051,167975,11002 scale=100 state=idle visual=281120,168986,11152 yaw=14400 t=14919135 id=366
[mod] [SMRTK] SMRTK_DUMP bbox_max=47,48,114 bbox_min=-51,-49,0 entity=ResourceFuel leg=train_part object=ResourceStockpileBox(6004959204) path=train/15 pos=281064,168229,11002 scale=100 state=idle visual=281348,168975,11152 yaw=14400 t=14919135 id=367
[SMRTK] SMRTK_DUMP bbox_max=47,48,114 bbox_min=-51,-49,0 entity=ResourceFuel leg=train_part object=ResourceStockpileBox(6004959204) path=train/15 pos=281064,168229,11002 scale=100 state=idle visual=281348,168975,11152 yaw=14400 t=14919135 id=367
[mod] [SMRTK] SMRTK_DUMP bbox_max=47,48,114 bbox_min=-51,-49,0 entity=ResourceFuel leg=train_part object=ResourceStockpileBox(6130989452) path=train/16 pos=281007,168131,11002 scale=100 state=idle visual=281260,169026,11152 yaw=14400 t=14919135 id=368
[SMRTK] SMRTK_DUMP bbox_max=47,48,114 bbox_min=-51,-49,0 entity=ResourceFuel leg=train_part object=ResourceStockpileBox(6130989452) path=train/16 pos=281007,168131,11002 scale=100 state=idle visual=281260,169026,11152 yaw=14400 t=14919135 id=368
[mod] [SMRTK] SMRTK_DUMP bbox_max=47,48,114 bbox_min=-51,-49,0 entity=ResourceFuel leg=train_part object=ResourceStockpileBox(6107524330) path=train/17 pos=280951,168033,11002 scale=100 state=idle visual=281172,169076,11152 yaw=14400 t=14919135 id=369
[SMRTK] SMRTK_DUMP bbox_max=47,48,114 bbox_min=-51,-49,0 entity=ResourceFuel leg=train_part object=ResourceStockpileBox(6107524330) path=train/17 pos=280951,168033,11002 scale=100 state=idle visual=281172,169076,11152 yaw=14400 t=14919135 id=369
[mod] [SMRTK] SMRTK_DUMP bbox_max=47,48,114 bbox_min=-51,-49,0 entity=ResourceFuel leg=train_part object=ResourceStockpileBox(5810363853) path=train/18 pos=280963,168287,11002 scale=100 state=idle visual=281401,169065,11152 yaw=14400 t=14919135 id=370
[SMRTK] SMRTK_DUMP bbox_max=47,48,114 bbox_min=-51,-49,0 entity=ResourceFuel leg=train_part object=ResourceStockpileBox(5810363853) path=train/18 pos=280963,168287,11002 scale=100 state=idle visual=281401,169065,11152 yaw=14400 t=14919135 id=370
[mod] [SMRTK] SMRTK_DUMP bbox_max=47,48,114 bbox_min=-51,-49,0 entity=ResourceFuel leg=train_part object=ResourceStockpileBox(5521088843) path=train/19 pos=280907,168189,11002 scale=100 state=idle visual=281312,169116,11152 yaw=14400 t=14919135 id=371
[SMRTK] SMRTK_DUMP bbox_max=47,48,114 bbox_min=-51,-49,0 entity=ResourceFuel leg=train_part object=ResourceStockpileBox(5521088843) path=train/19 pos=280907,168189,11002 scale=100 state=idle visual=281312,169116,11152 yaw=14400 t=14919135 id=371
[mod] [SMRTK] SMRTK_DUMP bbox_max=49,51,100 bbox_min=-49,-49,0 entity=ResourceCoffe leg=train_part object=ResourceStockpileBox(5654493518) path=train/20 pos=280850,168091,11002 scale=100 state=idle visual=281224,169167,11152 yaw=14400 t=14919135 id=372
[SMRTK] SMRTK_DUMP bbox_max=49,51,100 bbox_min=-49,-49,0 entity=ResourceCoffe leg=train_part object=ResourceStockpileBox(5654493518) path=train/20 pos=280850,168091,11002 scale=100 state=idle visual=281224,169167,11152 yaw=14400 t=14919135 id=372
[mod] [SMRTK] SMRTK_DUMP bbox_max=49,51,100 bbox_min=-49,-49,0 entity=ResourceCoffe leg=train_part object=ResourceStockpileBox(5444518419) path=train/21 pos=280863,168345,11002 scale=100 state=idle visual=281453,169156,11152 yaw=14400 t=14919135 id=373
[SMRTK] SMRTK_DUMP bbox_max=49,51,100 bbox_min=-49,-49,0 entity=ResourceCoffe leg=train_part object=ResourceStockpileBox(5444518419) path=train/21 pos=280863,168345,11002 scale=100 state=idle visual=281453,169156,11152 yaw=14400 t=14919135 id=373
[mod] [SMRTK] SMRTK_DUMP bbox_max=49,51,100 bbox_min=-49,-49,0 entity=ResourceCoffe leg=train_part object=ResourceStockpileBox(5417979958) path=train/22 pos=280807,168247,11002 scale=100 state=idle visual=281365,169206,11152 yaw=14400 t=14919135 id=374
[SMRTK] SMRTK_DUMP bbox_max=49,51,100 bbox_min=-49,-49,0 entity=ResourceCoffe leg=train_part object=ResourceStockpileBox(5417979958) path=train/22 pos=280807,168247,11002 scale=100 state=idle visual=281365,169206,11152 yaw=14400 t=14919135 id=374
[mod] [SMRTK] SMRTK_DUMP bbox_max=49,51,100 bbox_min=-49,-49,0 entity=ResourceCoffe leg=train_part object=ResourceStockpileBox(5725791430) path=train/23 pos=280750,168149,11002 scale=100 state=idle visual=281277,169257,11152 yaw=14400 t=14919135 id=375
[SMRTK] SMRTK_DUMP bbox_max=49,51,100 bbox_min=-49,-49,0 entity=ResourceCoffe leg=train_part object=ResourceStockpileBox(5725791430) path=train/23 pos=280750,168149,11002 scale=100 state=idle visual=281277,169257,11152 yaw=14400 t=14919135 id=375
[mod] [SMRTK] SMRTK_DUMP bbox_max=49,51,100 bbox_min=-49,-49,0 entity=ResourceCoffe leg=train_part object=ResourceStockpileBox(5553452234) path=train/24 pos=281466,167997,10901 scale=100 state=idle visual=281140,168613,11061 yaw=14400 t=14919135 id=376
[SMRTK] SMRTK_DUMP bbox_max=49,51,100 bbox_min=-49,-49,0 entity=ResourceCoffe leg=train_part object=ResourceStockpileBox(5553452234) path=train/24 pos=281466,167997,10901 scale=100 state=idle visual=281140,168613,11061 yaw=14400 t=14919135 id=376
[mod] [SMRTK] SMRTK_DUMP bbox_max=49,51,100 bbox_min=-49,-49,0 entity=ResourceCoffe leg=train_part object=ResourceStockpileBox(6090375769) path=train/25 pos=281409,167899,10901 scale=100 state=idle visual=281052,168664,11061 yaw=14400 t=14919135 id=377
[SMRTK] SMRTK_DUMP bbox_max=49,51,100 bbox_min=-49,-49,0 entity=ResourceCoffe leg=train_part object=ResourceStockpileBox(6090375769) path=train/25 pos=281409,167899,10901 scale=100 state=idle visual=281052,168664,11061 yaw=14400 t=14919135 id=377
[mod] [SMRTK] SMRTK_DUMP bbox_max=49,51,100 bbox_min=-49,-49,0 entity=ResourceCoffe leg=train_part object=ResourceStockpileBox(5665613763) path=train/26 pos=281353,167801,10901 scale=100 state=idle visual=280964,168715,11061 yaw=14400 t=14919135 id=378
[SMRTK] SMRTK_DUMP bbox_max=49,51,100 bbox_min=-49,-49,0 entity=ResourceCoffe leg=train_part object=ResourceStockpileBox(5665613763) path=train/26 pos=281353,167801,10901 scale=100 state=idle visual=280964,168715,11061 yaw=14400 t=14919135 id=378
[mod] [SMRTK] SMRTK_DUMP bbox_max=49,51,100 bbox_min=-49,-49,0 entity=ResourceCoffe leg=train_part object=ResourceStockpileBox(5708642586) path=train/27 pos=281365,168055,10901 scale=100 state=idle visual=281192,168703,11061 yaw=14400 t=14919135 id=379
[SMRTK] SMRTK_DUMP bbox_max=49,51,100 bbox_min=-49,-49,0 entity=ResourceCoffe leg=train_part object=ResourceStockpileBox(5708642586) path=train/27 pos=281365,168055,10901 scale=100 state=idle visual=281192,168703,11061 yaw=14400 t=14919135 id=379
[mod] [SMRTK] SMRTK_DUMP bbox_max=49,51,100 bbox_min=-49,-49,0 entity=ResourceCoffe leg=train_part object=ResourceStockpileBox(5801920214) path=train/28 pos=281309,167957,10901 scale=100 state=idle visual=281104,168754,11061 yaw=14400 t=14919135 id=380
[SMRTK] SMRTK_DUMP bbox_max=49,51,100 bbox_min=-49,-49,0 entity=ResourceCoffe leg=train_part object=ResourceStockpileBox(5801920214) path=train/28 pos=281309,167957,10901 scale=100 state=idle visual=281104,168754,11061 yaw=14400 t=14919135 id=380
[mod] [SMRTK] SMRTK_DUMP bbox_max=49,51,100 bbox_min=-49,-49,0 entity=ResourceCoffe leg=train_part object=ResourceStockpileBox(5749095783) path=train/29 pos=281252,167859,10901 scale=100 state=idle visual=281016,168805,11061 yaw=14400 t=14919135 id=381
[SMRTK] SMRTK_DUMP bbox_max=49,51,100 bbox_min=-49,-49,0 entity=ResourceCoffe leg=train_part object=ResourceStockpileBox(5749095783) path=train/29 pos=281252,167859,10901 scale=100 state=idle visual=281016,168805,11061 yaw=14400 t=14919135 id=381
[mod] [SMRTK] SMRTK_DUMP bbox_max=49,51,100 bbox_min=-49,-49,0 entity=ResourceCoffe leg=train_part object=ResourceStockpileBox(5596742023) path=train/30 pos=281265,168113,10901 scale=100 state=idle visual=281244,168794,11061 yaw=14400 t=14919135 id=382
[SMRTK] SMRTK_DUMP bbox_max=49,51,100 bbox_min=-49,-49,0 entity=ResourceCoffe leg=train_part object=ResourceStockpileBox(5596742023) path=train/30 pos=281265,168113,10901 scale=100 state=idle visual=281244,168794,11061 yaw=14400 t=14919135 id=382
						Lua 0:01:19:342
[mod] [SMRTK] SMRTK_DUMP bbox_max=49,51,100 bbox_min=-49,-49,0 entity=ResourceCoffe leg=train_part object=ResourceStockpileBox(5821163920) path=train/31 pos=281208,168015,10901 scale=100 state=idle visual=281156,168845,11061 yaw=14400 t=14919135 id=383
[SMRTK] SMRTK_DUMP bbox_max=49,51,100 bbox_min=-49,-49,0 entity=ResourceCoffe leg=train_part object=ResourceStockpileBox(5821163920) path=train/31 pos=281208,168015,10901 scale=100 state=idle visual=281156,168845,11061 yaw=14400 t=14919135 id=383
[mod] [SMRTK] SMRTK_DUMP bbox_max=49,51,100 bbox_min=-49,-49,0 entity=ResourceCoffe leg=train_part object=ResourceStockpileBox(6009216656) path=train/32 pos=281152,167917,10901 scale=100 state=idle visual=281068,168895,11061 yaw=14400 t=14919135 id=384
[SMRTK] SMRTK_DUMP bbox_max=49,51,100 bbox_min=-49,-49,0 entity=ResourceCoffe leg=train_part object=ResourceStockpileBox(6009216656) path=train/32 pos=281152,167917,10901 scale=100 state=idle visual=281068,168895,11061 yaw=14400 t=14919135 id=384
[mod] [SMRTK] SMRTK_DUMP bbox_max=49,51,100 bbox_min=-49,-49,0 entity=ResourceCoffe leg=train_part object=ResourceStockpileBox(5919339204) path=train/33 pos=281164,168171,10901 scale=100 state=idle visual=281296,168884,11061 yaw=14400 t=14919135 id=385
[SMRTK] SMRTK_DUMP bbox_max=49,51,100 bbox_min=-49,-49,0 entity=ResourceCoffe leg=train_part object=ResourceStockpileBox(5919339204) path=train/33 pos=281164,168171,10901 scale=100 state=idle visual=281296,168884,11061 yaw=14400 t=14919135 id=385
[mod] [SMRTK] SMRTK_DUMP bbox_max=49,49,102 bbox_min=-49,-49,1 entity=ResourceMeat leg=train_part object=ResourceStockpileBox(5772027199) path=train/34 pos=281108,168073,10901 scale=100 state=idle visual=281208,168935,11061 yaw=14400 t=14919135 id=386
[SMRTK] SMRTK_DUMP bbox_max=49,49,102 bbox_min=-49,-49,1 entity=ResourceMeat leg=train_part object=ResourceStockpileBox(5772027199) path=train/34 pos=281108,168073,10901 scale=100 state=idle visual=281208,168935,11061 yaw=14400 t=14919135 id=386
[mod] [SMRTK] SMRTK_DUMP bbox_max=49,49,102 bbox_min=-49,-49,1 entity=ResourceMeat leg=train_part object=ResourceStockpileBox(5300549017) path=train/35 pos=281051,167975,10901 scale=100 state=idle visual=281120,168986,11061 yaw=14400 t=14919135 id=387
[SMRTK] SMRTK_DUMP bbox_max=49,49,102 bbox_min=-49,-49,1 entity=ResourceMeat leg=train_part object=ResourceStockpileBox(5300549017) path=train/35 pos=281051,167975,10901 scale=100 state=idle visual=281120,168986,11061 yaw=14400 t=14919135 id=387
[mod] [SMRTK] SMRTK_DUMP bbox_max=49,49,102 bbox_min=-49,-49,1 entity=ResourceMeat leg=train_part object=ResourceStockpileBox(5673620031) path=train/36 pos=281064,168229,10901 scale=100 state=idle visual=281348,168975,11061 yaw=14400 t=14919135 id=388
[SMRTK] SMRTK_DUMP bbox_max=49,49,102 bbox_min=-49,-49,1 entity=ResourceMeat leg=train_part object=ResourceStockpileBox(5673620031) path=train/36 pos=281064,168229,10901 scale=100 state=idle visual=281348,168975,11061 yaw=14400 t=14919135 id=388
[mod] [SMRTK] SMRTK_DUMP bbox_max=49,49,102 bbox_min=-49,-49,1 entity=ResourceMeat leg=train_part object=ResourceStockpileBox(5894904835) path=train/37 pos=281007,168131,10901 scale=100 state=idle visual=281260,169026,11061 yaw=14400 t=14919135 id=389
[SMRTK] SMRTK_DUMP bbox_max=49,49,102 bbox_min=-49,-49,1 entity=ResourceMeat leg=train_part object=ResourceStockpileBox(5894904835) path=train/37 pos=281007,168131,10901 scale=100 state=idle visual=281260,169026,11061 yaw=14400 t=14919135 id=389
[mod] [SMRTK] SMRTK_DUMP bbox_max=49,49,102 bbox_min=-49,-49,1 entity=ResourceMeat leg=train_part object=ResourceStockpileBox(5819671843) path=train/38 pos=280951,168033,10901 scale=100 state=idle visual=281172,169076,11061 yaw=14400 t=14919135 id=390
[SMRTK] SMRTK_DUMP bbox_max=49,49,102 bbox_min=-49,-49,1 entity=ResourceMeat leg=train_part object=ResourceStockpileBox(5819671843) path=train/38 pos=280951,168033,10901 scale=100 state=idle visual=281172,169076,11061 yaw=14400 t=14919135 id=390
[mod] [SMRTK] SMRTK_DUMP bbox_max=49,49,102 bbox_min=-49,-49,1 entity=ResourceMeat leg=train_part object=ResourceStockpileBox(5885205594) path=train/39 pos=280963,168287,10901 scale=100 state=idle visual=281401,169065,11061 yaw=14400 t=14919135 id=391
[SMRTK] SMRTK_DUMP bbox_max=49,49,102 bbox_min=-49,-49,1 entity=ResourceMeat leg=train_part object=ResourceStockpileBox(5885205594) path=train/39 pos=280963,168287,10901 scale=100 state=idle visual=281401,169065,11061 yaw=14400 t=14919135 id=391
[mod] [SMRTK] SMRTK_DUMP bbox_max=49,49,102 bbox_min=-49,-49,1 entity=ResourceMeat leg=train_part object=ResourceStockpileBox(5505838280) path=train/40 pos=280907,168189,10901 scale=100 state=idle visual=281312,169116,11061 yaw=14400 t=14919135 id=392
[SMRTK] SMRTK_DUMP bbox_max=49,49,102 bbox_min=-49,-49,1 entity=ResourceMeat leg=train_part object=ResourceStockpileBox(5505838280) path=train/40 pos=280907,168189,10901 scale=100 state=idle visual=281312,169116,11061 yaw=14400 t=14919135 id=392
[mod] [SMRTK] SMRTK_DUMP bbox_max=49,49,102 bbox_min=-49,-49,1 entity=ResourceMeat leg=train_part object=ResourceStockpileBox(6025709891) path=train/41 pos=280850,168091,10901 scale=100 state=idle visual=281224,169167,11061 yaw=14400 t=14919135 id=393
[SMRTK] SMRTK_DUMP bbox_max=49,49,102 bbox_min=-49,-49,1 entity=ResourceMeat leg=train_part object=ResourceStockpileBox(6025709891) path=train/41 pos=280850,168091,10901 scale=100 state=idle visual=281224,169167,11061 yaw=14400 t=14919135 id=393
[mod] [SMRTK] SMRTK_DUMP bbox_max=49,49,102 bbox_min=-49,-49,1 entity=ResourceMeat leg=train_part object=ResourceStockpileBox(5586126274) path=train/42 pos=280863,168345,10901 scale=100 state=idle visual=281453,169156,11061 yaw=14400 t=14919135 id=394
[SMRTK] SMRTK_DUMP bbox_max=49,49,102 bbox_min=-49,-49,1 entity=ResourceMeat leg=train_part object=ResourceStockpileBox(5586126274) path=train/42 pos=280863,168345,10901 scale=100 state=idle visual=281453,169156,11061 yaw=14400 t=14919135 id=394
[mod] [SMRTK] SMRTK_DUMP bbox_max=49,49,102 bbox_min=-49,-49,1 entity=ResourceMeat leg=train_part object=ResourceStockpileBox(5806704068) path=train/43 pos=280807,168247,10901 scale=100 state=idle visual=281365,169206,11061 yaw=14400 t=14919135 id=395
[SMRTK] SMRTK_DUMP bbox_max=49,49,102 bbox_min=-49,-49,1 entity=ResourceMeat leg=train_part object=ResourceStockpileBox(5806704068) path=train/43 pos=280807,168247,10901 scale=100 state=idle visual=281365,169206,11061 yaw=14400 t=14919135 id=395
[mod] [SMRTK] SMRTK_DUMP bbox_max=49,49,102 bbox_min=-49,-49,1 entity=ResourceMeat leg=train_part object=ResourceStockpileBox(6055680494) path=train/44 pos=280750,168149,10901 scale=100 state=idle visual=281277,169257,11061 yaw=14400 t=14919135 id=396
[SMRTK] SMRTK_DUMP bbox_max=49,49,102 bbox_min=-49,-49,1 entity=ResourceMeat leg=train_part object=ResourceStockpileBox(6055680494) path=train/44 pos=280750,168149,10901 scale=100 state=idle visual=281277,169257,11061 yaw=14400 t=14919135 id=396
[mod] [SMRTK] SMRTK_DUMP bbox_max=49,49,102 bbox_min=-49,-49,1 entity=ResourceMeat leg=train_part object=ResourceStockpileBox(5584535705) path=train/45 pos=281466,167997,10800 scale=100 state=idle visual=281140,168613,10970 yaw=14400 t=14919135 id=397
[SMRTK] SMRTK_DUMP bbox_max=49,49,102 bbox_min=-49,-49,1 entity=ResourceMeat leg=train_part object=ResourceStockpileBox(5584535705) path=train/45 pos=281466,167997,10800 scale=100 state=idle visual=281140,168613,10970 yaw=14400 t=14919135 id=397
[mod] [SMRTK] SMRTK_DUMP bbox_max=49,49,102 bbox_min=-49,-49,1 entity=ResourceMeat leg=train_part object=ResourceStockpileBox(5839237337) path=train/46 pos=281409,167899,10800 scale=100 state=idle visual=281052,168664,10970 yaw=14400 t=14919135 id=398
[SMRTK] SMRTK_DUMP bbox_max=49,49,102 bbox_min=-49,-49,1 entity=ResourceMeat leg=train_part object=ResourceStockpileBox(5839237337) path=train/46 pos=281409,167899,10800 scale=100 state=idle visual=281052,168664,10970 yaw=14400 t=14919135 id=398
[mod] [SMRTK] SMRTK_DUMP bbox_max=49,49,102 bbox_min=-49,-49,1 entity=ResourceMeat leg=train_part object=ResourceStockpileBox(5895137628) path=train/47 pos=281353,167801,10800 scale=100 state=idle visual=280964,168715,10970 yaw=14400 t=14919135 id=399
[SMRTK] SMRTK_DUMP bbox_max=49,49,102 bbox_min=-49,-49,1 entity=ResourceMeat leg=train_part object=ResourceStockpileBox(5895137628) path=train/47 pos=281353,167801,10800 scale=100 state=idle visual=280964,168715,10970 yaw=14400 t=14919135 id=399
[mod] [SMRTK] SMRTK_DUMP bbox_max=49,49,102 bbox_min=-49,-49,1 entity=ResourceMeat leg=train_part object=ResourceStockpileBox(5501833635) path=train/48 pos=281365,168055,10800 scale=100 state=idle visual=281192,168703,10970 yaw=14400 t=14919135 id=400
[SMRTK] SMRTK_DUMP bbox_max=49,49,102 bbox_min=-49,-49,1 entity=ResourceMeat leg=train_part object=ResourceStockpileBox(5501833635) path=train/48 pos=281365,168055,10800 scale=100 state=idle visual=281192,168703,10970 yaw=14400 t=14919135 id=400
[mod] [SMRTK] SMRTK_DUMP bbox_max=49,49,102 bbox_min=-49,-49,1 entity=ResourceMeat leg=train_part object=ResourceStockpileBox(6091213841) path=train/49 pos=281309,167957,10800 scale=100 state=idle visual=281104,168754,10970 yaw=14400 t=14919135 id=401
[SMRTK] SMRTK_DUMP bbox_max=49,49,102 bbox_min=-49,-49,1 entity=ResourceMeat leg=train_part object=ResourceStockpileBox(6091213841) path=train/49 pos=281309,167957,10800 scale=100 state=idle visual=281104,168754,10970 yaw=14400 t=14919135 id=401
[mod] [SMRTK] SMRTK_DUMP bbox_max=47,51,100 bbox_min=-53,-50,3 entity=ResourceMachineParts leg=train_part object=ResourceStockpileBox(6052591975) path=train/50 pos=281252,167859,10800 scale=100 state=idle visual=281016,168805,10970 yaw=14400 t=14919135 id=402
[SMRTK] SMRTK_DUMP bbox_max=47,51,100 bbox_min=-53,-50,3 entity=ResourceMachineParts leg=train_part object=ResourceStockpileBox(6052591975) path=train/50 pos=281252,167859,10800 scale=100 state=idle visual=281016,168805,10970 yaw=14400 t=14919135 id=402
[mod] [SMRTK] SMRTK_DUMP bbox_max=47,51,100 bbox_min=-53,-50,3 entity=ResourceMachineParts leg=train_part object=ResourceStockpileBox(5803675911) path=train/51 pos=281265,168113,10800 scale=100 state=idle visual=281244,168794,10970 yaw=14400 t=14919135 id=403
[SMRTK] SMRTK_DUMP bbox_max=47,51,100 bbox_min=-53,-50,3 entity=ResourceMachineParts leg=train_part object=ResourceStockpileBox(5803675911) path=train/51 pos=281265,168113,10800 scale=100 state=idle visual=281244,168794,10970 yaw=14400 t=14919135 id=403
						Lua 0:01:19:343
[mod] [SMRTK] SMRTK_DUMP bbox_max=47,51,100 bbox_min=-53,-50,3 entity=ResourceMachineParts leg=train_part object=ResourceStockpileBox(5816447252) path=train/52 pos=281208,168015,10800 scale=100 state=idle visual=281156,168845,10970 yaw=14400 t=14919135 id=404
[SMRTK] SMRTK_DUMP bbox_max=47,51,100 bbox_min=-53,-50,3 entity=ResourceMachineParts leg=train_part object=ResourceStockpileBox(5816447252) path=train/52 pos=281208,168015,10800 scale=100 state=idle visual=281156,168845,10970 yaw=14400 t=14919135 id=404
[mod] [SMRTK] SMRTK_DUMP bbox_max=47,51,100 bbox_min=-53,-50,3 entity=ResourceMachineParts leg=train_part object=ResourceStockpileBox(5451449773) path=train/53 pos=281152,167917,10800 scale=100 state=idle visual=281068,168895,10970 yaw=14400 t=14919135 id=405
[SMRTK] SMRTK_DUMP bbox_max=47,51,100 bbox_min=-53,-50,3 entity=ResourceMachineParts leg=train_part object=ResourceStockpileBox(5451449773) path=train/53 pos=281152,167917,10800 scale=100 state=idle visual=281068,168895,10970 yaw=14400 t=14919135 id=405
[mod] [SMRTK] SMRTK_DUMP bbox_max=47,51,100 bbox_min=-53,-50,3 entity=ResourceMachineParts leg=train_part object=ResourceStockpileBox(5498908901) path=train/54 pos=281164,168171,10800 scale=100 state=idle visual=281296,168884,10970 yaw=14400 t=14919135 id=406
[SMRTK] SMRTK_DUMP bbox_max=47,51,100 bbox_min=-53,-50,3 entity=ResourceMachineParts leg=train_part object=ResourceStockpileBox(5498908901) path=train/54 pos=281164,168171,10800 scale=100 state=idle visual=281296,168884,10970 yaw=14400 t=14919135 id=406
[mod] [SMRTK] SMRTK_DUMP bbox_max=47,51,100 bbox_min=-53,-50,3 entity=ResourceMachineParts leg=train_part object=ResourceStockpileBox(5411991699) path=train/55 pos=281108,168073,10800 scale=100 state=idle visual=281208,168935,10970 yaw=14400 t=14919135 id=407
[SMRTK] SMRTK_DUMP bbox_max=47,51,100 bbox_min=-53,-50,3 entity=ResourceMachineParts leg=train_part object=ResourceStockpileBox(5411991699) path=train/55 pos=281108,168073,10800 scale=100 state=idle visual=281208,168935,10970 yaw=14400 t=14919135 id=407
[mod] [SMRTK] SMRTK_DUMP bbox_max=47,51,100 bbox_min=-53,-50,3 entity=ResourceMachineParts leg=train_part object=ResourceStockpileBox(6005956684) path=train/56 pos=281051,167975,10800 scale=100 state=idle visual=281120,168986,10970 yaw=14400 t=14919135 id=408
[SMRTK] SMRTK_DUMP bbox_max=47,51,100 bbox_min=-53,-50,3 entity=ResourceMachineParts leg=train_part object=ResourceStockpileBox(6005956684) path=train/56 pos=281051,167975,10800 scale=100 state=idle visual=281120,168986,10970 yaw=14400 t=14919135 id=408
[mod] [SMRTK] SMRTK_DUMP bbox_max=47,51,100 bbox_min=-53,-50,3 entity=ResourceMachineParts leg=train_part object=ResourceStockpileBox(5580580669) path=train/57 pos=281064,168229,10800 scale=100 state=idle visual=281348,168975,10970 yaw=14400 t=14919135 id=409
[SMRTK] SMRTK_DUMP bbox_max=47,51,100 bbox_min=-53,-50,3 entity=ResourceMachineParts leg=train_part object=ResourceStockpileBox(5580580669) path=train/57 pos=281064,168229,10800 scale=100 state=idle visual=281348,168975,10970 yaw=14400 t=14919135 id=409
[mod] [SMRTK] SMRTK_DUMP bbox_max=47,51,100 bbox_min=-53,-50,3 entity=ResourceMachineParts leg=train_part object=ResourceStockpileBox(5973962601) path=train/58 pos=281007,168131,10800 scale=100 state=idle visual=281260,169025,10970 yaw=14400 t=14919135 id=410
[SMRTK] SMRTK_DUMP bbox_max=47,51,100 bbox_min=-53,-50,3 entity=ResourceMachineParts leg=train_part object=ResourceStockpileBox(5973962601) path=train/58 pos=281007,168131,10800 scale=100 state=idle visual=281260,169025,10970 yaw=14400 t=14919135 id=410
[mod] [SMRTK] SMRTK_DUMP bbox_max=47,51,100 bbox_min=-53,-50,3 entity=ResourceMachineParts leg=train_part object=ResourceStockpileBox(5319362219) path=train/59 pos=280951,168033,10800 scale=100 state=idle visual=281172,169076,10970 yaw=14400 t=14919135 id=411
[SMRTK] SMRTK_DUMP bbox_max=47,51,100 bbox_min=-53,-50,3 entity=ResourceMachineParts leg=train_part object=ResourceStockpileBox(5319362219) path=train/59 pos=280951,168033,10800 scale=100 state=idle visual=281172,169076,10970 yaw=14400 t=14919135 id=411
[mod] [SMRTK] SMRTK_DUMP bbox_max=47,51,100 bbox_min=-53,-50,3 entity=ResourceMachineParts leg=train_part object=ResourceStockpileBox(5879124315) path=train/60 pos=280963,168287,10800 scale=100 state=idle visual=281401,169065,10970 yaw=14400 t=14919135 id=412
[SMRTK] SMRTK_DUMP bbox_max=47,51,100 bbox_min=-53,-50,3 entity=ResourceMachineParts leg=train_part object=ResourceStockpileBox(5879124315) path=train/60 pos=280963,168287,10800 scale=100 state=idle visual=281401,169065,10970 yaw=14400 t=14919135 id=412
[mod] [SMRTK] SMRTK_DUMP bbox_max=47,51,100 bbox_min=-53,-50,3 entity=ResourceMachineParts leg=train_part object=ResourceStockpileBox(5357132298) path=train/61 pos=280907,168189,10800 scale=100 state=idle visual=281313,169116,10970 yaw=14400 t=14919135 id=413
[SMRTK] SMRTK_DUMP bbox_max=47,51,100 bbox_min=-53,-50,3 entity=ResourceMachineParts leg=train_part object=ResourceStockpileBox(5357132298) path=train/61 pos=280907,168189,10800 scale=100 state=idle visual=281313,169116,10970 yaw=14400 t=14919135 id=413
[mod] [SMRTK] SMRTK_DUMP bbox_max=47,51,100 bbox_min=-53,-50,3 entity=ResourceMachineParts leg=train_part object=ResourceStockpileBox(5935138420) path=train/62 pos=280850,168091,10800 scale=100 state=idle visual=281224,169167,10970 yaw=14400 t=14919135 id=414
[SMRTK] SMRTK_DUMP bbox_max=47,51,100 bbox_min=-53,-50,3 entity=ResourceMachineParts leg=train_part object=ResourceStockpileBox(5935138420) path=train/62 pos=280850,168091,10800 scale=100 state=idle visual=281224,169167,10970 yaw=14400 t=14919135 id=414
[mod] [SMRTK] SMRTK_DUMP bbox_max=47,51,100 bbox_min=-53,-50,3 entity=ResourceMachineParts leg=train_part object=ResourceStockpileBox(5540151126) path=train/63 pos=280863,168345,10800 scale=100 state=idle visual=281453,169156,10970 yaw=14400 t=14919135 id=415
[SMRTK] SMRTK_DUMP bbox_max=47,51,100 bbox_min=-53,-50,3 entity=ResourceMachineParts leg=train_part object=ResourceStockpileBox(5540151126) path=train/63 pos=280863,168345,10800 scale=100 state=idle visual=281453,169156,10970 yaw=14400 t=14919135 id=415
[mod] [SMRTK] SMRTK_DUMP bbox_max=47,51,100 bbox_min=-53,-50,3 entity=ResourceMachineParts leg=train_part object=ResourceStockpileBox(5525798385) path=train/64 pos=280807,168247,10800 scale=100 state=idle visual=281365,169206,10970 yaw=14400 t=14919135 id=416
[SMRTK] SMRTK_DUMP bbox_max=47,51,100 bbox_min=-53,-50,3 entity=ResourceMachineParts leg=train_part object=ResourceStockpileBox(5525798385) path=train/64 pos=280807,168247,10800 scale=100 state=idle visual=281365,169206,10970 yaw=14400 t=14919135 id=416
[mod] [SMRTK] SMRTK_DUMP bbox_max=47,51,100 bbox_min=-53,-50,3 entity=ResourceMachineParts leg=train_part object=ResourceStockpileBox(5581922021) path=train/65 pos=280750,168149,10800 scale=100 state=idle visual=281277,169257,10970 yaw=14400 t=14919135 id=417
[SMRTK] SMRTK_DUMP bbox_max=47,51,100 bbox_min=-53,-50,3 entity=ResourceMachineParts leg=train_part object=ResourceStockpileBox(5581922021) path=train/65 pos=280750,168149,10800 scale=100 state=idle visual=281277,169257,10970 yaw=14400 t=14919135 id=417
[mod] [SMRTK] SMRTK_MARK action=mark label=HUB3B_PARTS_END mark=437 status=OK t=14919135 id=418
[SMRTK] SMRTK_MARK action=mark label=HUB3B_PARTS_END mark=437 status=OK t=14919135 id=418
[mod] [SMRTK] SMRTK_FINGERPRINT action=fingerprint fix_pack_present=52/52 game=403908 mark_action=mark mods=SMR_CommunityFixPack,SMR_CommunityFixPackTestKit,SMR_CommunityOptInPack,SMR_TrainHubDev_20260918 pack_version=19 read="live registry" save="SpaceY Sol 21.savegame.sav" sol=21 status=OK t=14919135 id=419
[SMRTK] SMRTK_FINGERPRINT action=fingerprint fix_pack_present=52/52 game=403908 mark_action=mark mods=SMR_CommunityFixPack,SMR_CommunityFixPackTestKit,SMR_CommunityOptInPack,SMR_TrainHubDev_20260918 pack_version=19 read="live registry" save="SpaceY Sol 21.savegame.sav" sol=21 status=OK t=14919135 id=419
[mod] [SMRTK] SMRTK_ACTION action=slot_6 length_verdict="DISPUTED: compare visible train to hex grid" status=OK train=Train(2000001576) t=14919135 id=420
[SMRTK] SMRTK_ACTION action=slot_6 length_verdict="DISPUTED: compare visible train to hex grid" status=OK train=Train(2000001576) t=14919135 id=420
						Lua 0:01:21:525
[mod] [SMRTK] SMRTK_MARK action=screenshot_mark capture="native accepted" capture_id=0066 fallback=false label="Hub3b stage 4 loaded parked migration" mark=440 path=C:/Dev/SMR-ScreenCaptures/SMRTK_0066.png status=OK t=14919135 id=421
[SMRTK] SMRTK_MARK action=screenshot_mark capture="native accepted" capture_id=0066 fallback=false label="Hub3b stage 4 loaded parked migration" mark=440 path=C:/Dev/SMR-ScreenCaptures/SMRTK_0066.png status=OK t=14919135 id=421
[mod] [SMRTK] SMRTK_FINGERPRINT action=fingerprint fix_pack_present=52/52 game=403908 mark_action=screenshot_mark mods=SMR_CommunityFixPack,SMR_CommunityFixPackTestKit,SMR_CommunityOptInPack,SMR_TrainHubDev_20260918 pack_version=19 read="live registry" save="SpaceY Sol 21.savegame.sav" sol=21 status=OK t=14919135 id=422
[SMRTK] SMRTK_FINGERPRINT action=fingerprint fix_pack_present=52/52 game=403908 mark_action=screenshot_mark mods=SMR_CommunityFixPack,SMR_CommunityFixPackTestKit,SMR_CommunityOptInPack,SMR_TrainHubDev_20260918 pack_version=19 read="live registry" save="SpaceY Sol 21.savegame.sav" sol=21 status=OK t=14919135 id=422
[mod] [SMRTK] SMRTK_MARK action=mark label=HUB3B_TUNE_BEGIN mark=442 status=OK t=14919135 id=423
[SMRTK] SMRTK_MARK action=mark label=HUB3B_TUNE_BEGIN mark=442 status=OK t=14919135 id=423
[mod] [SMRTK] SMRTK_FINGERPRINT action=fingerprint fix_pack_present=52/52 game=403908 mark_action=mark mods=SMR_CommunityFixPack,SMR_CommunityFixPackTestKit,SMR_CommunityOptInPack,SMR_TrainHubDev_20260918 pack_version=19 read="live registry" save="SpaceY Sol 21.savegame.sav" sol=21 status=OK t=14919135 id=424
[SMRTK] SMRTK_FINGERPRINT action=fingerprint fix_pack_present=52/52 game=403908 mark_action=mark mods=SMR_CommunityFixPack,SMR_CommunityFixPackTestKit,SMR_CommunityOptInPack,SMR_TrainHubDev_20260918 pack_version=19 read="live registry" save="SpaceY Sol 21.savegame.sav" sol=21 status=OK t=14919135 id=424
[mod] [SMRTK] SMRTK_DUMP leg=park_setup moved=1 mutation="reposition paused parked trains" new=2100 old=2000 t=14919135 id=425
[SMRTK] SMRTK_DUMP leg=park_setup moved=1 mutation="reposition paused parked trains" new=2100 old=2000 t=14919135 id=425
[mod] [SMRTK] SMRTK_MARK action=mark label=HUB3B_TUNE_END mark=445 status=OK t=14919135 id=426
[SMRTK] SMRTK_MARK action=mark label=HUB3B_TUNE_END mark=445 status=OK t=14919135 id=426
[mod] [SMRTK] SMRTK_FINGERPRINT action=fingerprint fix_pack_present=52/52 game=403908 mark_action=mark mods=SMR_CommunityFixPack,SMR_CommunityFixPackTestKit,SMR_CommunityOptInPack,SMR_TrainHubDev_20260918 pack_version=19 read="live registry" save="SpaceY Sol 21.savegame.sav" sol=21 status=OK t=14919135 id=427
[SMRTK] SMRTK_FINGERPRINT action=fingerprint fix_pack_present=52/52 game=403908 mark_action=mark mods=SMR_CommunityFixPack,SMR_CommunityFixPackTestKit,SMR_CommunityOptInPack,SMR_TrainHubDev_20260918 pack_version=19 read="live registry" save="SpaceY Sol 21.savegame.sav" sol=21 status=OK t=14919135 id=427
[mod] [SMRTK] SMRTK_ACTION action=slot_5 leg=park_setup moved=1 mutation="reposition paused parked trains" new=2100 old=2000 status=OK t=14919135 id=428
[SMRTK] SMRTK_ACTION action=slot_5 leg=park_setup moved=1 mutation="reposition paused parked trains" new=2100 old=2000 status=OK t=14919135 id=428
[mod] [HUB3BSMOKE] TUNE outward true nil
						Lua 0:01:21:526
[mod] [SMRTK] SMRTK_MARK action=mark label=HUB3B_TUNE_BEGIN mark=448 status=OK t=14919135 id=429
[SMRTK] SMRTK_MARK action=mark label=HUB3B_TUNE_BEGIN mark=448 status=OK t=14919135 id=429
[mod] [SMRTK] SMRTK_FINGERPRINT action=fingerprint fix_pack_present=52/52 game=403908 mark_action=mark mods=SMR_CommunityFixPack,SMR_CommunityFixPackTestKit,SMR_CommunityOptInPack,SMR_TrainHubDev_20260918 pack_version=19 read="live registry" save="SpaceY Sol 21.savegame.sav" sol=21 status=OK t=14919135 id=430
[SMRTK] SMRTK_FINGERPRINT action=fingerprint fix_pack_present=52/52 game=403908 mark_action=mark mods=SMR_CommunityFixPack,SMR_CommunityFixPackTestKit,SMR_CommunityOptInPack,SMR_TrainHubDev_20260918 pack_version=19 read="live registry" save="SpaceY Sol 21.savegame.sav" sol=21 status=OK t=14919135 id=430
[mod] [SMRTK] SMRTK_DUMP leg=park_setup moved=1 mutation="reposition paused parked trains" new=2000 old=2100 t=14919135 id=431
[SMRTK] SMRTK_DUMP leg=park_setup moved=1 mutation="reposition paused parked trains" new=2000 old=2100 t=14919135 id=431
[mod] [SMRTK] SMRTK_MARK action=mark label=HUB3B_TUNE_END mark=451 status=OK t=14919135 id=432
[SMRTK] SMRTK_MARK action=mark label=HUB3B_TUNE_END mark=451 status=OK t=14919135 id=432
[mod] [SMRTK] SMRTK_FINGERPRINT action=fingerprint fix_pack_present=52/52 game=403908 mark_action=mark mods=SMR_CommunityFixPack,SMR_CommunityFixPackTestKit,SMR_CommunityOptInPack,SMR_TrainHubDev_20260918 pack_version=19 read="live registry" save="SpaceY Sol 21.savegame.sav" sol=21 status=OK t=14919135 id=433
[SMRTK] SMRTK_FINGERPRINT action=fingerprint fix_pack_present=52/52 game=403908 mark_action=mark mods=SMR_CommunityFixPack,SMR_CommunityFixPackTestKit,SMR_CommunityOptInPack,SMR_TrainHubDev_20260918 pack_version=19 read="live registry" save="SpaceY Sol 21.savegame.sav" sol=21 status=OK t=14919135 id=433
[mod] [SMRTK] SMRTK_ACTION action=slot_2 leg=park_setup moved=1 mutation="reposition paused parked trains" new=2000 old=2100 status=OK t=14919135 id=434
[SMRTK] SMRTK_ACTION action=slot_2 leg=park_setup moved=1 mutation="reposition paused parked trains" new=2000 old=2100 status=OK t=14919135 id=434
						Lua 0:01:23:734
[mod] [SMRTK] SMRTK_MARK action=screenshot_mark capture="native accepted" capture_id=0067 fallback=false label="Hub3b stage 4 park 2000 with hex grid" mark=454 path=C:/Dev/SMR-ScreenCaptures/SMRTK_0067.png status=OK t=14919135 id=435
[SMRTK] SMRTK_MARK action=screenshot_mark capture="native accepted" capture_id=0067 fallback=false label="Hub3b stage 4 park 2000 with hex grid" mark=454 path=C:/Dev/SMR-ScreenCaptures/SMRTK_0067.png status=OK t=14919135 id=435
						Lua 0:01:23:735
[mod] [SMRTK] SMRTK_FINGERPRINT action=fingerprint fix_pack_present=52/52 game=403908 mark_action=screenshot_mark mods=SMR_CommunityFixPack,SMR_CommunityFixPackTestKit,SMR_CommunityOptInPack,SMR_TrainHubDev_20260918 pack_version=19 read="live registry" save="SpaceY Sol 21.savegame.sav" sol=21 status=OK t=14919135 id=436
[SMRTK] SMRTK_FINGERPRINT action=fingerprint fix_pack_present=52/52 game=403908 mark_action=screenshot_mark mods=SMR_CommunityFixPack,SMR_CommunityFixPackTestKit,SMR_CommunityOptInPack,SMR_TrainHubDev_20260918 pack_version=19 read="live registry" save="SpaceY Sol 21.savegame.sav" sol=21 status=OK t=14919135 id=436
[mod] [SMRTK] SMRTK_MARK action=mark label=HUB3B_DEPART_BEGIN mark=456 status=OK t=14919135 id=437
[SMRTK] SMRTK_MARK action=mark label=HUB3B_DEPART_BEGIN mark=456 status=OK t=14919135 id=437
[mod] [SMRTK] SMRTK_FINGERPRINT action=fingerprint fix_pack_present=52/52 game=403908 mark_action=mark mods=SMR_CommunityFixPack,SMR_CommunityFixPackTestKit,SMR_CommunityOptInPack,SMR_TrainHubDev_20260918 pack_version=19 read="live registry" save="SpaceY Sol 21.savegame.sav" sol=21 status=OK t=14919135 id=438
[SMRTK] SMRTK_FINGERPRINT action=fingerprint fix_pack_present=52/52 game=403908 mark_action=mark mods=SMR_CommunityFixPack,SMR_CommunityFixPackTestKit,SMR_CommunityOptInPack,SMR_TrainHubDev_20260918 pack_version=19 read="live registry" save="SpaceY Sol 21.savegame.sav" sol=21 status=OK t=14919135 id=438
[mod] [SMRTK] SMRTK_DUMP arrival=2 departure=2 destination=StationSmall(2012) kind=reverse leg=departure_setup mutation="assign outgoing track and start vanilla GotoStation" stage=4 train=Train(2000001576) t=14919135 id=439
[SMRTK] SMRTK_DUMP arrival=2 departure=2 destination=StationSmall(2012) kind=reverse leg=departure_setup mutation="assign outgoing track and start vanilla GotoStation" stage=4 train=Train(2000001576) t=14919135 id=439
[mod] [SMRTK] SMRTK_MARK action=mark label=HUB3B_DEPART_END mark=459 status=OK t=14919135 id=440
[SMRTK] SMRTK_MARK action=mark label=HUB3B_DEPART_END mark=459 status=OK t=14919135 id=440
[mod] [SMRTK] SMRTK_FINGERPRINT action=fingerprint fix_pack_present=52/52 game=403908 mark_action=mark mods=SMR_CommunityFixPack,SMR_CommunityFixPackTestKit,SMR_CommunityOptInPack,SMR_TrainHubDev_20260918 pack_version=19 read="live registry" save="SpaceY Sol 21.savegame.sav" sol=21 status=OK t=14919135 id=441
[SMRTK] SMRTK_FINGERPRINT action=fingerprint fix_pack_present=52/52 game=403908 mark_action=mark mods=SMR_CommunityFixPack,SMR_CommunityFixPackTestKit,SMR_CommunityOptInPack,SMR_TrainHubDev_20260918 pack_version=19 read="live registry" save="SpaceY Sol 21.savegame.sav" sol=21 status=OK t=14919135 id=441
[mod] [SMRTK] SMRTK_ACTION action=slot_3 arrival=2 departure=2 destination=StationSmall(2012) kind=reverse leg=departure_setup mutation="assign outgoing track and start vanilla GotoStation" stage=4 status=OK train=Train(2000001576) t=14919135 id=442
[SMRTK] SMRTK_ACTION action=slot_3 arrival=2 departure=2 destination=StationSmall(2012) kind=reverse leg=departure_setup mutation="assign outgoing track and start vanilla GotoStation" stage=4 status=OK train=Train(2000001576) t=14919135 id=442
[mod] [HUB3BSMOKE] DEPART started=true reason=nil
						Lua 0:01:23:740
[mod] [SMRTK] SMRTK_SECTION action=section_attach attached=true dialog=ipTrain object=Train(2000001576) status=OK t=14919135 id=443
						Lua 0:01:27:036
[mod] [SMRTK] SMRTK_MARK action=screenshot_mark capture="native accepted" capture_id=0068 fallback=false label="Hub3b stage 4 movement sample" mark=463 path=C:/Dev/SMR-ScreenCaptures/SMRTK_0068.png status=OK t=14920334 id=444
[SMRTK] SMRTK_MARK action=screenshot_mark capture="native accepted" capture_id=0068 fallback=false label="Hub3b stage 4 movement sample" mark=463 path=C:/Dev/SMR-ScreenCaptures/SMRTK_0068.png status=OK t=14920334 id=444
[mod] [SMRTK] SMRTK_FINGERPRINT action=fingerprint fix_pack_present=52/52 game=403908 mark_action=screenshot_mark mods=SMR_CommunityFixPack,SMR_CommunityFixPackTestKit,SMR_CommunityOptInPack,SMR_TrainHubDev_20260918 pack_version=19 read="live registry" save="SpaceY Sol 21.savegame.sav" sol=21 status=OK t=14920334 id=445
[SMRTK] SMRTK_FINGERPRINT action=fingerprint fix_pack_present=52/52 game=403908 mark_action=screenshot_mark mods=SMR_CommunityFixPack,SMR_CommunityFixPackTestKit,SMR_CommunityOptInPack,SMR_TrainHubDev_20260918 pack_version=19 read="live registry" save="SpaceY Sol 21.savegame.sav" sol=21 status=OK t=14920334 id=445
						Lua 0:01:30:835
[mod] [HUB3BSMOKE] POSE turn 50 lock=false
						Lua 0:01:30:836
[mod] [HUB3BSMOKE] TRAIN h=2000001571 hub=true at=false arrival=false cmd=GotoStation pos=(289687, 184712, 10800) yaw=7200 visual_yaw=7200
[mod] [HUB3BSMOKE] TRAIN h=2000001573 hub=false at=false arrival=false cmd=GotoStation pos=(206473, 195427, 10800) yaw=0 visual_yaw=0
[mod] [HUB3BSMOKE] TRAIN h=2000001575 hub=false at=true arrival=1 cmd=LoadTrain pos=(198539, 215033, 10000) yaw=3600 visual_yaw=3600
[mod] [HUB3BSMOKE] TRAIN h=2000001576 hub=true at=true arrival=2 cmd=GotoStation pos=(280750, 168149, 10800) yaw=14400 visual_yaw=14400
						Lua 0:01:35:835
[mod] [HUB3BSMOKE] POSE turn 100 lock=false
[mod] [HUB3BSMOKE] TRAIN h=2000001571 hub=true at=false arrival=false cmd=GotoStation pos=(276962, 201556, 10800) yaw=7200 visual_yaw=7200
[mod] [HUB3BSMOKE] TRAIN h=2000001573 hub=false at=false arrival=false cmd=GotoStation pos=(228995, 195427, 10800) yaw=0 visual_yaw=0
[mod] [HUB3BSMOKE] TRAIN h=2000001575 hub=false at=false arrival=1 cmd=GotoStation pos=(199095, 216021, 10176) yaw=3625 visual_yaw=3624
[mod] [HUB3BSMOKE] TRAIN h=2000001576 hub=true at=true arrival=2 cmd=GotoStation pos=(280750, 168149, 10800) yaw=14400 visual_yaw=14400
						Lua 0:01:40:835
[mod] [HUB3BSMOKE] POSE turn 150 lock=false
[mod] [HUB3BSMOKE] TRAIN h=2000001571 hub=true at=false arrival=false cmd=GotoStation pos=(255766, 203799, 10800) yaw=10800 visual_yaw=10800
[mod] [HUB3BSMOKE] TRAIN h=2000001573 hub=false at=false arrival=false cmd=GotoStation pos=(246914, 203221, 10800) yaw=0 visual_yaw=0
[mod] [HUB3BSMOKE] TRAIN h=2000001575 hub=false at=false arrival=false cmd=GotoStation pos=(193896, 231113, 10800) yaw=7200 visual_yaw=7200
[mod] [HUB3BSMOKE] TRAIN h=2000001576 hub=true at=true arrival=2 cmd=GotoStation pos=(280750, 168149, 10800) yaw=14400 visual_yaw=14400
						Lua 0:01:45:835
[mod] [HUB3BSMOKE] POSE turn 200 lock=false
[mod] [HUB3BSMOKE] TRAIN h=2000001571 hub=true at=false arrival=false cmd=GotoStation pos=(237302, 196816, 10800) yaw=14400 visual_yaw=14400
[mod] [HUB3BSMOKE] TRAIN h=2000001573 hub=false at=false arrival=false cmd=GotoStation pos=(269441, 203221, 10800) yaw=0 visual_yaw=0
[mod] [HUB3BSMOKE] TRAIN h=2000001575 hub=false at=false arrival=false cmd=GotoStation pos=(178685, 243633, 10800) yaw=10605 visual_yaw=10283
[mod] [HUB3BSMOKE] TRAIN h=2000001576 hub=true at=true arrival=2 cmd=GotoStation pos=(280750, 168149, 10800) yaw=14400 visual_yaw=14400						Lua 0:01:45:836

						Lua 0:01:50:835
[mod] [HUB3BSMOKE] POSE turn 250 lock=false
[mod] [HUB3BSMOKE] TRAIN h=2000001571 hub=true at=false arrival=false cmd=GotoStation pos=(215288, 196005, 10800) yaw=10800 visual_yaw=10800
[mod] [HUB3BSMOKE] TRAIN h=2000001573 hub=false at=false arrival=false cmd=GotoStation pos=(285081, 191535, 10800) yaw=18000 visual_yaw=18000
[mod] [HUB3BSMOKE] TRAIN h=2000001575 hub=false at=false arrival=false cmd=GotoStation pos=(156719, 243660, 10250) yaw=10800 visual_yaw=10800
[mod] [HUB3BSMOKE] TRAIN h=2000001576 hub=true at=true arrival=2 cmd=GotoStation pos=(280750, 168149, 10800) yaw=14400 visual_yaw=14400
						Lua 0:01:55:835
[mod] [HUB3BSMOKE] POSE turn 300 lock=false
[mod] [HUB3BSMOKE] TRAIN h=2000001571 hub=true at=false arrival=false cmd=GotoStation pos=(192770, 196005, 10800) yaw=10800 visual_yaw=10800
[mod] [HUB3BSMOKE] TRAIN h=2000001573 hub=false at=false arrival=false cmd=GotoStation pos=(283009, 172061, 10800) yaw=14400 visual_yaw=14400
[mod] [HUB3BSMOKE] TRAIN h=2000001575 hub=false at=true arrival=2 cmd=UnloadTrain pos=(154004, 243645, 10000) yaw=10800 visual_yaw=10800
[mod] [HUB3BSMOKE] TRAIN h=2000001576 hub=true at=true arrival=2 cmd=GotoStation pos=(280750, 168149, 10800) yaw=14400 visual_yaw=14400
						Lua 0:02:00:835
[mod] [HUB3BSMOKE] POSE turn 350 lock=false
[mod] [HUB3BSMOKE] TRAIN h=2000001571 hub=true at=false arrival=false cmd=GotoStation pos=(197193, 212661, 10235) yaw=3724 visual_yaw=3729
[mod] [HUB3BSMOKE] TRAIN h=2000001573 hub=false at=false arrival=false cmd=GotoStation pos=(281750, 169881, 10800) yaw=14400 visual_yaw=14400
[mod] [HUB3BSMOKE] TRAIN h=2000001575 hub=false at=true arrival=2 cmd=LoadTrain pos=(154004, 243645, 10000) yaw=10800 visual_yaw=10800
[mod] [HUB3BSMOKE] TRAIN h=2000001576 hub=true at=true arrival=2 cmd=GotoStation pos=(280750, 168149, 10800) yaw=14400 visual_yaw=14400
						Lua 0:02:03:337
[mod] [HUB3BSMOKE] POSE turn 375 lock=2000001576
[mod] [HUB3BSMOKE] TRAIN h=2000001571 hub=false at=true arrival=1 cmd=UnloadTrain pos=(198539, 215033, 10000) yaw=3600 visual_yaw=3600
[mod] [HUB3BSMOKE] TRAIN h=2000001573 hub=false at=false arrival=false cmd=GotoStation pos=(281750, 169881, 10800) yaw=14400 visual_yaw=14400
[mod] [HUB3BSMOKE] TRAIN h=2000001575 hub=false at=true arrival=2 cmd=LoadTrain pos=(154004, 243645, 10000) yaw=10800 visual_yaw=10800
[mod] [HUB3BSMOKE] TRAIN h=2000001576 hub=true at=false arrival=2 cmd=GotoStation pos=(281204, 168372, 10800) yaw=878 visual_yaw=900
						Lua 0:02:03:835
[mod] [HUB3BSMOKE] POSE turn 380 lock=2000001576
[mod] [HUB3BSMOKE] TRAIN h=2000001571 hub=false at=true arrival=1 cmd=UnloadTrain pos=(198539, 215033, 10000) yaw=3600 visual_yaw=3600
[mod] [HUB3BSMOKE] TRAIN h=2000001573 hub=false at=false arrival=false cmd=GotoStation pos=(281750, 169881, 10800) yaw=14400 visual_yaw=14400
[mod] [HUB3BSMOKE] TRAIN h=2000001575 hub=false at=true arrival=2 cmd=LoadTrain pos=(154004, 243645, 10000) yaw=10800 visual_yaw=10800
[mod] [HUB3BSMOKE] TRAIN h=2000001576 hub=true at=false arrival=2 cmd=GotoStation pos=(281748, 168722, 10800) yaw=3598 visual_yaw=3598
						Lua 0:02:04:335
[mod] [HUB3BSMOKE] POSE turn 385 lock=2000001576
[mod] [HUB3BSMOKE] TRAIN h=2000001571 hub=false at=true arrival=1 cmd=UnloadTrain pos=(198539, 215033, 10000) yaw=3600 visual_yaw=3600
[mod] [HUB3BSMOKE] TRAIN h=2000001573 hub=false at=false arrival=false cmd=GotoStation pos=(281750, 169881, 10800) yaw=14400 visual_yaw=14400
[mod] [HUB3BSMOKE] TRAIN h=2000001575 hub=false at=true arrival=2 cmd=LoadTrain pos=(154004, 243645, 10000) yaw=10800 visual_yaw=10800
[mod] [HUB3BSMOKE] TRAIN h=2000001576 hub=true at=false arrival=2 cmd=GotoStation pos=(281873, 168938, 10800) yaw=3598 visual_yaw=3598
						Lua 0:02:04:836
[mod] [HUB3BSMOKE] POSE turn 390 lock=2000001576
[mod] [HUB3BSMOKE] TRAIN h=2000001571 hub=false at=true arrival=1 cmd=UnloadTrain pos=(198539, 215033, 10000) yaw=3600 visual_yaw=3600
[mod] [HUB3BSMOKE] TRAIN h=2000001573 hub=false at=false arrival=false cmd=GotoStation pos=(281750, 169881, 10800) yaw=14400 visual_yaw=14400
[mod] [HUB3BSMOKE] TRAIN h=2000001575 hub=false at=false arrival=2 cmd=GotoStation pos=(155018, 243005, 10000) yaw=0 visual_yaw=0
[mod] [HUB3BSMOKE] TRAIN h=2000001576 hub=true at=false arrival=2 cmd=GotoStation pos=(281998, 169155, 10800) yaw=3598 visual_yaw=3598
						Lua 0:02:05:335
[mod] [HUB3BSMOKE] POSE turn 395 lock=2000001576
[mod] [HUB3BSMOKE] TRAIN h=2000001571 hub=false at=true arrival=1 cmd=UnloadTrain pos=(198539, 215033, 10000) yaw=3600 visual_yaw=3600
[mod] [HUB3BSMOKE] TRAIN h=2000001573 hub=false at=false arrival=false cmd=GotoStation pos=(281750, 169881, 10800) yaw=14400 visual_yaw=14400
[mod] [HUB3BSMOKE] TRAIN h=2000001575 hub=false at=false arrival=2 cmd=GotoStation pos=(155310, 243011, 10000) yaw=0 visual_yaw=0
[mod] [HUB3BSMOKE] TRAIN h=2000001576 hub=true at=false arrival=2 cmd=GotoStation pos=(282123, 169371, 10800) yaw=3598 visual_yaw=3598
						Lua 0:02:05:835
[mod] [HUB3BSMOKE] POSE turn 400 lock=2000001576
[mod] [HUB3BSMOKE] TRAIN h=2000001571 hub=false at=true arrival=1 cmd=UnloadTrain pos=(198539, 215033, 10000) yaw=3600 visual_yaw=3600
[mod] [HUB3BSMOKE] TRAIN h=2000001573 hub=false at=false arrival=false cmd=GotoStation pos=(281750, 169881, 10800) yaw=14400 visual_yaw=14400
[mod] [HUB3BSMOKE] TRAIN h=2000001575 hub=false at=false arrival=2 cmd=GotoStation pos=(155854, 243020, 10102) yaw=260 visual_yaw=258
[mod] [HUB3BSMOKE] TRAIN h=2000001576 hub=true at=false arrival=2 cmd=GotoStation pos=(282248, 169588, 10800) yaw=3598 visual_yaw=3598
						Lua 0:02:05:935
[mod] [SMRTK] SMRTK_MARK action=mark label=HUB3B_READ_BEGIN mark=465 status=OK t=14959233 id=446
[SMRTK] SMRTK_MARK action=mark label=HUB3B_READ_BEGIN mark=465 status=OK t=14959233 id=446
[mod] [SMRTK] SMRTK_FINGERPRINT action=fingerprint fix_pack_present=52/52 game=403908 mark_action=mark mods=SMR_CommunityFixPack,SMR_CommunityFixPackTestKit,SMR_CommunityOptInPack,SMR_TrainHubDev_20260918 pack_version=19 read="live registry" save="SpaceY Sol 21.savegame.sav" sol=22 status=OK t=14959233 id=447
[SMRTK] SMRTK_FINGERPRINT action=fingerprint fix_pack_present=52/52 game=403908 mark_action=mark mods=SMR_CommunityFixPack,SMR_CommunityFixPackTestKit,SMR_CommunityOptInPack,SMR_TrainHubDev_20260918 pack_version=19 read="live registry" save="SpaceY Sol 21.savegame.sav" sol=22 status=OK t=14959233 id=447
[mod] [SMRTK] SMRTK_DUMP angle=0 crossing=none errors=0 hub=SMROptInTrainHub6(6252) leg=hub3b park=2000 pos=280000,166272,10000 t=14959233 id=448
[SMRTK] SMRTK_DUMP angle=0 crossing=none errors=0 hub=SMROptInTrainHub6(6252) leg=hub3b park=2000 pos=280000,166272,10000 t=14959233 id=448
						Lua 0:02:05:936
[mod] [SMRTK] SMRTK_DUMP Ramparrive=278821,163654,10800@3600 Rampdepart=278321,163942,10800@14400 Spawn=279250,164396,10800@14400 Stop=279250,164396,10800@3600 Trackconnector=278000,162808,10800@19800 leg=hub3b_line line=1 reserved=none t=14959233 id=449
[SMRTK] SMRTK_DUMP Ramparrive=278821,163654,10800@3600 Rampdepart=278321,163942,10800@14400 Spawn=279250,164396,10800@14400 Stop=279250,164396,10800@3600 Trackconnector=278000,162808,10800@19800 leg=hub3b_line line=1 reserved=none t=14959233 id=449
[mod] [SMRTK] SMRTK_DUMP Ramparrive=281179,168891,10800@14400 Rampdepart=281679,168602,10800@3600 Spawn=280750,168149,10800@3600 Stop=280750,168149,10800@14400 Trackconnector=282000,169736,10800@9000 leg=hub3b_line line=2 reserved=Train(2000001573) t=14959233 id=450
[SMRTK] SMRTK_DUMP Ramparrive=281179,168891,10800@14400 Rampdepart=281679,168602,10800@3600 Spawn=280750,168149,10800@3600 Stop=280750,168149,10800@14400 Trackconnector=282000,169736,10800@9000 leg=hub3b_line line=2 reserved=Train(2000001573) t=14959233 id=450
[mod] [SMRTK] SMRTK_DUMP Ramparrive=277143,165983,10800@0 Rampdepart=277143,166561,10800@10800 Spawn=278000,165983,10800@10800 Stop=278000,165983,10800@0 Trackconnector=276000,166272,10800@16200 leg=hub3b_line line=3 reserved=none t=14959233 id=451
[SMRTK] SMRTK_DUMP Ramparrive=277143,165983,10800@0 Rampdepart=277143,166561,10800@10800 Spawn=278000,165983,10800@10800 Stop=278000,165983,10800@0 Trackconnector=276000,166272,10800@16200 leg=hub3b_line line=3 reserved=none t=14959233 id=451
[mod] [SMRTK] SMRTK_DUMP Ramparrive=282857,166561,10800@10800 Rampdepart=282857,165983,10800@0 Spawn=282000,166561,10800@0 Stop=282000,166561,10800@10800 Trackconnector=284000,166272,10800@5400 leg=hub3b_line line=4 reserved=none t=14959233 id=452
[SMRTK] SMRTK_DUMP Ramparrive=282857,166561,10800@10800 Rampdepart=282857,165983,10800@0 Spawn=282000,166561,10800@0 Stop=282000,166561,10800@10800 Trackconnector=284000,166272,10800@5400 leg=hub3b_line line=4 reserved=none t=14959233 id=452
[mod] [SMRTK] SMRTK_DUMP Ramparrive=278321,168602,10800@18000 Rampdepart=278821,168891,10800@7200 Spawn=278750,167860,10800@7200 Stop=278750,167860,10800@18000 Trackconnector=278000,169736,10800@12600 leg=hub3b_line line=5 reserved=none t=14959233 id=453
[SMRTK] SMRTK_DUMP Ramparrive=278321,168602,10800@18000 Rampdepart=278821,168891,10800@7200 Spawn=278750,167860,10800@7200 Stop=278750,167860,10800@18000 Trackconnector=278000,169736,10800@12600 leg=hub3b_line line=5 reserved=none t=14959233 id=453
[mod] [SMRTK] SMRTK_DUMP Ramparrive=281679,163942,10800@7200 Rampdepart=281179,163654,10800@18000 Spawn=281250,164684,10800@18000 Stop=281250,164684,10800@7200 Trackconnector=282000,162808,10800@1800 leg=hub3b_line line=6 reserved=none t=14959233 id=454
[SMRTK] SMRTK_DUMP Ramparrive=281679,163942,10800@7200 Rampdepart=281179,163654,10800@18000 Spawn=281250,164684,10800@18000 Stop=281250,164684,10800@7200 Trackconnector=282000,162808,10800@1800 leg=hub3b_line line=6 reserved=none t=14959233 id=454
[mod] [SMRTK] SMRTK_DUMP arrival=1 at_station=true command=UnloadTrain leg=hub3b_train pos=198539,215033,10000 station=StationSmall(2012) track=TrackBase(6272) train=Train(2000001571) visual=198539,215033,10000 visual_yaw=3600 yaw=3600 t=14959233 id=455
[SMRTK] SMRTK_DUMP arrival=1 at_station=true command=UnloadTrain leg=hub3b_train pos=198539,215033,10000 station=StationSmall(2012) track=TrackBase(6272) train=Train(2000001571) visual=198539,215033,10000 visual_yaw=3600 yaw=3600 t=14959233 id=455
[mod] [SMRTK] SMRTK_DUMP arrival=false at_station=false command=GotoStation leg=hub3b_train pos=281179,168891,10800 station=StationSmall(2012) track=TrackBase(6272) train=Train(2000001573) visual=281559,169550,10800 visual_yaw=14400 yaw=14400 t=14959233 id=456
[SMRTK] SMRTK_DUMP arrival=false at_station=false command=GotoStation leg=hub3b_train pos=281179,168891,10800 station=StationSmall(2012) track=TrackBase(6272) train=Train(2000001573) visual=281559,169550,10800 visual_yaw=14400 yaw=14400 t=14959233 id=456
[mod] [SMRTK] SMRTK_DUMP arrival=2 at_station=false command=GotoStation leg=hub3b_train pos=158500,243057,10800 station=StationSmall(6243) track=TrackBase(5509) train=Train(2000001575) visual=155968,243021,10132 visual_yaw=332 yaw=334 t=14959233 id=457
[SMRTK] SMRTK_DUMP arrival=2 at_station=false command=GotoStation leg=hub3b_train pos=158500,243057,10800 station=StationSmall(6243) track=TrackBase(5509) train=Train(2000001575) visual=155968,243021,10132 visual_yaw=332 yaw=334 t=14959233 id=457
[mod] [SMRTK] SMRTK_DUMP arrival=false at_station=false command=GotoStation leg=hub3b_train pos=282750,170458,10800 station=SMROptInTrainHub6(6252) track=TrackBase(6272) train=Train(2000001576) visual=282293,169667,10800 visual_yaw=3600 yaw=3600 t=14959233 id=458
[SMRTK] SMRTK_DUMP arrival=false at_station=false command=GotoStation leg=hub3b_train pos=282750,170458,10800 station=SMROptInTrainHub6(6252) track=TrackBase(6272) train=Train(2000001576) visual=282293,169667,10800 visual_yaw=3600 yaw=3600 t=14959233 id=458
[mod] [SMRTK] SMRTK_MARK action=mark label=HUB3B_READ_END mark=478 status=OK t=14959233 id=459
[SMRTK] SMRTK_MARK action=mark label=HUB3B_READ_END mark=478 status=OK t=14959233 id=459
[mod] [SMRTK] SMRTK_FINGERPRINT action=fingerprint fix_pack_present=52/52 game=403908 mark_action=mark mods=SMR_CommunityFixPack,SMR_CommunityFixPackTestKit,SMR_CommunityOptInPack,SMR_TrainHubDev_20260918 pack_version=19 read="live registry" save="SpaceY Sol 21.savegame.sav" sol=22 status=OK t=14959233 id=460						Lua 0:02:05:937

[SMRTK] SMRTK_FINGERPRINT action=fingerprint fix_pack_present=52/52 game=403908 mark_action=mark mods=SMR_CommunityFixPack,SMR_CommunityFixPackTestKit,SMR_CommunityOptInPack,SMR_TrainHubDev_20260918 pack_version=19 read="live registry" save="SpaceY Sol 21.savegame.sav" sol=22 status=OK t=14959233 id=460
[mod] [SMRTK] SMRTK_ACTION action=slot_1 errors=0 hub=SMROptInTrainHub6(6252) park=2000 status=OK t=14959233 id=461
[SMRTK] SMRTK_ACTION action=slot_1 errors=0 hub=SMROptInTrainHub6(6252) park=2000 status=OK t=14959233 id=461
[mod] [HUB3BSMOKE] STAGE_COMPLETE stage=4 arrival=2 departure=2 train=2000001576
						Lua 0:02:08:034
[mod] [SMRTK] SMRTK_MARK action=screenshot_mark capture="native accepted" capture_id=0069 fallback=false label="Hub3b stage 4 after departure" mark=481 path=C:/Dev/SMR-ScreenCaptures/SMRTK_0069.png status=OK t=14959233 id=462
[SMRTK] SMRTK_MARK action=screenshot_mark capture="native accepted" capture_id=0069 fallback=false label="Hub3b stage 4 after departure" mark=481 path=C:/Dev/SMR-ScreenCaptures/SMRTK_0069.png status=OK t=14959233 id=462
[mod] [SMRTK] SMRTK_FINGERPRINT action=fingerprint fix_pack_present=52/52 game=403908 mark_action=screenshot_mark mods=SMR_CommunityFixPack,SMR_CommunityFixPackTestKit,SMR_CommunityOptInPack,SMR_TrainHubDev_20260918 pack_version=19 read="live registry" save="SpaceY Sol 21.savegame.sav" sol=22 status=OK t=14959233 id=463
[SMRTK] SMRTK_FINGERPRINT action=fingerprint fix_pack_present=52/52 game=403908 mark_action=screenshot_mark mods=SMR_CommunityFixPack,SMR_CommunityFixPackTestKit,SMR_CommunityOptInPack,SMR_TrainHubDev_20260918 pack_version=19 read="live registry" save="SpaceY Sol 21.savegame.sav" sol=22 status=OK t=14959233 id=463
[mod] [HUB3BSMOKE] RESULT stage=4 ok=true result=nil
						Lua 0:02:09:033


Stopping the game threads from the Lua side with exit code 0.

					Render 0:02:09:036


Stopping the game threads after receiving WM_QUIT.

					Render 0:02:09:340


*** Debug::Done()
Time (ms)	129340


