					Render 0:00:00:008
*** executable info
					Render 0:00:00:009
Timestamp:     	6a91a190
Date:          	Fri Aug 28 10:56:16 2026
Command line:  	
Compiler:      	195136247, 142 (VS 2019) or newer


*** hardware info
CPU name      	Intel(R) Core(TM) i7-14700K
CPU MHz       	3418
CPU cores     	20/28
Phys. Memory   	65278 MBytes
Memory In Use  	59%
Disk Free      	801389 MBytes


*** OS info
OS:            	Windows 11
Version:       	10.0.26100 


*** Debug::Init()


					Render 0:00:00:078
Steam initialized (AppId 3215050)
					Render 0:00:00:081
Drive type for game installation: SSD, savegames: SSD
Language: English
					Render 0:00:01:500
*** graphics info
GPU                            	NVIDIA GeForce RTX 4080 Feature Level: 12.1 {  DoublePrecisionFloatShaderOps: 1 OutputMergerLogicOp: 1 MinPrecisionSupport: 2 TiledResourcesTier: 4 ResourceBindingTier: 3 PSSpecifiedStencilRefSupported: 0 TypedUAVLoadAdditionalFormats: 1 ROVsSupported: 1 ConservativeRasterizationTier: 3 MaxGPUVirtualAddressBitsPerResource: 40 StandardSwizzle64KBSupported: 0 CrossNodeSharingTier: 0 CrossAdapterRowMajorTextureSupported: 0 VPAndRTArrayIndexFromAnyShaderFeedingRasterizerSupportedWithoutGSEmulation: 1 ResourceHeapTier: 2 NotZeroedPools: 1 UMA: 0 UnalignedBlockTextures: 1}
API                            	d3d12
GPU Driver Version             	32.0.16.1074
GPU Driver Package Version     	610.74
GPU Dedicated Video Memory     	16048 MB
					Render 0:00:01:648

Libs: Network, Sequences, MouseTrackWin, DumbAI, MapGen, Paradox, TriggersAndEvents, Notifications, Research, Resources, Tutorial, Objectives 

					Render 0:00:01:887

Platform: desktop, editor, goldmaster, paradox, pc, steam

					Render 0:00:02:834
*** audio info
Audio Endpoint                 	Speakers (Razer Leviathan V2)
Lua revision: 403908
Assets revision: 33006
						Lua 0:00:02:835
Steam AppID: 3215050
Build version: 1.1.0.403908
Build branch:  Release
						Lua 0:00:16:338
Account storage loaded successfully in 1 ms
						Lua 0:00:16:339
DLC norman loaded, lua revision 403908, assets revision 33006
DLC thomas loaded, lua revision 403908, assets revision 33006
						Lua 0:00:16:343
[mod] Loaded mod def DEV ONLY - Train Hub Prototype (id SMR_TrainHubPrototype_20260918, v0.00-002) unpacked from appdata
[mod] Loaded mod def Relaunched Fix Pack (id SMR_CommunityFixPack, v1.00-019) unpacked from appdata
[mod] Loaded mod def Relaunched Fix Pack: Opt-In Modules (id SMR_CommunityOptInPack, v1.00-000) unpacked from appdata
[mod] Loaded mod def TEMPORARY - Linux NVIDIA 580 Crash Workaround (id SMR_FR1TempWorkaround, v0.00-003) unpacked from appdata
[mod] Loaded mod def Community Fix Pack — Test Kit (id SMR_CommunityFixPackTestKit, v0.00-001) unpacked from appdata
[mod] Loaded mod def DEV ONLY - Train Hub (Module B build) (id SMR_TrainHubDev_20260918, v0.00-009) unpacked from appdata
						Lua 0:00:16:734
[mod] [CommunityOptInPack] AcknowledgedWarnings: applied
[mod] [CommunityOptInPack] ResidencyControl: inactive (opt-in module, off by default — enable it in Options → Mod Options)
						Lua 0:00:16:735
[mod] [CommunityOptInPack] MultipleSuns: applied
[mod] [CommunityOptInPack] DroneStatDials: applied
[mod] [SMRTest] console enable requested (flag set, no overlay) — press Enter (or Alt-Shift-C) once in a colony
[SMRTest] console enable requested (flag set, no overlay) — press Enter (or Alt-Shift-C) once in a colony
						Lua 0:00:16:736
[mod] [SMRTest] no debug.getinfo (mod sandbox) — [install] probes will SKIP
[SMRTest] no debug.getinfo (mod sandbox) — [install] probes will SKIP
[mod] [SMRTest] test kit loaded — SMRTest.RunAll(), SMRTest.List(), SMRTest.<ProbeId>()
[SMRTest] test kit loaded — SMRTest.RunAll(), SMRTest.List(), SMRTest.<ProbeId>()
						Lua 0:00:16:740
[mod] [SMRTK] SMRTK_CORE loaded=true tee=false t=12294 id=1
[SMRTK] SMRTK_CORE loaded=true tee=false t=12294 id=1
						Lua 0:00:16:743
[mod] [SMRTK] SMRTK_SLOTS armed_at_load=0 predictions="TRAIN_HUB_BUILD_20260918.md: build 3b" sitting=train_hub_3b slots="1 traffic,2 inward,3 departure,4 crossing watch,5 outward,6 parts,scratch boot" t=12294 id=2
[SMRTK] SMRTK_SLOTS armed_at_load=0 predictions="TRAIN_HUB_BUILD_20260918.md: build 3b" sitting=train_hub_3b slots="1 traffic,2 inward,3 departure,4 crossing watch,5 outward,6 parts,scratch boot" t=12294 id=2
						Lua 0:00:16:745
[mod] [SMRTest][carry] fixture-carry dump available — run SMRTest.FixtureCarry()
[mod] [CommunityFixPack] NightShiftWork: applied
[mod] [CommunityFixPack] WispRewards: applied
[mod] [CommunityFixPack] TrainsToVoid: applied
[mod] [CommunityFixPack] LanderEmptyLaunch: applied
[mod] [CommunityFixPack] ShelterReflex: applied
[mod] [CommunityFixPack] BrokenTrackSalvage: applied
						Lua 0:00:16:746
[mod] [CommunityFixPack] TrackSalvageWipe: applied
[mod] [CommunityFixPack] LakeEntombment: applied
[mod] [CommunityFixPack] RocketDroneChurn: applied
[mod] [CommunityFixPack] TradeRocketFuelRefresh: applied
[mod] [CommunityFixPack] ShuttleTransportCache: applied
[mod] [CommunityFixPack] VacuumWalks: applied
[mod] [CommunityFixPack] ArrivalDeaths: applied
[mod] [CommunityFixPack] StaleReservations: applied
						Lua 0:00:16:747
[mod] [CommunityFixPack] CrystalMysteryHang: applied
[mod] [CommunityFixPack] DomeOverviewHighlight: applied
[mod] [CommunityFixPack] TrainCargoDumping: applied
[mod] [CommunityFixPack] DestroyedTunnels: applied
[mod] [CommunityFixPack] DustSicknessBiorobots: applied
[mod] [CommunityFixPack] GeneForging: applied
[mod] [CommunityFixPack] MirrorSphereSite: applied
[mod] [CommunityFixPack] PayloadTemplateRefill: applied
[mod] [CommunityFixPack] ShuttleHubOffAvailable: applied
						Lua 0:00:16:748
[mod] [CommunityFixPack] FreedHousingNotice: applied
[mod] [CommunityFixPack] LandscapeUnitFilter: applied
						Lua 0:00:16:749
[mod] [CommunityFixPack] RocketInteractGuard: applied
[mod] [CommunityFixPack] TrackConnectorPingPong: applied
[mod] [CommunityFixPack] TrackTunnelPowerBridge: applied
[mod] [CommunityFixPack] GraphConsumedCaption: applied
[mod] [CommunityFixPack] TrainWaitTime: applied
[mod] [CommunityFixPack] FounderTraitNotification: applied
[mod] [CommunityFixPack] SequenceLatents: applied
[mod] [CommunityFixPack] TrackSalvageRefund: applied
						Lua 0:00:16:750
[mod] [CommunityFixPack] DroneTransportMinors: applied
[mod] [CommunityFixPack] ScanDowngrade: applied
[mod] [CommunityFixPack] BombardmentSpread: applied
[mod] [CommunityFixPack] ExtenderFlapChurn: applied
[mod] [CommunityFixPack] SaintBlessing: applied
[mod] [CommunityFixPack] SinkholeIndestructible: applied
[mod] [CommunityFixPack] ExoticDepositSign: applied
[mod] [CommunityFixPack] JumboCaveReinforcementWedge: applied
						Lua 0:00:16:751
[mod] [CommunityFixPack] SilentHitMomentFX: applied
[mod] [CommunityFixPack] CloggedBuildingRelease: applied
[mod] [CommunityFixPack] FactionDomeSizeGate: applied
[mod] [CommunityFixPack] BuildingCodesPrefab: applied
[mod] [CommunityFixPack] HabitatExpeditionReturn: applied
[mod] [CommunityFixPack] HabitatExpeditionDraft: applied
						Lua 0:00:16:752
[mod] [CommunityFixPack] OpenPastureStockpiles: applied
[mod] [CommunityFixPack] RoverSubclassManifest: applied
[mod] [CommunityFixPack] DryFarmingFarms: applied
[mod] [CommunityFixPack] WildfireCureVisit: applied
[mod] [CommunityFixPack] SaveSanitizer: applied
						Lua 0:00:16:753
[TrainHubDev] hub classes loaded: six-connector hub, built-in drone controller, maintenance reserve
[TrainHubDev] train export floor loaded (standing + transient holds)
						Lua 0:00:17:525
[mod] [CommunityFixPack] SaintBlessing: inactive (no dome-colonists trait presets)
[mod] [CommunityFixPack] SinkholeIndestructible: the St. Elmo's Fire sinkhole is now indestructible, like every other mystery set-piece
						Lua 0:00:17:615
Reloading done in 1272 ms
						Lua 0:00:17:616
Available DLCs: norman(Feeding the Future),thomas(Interplanetary Codex) 
						Lua 0:00:17:662
[mod] [SMRTK] SMRTK_CONSOLE_ARM enabled=true hook=DataLoading t=12294 id=3
[SMRTK] SMRTK_CONSOLE_ARM enabled=true hook=DataLoading t=12294 id=3
						Lua 0:00:18:040
[preset] Preset postprocess took 153 ms.
						Lua 0:00:18:086
482 / 482 particle streams loaded in 39 ms.
						Lua 0:00:18:087
5 / 5 particle streams loaded in 1 ms.
						Lua 0:00:18:088
[mod] [CommunityOptInPack] MultipleSuns: BuildingTemplates.ArtificialSun not found — build limit NOT lifted (binding fix still active)
[mod] [CommunityFixPack] SilentHitMomentFX: registered 11 missing animation-moment preset(s)
[mod] [CommunityFixPack] FactionDomeSizeGate: 7 faction dislike(s) now wait for 10 colonists in a dome
						Lua 0:00:18:089
[mod] [CommunityFixPack] DryFarmingFarms: added 4 water entr(y/ies) at -50% to DryFarming (0 adopted, 4 of 4 farms loaded)
						Lua 0:00:18:296
[mod] [CommunityOptInPack] MultipleSuns: Artificial Sun build-once limit lifted
[mod] [CommunityFixPack] SaintBlessing: the shipped code resolves the trait label itself — data left untouched; save re-base armed for 1 preset(s) of 2
						Lua 0:00:18:385
[mod] [SMRTK] SMRTK_SHORTCUT console=true key=Ctrl-Shift-F11 t=12294 id=4
						Lua 0:00:18:415
[mod] [SMRTK] SMRTK_SHORTCUT console=true key=Ctrl-Shift-F11 t=12294 id=5
						Lua 0:00:18:429
[LUA ERROR] CommonLua/Editor/ArtSpecEditor.lua:573: attempt to call a nil value (global 'EntitySpecPathToEntity')
  CommonLua/Editor/ArtSpecEditor.lua(573):  method OnPresetPostLoad
  CommonLua/Preset.lua(541):  upvalue f1
  CommonLua/Core/classes.lua(170):  method PostLoad
  CommonLua/Modding/ModItem.lua(2502):   <>
  [C](-1):  global sprocall
  CommonLua/Modding/Mod.lua(666):   <>
  CommonLua/Modding/Mod.lua(740):   <>
  CommonLua/Modding/Mod.lua(664):  method LoadItems
  CommonLua/Modding/Mod.lua(2185):  global ContinueModsReloadItems
  CommonLua/Dlc.lua(603):  global LoadDlcs
  CommonLua/Core/autorun.lua(447):  local StartupSequence
  CommonLua/Core/autorun.lua(516):   <>
        --- end of stack
Locals:
	                self |   object EntitySpec 'SMROptInTrainHub6'
[mod] Loaded mod items for: SMR_CommunityOptInPack, SMR_CommunityFixPackTestKit, SMR_CommunityFixPack, SMR_TrainHubDev_20260918
						Lua 0:00:18:676
[mod] [CommunityFixPack] SaintBlessing: the shipped code resolves the trait label itself — data left untouched; save re-base armed for 1 preset(s) of 2
						Lua 0:00:18:769
[mod] [SMRTK] SMRTK_SHORTCUT console=true key=Ctrl-Shift-F11 t=12294 id=6
						Lua 0:00:19:236
[PdxSDK] Started up. Took 1079
						Lua 0:00:19:646
[Braze] SessionStart error The server name or address could not be resolved

[Braze] Failed sending launcher ev The server name or address could not be resolved

[Braze] Failed to init
						Lua 0:00:19:794
[Braze] SessionStart error The server name or address could not be resolved

[Braze] Failed sending launcher ev The server name or address could not be resolved

[Braze] Failed to init
						Lua 0:00:21:374
Load Game: 
	lua_revision: 403908 (last saved with) 
	orig_lua_revision: 403908 (created with) 
	assets_revision: 33006 

	dlcs: norman, thomas 

	mods: SMR_CommunityOptInPack, SMR_CommunityFixPackTestKit, SMR_CommunityFixPack, SMR_TrainHubDev_20260918 
						Lua 0:00:21:377
*** Reloading assets from folder 'BinAssets/'
						Lua 0:00:23:140
*** Assets reloaded in 1.8 s, read 359.3 MB, read speed 203.8 MB/s, average read 8137 bytes.
						Lua 0:00:24:019
[mod] [SMRTK] SMRTK_SHORTCUT console=true key=Ctrl-Shift-F11 t=14315 id=7
						Lua 0:00:24:747
[mod] [SMRTK] SMRTK_CONSOLE_ARM enabled=true hook=PreLoadGame t=14315 id=8
[SMRTK] SMRTK_CONSOLE_ARM enabled=true hook=PreLoadGame t=14315 id=8
						Lua 0:00:26:815
[mod] [SMRTest] console enable requested (flag set, no overlay) — press Enter (or Alt-Shift-C) once in a colony
[SMRTest] console enable requested (flag set, no overlay) — press Enter (or Alt-Shift-C) once in a colony
						Lua 0:00:26:819
[mod] [CommunityFixPack] SilentHitMomentFX: restored 2 missing hit-moment tracker(s) on load
						Lua 0:00:26:820
[TrainHubDev] SMROptInTrainHub6 line radii d0..d5 = 4 4 4 4 4 4
[TrainHubDev] SMROptInTrainHub6 connector spots: from the body
						Lua 0:00:26:840
game_settings:
    sponsor: SpaceY
    profile: politician
    founding_faction: UnitedColonistFront
    rival_colonies: paradox, Brazil, NASA
    mystery_random: 
    game_rules: (none)
more_game_settings: save_game_id: IsDKXg6Ddmz3wE5g, mystery: UnitedEarthMystery, coordinates: 15N179E, landing_spot: , logo: SpaceY
map_conditions: altitude: -3699, temperature: -43, cold_wave: 109, dust_devils: 39, dust_storm: 0, meteors: 37
map_resources: concrete: 243, metals: 147, precious_metals: 147, water: 147
						Lua 0:00:26:891
[mod] [CommunityFixPack] SaveSanitizer: F95 astrogeologist-residue pass removed 0 modifier(s), left 0 unidentified
						Lua 0:00:26:892
Game Loaded in 5518 ms
[mod] [SMRTK] SMRTK_PROVENANCE actions=21 last=section_attach last_id=32 present=true session=1789888806:3520230763:1184987819:1655584288 t=14919135 id=9
[SMRTK] SMRTK_PROVENANCE actions=21 last=section_attach last_id=32 present=true session=1789888806:3520230763:1184987819:1655584288 t=14919135 id=9
						Lua 0:00:26:901
[mod] [SMRTK] SMRTK_SHORTCUT console=true key=Ctrl-Shift-F11 t=14919135 id=10
						Lua 0:00:26:913
[mod] [SMRTK] SMRTK_DOCK action=dock_attach attached=true route="idBottom sibling" status=OK surface=one-toggle+tasks t=14919135 id=11
						Lua 0:00:26:916
[mod] [SMRTest] console enable requested (flag set, no overlay) — press Enter (or Alt-Shift-C) once in a colony
[SMRTest] console enable requested (flag set, no overlay) — press Enter (or Alt-Shift-C) once in a colony
						Lua 0:00:27:024
[mod] [SMRTK] SMRTK_SHORTCUT console=true key=Ctrl-Shift-F11 t=14919135 id=12
						Lua 0:00:27:503
Game loaded on map BlankBig_01 in 6254 ms
						Lua 0:00:29:502
[mod] [SMRTK] SMRTK_MARK action=mark label=HUB3B_BOOT mark=23 status=OK t=14919135 id=13
[SMRTK] SMRTK_MARK action=mark label=HUB3B_BOOT mark=23 status=OK t=14919135 id=13
[mod] [SMRTK] SMRTK_FINGERPRINT action=fingerprint fix_pack_present=52/52 game=403908 mark_action=mark mods=SMR_CommunityFixPack,SMR_CommunityFixPackTestKit,SMR_CommunityOptInPack,SMR_TrainHubDev_20260918 pack_version=19 read="live registry" save="SpaceY Sol 21.savegame.sav" sol=21 status=OK t=14919135 id=14
[SMRTK] SMRTK_FINGERPRINT action=fingerprint fix_pack_present=52/52 game=403908 mark_action=mark mods=SMR_CommunityFixPack,SMR_CommunityFixPackTestKit,SMR_CommunityOptInPack,SMR_TrainHubDev_20260918 pack_version=19 read="live registry" save="SpaceY Sol 21.savegame.sav" sol=21 status=OK t=14919135 id=14
						Lua 0:00:29:512
[mod] [SMRTK] SMRTK_SHORTCUT console=false key=Ctrl-Shift-F11 t=14919135 id=15
						Lua 0:00:29:522
[mod] [SMRTK] SMRTK_CONSOLE_ARM enabled=true hook=control t=14919135 id=16
[SMRTK] SMRTK_CONSOLE_ARM enabled=true hook=control t=14919135 id=16
						Lua 0:00:29:532
[mod] [SMRTK] SMRTK_SHORTCUT console=true key=Ctrl-Shift-F11 t=14919135 id=17
						Lua 0:00:29:541
[mod] [SMRTK] SMRTK_CONSOLE_CONTROL action=console_control discriminates=true negative=false positive=true status=OK t=14919135 id=18
[SMRTK] SMRTK_CONSOLE_CONTROL action=console_control discriminates=true negative=false positive=true status=OK t=14919135 id=18
[mod] [SMRTK] SMRTK_TAINT_READ action=taint_read status=OK used=false t=14919135 id=19
[SMRTK] SMRTK_TAINT_READ action=taint_read status=OK used=false t=14919135 id=19
[mod] [SMRTK] SMRTK_ELIGIBILITY action=eligibility reason=UNAVAILABLE:sandbox status=OK t=14919135 id=20
[SMRTK] SMRTK_ELIGIBILITY action=eligibility reason=UNAVAILABLE:sandbox status=OK t=14919135 id=20
[mod] [SMRTK] SMRTK_ACTION action=slot_scratch errors=0 hub=SMROptInTrainHub6(6252) park=1700 sitting=train_hub_3b status=OK sweep="run desktop sweep before each boot" t=14919135 id=21
[SMRTK] SMRTK_ACTION action=slot_scratch errors=0 hub=SMROptInTrainHub6(6252) park=1700 sitting=train_hub_3b status=OK sweep="run desktop sweep before each boot" t=14919135 id=21
[mod] [SMRTK] SMRTK_MARK action=mark label=HUB3B_READ_BEGIN mark=32 status=OK t=14919135 id=22
[SMRTK] SMRTK_MARK action=mark label=HUB3B_READ_BEGIN mark=32 status=OK t=14919135 id=22
[mod] [SMRTK] SMRTK_FINGERPRINT action=fingerprint fix_pack_present=52/52 game=403908 mark_action=mark mods=SMR_CommunityFixPack,SMR_CommunityFixPackTestKit,SMR_CommunityOptInPack,SMR_TrainHubDev_20260918 pack_version=19 read="live registry" save="SpaceY Sol 21.savegame.sav" sol=21 status=OK t=14919135 id=23
[SMRTK] SMRTK_FINGERPRINT action=fingerprint fix_pack_present=52/52 game=403908 mark_action=mark mods=SMR_CommunityFixPack,SMR_CommunityFixPackTestKit,SMR_CommunityOptInPack,SMR_TrainHubDev_20260918 pack_version=19 read="live registry" save="SpaceY Sol 21.savegame.sav" sol=21 status=OK t=14919135 id=23
[mod] [SMRTK] SMRTK_DUMP angle=0 crossing=none errors=0 hub=SMROptInTrainHub6(6252) leg=hub3b park=1700 pos=280000,166272,10000 t=14919135 id=24
[SMRTK] SMRTK_DUMP angle=0 crossing=none errors=0 hub=SMROptInTrainHub6(6252) leg=hub3b park=1700 pos=280000,166272,10000 t=14919135 id=24
[mod] [SMRTK] SMRTK_DUMP Ramparrive=278821,163654,10800@3600 Rampdepart=278321,163942,10800@14400 Spawn=279400,164655,10800@14400 Stop=279400,164655,10800@3600 Trackconnector=278000,162808,10800@19800 leg=hub3b_line line=1 reserved=none t=14919135 id=25
[SMRTK] SMRTK_DUMP Ramparrive=278821,163654,10800@3600 Rampdepart=278321,163942,10800@14400 Spawn=279400,164655,10800@14400 Stop=279400,164655,10800@3600 Trackconnector=278000,162808,10800@19800 leg=hub3b_line line=1 reserved=none t=14919135 id=25
[mod] [SMRTK] SMRTK_DUMP Ramparrive=281179,168891,10800@14400 Rampdepart=281679,168602,10800@3600 Spawn=280600,167890,10800@3600 Stop=280600,167890,10800@14400 Trackconnector=282000,169736,10800@9000 leg=hub3b_line line=2 reserved=Train(2000001576) t=14919135 id=26
[SMRTK] SMRTK_DUMP Ramparrive=281179,168891,10800@14400 Rampdepart=281679,168602,10800@3600 Spawn=280600,167890,10800@3600 Stop=280600,167890,10800@14400 Trackconnector=282000,169736,10800@9000 leg=hub3b_line line=2 reserved=Train(2000001576) t=14919135 id=26
[mod] [SMRTK] SMRTK_DUMP Ramparrive=277143,165983,10800@0 Rampdepart=277143,166561,10800@10800 Spawn=278300,165983,10800@10800 Stop=278300,165983,10800@0 Trackconnector=276000,166272,10800@16200 leg=hub3b_line line=3 reserved=none t=14919135 id=27
[SMRTK] SMRTK_DUMP Ramparrive=277143,165983,10800@0 Rampdepart=277143,166561,10800@10800 Spawn=278300,165983,10800@10800 Stop=278300,165983,10800@0 Trackconnector=276000,166272,10800@16200 leg=hub3b_line line=3 reserved=none t=14919135 id=27
						Lua 0:00:29:542
[mod] [SMRTK] SMRTK_DUMP Ramparrive=282857,166561,10800@10800 Rampdepart=282857,165983,10800@0 Spawn=281700,166561,10800@0 Stop=281700,166561,10800@10800 Trackconnector=284000,166272,10800@5400 leg=hub3b_line line=4 reserved=none t=14919135 id=28
[SMRTK] SMRTK_DUMP Ramparrive=282857,166561,10800@10800 Rampdepart=282857,165983,10800@0 Spawn=281700,166561,10800@0 Stop=281700,166561,10800@10800 Trackconnector=284000,166272,10800@5400 leg=hub3b_line line=4 reserved=none t=14919135 id=28
[mod] [SMRTK] SMRTK_DUMP Ramparrive=278321,168602,10800@18000 Rampdepart=278821,168891,10800@7200 Spawn=278900,167601,10800@7200 Stop=278900,167601,10800@18000 Trackconnector=278000,169736,10800@12600 leg=hub3b_line line=5 reserved=none t=14919135 id=29
[SMRTK] SMRTK_DUMP Ramparrive=278321,168602,10800@18000 Rampdepart=278821,168891,10800@7200 Spawn=278900,167601,10800@7200 Stop=278900,167601,10800@18000 Trackconnector=278000,169736,10800@12600 leg=hub3b_line line=5 reserved=none t=14919135 id=29
[mod] [SMRTK] SMRTK_DUMP Ramparrive=281679,163942,10800@7200 Rampdepart=281179,163654,10800@18000 Spawn=281100,164943,10800@18000 Stop=281100,164943,10800@7200 Trackconnector=282000,162808,10800@1800 leg=hub3b_line line=6 reserved=none t=14919135 id=30
[SMRTK] SMRTK_DUMP Ramparrive=281679,163942,10800@7200 Rampdepart=281179,163654,10800@18000 Spawn=281100,164943,10800@18000 Stop=281100,164943,10800@7200 Trackconnector=282000,162808,10800@1800 leg=hub3b_line line=6 reserved=none t=14919135 id=30
[mod] [SMRTK] SMRTK_DUMP arrival=false at_station=false command=GotoStation leg=hub3b_train pos=282250,169592,10800 station=StationSmall(2008) track=TrackBase(3621) train=Train(2000001571) visual=279743,165249,10800 visual_yaw=3600 yaw=3600 t=14919135 id=31
[SMRTK] SMRTK_DUMP arrival=false at_station=false command=GotoStation leg=hub3b_train pos=282250,169592,10800 station=StationSmall(2008) track=TrackBase(3621) train=Train(2000001571) visual=279743,165249,10800 visual_yaw=3600 yaw=3600 t=14919135 id=31
[mod] [SMRTK] SMRTK_DUMP arrival=false at_station=false command=GotoStation leg=hub3b_train pos=189250,200190,10800 station=StationSmall(2012) track=TrackBase(6272) train=Train(2000001573) visual=189363,200385,10800 visual_yaw=14400 yaw=14400 t=14919135 id=32
[SMRTK] SMRTK_DUMP arrival=false at_station=false command=GotoStation leg=hub3b_train pos=189250,200190,10800 station=StationSmall(2012) track=TrackBase(6272) train=Train(2000001573) visual=189363,200385,10800 visual_yaw=14400 yaw=14400 t=14919135 id=32
[mod] [SMRTK] SMRTK_DUMP arrival=1 at_station=true command=UnloadTrain leg=hub3b_train pos=198539,215033,10000 station=StationSmall(2012) track=TrackBase(6272) train=Train(2000001575) visual=198539,215033,10000 visual_yaw=3600 yaw=3600 t=14919135 id=33
[SMRTK] SMRTK_DUMP arrival=1 at_station=true command=UnloadTrain leg=hub3b_train pos=198539,215033,10000 station=StationSmall(2012) track=TrackBase(6272) train=Train(2000001575) visual=198539,215033,10000 visual_yaw=3600 yaw=3600 t=14919135 id=33
[mod] [SMRTK] SMRTK_DUMP arrival=2 at_station=true command=LoadTrain leg=hub3b_train pos=280600,167890,10800 station=SMROptInTrainHub6(6252) track=TrackBase(6272) train=Train(2000001576) visual=280600,167890,10800 visual_yaw=14400 yaw=14400 t=14919135 id=34
[SMRTK] SMRTK_DUMP arrival=2 at_station=true command=LoadTrain leg=hub3b_train pos=280600,167890,10800 station=SMROptInTrainHub6(6252) track=TrackBase(6272) train=Train(2000001576) visual=280600,167890,10800 visual_yaw=14400 yaw=14400 t=14919135 id=34
[mod] [SMRTK] SMRTK_MARK action=mark label=HUB3B_READ_END mark=45 status=OK t=14919135 id=35
[SMRTK] SMRTK_MARK action=mark label=HUB3B_READ_END mark=45 status=OK t=14919135 id=35
[mod] [SMRTK] SMRTK_FINGERPRINT action=fingerprint fix_pack_present=52/52 game=403908 mark_action=mark mods=SMR_CommunityFixPack,SMR_CommunityFixPackTestKit,SMR_CommunityOptInPack,SMR_TrainHubDev_20260918 pack_version=19 read="live registry" save="SpaceY Sol 21.savegame.sav" sol=21 status=OK t=14919135 id=36
[SMRTK] SMRTK_FINGERPRINT action=fingerprint fix_pack_present=52/52 game=403908 mark_action=mark mods=SMR_CommunityFixPack,SMR_CommunityFixPackTestKit,SMR_CommunityOptInPack,SMR_TrainHubDev_20260918 pack_version=19 read="live registry" save="SpaceY Sol 21.savegame.sav" sol=21 status=OK t=14919135 id=36
[mod] [SMRTK] SMRTK_ACTION action=slot_1 errors=0 hub=SMROptInTrainHub6(6252) park=1700 status=OK t=14919135 id=37
[SMRTK] SMRTK_ACTION action=slot_1 errors=0 hub=SMROptInTrainHub6(6252) park=1700 status=OK t=14919135 id=37
[mod] [SMRTK] SMRTK_MARK action=mark label=HUB3B_PARTS_BEGIN mark=48 status=OK t=14919135 id=38
[SMRTK] SMRTK_MARK action=mark label=HUB3B_PARTS_BEGIN mark=48 status=OK t=14919135 id=38
[mod] [SMRTK] SMRTK_FINGERPRINT action=fingerprint fix_pack_present=52/52 game=403908 mark_action=mark mods=SMR_CommunityFixPack,SMR_CommunityFixPackTestKit,SMR_CommunityOptInPack,SMR_TrainHubDev_20260918 pack_version=19 read="live registry" save="SpaceY Sol 21.savegame.sav" sol=21 status=OK t=14919135 id=39
[SMRTK] SMRTK_FINGERPRINT action=fingerprint fix_pack_present=52/52 game=403908 mark_action=mark mods=SMR_CommunityFixPack,SMR_CommunityFixPackTestKit,SMR_CommunityOptInPack,SMR_TrainHubDev_20260918 pack_version=19 read="live registry" save="SpaceY Sol 21.savegame.sav" sol=21 status=OK t=14919135 id=39
[mod] [SMRTK] SMRTK_DUMP bbox_max=2818,209,436 bbox_min=-1332,-207,4 entity=TrainCCP3 leg=train_part object=Train(2000001576) path=train pos=280600,167890,10800 scale=100 state=moveWalk visual=280600,167890,10800 yaw=14400 t=14919135 id=40
[SMRTK] SMRTK_DUMP bbox_max=2818,209,436 bbox_min=-1332,-207,4 entity=TrainCCP3 leg=train_part object=Train(2000001576) path=train pos=280600,167890,10800 scale=100 state=moveWalk visual=280600,167890,10800 yaw=14400 t=14919135 id=40
[mod] [SMRTK] SMRTK_DUMP bbox_max=45,46,123 bbox_min=-46,-46,-40 entity=PointLight leg=train_part object=NightLightSpotLight(5999775503) path=train/1 pos=280600,167890,10800 scale=100 state=idle visual=280275,167333,11195 yaw=14400 t=14919135 id=41
[SMRTK] SMRTK_DUMP bbox_max=45,46,123 bbox_min=-46,-46,-40 entity=PointLight leg=train_part object=NightLightSpotLight(5999775503) path=train/1 pos=280600,167890,10800 scale=100 state=idle visual=280275,167333,11195 yaw=14400 t=14919135 id=41
[mod] [SMRTK] SMRTK_DUMP bbox_max=45,46,123 bbox_min=-46,-46,-40 entity=PointLight leg=train_part object=NightLightSpotLight(6053708447) path=train/2 pos=280600,167890,10800 scale=100 state=idle visual=280133,167132,10774 yaw=14400 t=14919135 id=42
[SMRTK] SMRTK_DUMP bbox_max=45,46,123 bbox_min=-46,-46,-40 entity=PointLight leg=train_part object=NightLightSpotLight(6053708447) path=train/2 pos=280600,167890,10800 scale=100 state=idle visual=280133,167132,10774 yaw=14400 t=14919135 id=42
[mod] [SMRTK] SMRTK_DUMP bbox_max=49,50,100 bbox_min=-49,-50,0 entity=ResourceCheese leg=train_part object=ResourceStockpileBox(6022028743) path=train/3 pos=281316,167738,11002 scale=100 state=idle visual=280990,168354,11152 yaw=14400 t=14919135 id=43
[SMRTK] SMRTK_DUMP bbox_max=49,50,100 bbox_min=-49,-50,0 entity=ResourceCheese leg=train_part object=ResourceStockpileBox(6022028743) path=train/3 pos=281316,167738,11002 scale=100 state=idle visual=280990,168354,11152 yaw=14400 t=14919135 id=43
[mod] [SMRTK] SMRTK_DUMP bbox_max=49,50,100 bbox_min=-49,-50,0 entity=ResourceCheese leg=train_part object=ResourceStockpileBox(5656071965) path=train/4 pos=281259,167640,11002 scale=100 state=idle visual=280902,168405,11152 yaw=14400 t=14919135 id=44
[SMRTK] SMRTK_DUMP bbox_max=49,50,100 bbox_min=-49,-50,0 entity=ResourceCheese leg=train_part object=ResourceStockpileBox(5656071965) path=train/4 pos=281259,167640,11002 scale=100 state=idle visual=280902,168405,11152 yaw=14400 t=14919135 id=44
[mod] [SMRTK] SMRTK_DUMP bbox_max=49,50,100 bbox_min=-49,-50,0 entity=ResourceCheese leg=train_part object=ResourceStockpileBox(5475063981) path=train/5 pos=281203,167542,11002 scale=100 state=idle visual=280813,168456,11152 yaw=14400 t=14919135 id=45
[SMRTK] SMRTK_DUMP bbox_max=49,50,100 bbox_min=-49,-50,0 entity=ResourceCheese leg=train_part object=ResourceStockpileBox(5475063981) path=train/5 pos=281203,167542,11002 scale=100 state=idle visual=280813,168456,11152 yaw=14400 t=14919135 id=45
						Lua 0:00:29:543
[mod] [SMRTK] SMRTK_DUMP bbox_max=47,48,114 bbox_min=-51,-49,0 entity=ResourceFuel leg=train_part object=ResourceStockpileBox(6006242911) path=train/6 pos=281215,167796,11002 scale=100 state=idle visual=281042,168444,11152 yaw=14400 t=14919135 id=46
[SMRTK] SMRTK_DUMP bbox_max=47,48,114 bbox_min=-51,-49,0 entity=ResourceFuel leg=train_part object=ResourceStockpileBox(6006242911) path=train/6 pos=281215,167796,11002 scale=100 state=idle visual=281042,168444,11152 yaw=14400 t=14919135 id=46
[mod] [SMRTK] SMRTK_DUMP bbox_max=47,48,114 bbox_min=-51,-49,0 entity=ResourceFuel leg=train_part object=ResourceStockpileBox(5818777371) path=train/7 pos=281159,167698,11002 scale=100 state=idle visual=280954,168495,11152 yaw=14400 t=14919135 id=47
[SMRTK] SMRTK_DUMP bbox_max=47,48,114 bbox_min=-51,-49,0 entity=ResourceFuel leg=train_part object=ResourceStockpileBox(5818777371) path=train/7 pos=281159,167698,11002 scale=100 state=idle visual=280954,168495,11152 yaw=14400 t=14919135 id=47
[mod] [SMRTK] SMRTK_DUMP bbox_max=47,48,114 bbox_min=-51,-49,0 entity=ResourceFuel leg=train_part object=ResourceStockpileBox(5503238834) path=train/8 pos=281102,167600,11002 scale=100 state=idle visual=280866,168546,11152 yaw=14400 t=14919135 id=48
[SMRTK] SMRTK_DUMP bbox_max=47,48,114 bbox_min=-51,-49,0 entity=ResourceFuel leg=train_part object=ResourceStockpileBox(5503238834) path=train/8 pos=281102,167600,11002 scale=100 state=idle visual=280866,168546,11152 yaw=14400 t=14919135 id=48
[mod] [SMRTK] SMRTK_DUMP bbox_max=47,48,114 bbox_min=-51,-49,0 entity=ResourceFuel leg=train_part object=ResourceStockpileBox(5328000498) path=train/9 pos=281115,167854,11002 scale=100 state=idle visual=281094,168535,11152 yaw=14400 t=14919135 id=49
[SMRTK] SMRTK_DUMP bbox_max=47,48,114 bbox_min=-51,-49,0 entity=ResourceFuel leg=train_part object=ResourceStockpileBox(5328000498) path=train/9 pos=281115,167854,11002 scale=100 state=idle visual=281094,168535,11152 yaw=14400 t=14919135 id=49
[mod] [SMRTK] SMRTK_DUMP bbox_max=47,48,114 bbox_min=-51,-49,0 entity=ResourceFuel leg=train_part object=ResourceStockpileBox(5348812938) path=train/10 pos=281058,167756,11002 scale=100 state=idle visual=281006,168586,11152 yaw=14400 t=14919135 id=50
[SMRTK] SMRTK_DUMP bbox_max=47,48,114 bbox_min=-51,-49,0 entity=ResourceFuel leg=train_part object=ResourceStockpileBox(5348812938) path=train/10 pos=281058,167756,11002 scale=100 state=idle visual=281006,168586,11152 yaw=14400 t=14919135 id=50
[mod] [SMRTK] SMRTK_DUMP bbox_max=47,48,114 bbox_min=-51,-49,0 entity=ResourceFuel leg=train_part object=ResourceStockpileBox(6143370010) path=train/11 pos=281002,167658,11002 scale=100 state=idle visual=280918,168637,11152 yaw=14400 t=14919135 id=51
[SMRTK] SMRTK_DUMP bbox_max=47,48,114 bbox_min=-51,-49,0 entity=ResourceFuel leg=train_part object=ResourceStockpileBox(6143370010) path=train/11 pos=281002,167658,11002 scale=100 state=idle visual=280918,168637,11152 yaw=14400 t=14919135 id=51
[mod] [SMRTK] SMRTK_DUMP bbox_max=47,48,114 bbox_min=-51,-49,0 entity=ResourceFuel leg=train_part object=ResourceStockpileBox(5525256013) path=train/12 pos=281014,167912,11002 scale=100 state=idle visual=281146,168625,11152 yaw=14400 t=14919135 id=52
[SMRTK] SMRTK_DUMP bbox_max=47,48,114 bbox_min=-51,-49,0 entity=ResourceFuel leg=train_part object=ResourceStockpileBox(5525256013) path=train/12 pos=281014,167912,11002 scale=100 state=idle visual=281146,168625,11152 yaw=14400 t=14919135 id=52
[mod] [SMRTK] SMRTK_DUMP bbox_max=47,48,114 bbox_min=-51,-49,0 entity=ResourceFuel leg=train_part object=ResourceStockpileBox(5860429359) path=train/13 pos=280958,167814,11002 scale=100 state=idle visual=281058,168676,11152 yaw=14400 t=14919135 id=53
[SMRTK] SMRTK_DUMP bbox_max=47,48,114 bbox_min=-51,-49,0 entity=ResourceFuel leg=train_part object=ResourceStockpileBox(5860429359) path=train/13 pos=280958,167814,11002 scale=100 state=idle visual=281058,168676,11152 yaw=14400 t=14919135 id=53
[mod] [SMRTK] SMRTK_DUMP bbox_max=47,48,114 bbox_min=-51,-49,0 entity=ResourceFuel leg=train_part object=ResourceStockpileBox(5687264392) path=train/14 pos=280901,167716,11002 scale=100 state=idle visual=280970,168727,11152 yaw=14400 t=14919135 id=54
[SMRTK] SMRTK_DUMP bbox_max=47,48,114 bbox_min=-51,-49,0 entity=ResourceFuel leg=train_part object=ResourceStockpileBox(5687264392) path=train/14 pos=280901,167716,11002 scale=100 state=idle visual=280970,168727,11152 yaw=14400 t=14919135 id=54
[mod] [SMRTK] SMRTK_DUMP bbox_max=47,48,114 bbox_min=-51,-49,0 entity=ResourceFuel leg=train_part object=ResourceStockpileBox(6004959204) path=train/15 pos=280914,167970,11002 scale=100 state=idle visual=281198,168716,11152 yaw=14400 t=14919135 id=55
[SMRTK] SMRTK_DUMP bbox_max=47,48,114 bbox_min=-51,-49,0 entity=ResourceFuel leg=train_part object=ResourceStockpileBox(6004959204) path=train/15 pos=280914,167970,11002 scale=100 state=idle visual=281198,168716,11152 yaw=14400 t=14919135 id=55
[mod] [SMRTK] SMRTK_DUMP bbox_max=47,48,114 bbox_min=-51,-49,0 entity=ResourceFuel leg=train_part object=ResourceStockpileBox(6130989452) path=train/16 pos=280857,167872,11002 scale=100 state=idle visual=281110,168767,11152 yaw=14400 t=14919135 id=56
[SMRTK] SMRTK_DUMP bbox_max=47,48,114 bbox_min=-51,-49,0 entity=ResourceFuel leg=train_part object=ResourceStockpileBox(6130989452) path=train/16 pos=280857,167872,11002 scale=100 state=idle visual=281110,168767,11152 yaw=14400 t=14919135 id=56
[mod] [SMRTK] SMRTK_DUMP bbox_max=47,48,114 bbox_min=-51,-49,0 entity=ResourceFuel leg=train_part object=ResourceStockpileBox(6107524330) path=train/17 pos=280801,167774,11002 scale=100 state=idle visual=281022,168817,11152 yaw=14400 t=14919135 id=57
[SMRTK] SMRTK_DUMP bbox_max=47,48,114 bbox_min=-51,-49,0 entity=ResourceFuel leg=train_part object=ResourceStockpileBox(6107524330) path=train/17 pos=280801,167774,11002 scale=100 state=idle visual=281022,168817,11152 yaw=14400 t=14919135 id=57
[mod] [SMRTK] SMRTK_DUMP bbox_max=47,48,114 bbox_min=-51,-49,0 entity=ResourceFuel leg=train_part object=ResourceStockpileBox(5810363853) path=train/18 pos=280813,168028,11002 scale=100 state=idle visual=281251,168806,11152 yaw=14400 t=14919135 id=58
[SMRTK] SMRTK_DUMP bbox_max=47,48,114 bbox_min=-51,-49,0 entity=ResourceFuel leg=train_part object=ResourceStockpileBox(5810363853) path=train/18 pos=280813,168028,11002 scale=100 state=idle visual=281251,168806,11152 yaw=14400 t=14919135 id=58
[mod] [SMRTK] SMRTK_DUMP bbox_max=47,48,114 bbox_min=-51,-49,0 entity=ResourceFuel leg=train_part object=ResourceStockpileBox(5521088843) path=train/19 pos=280757,167930,11002 scale=100 state=idle visual=281162,168857,11152 yaw=14400 t=14919135 id=59
[SMRTK] SMRTK_DUMP bbox_max=47,48,114 bbox_min=-51,-49,0 entity=ResourceFuel leg=train_part object=ResourceStockpileBox(5521088843) path=train/19 pos=280757,167930,11002 scale=100 state=idle visual=281162,168857,11152 yaw=14400 t=14919135 id=59
[mod] [SMRTK] SMRTK_DUMP bbox_max=49,51,100 bbox_min=-49,-49,0 entity=ResourceCoffe leg=train_part object=ResourceStockpileBox(5654493518) path=train/20 pos=280700,167832,11002 scale=100 state=idle visual=281074,168908,11152 yaw=14400 t=14919135 id=60
[SMRTK] SMRTK_DUMP bbox_max=49,51,100 bbox_min=-49,-49,0 entity=ResourceCoffe leg=train_part object=ResourceStockpileBox(5654493518) path=train/20 pos=280700,167832,11002 scale=100 state=idle visual=281074,168908,11152 yaw=14400 t=14919135 id=60
[mod] [SMRTK] SMRTK_DUMP bbox_max=49,51,100 bbox_min=-49,-49,0 entity=ResourceCoffe leg=train_part object=ResourceStockpileBox(5444518419) path=train/21 pos=280713,168086,11002 scale=100 state=idle visual=281303,168897,11152 yaw=14400 t=14919135 id=61
[SMRTK] SMRTK_DUMP bbox_max=49,51,100 bbox_min=-49,-49,0 entity=ResourceCoffe leg=train_part object=ResourceStockpileBox(5444518419) path=train/21 pos=280713,168086,11002 scale=100 state=idle visual=281303,168897,11152 yaw=14400 t=14919135 id=61
[mod] [SMRTK] SMRTK_DUMP bbox_max=49,51,100 bbox_min=-49,-49,0 entity=ResourceCoffe leg=train_part object=ResourceStockpileBox(5417979958) path=train/22 pos=280657,167988,11002 scale=100 state=idle visual=281215,168947,11152 yaw=14400 t=14919135 id=62
[SMRTK] SMRTK_DUMP bbox_max=49,51,100 bbox_min=-49,-49,0 entity=ResourceCoffe leg=train_part object=ResourceStockpileBox(5417979958) path=train/22 pos=280657,167988,11002 scale=100 state=idle visual=281215,168947,11152 yaw=14400 t=14919135 id=62
[mod] [SMRTK] SMRTK_DUMP bbox_max=49,51,100 bbox_min=-49,-49,0 entity=ResourceCoffe leg=train_part object=ResourceStockpileBox(5725791430) path=train/23 pos=280600,167890,11002 scale=100 state=idle visual=281127,168998,11152 yaw=14400 t=14919135 id=63
[SMRTK] SMRTK_DUMP bbox_max=49,51,100 bbox_min=-49,-49,0 entity=ResourceCoffe leg=train_part object=ResourceStockpileBox(5725791430) path=train/23 pos=280600,167890,11002 scale=100 state=idle visual=281127,168998,11152 yaw=14400 t=14919135 id=63
[mod] [SMRTK] SMRTK_DUMP bbox_max=49,51,100 bbox_min=-49,-49,0 entity=ResourceCoffe leg=train_part object=ResourceStockpileBox(5553452234) path=train/24 pos=281316,167738,10901 scale=100 state=idle visual=280990,168354,11061 yaw=14400 t=14919135 id=64
[SMRTK] SMRTK_DUMP bbox_max=49,51,100 bbox_min=-49,-49,0 entity=ResourceCoffe leg=train_part object=ResourceStockpileBox(5553452234) path=train/24 pos=281316,167738,10901 scale=100 state=idle visual=280990,168354,11061 yaw=14400 t=14919135 id=64
[mod] [SMRTK] SMRTK_DUMP bbox_max=49,51,100 bbox_min=-49,-49,0 entity=ResourceCoffe leg=train_part object=ResourceStockpileBox(6090375769) path=train/25 pos=281259,167640,10901 scale=100 state=idle visual=280902,168405,11061 yaw=14400 t=14919135 id=65
[SMRTK] SMRTK_DUMP bbox_max=49,51,100 bbox_min=-49,-49,0 entity=ResourceCoffe leg=train_part object=ResourceStockpileBox(6090375769) path=train/25 pos=281259,167640,10901 scale=100 state=idle visual=280902,168405,11061 yaw=14400 t=14919135 id=65
[mod] [SMRTK] SMRTK_DUMP bbox_max=49,51,100 bbox_min=-49,-49,0 entity=ResourceCoffe leg=train_part object=ResourceStockpileBox(5665613763) path=train/26 pos=281203,167542,10901 scale=100 state=idle visual=280814,168456,11061 yaw=14400 t=14919135 id=66
[SMRTK] SMRTK_DUMP bbox_max=49,51,100 bbox_min=-49,-49,0 entity=ResourceCoffe leg=train_part object=ResourceStockpileBox(5665613763) path=train/26 pos=281203,167542,10901 scale=100 state=idle visual=280814,168456,11061 yaw=14400 t=14919135 id=66
[mod] [SMRTK] SMRTK_DUMP bbox_max=49,51,100 bbox_min=-49,-49,0 entity=ResourceCoffe leg=train_part object=ResourceStockpileBox(5708642586) path=train/27 pos=281215,167796,10901 scale=100 state=idle visual=281042,168444,11061 yaw=14400 t=14919135 id=67
[SMRTK] SMRTK_DUMP bbox_max=49,51,100 bbox_min=-49,-49,0 entity=ResourceCoffe leg=train_part object=ResourceStockpileBox(5708642586) path=train/27 pos=281215,167796,10901 scale=100 state=idle visual=281042,168444,11061 yaw=14400 t=14919135 id=67
[mod] [SMRTK] SMRTK_DUMP bbox_max=49,51,100 bbox_min=-49,-49,0 entity=ResourceCoffe leg=train_part object=ResourceStockpileBox(5801920214) path=train/28 pos=281159,167698,10901 scale=100 state=idle visual=280954,168495,11061 yaw=14400 t=14919135 id=68
[SMRTK] SMRTK_DUMP bbox_max=49,51,100 bbox_min=-49,-49,0 entity=ResourceCoffe leg=train_part object=ResourceStockpileBox(5801920214) path=train/28 pos=281159,167698,10901 scale=100 state=idle visual=280954,168495,11061 yaw=14400 t=14919135 id=68
						Lua 0:00:29:544
[mod] [SMRTK] SMRTK_DUMP bbox_max=49,51,100 bbox_min=-49,-49,0 entity=ResourceCoffe leg=train_part object=ResourceStockpileBox(5749095783) path=train/29 pos=281102,167600,10901 scale=100 state=idle visual=280866,168546,11061 yaw=14400 t=14919135 id=69
[SMRTK] SMRTK_DUMP bbox_max=49,51,100 bbox_min=-49,-49,0 entity=ResourceCoffe leg=train_part object=ResourceStockpileBox(5749095783) path=train/29 pos=281102,167600,10901 scale=100 state=idle visual=280866,168546,11061 yaw=14400 t=14919135 id=69
[mod] [SMRTK] SMRTK_DUMP bbox_max=49,51,100 bbox_min=-49,-49,0 entity=ResourceCoffe leg=train_part object=ResourceStockpileBox(5596742023) path=train/30 pos=281115,167854,10901 scale=100 state=idle visual=281094,168535,11061 yaw=14400 t=14919135 id=70
[SMRTK] SMRTK_DUMP bbox_max=49,51,100 bbox_min=-49,-49,0 entity=ResourceCoffe leg=train_part object=ResourceStockpileBox(5596742023) path=train/30 pos=281115,167854,10901 scale=100 state=idle visual=281094,168535,11061 yaw=14400 t=14919135 id=70
[mod] [SMRTK] SMRTK_DUMP bbox_max=49,51,100 bbox_min=-49,-49,0 entity=ResourceCoffe leg=train_part object=ResourceStockpileBox(5821163920) path=train/31 pos=281058,167756,10901 scale=100 state=idle visual=281006,168586,11061 yaw=14400 t=14919135 id=71
[SMRTK] SMRTK_DUMP bbox_max=49,51,100 bbox_min=-49,-49,0 entity=ResourceCoffe leg=train_part object=ResourceStockpileBox(5821163920) path=train/31 pos=281058,167756,10901 scale=100 state=idle visual=281006,168586,11061 yaw=14400 t=14919135 id=71
[mod] [SMRTK] SMRTK_DUMP bbox_max=49,51,100 bbox_min=-49,-49,0 entity=ResourceCoffe leg=train_part object=ResourceStockpileBox(6009216656) path=train/32 pos=281002,167658,10901 scale=100 state=idle visual=280918,168636,11061 yaw=14400 t=14919135 id=72
[SMRTK] SMRTK_DUMP bbox_max=49,51,100 bbox_min=-49,-49,0 entity=ResourceCoffe leg=train_part object=ResourceStockpileBox(6009216656) path=train/32 pos=281002,167658,10901 scale=100 state=idle visual=280918,168636,11061 yaw=14400 t=14919135 id=72
[mod] [SMRTK] SMRTK_DUMP bbox_max=49,51,100 bbox_min=-49,-49,0 entity=ResourceCoffe leg=train_part object=ResourceStockpileBox(5919339204) path=train/33 pos=281014,167912,10901 scale=100 state=idle visual=281146,168625,11061 yaw=14400 t=14919135 id=73
[SMRTK] SMRTK_DUMP bbox_max=49,51,100 bbox_min=-49,-49,0 entity=ResourceCoffe leg=train_part object=ResourceStockpileBox(5919339204) path=train/33 pos=281014,167912,10901 scale=100 state=idle visual=281146,168625,11061 yaw=14400 t=14919135 id=73
[mod] [SMRTK] SMRTK_DUMP bbox_max=49,49,102 bbox_min=-49,-49,1 entity=ResourceMeat leg=train_part object=ResourceStockpileBox(5772027199) path=train/34 pos=280958,167814,10901 scale=100 state=idle visual=281058,168676,11061 yaw=14400 t=14919135 id=74
[SMRTK] SMRTK_DUMP bbox_max=49,49,102 bbox_min=-49,-49,1 entity=ResourceMeat leg=train_part object=ResourceStockpileBox(5772027199) path=train/34 pos=280958,167814,10901 scale=100 state=idle visual=281058,168676,11061 yaw=14400 t=14919135 id=74
[mod] [SMRTK] SMRTK_DUMP bbox_max=49,49,102 bbox_min=-49,-49,1 entity=ResourceMeat leg=train_part object=ResourceStockpileBox(5300549017) path=train/35 pos=280901,167716,10901 scale=100 state=idle visual=280970,168727,11061 yaw=14400 t=14919135 id=75
[SMRTK] SMRTK_DUMP bbox_max=49,49,102 bbox_min=-49,-49,1 entity=ResourceMeat leg=train_part object=ResourceStockpileBox(5300549017) path=train/35 pos=280901,167716,10901 scale=100 state=idle visual=280970,168727,11061 yaw=14400 t=14919135 id=75
[mod] [SMRTK] SMRTK_DUMP bbox_max=49,49,102 bbox_min=-49,-49,1 entity=ResourceMeat leg=train_part object=ResourceStockpileBox(5673620031) path=train/36 pos=280914,167970,10901 scale=100 state=idle visual=281198,168716,11061 yaw=14400 t=14919135 id=76
[SMRTK] SMRTK_DUMP bbox_max=49,49,102 bbox_min=-49,-49,1 entity=ResourceMeat leg=train_part object=ResourceStockpileBox(5673620031) path=train/36 pos=280914,167970,10901 scale=100 state=idle visual=281198,168716,11061 yaw=14400 t=14919135 id=76
[mod] [SMRTK] SMRTK_DUMP bbox_max=49,49,102 bbox_min=-49,-49,1 entity=ResourceMeat leg=train_part object=ResourceStockpileBox(5894904835) path=train/37 pos=280857,167872,10901 scale=100 state=idle visual=281110,168767,11061 yaw=14400 t=14919135 id=77
[SMRTK] SMRTK_DUMP bbox_max=49,49,102 bbox_min=-49,-49,1 entity=ResourceMeat leg=train_part object=ResourceStockpileBox(5894904835) path=train/37 pos=280857,167872,10901 scale=100 state=idle visual=281110,168767,11061 yaw=14400 t=14919135 id=77
[mod] [SMRTK] SMRTK_DUMP bbox_max=49,49,102 bbox_min=-49,-49,1 entity=ResourceMeat leg=train_part object=ResourceStockpileBox(5819671843) path=train/38 pos=280801,167774,10901 scale=100 state=idle visual=281022,168817,11061 yaw=14400 t=14919135 id=78
[SMRTK] SMRTK_DUMP bbox_max=49,49,102 bbox_min=-49,-49,1 entity=ResourceMeat leg=train_part object=ResourceStockpileBox(5819671843) path=train/38 pos=280801,167774,10901 scale=100 state=idle visual=281022,168817,11061 yaw=14400 t=14919135 id=78
[mod] [SMRTK] SMRTK_DUMP bbox_max=49,49,102 bbox_min=-49,-49,1 entity=ResourceMeat leg=train_part object=ResourceStockpileBox(5885205594) path=train/39 pos=280813,168028,10901 scale=100 state=idle visual=281251,168806,11061 yaw=14400 t=14919135 id=79
[SMRTK] SMRTK_DUMP bbox_max=49,49,102 bbox_min=-49,-49,1 entity=ResourceMeat leg=train_part object=ResourceStockpileBox(5885205594) path=train/39 pos=280813,168028,10901 scale=100 state=idle visual=281251,168806,11061 yaw=14400 t=14919135 id=79
[mod] [SMRTK] SMRTK_DUMP bbox_max=49,49,102 bbox_min=-49,-49,1 entity=ResourceMeat leg=train_part object=ResourceStockpileBox(5505838280) path=train/40 pos=280757,167930,10901 scale=100 state=idle visual=281162,168857,11061 yaw=14400 t=14919135 id=80
[SMRTK] SMRTK_DUMP bbox_max=49,49,102 bbox_min=-49,-49,1 entity=ResourceMeat leg=train_part object=ResourceStockpileBox(5505838280) path=train/40 pos=280757,167930,10901 scale=100 state=idle visual=281162,168857,11061 yaw=14400 t=14919135 id=80
[mod] [SMRTK] SMRTK_DUMP bbox_max=49,49,102 bbox_min=-49,-49,1 entity=ResourceMeat leg=train_part object=ResourceStockpileBox(6025709891) path=train/41 pos=280700,167832,10901 scale=100 state=idle visual=281074,168908,11061 yaw=14400 t=14919135 id=81
[SMRTK] SMRTK_DUMP bbox_max=49,49,102 bbox_min=-49,-49,1 entity=ResourceMeat leg=train_part object=ResourceStockpileBox(6025709891) path=train/41 pos=280700,167832,10901 scale=100 state=idle visual=281074,168908,11061 yaw=14400 t=14919135 id=81
[mod] [SMRTK] SMRTK_DUMP bbox_max=49,49,102 bbox_min=-49,-49,1 entity=ResourceMeat leg=train_part object=ResourceStockpileBox(5586126274) path=train/42 pos=280713,168086,10901 scale=100 state=idle visual=281303,168897,11061 yaw=14400 t=14919135 id=82
[SMRTK] SMRTK_DUMP bbox_max=49,49,102 bbox_min=-49,-49,1 entity=ResourceMeat leg=train_part object=ResourceStockpileBox(5586126274) path=train/42 pos=280713,168086,10901 scale=100 state=idle visual=281303,168897,11061 yaw=14400 t=14919135 id=82
[mod] [SMRTK] SMRTK_DUMP bbox_max=49,49,102 bbox_min=-49,-49,1 entity=ResourceMeat leg=train_part object=ResourceStockpileBox(5806704068) path=train/43 pos=280657,167988,10901 scale=100 state=idle visual=281215,168947,11061 yaw=14400 t=14919135 id=83
[SMRTK] SMRTK_DUMP bbox_max=49,49,102 bbox_min=-49,-49,1 entity=ResourceMeat leg=train_part object=ResourceStockpileBox(5806704068) path=train/43 pos=280657,167988,10901 scale=100 state=idle visual=281215,168947,11061 yaw=14400 t=14919135 id=83
[mod] [SMRTK] SMRTK_DUMP bbox_max=49,49,102 bbox_min=-49,-49,1 entity=ResourceMeat leg=train_part object=ResourceStockpileBox(6055680494) path=train/44 pos=280600,167890,10901 scale=100 state=idle visual=281127,168998,11061 yaw=14400 t=14919135 id=84
[SMRTK] SMRTK_DUMP bbox_max=49,49,102 bbox_min=-49,-49,1 entity=ResourceMeat leg=train_part object=ResourceStockpileBox(6055680494) path=train/44 pos=280600,167890,10901 scale=100 state=idle visual=281127,168998,11061 yaw=14400 t=14919135 id=84
[mod] [SMRTK] SMRTK_DUMP bbox_max=49,49,102 bbox_min=-49,-49,1 entity=ResourceMeat leg=train_part object=ResourceStockpileBox(5584535705) path=train/45 pos=281316,167738,10800 scale=100 state=idle visual=280990,168354,10970 yaw=14400 t=14919135 id=85
[SMRTK] SMRTK_DUMP bbox_max=49,49,102 bbox_min=-49,-49,1 entity=ResourceMeat leg=train_part object=ResourceStockpileBox(5584535705) path=train/45 pos=281316,167738,10800 scale=100 state=idle visual=280990,168354,10970 yaw=14400 t=14919135 id=85
[mod] [SMRTK] SMRTK_DUMP bbox_max=49,49,102 bbox_min=-49,-49,1 entity=ResourceMeat leg=train_part object=ResourceStockpileBox(5839237337) path=train/46 pos=281259,167640,10800 scale=100 state=idle visual=280902,168405,10970 yaw=14400 t=14919135 id=86
[SMRTK] SMRTK_DUMP bbox_max=49,49,102 bbox_min=-49,-49,1 entity=ResourceMeat leg=train_part object=ResourceStockpileBox(5839237337) path=train/46 pos=281259,167640,10800 scale=100 state=idle visual=280902,168405,10970 yaw=14400 t=14919135 id=86
[mod] [SMRTK] SMRTK_DUMP bbox_max=49,49,102 bbox_min=-49,-49,1 entity=ResourceMeat leg=train_part object=ResourceStockpileBox(5895137628) path=train/47 pos=281203,167542,10800 scale=100 state=idle visual=280814,168456,10970 yaw=14400 t=14919135 id=87
[SMRTK] SMRTK_DUMP bbox_max=49,49,102 bbox_min=-49,-49,1 entity=ResourceMeat leg=train_part object=ResourceStockpileBox(5895137628) path=train/47 pos=281203,167542,10800 scale=100 state=idle visual=280814,168456,10970 yaw=14400 t=14919135 id=87
[mod] [SMRTK] SMRTK_DUMP bbox_max=49,49,102 bbox_min=-49,-49,1 entity=ResourceMeat leg=train_part object=ResourceStockpileBox(5501833635) path=train/48 pos=281215,167796,10800 scale=100 state=idle visual=281042,168444,10970 yaw=14400 t=14919135 id=88
[SMRTK] SMRTK_DUMP bbox_max=49,49,102 bbox_min=-49,-49,1 entity=ResourceMeat leg=train_part object=ResourceStockpileBox(5501833635) path=train/48 pos=281215,167796,10800 scale=100 state=idle visual=281042,168444,10970 yaw=14400 t=14919135 id=88
[mod] [SMRTK] SMRTK_DUMP bbox_max=49,49,102 bbox_min=-49,-49,1 entity=ResourceMeat leg=train_part object=ResourceStockpileBox(6091213841) path=train/49 pos=281159,167698,10800 scale=100 state=idle visual=280954,168495,10970 yaw=14400 t=14919135 id=89
[SMRTK] SMRTK_DUMP bbox_max=49,49,102 bbox_min=-49,-49,1 entity=ResourceMeat leg=train_part object=ResourceStockpileBox(6091213841) path=train/49 pos=281159,167698,10800 scale=100 state=idle visual=280954,168495,10970 yaw=14400 t=14919135 id=89
[mod] [SMRTK] SMRTK_DUMP bbox_max=47,51,100 bbox_min=-53,-50,3 entity=ResourceMachineParts leg=train_part object=ResourceStockpileBox(6052591975) path=train/50 pos=281102,167600,10800 scale=100 state=idle visual=280866,168546,10970 yaw=14400 t=14919135 id=90
[SMRTK] SMRTK_DUMP bbox_max=47,51,100 bbox_min=-53,-50,3 entity=ResourceMachineParts leg=train_part object=ResourceStockpileBox(6052591975) path=train/50 pos=281102,167600,10800 scale=100 state=idle visual=280866,168546,10970 yaw=14400 t=14919135 id=90
[mod] [SMRTK] SMRTK_DUMP bbox_max=47,51,100 bbox_min=-53,-50,3 entity=ResourceMachineParts leg=train_part object=ResourceStockpileBox(5803675911) path=train/51 pos=281115,167854,10800 scale=100 state=idle visual=281094,168535,10970 yaw=14400 t=14919135 id=91
[SMRTK] SMRTK_DUMP bbox_max=47,51,100 bbox_min=-53,-50,3 entity=ResourceMachineParts leg=train_part object=ResourceStockpileBox(5803675911) path=train/51 pos=281115,167854,10800 scale=100 state=idle visual=281094,168535,10970 yaw=14400 t=14919135 id=91
[mod] [SMRTK] SMRTK_DUMP bbox_max=47,51,100 bbox_min=-53,-50,3 entity=ResourceMachineParts leg=train_part object=ResourceStockpileBox(5816447252) path=train/52 pos=281058,167756,10800 scale=100 state=idle visual=281006,168586,10970 yaw=14400 t=14919135 id=92
[SMRTK] SMRTK_DUMP bbox_max=47,51,100 bbox_min=-53,-50,3 entity=ResourceMachineParts leg=train_part object=ResourceStockpileBox(5816447252) path=train/52 pos=281058,167756,10800 scale=100 state=idle visual=281006,168586,10970 yaw=14400 t=14919135 id=92
						Lua 0:00:29:545
[mod] [SMRTK] SMRTK_DUMP bbox_max=47,51,100 bbox_min=-53,-50,3 entity=ResourceMachineParts leg=train_part object=ResourceStockpileBox(5451449773) path=train/53 pos=281002,167658,10800 scale=100 state=idle visual=280918,168636,10970 yaw=14400 t=14919135 id=93
[SMRTK] SMRTK_DUMP bbox_max=47,51,100 bbox_min=-53,-50,3 entity=ResourceMachineParts leg=train_part object=ResourceStockpileBox(5451449773) path=train/53 pos=281002,167658,10800 scale=100 state=idle visual=280918,168636,10970 yaw=14400 t=14919135 id=93
[mod] [SMRTK] SMRTK_DUMP bbox_max=47,51,100 bbox_min=-53,-50,3 entity=ResourceMachineParts leg=train_part object=ResourceStockpileBox(5498908901) path=train/54 pos=281014,167912,10800 scale=100 state=idle visual=281146,168625,10970 yaw=14400 t=14919135 id=94
[SMRTK] SMRTK_DUMP bbox_max=47,51,100 bbox_min=-53,-50,3 entity=ResourceMachineParts leg=train_part object=ResourceStockpileBox(5498908901) path=train/54 pos=281014,167912,10800 scale=100 state=idle visual=281146,168625,10970 yaw=14400 t=14919135 id=94
[mod] [SMRTK] SMRTK_DUMP bbox_max=47,51,100 bbox_min=-53,-50,3 entity=ResourceMachineParts leg=train_part object=ResourceStockpileBox(5411991699) path=train/55 pos=280958,167814,10800 scale=100 state=idle visual=281058,168676,10970 yaw=14400 t=14919135 id=95
[SMRTK] SMRTK_DUMP bbox_max=47,51,100 bbox_min=-53,-50,3 entity=ResourceMachineParts leg=train_part object=ResourceStockpileBox(5411991699) path=train/55 pos=280958,167814,10800 scale=100 state=idle visual=281058,168676,10970 yaw=14400 t=14919135 id=95
[mod] [SMRTK] SMRTK_DUMP bbox_max=47,51,100 bbox_min=-53,-50,3 entity=ResourceMachineParts leg=train_part object=ResourceStockpileBox(6005956684) path=train/56 pos=280901,167716,10800 scale=100 state=idle visual=280970,168727,10970 yaw=14400 t=14919135 id=96
[SMRTK] SMRTK_DUMP bbox_max=47,51,100 bbox_min=-53,-50,3 entity=ResourceMachineParts leg=train_part object=ResourceStockpileBox(6005956684) path=train/56 pos=280901,167716,10800 scale=100 state=idle visual=280970,168727,10970 yaw=14400 t=14919135 id=96
[mod] [SMRTK] SMRTK_DUMP bbox_max=47,51,100 bbox_min=-53,-50,3 entity=ResourceMachineParts leg=train_part object=ResourceStockpileBox(5580580669) path=train/57 pos=280914,167970,10800 scale=100 state=idle visual=281198,168716,10970 yaw=14400 t=14919135 id=97
[SMRTK] SMRTK_DUMP bbox_max=47,51,100 bbox_min=-53,-50,3 entity=ResourceMachineParts leg=train_part object=ResourceStockpileBox(5580580669) path=train/57 pos=280914,167970,10800 scale=100 state=idle visual=281198,168716,10970 yaw=14400 t=14919135 id=97
[mod] [SMRTK] SMRTK_DUMP bbox_max=47,51,100 bbox_min=-53,-50,3 entity=ResourceMachineParts leg=train_part object=ResourceStockpileBox(5973962601) path=train/58 pos=280857,167872,10800 scale=100 state=idle visual=281110,168766,10970 yaw=14400 t=14919135 id=98
[SMRTK] SMRTK_DUMP bbox_max=47,51,100 bbox_min=-53,-50,3 entity=ResourceMachineParts leg=train_part object=ResourceStockpileBox(5973962601) path=train/58 pos=280857,167872,10800 scale=100 state=idle visual=281110,168766,10970 yaw=14400 t=14919135 id=98
[mod] [SMRTK] SMRTK_DUMP bbox_max=47,51,100 bbox_min=-53,-50,3 entity=ResourceMachineParts leg=train_part object=ResourceStockpileBox(5319362219) path=train/59 pos=280801,167774,10800 scale=100 state=idle visual=281022,168817,10970 yaw=14400 t=14919135 id=99
[SMRTK] SMRTK_DUMP bbox_max=47,51,100 bbox_min=-53,-50,3 entity=ResourceMachineParts leg=train_part object=ResourceStockpileBox(5319362219) path=train/59 pos=280801,167774,10800 scale=100 state=idle visual=281022,168817,10970 yaw=14400 t=14919135 id=99
[mod] [SMRTK] SMRTK_DUMP bbox_max=47,51,100 bbox_min=-53,-50,3 entity=ResourceMachineParts leg=train_part object=ResourceStockpileBox(5879124315) path=train/60 pos=280813,168028,10800 scale=100 state=idle visual=281251,168806,10970 yaw=14400 t=14919135 id=100
[SMRTK] SMRTK_DUMP bbox_max=47,51,100 bbox_min=-53,-50,3 entity=ResourceMachineParts leg=train_part object=ResourceStockpileBox(5879124315) path=train/60 pos=280813,168028,10800 scale=100 state=idle visual=281251,168806,10970 yaw=14400 t=14919135 id=100
[mod] [SMRTK] SMRTK_DUMP bbox_max=47,51,100 bbox_min=-53,-50,3 entity=ResourceMachineParts leg=train_part object=ResourceStockpileBox(5357132298) path=train/61 pos=280757,167930,10800 scale=100 state=idle visual=281163,168857,10970 yaw=14400 t=14919135 id=101
[SMRTK] SMRTK_DUMP bbox_max=47,51,100 bbox_min=-53,-50,3 entity=ResourceMachineParts leg=train_part object=ResourceStockpileBox(5357132298) path=train/61 pos=280757,167930,10800 scale=100 state=idle visual=281163,168857,10970 yaw=14400 t=14919135 id=101
[mod] [SMRTK] SMRTK_DUMP bbox_max=47,51,100 bbox_min=-53,-50,3 entity=ResourceMachineParts leg=train_part object=ResourceStockpileBox(5935138420) path=train/62 pos=280700,167832,10800 scale=100 state=idle visual=281074,168908,10970 yaw=14400 t=14919135 id=102
[SMRTK] SMRTK_DUMP bbox_max=47,51,100 bbox_min=-53,-50,3 entity=ResourceMachineParts leg=train_part object=ResourceStockpileBox(5935138420) path=train/62 pos=280700,167832,10800 scale=100 state=idle visual=281074,168908,10970 yaw=14400 t=14919135 id=102
[mod] [SMRTK] SMRTK_DUMP bbox_max=47,51,100 bbox_min=-53,-50,3 entity=ResourceMachineParts leg=train_part object=ResourceStockpileBox(5540151126) path=train/63 pos=280713,168086,10800 scale=100 state=idle visual=281303,168897,10970 yaw=14400 t=14919135 id=103
[SMRTK] SMRTK_DUMP bbox_max=47,51,100 bbox_min=-53,-50,3 entity=ResourceMachineParts leg=train_part object=ResourceStockpileBox(5540151126) path=train/63 pos=280713,168086,10800 scale=100 state=idle visual=281303,168897,10970 yaw=14400 t=14919135 id=103
[mod] [SMRTK] SMRTK_DUMP bbox_max=47,51,100 bbox_min=-53,-50,3 entity=ResourceMachineParts leg=train_part object=ResourceStockpileBox(5525798385) path=train/64 pos=280657,167988,10800 scale=100 state=idle visual=281215,168947,10970 yaw=14400 t=14919135 id=104
[SMRTK] SMRTK_DUMP bbox_max=47,51,100 bbox_min=-53,-50,3 entity=ResourceMachineParts leg=train_part object=ResourceStockpileBox(5525798385) path=train/64 pos=280657,167988,10800 scale=100 state=idle visual=281215,168947,10970 yaw=14400 t=14919135 id=104
[mod] [SMRTK] SMRTK_DUMP bbox_max=47,51,100 bbox_min=-53,-50,3 entity=ResourceMachineParts leg=train_part object=ResourceStockpileBox(5581922021) path=train/65 pos=280600,167890,10800 scale=100 state=idle visual=281127,168998,10970 yaw=14400 t=14919135 id=105
[SMRTK] SMRTK_DUMP bbox_max=47,51,100 bbox_min=-53,-50,3 entity=ResourceMachineParts leg=train_part object=ResourceStockpileBox(5581922021) path=train/65 pos=280600,167890,10800 scale=100 state=idle visual=281127,168998,10970 yaw=14400 t=14919135 id=105
[mod] [SMRTK] SMRTK_MARK action=mark label=HUB3B_PARTS_END mark=116 status=OK t=14919135 id=106
[SMRTK] SMRTK_MARK action=mark label=HUB3B_PARTS_END mark=116 status=OK t=14919135 id=106
[mod] [SMRTK] SMRTK_FINGERPRINT action=fingerprint fix_pack_present=52/52 game=403908 mark_action=mark mods=SMR_CommunityFixPack,SMR_CommunityFixPackTestKit,SMR_CommunityOptInPack,SMR_TrainHubDev_20260918 pack_version=19 read="live registry" save="SpaceY Sol 21.savegame.sav" sol=21 status=OK t=14919135 id=107
[SMRTK] SMRTK_FINGERPRINT action=fingerprint fix_pack_present=52/52 game=403908 mark_action=mark mods=SMR_CommunityFixPack,SMR_CommunityFixPackTestKit,SMR_CommunityOptInPack,SMR_TrainHubDev_20260918 pack_version=19 read="live registry" save="SpaceY Sol 21.savegame.sav" sol=21 status=OK t=14919135 id=107
[mod] [SMRTK] SMRTK_ACTION action=slot_6 length_verdict="DISPUTED: compare visible train to hex grid" status=OK train=Train(2000001576) t=14919135 id=108
[SMRTK] SMRTK_ACTION action=slot_6 length_verdict="DISPUTED: compare visible train to hex grid" status=OK train=Train(2000001576) t=14919135 id=108
						Lua 0:00:31:696
[mod] [SMRTK] SMRTK_MARK action=screenshot_mark capture="native accepted" capture_id=0039 fallback=false label="Hub3b stage 2 old saved positions" mark=119 path=C:/Dev/SMR-ScreenCaptures/SMRTK_0039.png status=OK t=14919135 id=109
[SMRTK] SMRTK_MARK action=screenshot_mark capture="native accepted" capture_id=0039 fallback=false label="Hub3b stage 2 old saved positions" mark=119 path=C:/Dev/SMR-ScreenCaptures/SMRTK_0039.png status=OK t=14919135 id=109
[mod] [SMRTK] SMRTK_FINGERPRINT action=fingerprint fix_pack_present=52/52 game=403908 mark_action=screenshot_mark mods=SMR_CommunityFixPack,SMR_CommunityFixPackTestKit,SMR_CommunityOptInPack,SMR_TrainHubDev_20260918 pack_version=19 read="live registry" save="SpaceY Sol 21.savegame.sav" sol=21 status=OK t=14919135 id=110
[SMRTK] SMRTK_FINGERPRINT action=fingerprint fix_pack_present=52/52 game=403908 mark_action=screenshot_mark mods=SMR_CommunityFixPack,SMR_CommunityFixPackTestKit,SMR_CommunityOptInPack,SMR_TrainHubDev_20260918 pack_version=19 read="live registry" save="SpaceY Sol 21.savegame.sav" sol=21 status=OK t=14919135 id=110
[mod] [SMRTK] SMRTK_MARK action=mark label=HUB3B_TUNE_BEGIN mark=121 status=OK t=14919135 id=111
[SMRTK] SMRTK_MARK action=mark label=HUB3B_TUNE_BEGIN mark=121 status=OK t=14919135 id=111
[mod] [SMRTK] SMRTK_FINGERPRINT action=fingerprint fix_pack_present=52/52 game=403908 mark_action=mark mods=SMR_CommunityFixPack,SMR_CommunityFixPackTestKit,SMR_CommunityOptInPack,SMR_TrainHubDev_20260918 pack_version=19 read="live registry" save="SpaceY Sol 21.savegame.sav" sol=21 status=OK t=14919135 id=112
[SMRTK] SMRTK_FINGERPRINT action=fingerprint fix_pack_present=52/52 game=403908 mark_action=mark mods=SMR_CommunityFixPack,SMR_CommunityFixPackTestKit,SMR_CommunityOptInPack,SMR_TrainHubDev_20260918 pack_version=19 read="live registry" save="SpaceY Sol 21.savegame.sav" sol=21 status=OK t=14919135 id=112
						Lua 0:00:31:697
[mod] [SMRTK] SMRTK_DUMP leg=park_setup moved=1 mutation="reposition paused parked trains" new=1800 old=1700 t=14919135 id=113
[SMRTK] SMRTK_DUMP leg=park_setup moved=1 mutation="reposition paused parked trains" new=1800 old=1700 t=14919135 id=113
[mod] [SMRTK] SMRTK_MARK action=mark label=HUB3B_TUNE_END mark=124 status=OK t=14919135 id=114
[SMRTK] SMRTK_MARK action=mark label=HUB3B_TUNE_END mark=124 status=OK t=14919135 id=114
[mod] [SMRTK] SMRTK_FINGERPRINT action=fingerprint fix_pack_present=52/52 game=403908 mark_action=mark mods=SMR_CommunityFixPack,SMR_CommunityFixPackTestKit,SMR_CommunityOptInPack,SMR_TrainHubDev_20260918 pack_version=19 read="live registry" save="SpaceY Sol 21.savegame.sav" sol=21 status=OK t=14919135 id=115
[SMRTK] SMRTK_FINGERPRINT action=fingerprint fix_pack_present=52/52 game=403908 mark_action=mark mods=SMR_CommunityFixPack,SMR_CommunityFixPackTestKit,SMR_CommunityOptInPack,SMR_TrainHubDev_20260918 pack_version=19 read="live registry" save="SpaceY Sol 21.savegame.sav" sol=21 status=OK t=14919135 id=115
[mod] [SMRTK] SMRTK_ACTION action=slot_5 leg=park_setup moved=1 mutation="reposition paused parked trains" new=1800 old=1700 status=OK t=14919135 id=116
[SMRTK] SMRTK_ACTION action=slot_5 leg=park_setup moved=1 mutation="reposition paused parked trains" new=1800 old=1700 status=OK t=14919135 id=116
[mod] [HUB3BSMOKE] TUNE outward true nil
[mod] [SMRTK] SMRTK_MARK action=mark label=HUB3B_TUNE_BEGIN mark=127 status=OK t=14919135 id=117
[SMRTK] SMRTK_MARK action=mark label=HUB3B_TUNE_BEGIN mark=127 status=OK t=14919135 id=117
[mod] [SMRTK] SMRTK_FINGERPRINT action=fingerprint fix_pack_present=52/52 game=403908 mark_action=mark mods=SMR_CommunityFixPack,SMR_CommunityFixPackTestKit,SMR_CommunityOptInPack,SMR_TrainHubDev_20260918 pack_version=19 read="live registry" save="SpaceY Sol 21.savegame.sav" sol=21 status=OK t=14919135 id=118
[SMRTK] SMRTK_FINGERPRINT action=fingerprint fix_pack_present=52/52 game=403908 mark_action=mark mods=SMR_CommunityFixPack,SMR_CommunityFixPackTestKit,SMR_CommunityOptInPack,SMR_TrainHubDev_20260918 pack_version=19 read="live registry" save="SpaceY Sol 21.savegame.sav" sol=21 status=OK t=14919135 id=118
[mod] [SMRTK] SMRTK_DUMP leg=park_setup moved=1 mutation="reposition paused parked trains" new=1700 old=1800 t=14919135 id=119
[SMRTK] SMRTK_DUMP leg=park_setup moved=1 mutation="reposition paused parked trains" new=1700 old=1800 t=14919135 id=119
[mod] [SMRTK] SMRTK_MARK action=mark label=HUB3B_TUNE_END mark=130 status=OK t=14919135 id=120
[SMRTK] SMRTK_MARK action=mark label=HUB3B_TUNE_END mark=130 status=OK t=14919135 id=120
[mod] [SMRTK] SMRTK_FINGERPRINT action=fingerprint fix_pack_present=52/52 game=403908 mark_action=mark mods=SMR_CommunityFixPack,SMR_CommunityFixPackTestKit,SMR_CommunityOptInPack,SMR_TrainHubDev_20260918 pack_version=19 read="live registry" save="SpaceY Sol 21.savegame.sav" sol=21 status=OK t=14919135 id=121
[SMRTK] SMRTK_FINGERPRINT action=fingerprint fix_pack_present=52/52 game=403908 mark_action=mark mods=SMR_CommunityFixPack,SMR_CommunityFixPackTestKit,SMR_CommunityOptInPack,SMR_TrainHubDev_20260918 pack_version=19 read="live registry" save="SpaceY Sol 21.savegame.sav" sol=21 status=OK t=14919135 id=121
[mod] [SMRTK] SMRTK_ACTION action=slot_2 leg=park_setup moved=1 mutation="reposition paused parked trains" new=1700 old=1800 status=OK t=14919135 id=122
[SMRTK] SMRTK_ACTION action=slot_2 leg=park_setup moved=1 mutation="reposition paused parked trains" new=1700 old=1800 status=OK t=14919135 id=122
						Lua 0:00:33:879
[mod] [SMRTK] SMRTK_MARK action=screenshot_mark capture="native accepted" capture_id=0040 fallback=false label="Hub3b stage 2 17 m own-line parking with hex grid" mark=133 path=C:/Dev/SMR-ScreenCaptures/SMRTK_0040.png status=OK t=14919135 id=123
[SMRTK] SMRTK_MARK action=screenshot_mark capture="native accepted" capture_id=0040 fallback=false label="Hub3b stage 2 17 m own-line parking with hex grid" mark=133 path=C:/Dev/SMR-ScreenCaptures/SMRTK_0040.png status=OK t=14919135 id=123
[mod] [SMRTK] SMRTK_FINGERPRINT action=fingerprint fix_pack_present=52/52 game=403908 mark_action=screenshot_mark mods=SMR_CommunityFixPack,SMR_CommunityFixPackTestKit,SMR_CommunityOptInPack,SMR_TrainHubDev_20260918 pack_version=19 read="live registry" save="SpaceY Sol 21.savegame.sav" sol=21 status=OK t=14919135 id=124
[SMRTK] SMRTK_FINGERPRINT action=fingerprint fix_pack_present=52/52 game=403908 mark_action=screenshot_mark mods=SMR_CommunityFixPack,SMR_CommunityFixPackTestKit,SMR_CommunityOptInPack,SMR_TrainHubDev_20260918 pack_version=19 read="live registry" save="SpaceY Sol 21.savegame.sav" sol=21 status=OK t=14919135 id=124
[mod] [SMRTK] SMRTK_MARK action=mark label=HUB3B_DEPART_BEGIN mark=135 status=OK t=14919135 id=125
[SMRTK] SMRTK_MARK action=mark label=HUB3B_DEPART_BEGIN mark=135 status=OK t=14919135 id=125
[mod] [SMRTK] SMRTK_FINGERPRINT action=fingerprint fix_pack_present=52/52 game=403908 mark_action=mark mods=SMR_CommunityFixPack,SMR_CommunityFixPackTestKit,SMR_CommunityOptInPack,SMR_TrainHubDev_20260918 pack_version=19 read="live registry" save="SpaceY Sol 21.savegame.sav" sol=21 status=OK t=14919135 id=126
[SMRTK] SMRTK_FINGERPRINT action=fingerprint fix_pack_present=52/52 game=403908 mark_action=mark mods=SMR_CommunityFixPack,SMR_CommunityFixPackTestKit,SMR_CommunityOptInPack,SMR_TrainHubDev_20260918 pack_version=19 read="live registry" save="SpaceY Sol 21.savegame.sav" sol=21 status=OK t=14919135 id=126
[mod] [SMRTK] SMRTK_DUMP arrival=2 departure=5 destination=StationSmall(2011) kind=60 leg=departure_setup mutation="assign outgoing track and start vanilla GotoStation" stage=2 train=Train(2000001576) t=14919135 id=127
[SMRTK] SMRTK_DUMP arrival=2 departure=5 destination=StationSmall(2011) kind=60 leg=departure_setup mutation="assign outgoing track and start vanilla GotoStation" stage=2 train=Train(2000001576) t=14919135 id=127
[mod] [SMRTK] SMRTK_MARK action=mark label=HUB3B_DEPART_END mark=138 status=OK t=14919135 id=128
[SMRTK] SMRTK_MARK action=mark label=HUB3B_DEPART_END mark=138 status=OK t=14919135 id=128
[mod] [SMRTK] SMRTK_FINGERPRINT action=fingerprint fix_pack_present=52/52 game=403908 mark_action=mark mods=SMR_CommunityFixPack,SMR_CommunityFixPackTestKit,SMR_CommunityOptInPack,SMR_TrainHubDev_20260918 pack_version=19 read="live registry" save="SpaceY Sol 21.savegame.sav" sol=21 status=OK t=14919135 id=129
[SMRTK] SMRTK_FINGERPRINT action=fingerprint fix_pack_present=52/52 game=403908 mark_action=mark mods=SMR_CommunityFixPack,SMR_CommunityFixPackTestKit,SMR_CommunityOptInPack,SMR_TrainHubDev_20260918 pack_version=19 read="live registry" save="SpaceY Sol 21.savegame.sav" sol=21 status=OK t=14919135 id=129
[mod] [SMRTK] SMRTK_ACTION action=slot_3 arrival=2 departure=5 destination=StationSmall(2011) kind=60 leg=departure_setup mutation="assign outgoing track and start vanilla GotoStation" stage=2 status=OK train=Train(2000001576) t=14919135 id=130
[SMRTK] SMRTK_ACTION action=slot_3 arrival=2 departure=5 destination=StationSmall(2011) kind=60 leg=departure_setup mutation="assign outgoing track and start vanilla GotoStation" stage=2 status=OK train=Train(2000001576) t=14919135 id=130
[mod] [HUB3BSMOKE] DEPART started=true reason=nil
						Lua 0:00:33:885
[mod] [SMRTK] SMRTK_SECTION action=section_attach attached=true dialog=ipTrain object=Train(2000001576) status=OK t=14919135 id=131
						Lua 0:00:34:378
[mod] [HUB3BSMOKE] POSE turn 5 lock=false
[mod] [HUB3BSMOKE] TRAIN h=2000001571 hub=false at=false arrival=false cmd=GotoStation pos=(280864, 167191, 10800) yaw=3600 visual_yaw=3600
[mod] [HUB3BSMOKE] TRAIN h=2000001573 hub=false at=false arrival=false cmd=GotoStation pos=(188322, 198430, 10800) yaw=15372 visual_yaw=14924
[mod] [HUB3BSMOKE] TRAIN h=2000001575 hub=false at=true arrival=1 cmd=UnloadTrain pos=(198539, 215033, 10000) yaw=3600 visual_yaw=3600
[mod] [HUB3BSMOKE] TRAIN h=2000001576 hub=true at=false arrival=2 cmd=GotoStation pos=(280600, 167890, 10800) yaw=14400 visual_yaw=14400
						Lua 0:00:34:879
[mod] [HUB3BSMOKE] POSE turn 10 lock=false
[mod] [HUB3BSMOKE] TRAIN h=2000001571 hub=false at=false arrival=false cmd=GotoStation pos=(281991, 169144, 10800) yaw=3600 visual_yaw=3600
[mod] [HUB3BSMOKE] TRAIN h=2000001573 hub=false at=false arrival=false cmd=GotoStation pos=(189185, 196551, 10800) yaw=18000 visual_yaw=18000
[mod] [HUB3BSMOKE] TRAIN h=2000001575 hub=false at=true arrival=1 cmd=UnloadTrain pos=(198539, 215033, 10000) yaw=3600 visual_yaw=3600
[mod] [HUB3BSMOKE] TRAIN h=2000001576 hub=true at=false arrival=2 cmd=GotoStation pos=(280600, 167890, 10800) yaw=14400 visual_yaw=14400
						Lua 0:00:37:193
[mod] [SMRTK] SMRTK_MARK action=screenshot_mark capture="native accepted" capture_id=0041 fallback=false label="Hub3b stage 2 movement sample" mark=142 path=C:/Dev/SMR-ScreenCaptures/SMRTK_0041.png status=OK t=14920332 id=132
[SMRTK] SMRTK_MARK action=screenshot_mark capture="native accepted" capture_id=0041 fallback=false label="Hub3b stage 2 movement sample" mark=142 path=C:/Dev/SMR-ScreenCaptures/SMRTK_0041.png status=OK t=14920332 id=132
[mod] [SMRTK] SMRTK_FINGERPRINT action=fingerprint fix_pack_present=52/52 game=403908 mark_action=screenshot_mark mods=SMR_CommunityFixPack,SMR_CommunityFixPackTestKit,SMR_CommunityOptInPack,SMR_TrainHubDev_20260918 pack_version=19 read="live registry" save="SpaceY Sol 21.savegame.sav" sol=21 status=OK t=14920332 id=133
[SMRTK] SMRTK_FINGERPRINT action=fingerprint fix_pack_present=52/52 game=403908 mark_action=screenshot_mark mods=SMR_CommunityFixPack,SMR_CommunityFixPackTestKit,SMR_CommunityOptInPack,SMR_TrainHubDev_20260918 pack_version=19 read="live registry" save="SpaceY Sol 21.savegame.sav" sol=21 status=OK t=14920332 id=133
						Lua 0:00:39:293
[mod] [SMRTK] SMRTK_MARK action=screenshot_mark capture="native accepted" capture_id=0042 fallback=false label="Hub3b crossing before save" mark=144 path=C:/Dev/SMR-ScreenCaptures/SMRTK_0042.png status=OK t=14920332 id=134
[SMRTK] SMRTK_MARK action=screenshot_mark capture="native accepted" capture_id=0042 fallback=false label="Hub3b crossing before save" mark=144 path=C:/Dev/SMR-ScreenCaptures/SMRTK_0042.png status=OK t=14920332 id=134
[mod] [SMRTK] SMRTK_FINGERPRINT action=fingerprint fix_pack_present=52/52 game=403908 mark_action=screenshot_mark mods=SMR_CommunityFixPack,SMR_CommunityFixPackTestKit,SMR_CommunityOptInPack,SMR_TrainHubDev_20260918 pack_version=19 read="live registry" save="SpaceY Sol 21.savegame.sav" sol=21 status=OK t=14920332 id=135
[SMRTK] SMRTK_FINGERPRINT action=fingerprint fix_pack_present=52/52 game=403908 mark_action=screenshot_mark mods=SMR_CommunityFixPack,SMR_CommunityFixPackTestKit,SMR_CommunityOptInPack,SMR_TrainHubDev_20260918 pack_version=19 read="live registry" save="SpaceY Sol 21.savegame.sav" sol=21 status=OK t=14920332 id=135
						Lua 0:00:39:842
[mod] [HUB3BSMOKE] SAVED Hub3bSmoke_MID_1789892063.savegame.sav lock=2000001576
						Lua 0:00:39:952
Load Game: 
	lua_revision: 403908 (last saved with) 
	orig_lua_revision: 403908 (created with) 
	assets_revision: 33006 

	dlcs: norman, thomas 

	mods: SMR_CommunityOptInPack, SMR_CommunityFixPackTestKit, SMR_CommunityFixPack, SMR_TrainHubDev_20260918 
						Lua 0:00:39:953
[mod] [SMRTK] SMRTK_CONSOLE_ARM enabled=true hook=ChangeMap t=14920332 id=136
[SMRTK] SMRTK_CONSOLE_ARM enabled=true hook=ChangeMap t=14920332 id=136
						Lua 0:00:39:966
[mod] [SMRTK] SMRTK_CONSOLE_ARM enabled=true hook=ChangeMap t=14920332 id=137
[SMRTK] SMRTK_CONSOLE_ARM enabled=true hook=ChangeMap t=14920332 id=137
						Lua 0:00:40:830
[mod] [SMRTK] SMRTK_SHORTCUT console=false key=Ctrl-Shift-F11 t=0 id=138
						Lua 0:00:41:554
[mod] [SMRTK] SMRTK_CONSOLE_ARM enabled=true hook=PreLoadGame t=0 id=139
[SMRTK] SMRTK_CONSOLE_ARM enabled=true hook=PreLoadGame t=0 id=139
						Lua 0:00:43:650
[mod] [SMRTest] console enable requested (flag set, no overlay) — press Enter (or Alt-Shift-C) once in a colony
[SMRTest] console enable requested (flag set, no overlay) — press Enter (or Alt-Shift-C) once in a colony
						Lua 0:00:43:654
[mod] [CommunityFixPack] SilentHitMomentFX: restored 2 missing hit-moment tracker(s) on load
						Lua 0:00:43:678
game_settings:
    sponsor: SpaceY
    profile: politician
    founding_faction: UnitedColonistFront
    rival_colonies: paradox, NASA, Brazil
    mystery_random: 
    game_rules: (none)
more_game_settings: save_game_id: IsDKXg6Ddmz3wE5g, mystery: UnitedEarthMystery, coordinates: 15N179E, landing_spot: , logo: SpaceY
map_conditions: altitude: -3699, temperature: -43, cold_wave: 109, dust_devils: 39, dust_storm: 0, meteors: 37
map_resources: concrete: 243, metals: 147, precious_metals: 147, water: 147
						Lua 0:00:43:730
[mod] [CommunityFixPack] SaveSanitizer: F95 astrogeologist-residue pass removed 0 modifier(s), left 0 unidentified
Game Loaded in 3778 ms
[mod] [SMRTK] SMRTK_PROVENANCE actions=41 last=fingerprint last_id=135 present=true session=1789892041:3523465532:1483927292:2005462144 t=14920332 id=140
[SMRTK] SMRTK_PROVENANCE actions=41 last=fingerprint last_id=135 present=true session=1789892041:3523465532:1483927292:2005462144 t=14920332 id=140
						Lua 0:00:43:740
[mod] [SMRTK] SMRTK_SHORTCUT console=true key=Ctrl-Shift-F11 t=14920332 id=141
						Lua 0:00:43:756
[mod] [SMRTK] SMRTK_SECTION action=section_attach attached=true dialog=ipTrain object=Train(2000001576) status=OK t=14920332 id=142
						Lua 0:00:43:760
[mod] [SMRTK] SMRTK_DOCK action=dock_attach attached=true route="idBottom sibling" status=OK surface=one-toggle+tasks t=14920332 id=143
						Lua 0:00:43:763
[mod] [SMRTest] console enable requested (flag set, no overlay) — press Enter (or Alt-Shift-C) once in a colony
[SMRTest] console enable requested (flag set, no overlay) — press Enter (or Alt-Shift-C) once in a colony
						Lua 0:00:43:885
[mod] [SMRTK] SMRTK_SHORTCUT console=true key=Ctrl-Shift-F11 t=14920332 id=144
						Lua 0:00:44:129
Game loaded on map BlankBig_01 in 4287 ms
[mod] [HUB3BSMOKE] RELOAD_LOCK_OK 2000001576
						Lua 0:00:44:427
[mod] [HUB3BSMOKE] POSE turn 15 lock=2000001576
[mod] [HUB3BSMOKE] TRAIN h=2000001571 hub=true at=false arrival=false cmd=GotoStation pos=(283120, 171099, 10800) yaw=3600 visual_yaw=3600
[mod] [HUB3BSMOKE] TRAIN h=2000001573 hub=false at=false arrival=false cmd=GotoStation pos=(190739, 195434, 10800) yaw=20918 visual_yaw=20879
[mod] [HUB3BSMOKE] TRAIN h=2000001575 hub=false at=true arrival=1 cmd=UnloadTrain pos=(198539, 215033, 10000) yaw=3600 visual_yaw=3600
[mod] [HUB3BSMOKE] TRAIN h=2000001576 hub=true at=false arrival=2 cmd=GotoStation pos=(280048, 166934, 10800) yaw=14400 visual_yaw=14400
						Lua 0:00:44:928
[mod] [HUB3BSMOKE] POSE turn 20 lock=2000001576
[mod] [HUB3BSMOKE] TRAIN h=2000001571 hub=true at=false arrival=false cmd=GotoStation pos=(284236, 173033, 10800) yaw=3600 visual_yaw=3600
[mod] [HUB3BSMOKE] TRAIN h=2000001573 hub=false at=false arrival=false cmd=GotoStation pos=(192955, 195427, 10800) yaw=0 visual_yaw=0
[mod] [HUB3BSMOKE] TRAIN h=2000001575 hub=false at=true arrival=1 cmd=UnloadTrain pos=(198539, 215033, 10000) yaw=3600 visual_yaw=3600
[mod] [HUB3BSMOKE] TRAIN h=2000001576 hub=true at=false arrival=2 cmd=GotoStation pos=(279999, 166850, 10800) yaw=7200 visual_yaw=11894
						Lua 0:00:45:427
[mod] [HUB3BSMOKE] POSE turn 25 lock=2000001576
[mod] [HUB3BSMOKE] TRAIN h=2000001571 hub=true at=false arrival=false cmd=GotoStation pos=(285363, 174983, 10800) yaw=3600 visual_yaw=3600
[mod] [HUB3BSMOKE] TRAIN h=2000001573 hub=false at=false arrival=false cmd=GotoStation pos=(195207, 195427, 10800) yaw=0 visual_yaw=0
[mod] [HUB3BSMOKE] TRAIN h=2000001575 hub=false at=true arrival=1 cmd=UnloadTrain pos=(198539, 215033, 10000) yaw=3600 visual_yaw=3600
[mod] [HUB3BSMOKE] TRAIN h=2000001576 hub=true at=false arrival=2 cmd=GotoStation pos=(279999, 166850, 10800) yaw=7200 visual_yaw=8294
						Lua 0:00:45:430
[mod] [SMRTest] console enable requested (flag set, no overlay) — press Enter (or Alt-Shift-C) once in a colony
[SMRTest] console enable requested (flag set, no overlay) — press Enter (or Alt-Shift-C) once in a colony
						Lua 0:00:45:440
[mod] [SMRTK] SMRTK_SHORTCUT console=true key=Ctrl-Shift-F11 t=14921634 id=145
						Lua 0:00:45:928
[mod] [HUB3BSMOKE] POSE turn 30 lock=2000001576
[mod] [HUB3BSMOKE] TRAIN h=2000001571 hub=true at=false arrival=false cmd=GotoStation pos=(286489, 176934, 10800) yaw=3600 visual_yaw=3600
[mod] [HUB3BSMOKE] TRAIN h=2000001573 hub=false at=false arrival=false cmd=GotoStation pos=(197459, 195427, 10800) yaw=0 visual_yaw=0
[mod] [HUB3BSMOKE] TRAIN h=2000001575 hub=false at=true arrival=1 cmd=LoadTrain pos=(198539, 215033, 10000) yaw=3600 visual_yaw=3600
[mod] [HUB3BSMOKE] TRAIN h=2000001576 hub=true at=false arrival=2 cmd=GotoStation pos=(279344, 167984, 10800) yaw=7200 visual_yaw=7200
						Lua 0:00:46:427
[mod] [HUB3BSMOKE] POSE turn 35 lock=2000001576
[mod] [HUB3BSMOKE] TRAIN h=2000001571 hub=true at=false arrival=false cmd=GotoStation pos=(287610, 178876, 10800) yaw=3600 visual_yaw=3600
[mod] [HUB3BSMOKE] TRAIN h=2000001573 hub=false at=false arrival=false cmd=GotoStation pos=(199703, 195427, 10800) yaw=0 visual_yaw=0
[mod] [HUB3BSMOKE] TRAIN h=2000001575 hub=false at=true arrival=1 cmd=LoadTrain pos=(198539, 215033, 10000) yaw=3600 visual_yaw=3600
[mod] [HUB3BSMOKE] TRAIN h=2000001576 hub=true at=false arrival=2 cmd=GotoStation pos=(278855, 168832, 10800) yaw=7200 visual_yaw=7200
						Lua 0:00:46:927
[mod] [HUB3BSMOKE] POSE turn 40 lock=2000001576
[mod] [HUB3BSMOKE] TRAIN h=2000001571 hub=true at=false arrival=false cmd=GotoStation pos=(288741, 180834, 10800) yaw=3600 visual_yaw=3600
[mod] [HUB3BSMOKE] TRAIN h=2000001573 hub=false at=false arrival=false cmd=GotoStation pos=(201964, 195427, 10800) yaw=0 visual_yaw=0
[mod] [HUB3BSMOKE] TRAIN h=2000001575 hub=false at=true arrival=1 cmd=LoadTrain pos=(198539, 215033, 10000) yaw=3600 visual_yaw=3600
[mod] [HUB3BSMOKE] TRAIN h=2000001576 hub=true at=false arrival=2 cmd=GotoStation pos=(278720, 169067, 10800) yaw=7200 visual_yaw=7200
						Lua 0:00:47:427
[mod] [HUB3BSMOKE] POSE turn 45 lock=2000001576
[mod] [HUB3BSMOKE] TRAIN h=2000001571 hub=true at=false arrival=false cmd=GotoStation pos=(289867, 182785, 10800) yaw=3600 visual_yaw=3600
[mod] [HUB3BSMOKE] TRAIN h=2000001573 hub=false at=false arrival=false cmd=GotoStation pos=(204216, 195427, 10800) yaw=0 visual_yaw=0
[mod] [HUB3BSMOKE] TRAIN h=2000001575 hub=false at=true arrival=1 cmd=LoadTrain pos=(198539, 215033, 10000) yaw=3600 visual_yaw=3600
[mod] [HUB3BSMOKE] TRAIN h=2000001576 hub=true at=false arrival=2 cmd=GotoStation pos=(278595, 169283, 10800) yaw=7200 visual_yaw=7200
						Lua 0:00:47:927
[mod] [HUB3BSMOKE] POSE turn 50 lock=2000001576
[mod] [HUB3BSMOKE] TRAIN h=2000001571 hub=true at=false arrival=false cmd=GotoStation pos=(289689, 184708, 10800) yaw=7200 visual_yaw=7200
[mod] [HUB3BSMOKE] TRAIN h=2000001573 hub=false at=false arrival=false cmd=GotoStation pos=(206468, 195427, 10800) yaw=0 visual_yaw=0
[mod] [HUB3BSMOKE] TRAIN h=2000001575 hub=false at=true arrival=1 cmd=LoadTrain pos=(198539, 215033, 10000) yaw=3600 visual_yaw=3600
[mod] [HUB3BSMOKE] TRAIN h=2000001576 hub=true at=false arrival=2 cmd=GotoStation pos=(278470, 169500, 10800) yaw=7200 visual_yaw=7200
						Lua 0:00:48:428
[mod] [HUB3BSMOKE] POSE turn 55 lock=2000001576
[mod] [HUB3BSMOKE] TRAIN h=2000001571 hub=true at=false arrival=false cmd=GotoStation pos=(288563, 186658, 10800) yaw=7200 visual_yaw=7200
[mod] [HUB3BSMOKE] TRAIN h=2000001573 hub=false at=false arrival=false cmd=GotoStation pos=(208721, 195427, 10800) yaw=0 visual_yaw=0
[mod] [HUB3BSMOKE] TRAIN h=2000001575 hub=false at=true arrival=1 cmd=LoadTrain pos=(198539, 215033, 10000) yaw=3600 visual_yaw=3600
[mod] [HUB3BSMOKE] TRAIN h=2000001576 hub=true at=false arrival=2 cmd=GotoStation pos=(278345, 169716, 10800) yaw=7200 visual_yaw=7200
						Lua 0:00:48:927
[mod] [HUB3BSMOKE] POSE turn 60 lock=false
[mod] [HUB3BSMOKE] TRAIN h=2000001571 hub=true at=false arrival=false cmd=GotoStation pos=(287437, 188609, 10800) yaw=7200 visual_yaw=7200
[mod] [HUB3BSMOKE] TRAIN h=2000001573 hub=false at=false arrival=false cmd=GotoStation pos=(210973, 195427, 10800) yaw=0 visual_yaw=0
[mod] [HUB3BSMOKE] TRAIN h=2000001575 hub=false at=true arrival=1 cmd=LoadTrain pos=(198539, 215033, 10000) yaw=3600 visual_yaw=3600
[mod] [HUB3BSMOKE] TRAIN h=2000001576 hub=true at=false arrival=false cmd=GotoStation pos=(278184, 169995, 10800) yaw=7200 visual_yaw=7200
						Lua 0:00:49:428
[mod] [HUB3BSMOKE] POSE turn 65 lock=false
[mod] [HUB3BSMOKE] TRAIN h=2000001571 hub=true at=false arrival=false cmd=GotoStation pos=(286311, 190559, 10800) yaw=7200 visual_yaw=7200
[mod] [HUB3BSMOKE] TRAIN h=2000001573 hub=false at=false arrival=false cmd=GotoStation pos=(213225, 195427, 10800) yaw=0 visual_yaw=0
[mod] [HUB3BSMOKE] TRAIN h=2000001575 hub=false at=true arrival=1 cmd=LoadTrain pos=(198539, 215033, 10000) yaw=3600 visual_yaw=3600
[mod] [HUB3BSMOKE] TRAIN h=2000001576 hub=true at=false arrival=false cmd=GotoStation pos=(277255, 171604, 10800) yaw=7200 visual_yaw=7200
						Lua 0:00:49:928
[mod] [HUB3BSMOKE] POSE turn 70 lock=false
[mod] [HUB3BSMOKE] TRAIN h=2000001571 hub=true at=false arrival=false cmd=GotoStation pos=(285185, 192509, 10800) yaw=7200 visual_yaw=7200
[mod] [HUB3BSMOKE] TRAIN h=2000001573 hub=false at=false arrival=false cmd=GotoStation pos=(215477, 195427, 10800) yaw=0 visual_yaw=0
[mod] [HUB3BSMOKE] TRAIN h=2000001575 hub=false at=true arrival=1 cmd=LoadTrain pos=(198539, 215033, 10000) yaw=3600 visual_yaw=3600
[mod] [HUB3BSMOKE] TRAIN h=2000001576 hub=true at=false arrival=false cmd=GotoStation pos=(276128, 173555, 10800) yaw=7200 visual_yaw=7200
						Lua 0:00:50:427
[mod] [HUB3BSMOKE] POSE turn 75 lock=false
[mod] [HUB3BSMOKE] TRAIN h=2000001571 hub=true at=false arrival=false cmd=GotoStation pos=(284059, 194460, 10800) yaw=7200 visual_yaw=7200
[mod] [HUB3BSMOKE] TRAIN h=2000001573 hub=false at=false arrival=false cmd=GotoStation pos=(217730, 195427, 10800) yaw=0 visual_yaw=0
[mod] [HUB3BSMOKE] TRAIN h=2000001575 hub=false at=true arrival=1 cmd=LoadTrain pos=(198539, 215033, 10000) yaw=3600 visual_yaw=3600
[mod] [HUB3BSMOKE] TRAIN h=2000001576 hub=true at=false arrival=false cmd=GotoStation pos=(275002, 175506, 10800) yaw=7200 visual_yaw=7200
						Lua 0:00:50:927
[mod] [HUB3BSMOKE] POSE turn 80 lock=false
[mod] [HUB3BSMOKE] TRAIN h=2000001571 hub=true at=false arrival=false cmd=GotoStation pos=(282935, 196406, 10800) yaw=7200 visual_yaw=7200
[mod] [HUB3BSMOKE] TRAIN h=2000001573 hub=false at=false arrival=false cmd=GotoStation pos=(219977, 195427, 10800) yaw=0 visual_yaw=0
[mod] [HUB3BSMOKE] TRAIN h=2000001575 hub=false at=true arrival=1 cmd=LoadTrain pos=(198539, 215033, 10000) yaw=3600 visual_yaw=3600
[mod] [HUB3BSMOKE] TRAIN h=2000001576 hub=true at=false arrival=false cmd=GotoStation pos=(273878, 177452, 10800) yaw=7200 visual_yaw=7200
						Lua 0:00:51:427
[mod] [HUB3BSMOKE] POSE turn 85 lock=false
[mod] [HUB3BSMOKE] TRAIN h=2000001571 hub=true at=false arrival=false cmd=GotoStation pos=(281801, 198347, 10800) yaw=7686 visual_yaw=7530
[mod] [HUB3BSMOKE] TRAIN h=2000001573 hub=false at=false arrival=false cmd=GotoStation pos=(222234, 195427, 10800) yaw=0 visual_yaw=0
[mod] [HUB3BSMOKE] TRAIN h=2000001575 hub=false at=true arrival=1 cmd=LoadTrain pos=(198539, 215033, 10000) yaw=3600 visual_yaw=3600
[mod] [HUB3BSMOKE] TRAIN h=2000001576 hub=true at=false arrival=false cmd=GotoStation pos=(272750, 179407, 10800) yaw=7200 visual_yaw=7200
						Lua 0:00:51:927
[mod] [HUB3BSMOKE] POSE turn 90 lock=false
[mod] [HUB3BSMOKE] TRAIN h=2000001571 hub=true at=false arrival=false cmd=GotoStation pos=(279725, 198603, 10800) yaw=10800 visual_yaw=10800
[mod] [HUB3BSMOKE] TRAIN h=2000001573 hub=false at=false arrival=false cmd=GotoStation pos=(224486, 195427, 10800) yaw=0 visual_yaw=0
[mod] [HUB3BSMOKE] TRAIN h=2000001575 hub=false at=false arrival=1 cmd=GotoStation pos=(198598, 215136, 10000) yaw=3600 visual_yaw=3600
[mod] [HUB3BSMOKE] TRAIN h=2000001576 hub=true at=false arrival=false cmd=GotoStation pos=(271103, 180416, 10800) yaw=10605 visual_yaw=10478
						Lua 0:00:52:427
[mod] [HUB3BSMOKE] POSE turn 95 lock=false
[mod] [HUB3BSMOKE] TRAIN h=2000001571 hub=true at=false arrival=false cmd=GotoStation pos=(278090, 199606, 10800) yaw=7200 visual_yaw=7297
[mod] [HUB3BSMOKE] TRAIN h=2000001573 hub=false at=false arrival=false cmd=GotoStation pos=(226739, 195427, 10800) yaw=0 visual_yaw=0
[mod] [HUB3BSMOKE] TRAIN h=2000001575 hub=false at=false arrival=1 cmd=GotoStation pos=(198817, 215523, 10025) yaw=3601 visual_yaw=3600
[mod] [HUB3BSMOKE] TRAIN h=2000001576 hub=true at=false arrival=false cmd=GotoStation pos=(268860, 180417, 10800) yaw=10800 visual_yaw=10800
						Lua 0:00:52:927
[mod] [HUB3BSMOKE] POSE turn 100 lock=false
[mod] [HUB3BSMOKE] TRAIN h=2000001571 hub=true at=false arrival=false cmd=GotoStation pos=(276964, 201552, 10800) yaw=7200 visual_yaw=7200
[mod] [HUB3BSMOKE] TRAIN h=2000001573 hub=false at=false arrival=false cmd=GotoStation pos=(228991, 195427, 10800) yaw=0 visual_yaw=0
[mod] [HUB3BSMOKE] TRAIN h=2000001575 hub=false at=false arrival=1 cmd=GotoStation pos=(199095, 216020, 10175) yaw=3625 visual_yaw=3624
[mod] [HUB3BSMOKE] TRAIN h=2000001576 hub=true at=false arrival=false cmd=GotoStation pos=(266608, 180417, 10800) yaw=10800 visual_yaw=10800
						Lua 0:00:53:427
[mod] [HUB3BSMOKE] POSE turn 105 lock=false
[mod] [HUB3BSMOKE] TRAIN h=2000001571 hub=true at=false arrival=false cmd=GotoStation pos=(275841, 203492, 10800) yaw=7686 visual_yaw=7384
[mod] [HUB3BSMOKE] TRAIN h=2000001573 hub=false at=false arrival=false cmd=GotoStation pos=(231239, 195427, 10800) yaw=0 visual_yaw=0
[mod] [HUB3BSMOKE] TRAIN h=2000001575 hub=false at=false arrival=1 cmd=GotoStation pos=(199390, 216549, 10335) yaw=3683 visual_yaw=3680
[mod] [HUB3BSMOKE] TRAIN h=2000001576 hub=true at=false arrival=false cmd=GotoStation pos=(264360, 180417, 10800) yaw=10800 visual_yaw=10800
						Lua 0:00:53:927
[mod] [HUB3BSMOKE] POSE turn 110 lock=false
[mod] [HUB3BSMOKE] TRAIN h=2000001571 hub=true at=false arrival=false cmd=GotoStation pos=(273788, 203799, 10800) yaw=10800 visual_yaw=10800
[mod] [HUB3BSMOKE] TRAIN h=2000001573 hub=false at=false arrival=false cmd=GotoStation pos=(233495, 195427, 10800) yaw=0 visual_yaw=0
[mod] [HUB3BSMOKE] TRAIN h=2000001575 hub=false at=false arrival=1 cmd=GotoStation pos=(199705, 217113, 10506) yaw=3643 visual_yaw=3644
[mod] [HUB3BSMOKE] TRAIN h=2000001576 hub=true at=false arrival=false cmd=GotoStation pos=(262104, 180417, 10800) yaw=10800 visual_yaw=10800
						Lua 0:00:54:427
[mod] [HUB3BSMOKE] POSE turn 115 lock=false
[mod] [HUB3BSMOKE] TRAIN h=2000001571 hub=true at=false arrival=false cmd=GotoStation pos=(271541, 203799, 10800) yaw=10800 visual_yaw=10800
[mod] [HUB3BSMOKE] TRAIN h=2000001573 hub=false at=false arrival=false cmd=GotoStation pos=(235743, 195427, 10800) yaw=0 visual_yaw=0
[mod] [HUB3BSMOKE] TRAIN h=2000001575 hub=false at=false arrival=1 cmd=GotoStation pos=(200038, 217708, 10685) yaw=3606 visual_yaw=3606
[mod] [HUB3BSMOKE] TRAIN h=2000001576 hub=true at=false arrival=false cmd=GotoStation pos=(259856, 180417, 10800) yaw=10800 visual_yaw=10800
						Lua 0:00:54:927
[mod] [HUB3BSMOKE] POSE turn 120 lock=false
[mod] [HUB3BSMOKE] TRAIN h=2000001571 hub=true at=false arrival=false cmd=GotoStation pos=(269288, 203799, 10800) yaw=10800 visual_yaw=10800
[mod] [HUB3BSMOKE] TRAIN h=2000001573 hub=false at=false arrival=false cmd=GotoStation pos=(237563, 196128, 10800) yaw=2918 visual_yaw=2636
[mod] [HUB3BSMOKE] TRAIN h=2000001575 hub=false at=false arrival=false cmd=GotoStation pos=(200593, 219500, 10800) yaw=5545 visual_yaw=5496
[mod] [HUB3BSMOKE] TRAIN h=2000001576 hub=true at=false arrival=false cmd=GotoStation pos=(257604, 180417, 10800) yaw=10800 visual_yaw=10800
[mod] [SMRTK] SMRTK_MARK action=mark label=HUB3B_READ_BEGIN mark=159 status=OK t=14931130 id=146
[SMRTK] SMRTK_MARK action=mark label=HUB3B_READ_BEGIN mark=159 status=OK t=14931130 id=146
						Lua 0:00:54:928
[mod] [SMRTK] SMRTK_FINGERPRINT action=fingerprint fix_pack_present=52/52 game=403908 mark_action=mark mods=SMR_CommunityFixPack,SMR_CommunityFixPackTestKit,SMR_CommunityOptInPack,SMR_TrainHubDev_20260918 pack_version=19 read="live registry" save=Hub3bSmoke_MID_1789892063.savegame.sav sol=21 status=OK t=14931130 id=147
[SMRTK] SMRTK_FINGERPRINT action=fingerprint fix_pack_present=52/52 game=403908 mark_action=mark mods=SMR_CommunityFixPack,SMR_CommunityFixPackTestKit,SMR_CommunityOptInPack,SMR_TrainHubDev_20260918 pack_version=19 read="live registry" save=Hub3bSmoke_MID_1789892063.savegame.sav sol=21 status=OK t=14931130 id=147
[mod] [SMRTK] SMRTK_DUMP angle=0 crossing=none errors=0 hub=SMROptInTrainHub6(6252) leg=hub3b park=1700 pos=280000,166272,10000 t=14931130 id=148
[SMRTK] SMRTK_DUMP angle=0 crossing=none errors=0 hub=SMROptInTrainHub6(6252) leg=hub3b park=1700 pos=280000,166272,10000 t=14931130 id=148
[mod] [SMRTK] SMRTK_DUMP Ramparrive=278821,163654,10800@3600 Rampdepart=278321,163942,10800@14400 Spawn=279400,164655,10800@14400 Stop=279400,164655,10800@3600 Trackconnector=278000,162808,10800@19800 leg=hub3b_line line=1 reserved=none t=14931130 id=149
[SMRTK] SMRTK_DUMP Ramparrive=278821,163654,10800@3600 Rampdepart=278321,163942,10800@14400 Spawn=279400,164655,10800@14400 Stop=279400,164655,10800@3600 Trackconnector=278000,162808,10800@19800 leg=hub3b_line line=1 reserved=none t=14931130 id=149
[mod] [SMRTK] SMRTK_DUMP Ramparrive=281179,168891,10800@14400 Rampdepart=281679,168602,10800@3600 Spawn=280600,167890,10800@3600 Stop=280600,167890,10800@14400 Trackconnector=282000,169736,10800@9000 leg=hub3b_line line=2 reserved=none t=14931130 id=150
[SMRTK] SMRTK_DUMP Ramparrive=281179,168891,10800@14400 Rampdepart=281679,168602,10800@3600 Spawn=280600,167890,10800@3600 Stop=280600,167890,10800@14400 Trackconnector=282000,169736,10800@9000 leg=hub3b_line line=2 reserved=none t=14931130 id=150
[mod] [SMRTK] SMRTK_DUMP Ramparrive=277143,165983,10800@0 Rampdepart=277143,166561,10800@10800 Spawn=278300,165983,10800@10800 Stop=278300,165983,10800@0 Trackconnector=276000,166272,10800@16200 leg=hub3b_line line=3 reserved=none t=14931130 id=151
[SMRTK] SMRTK_DUMP Ramparrive=277143,165983,10800@0 Rampdepart=277143,166561,10800@10800 Spawn=278300,165983,10800@10800 Stop=278300,165983,10800@0 Trackconnector=276000,166272,10800@16200 leg=hub3b_line line=3 reserved=none t=14931130 id=151
[mod] [SMRTK] SMRTK_DUMP Ramparrive=282857,166561,10800@10800 Rampdepart=282857,165983,10800@0 Spawn=281700,166561,10800@0 Stop=281700,166561,10800@10800 Trackconnector=284000,166272,10800@5400 leg=hub3b_line line=4 reserved=none t=14931130 id=152
[SMRTK] SMRTK_DUMP Ramparrive=282857,166561,10800@10800 Rampdepart=282857,165983,10800@0 Spawn=281700,166561,10800@0 Stop=281700,166561,10800@10800 Trackconnector=284000,166272,10800@5400 leg=hub3b_line line=4 reserved=none t=14931130 id=152
[mod] [SMRTK] SMRTK_DUMP Ramparrive=278321,168602,10800@18000 Rampdepart=278821,168891,10800@7200 Spawn=278900,167601,10800@7200 Stop=278900,167601,10800@18000 Trackconnector=278000,169736,10800@12600 leg=hub3b_line line=5 reserved=none t=14931130 id=153
[SMRTK] SMRTK_DUMP Ramparrive=278321,168602,10800@18000 Rampdepart=278821,168891,10800@7200 Spawn=278900,167601,10800@7200 Stop=278900,167601,10800@18000 Trackconnector=278000,169736,10800@12600 leg=hub3b_line line=5 reserved=none t=14931130 id=153
[mod] [SMRTK] SMRTK_DUMP Ramparrive=281679,163942,10800@7200 Rampdepart=281179,163654,10800@18000 Spawn=281100,164943,10800@18000 Stop=281100,164943,10800@7200 Trackconnector=282000,162808,10800@1800 leg=hub3b_line line=6 reserved=none t=14931130 id=154
[SMRTK] SMRTK_DUMP Ramparrive=281679,163942,10800@7200 Rampdepart=281179,163654,10800@18000 Spawn=281100,164943,10800@18000 Stop=281100,164943,10800@7200 Trackconnector=282000,162808,10800@1800 leg=hub3b_line line=6 reserved=none t=14931130 id=154
[mod] [SMRTK] SMRTK_DUMP arrival=false at_station=false command=GotoStation leg=hub3b_train pos=268500,203799,10800 station=SMROptInTrainHub6(6252) track=TrackBase(6272) train=Train(2000001571) visual=269288,203799,10800 visual_yaw=10800 yaw=10800 t=14931130 id=155
[SMRTK] SMRTK_DUMP arrival=false at_station=false command=GotoStation leg=hub3b_train pos=268500,203799,10800 station=SMROptInTrainHub6(6252) track=TrackBase(6272) train=Train(2000001571) visual=269288,203799,10800 visual_yaw=10800 yaw=10800 t=14931130 id=155
[mod] [SMRTK] SMRTK_DUMP arrival=false at_station=false command=GotoStation leg=hub3b_train pos=237766,196471,10800 station=StationSmall(2012) track=TrackBase(6272) train=Train(2000001573) visual=237563,196128,10800 visual_yaw=2636 yaw=2918 t=14931130 id=156
[SMRTK] SMRTK_DUMP arrival=false at_station=false command=GotoStation leg=hub3b_train pos=237766,196471,10800 station=StationSmall(2012) track=TrackBase(6272) train=Train(2000001573) visual=237563,196128,10800 visual_yaw=2636 yaw=2918 t=14931130 id=156
[mod] [SMRTK] SMRTK_DUMP arrival=false at_station=false command=GotoStation leg=hub3b_train pos=200232,220140,10800 station=StationSmall(2012) track=TrackBase(5509) train=Train(2000001575) visual=200593,219500,10800 visual_yaw=5496 yaw=5545 t=14931130 id=157
[SMRTK] SMRTK_DUMP arrival=false at_station=false command=GotoStation leg=hub3b_train pos=200232,220140,10800 station=StationSmall(2012) track=TrackBase(5509) train=Train(2000001575) visual=200593,219500,10800 visual_yaw=5496 yaw=5545 t=14931130 id=157
						Lua 0:00:54:929
[mod] [SMRTK] SMRTK_DUMP arrival=false at_station=false command=GotoStation leg=hub3b_train pos=257000,180417,10800 station=SMROptInTrainHub6(6252) track=TrackBase(6269) train=Train(2000001576) visual=257604,180417,10800 visual_yaw=10800 yaw=10800 t=14931130 id=158
[SMRTK] SMRTK_DUMP arrival=false at_station=false command=GotoStation leg=hub3b_train pos=257000,180417,10800 station=SMROptInTrainHub6(6252) track=TrackBase(6269) train=Train(2000001576) visual=257604,180417,10800 visual_yaw=10800 yaw=10800 t=14931130 id=158
[mod] [SMRTK] SMRTK_MARK action=mark label=HUB3B_READ_END mark=172 status=OK t=14931130 id=159
[SMRTK] SMRTK_MARK action=mark label=HUB3B_READ_END mark=172 status=OK t=14931130 id=159
[mod] [SMRTK] SMRTK_FINGERPRINT action=fingerprint fix_pack_present=52/52 game=403908 mark_action=mark mods=SMR_CommunityFixPack,SMR_CommunityFixPackTestKit,SMR_CommunityOptInPack,SMR_TrainHubDev_20260918 pack_version=19 read="live registry" save=Hub3bSmoke_MID_1789892063.savegame.sav sol=21 status=OK t=14931130 id=160
[SMRTK] SMRTK_FINGERPRINT action=fingerprint fix_pack_present=52/52 game=403908 mark_action=mark mods=SMR_CommunityFixPack,SMR_CommunityFixPackTestKit,SMR_CommunityOptInPack,SMR_TrainHubDev_20260918 pack_version=19 read="live registry" save=Hub3bSmoke_MID_1789892063.savegame.sav sol=21 status=OK t=14931130 id=160
[mod] [SMRTK] SMRTK_ACTION action=slot_1 errors=0 hub=SMROptInTrainHub6(6252) park=1700 status=OK t=14931130 id=161
[SMRTK] SMRTK_ACTION action=slot_1 errors=0 hub=SMROptInTrainHub6(6252) park=1700 status=OK t=14931130 id=161
[mod] [HUB3BSMOKE] STAGE_COMPLETE stage=2 arrival=2 departure=5 train=2000001576
						Lua 0:00:57:139
[mod] [SMRTK] SMRTK_MARK action=screenshot_mark capture="native accepted" capture_id=0043 fallback=false label="Hub3b stage 2 after departure" mark=175 path=C:/Dev/SMR-ScreenCaptures/SMRTK_0043.png status=OK t=14931130 id=162
[SMRTK] SMRTK_MARK action=screenshot_mark capture="native accepted" capture_id=0043 fallback=false label="Hub3b stage 2 after departure" mark=175 path=C:/Dev/SMR-ScreenCaptures/SMRTK_0043.png status=OK t=14931130 id=162
[mod] [SMRTK] SMRTK_FINGERPRINT action=fingerprint fix_pack_present=52/52 game=403908 mark_action=screenshot_mark mods=SMR_CommunityFixPack,SMR_CommunityFixPackTestKit,SMR_CommunityOptInPack,SMR_TrainHubDev_20260918 pack_version=19 read="live registry" save=Hub3bSmoke_MID_1789892063.savegame.sav sol=21 status=OK t=14931130 id=163
[SMRTK] SMRTK_FINGERPRINT action=fingerprint fix_pack_present=52/52 game=403908 mark_action=screenshot_mark mods=SMR_CommunityFixPack,SMR_CommunityFixPackTestKit,SMR_CommunityOptInPack,SMR_TrainHubDev_20260918 pack_version=19 read="live registry" save=Hub3bSmoke_MID_1789892063.savegame.sav sol=21 status=OK t=14931130 id=163
[mod] [HUB3BSMOKE] RESULT stage=2 ok=true result=nil
						Lua 0:00:57:257
Load Game: 
	lua_revision: 403908 (last saved with) 
	orig_lua_revision: 403908 (created with) 
	assets_revision: 33006 

	dlcs: norman, thomas 

	mods: SMR_CommunityOptInPack, SMR_CommunityFixPackTestKit, SMR_CommunityFixPack, SMR_TrainHubDev_20260918 
[mod] [SMRTK] SMRTK_CONSOLE_ARM enabled=true hook=ChangeMap t=14931130 id=164
[SMRTK] SMRTK_CONSOLE_ARM enabled=true hook=ChangeMap t=14931130 id=164
						Lua 0:00:57:271
[mod] [SMRTK] SMRTK_CONSOLE_ARM enabled=true hook=ChangeMap t=14931130 id=165
[SMRTK] SMRTK_CONSOLE_ARM enabled=true hook=ChangeMap t=14931130 id=165
						Lua 0:00:58:114
[mod] [SMRTK] SMRTK_SHORTCUT console=false key=Ctrl-Shift-F11 t=0 id=166
						Lua 0:00:58:842
[mod] [SMRTK] SMRTK_CONSOLE_ARM enabled=true hook=PreLoadGame t=0 id=167
[SMRTK] SMRTK_CONSOLE_ARM enabled=true hook=PreLoadGame t=0 id=167
						Lua 0:01:00:917
[mod] [SMRTest] console enable requested (flag set, no overlay) — press Enter (or Alt-Shift-C) once in a colony
[SMRTest] console enable requested (flag set, no overlay) — press Enter (or Alt-Shift-C) once in a colony
						Lua 0:01:00:921
[mod] [CommunityFixPack] SilentHitMomentFX: restored 2 missing hit-moment tracker(s) on load
						Lua 0:01:00:943
game_settings:
    sponsor: SpaceY
    profile: politician
    founding_faction: UnitedColonistFront
    rival_colonies: paradox, Brazil, NASA
    mystery_random: 
    game_rules: (none)
more_game_settings: save_game_id: IsDKXg6Ddmz3wE5g, mystery: UnitedEarthMystery, coordinates: 15N179E, landing_spot: , logo: SpaceY
map_conditions: altitude: -3699, temperature: -43, cold_wave: 109, dust_devils: 39, dust_storm: 0, meteors: 37
map_resources: concrete: 243, metals: 147, precious_metals: 147, water: 147
						Lua 0:01:00:994
[mod] [CommunityFixPack] SaveSanitizer: F95 astrogeologist-residue pass removed 0 modifier(s), left 0 unidentified
Game Loaded in 3738 ms
[mod] [SMRTK] SMRTK_PROVENANCE actions=21 last=section_attach last_id=32 present=true session=1789888806:3520230763:1184987819:1655584288 t=14919135 id=168
[SMRTK] SMRTK_PROVENANCE actions=21 last=section_attach last_id=32 present=true session=1789888806:3520230763:1184987819:1655584288 t=14919135 id=168
						Lua 0:01:01:004
[mod] [SMRTK] SMRTK_SHORTCUT console=true key=Ctrl-Shift-F11 t=14919135 id=169
						Lua 0:01:01:016
[mod] [SMRTK] SMRTK_DOCK action=dock_attach attached=true route="idBottom sibling" status=OK surface=one-toggle+tasks t=14919135 id=170
						Lua 0:01:01:019
[mod] [SMRTest] console enable requested (flag set, no overlay) — press Enter (or Alt-Shift-C) once in a colony
[SMRTest] console enable requested (flag set, no overlay) — press Enter (or Alt-Shift-C) once in a colony
						Lua 0:01:01:130
[mod] [SMRTK] SMRTK_SHORTCUT console=true key=Ctrl-Shift-F11 t=14919135 id=171
						Lua 0:01:01:424
Game loaded on map BlankBig_01 in 4285 ms
						Lua 0:01:02:724
[mod] [SMRTest] console enable requested (flag set, no overlay) — press Enter (or Alt-Shift-C) once in a colony
[SMRTest] console enable requested (flag set, no overlay) — press Enter (or Alt-Shift-C) once in a colony
						Lua 0:01:02:735
[mod] [SMRTK] SMRTK_SHORTCUT console=true key=Ctrl-Shift-F11 t=14919135 id=172
						Lua 0:01:03:423
[mod] [SMRTK] SMRTK_MARK action=mark label=HUB3B_BOOT mark=189 status=OK t=14919135 id=173
[SMRTK] SMRTK_MARK action=mark label=HUB3B_BOOT mark=189 status=OK t=14919135 id=173
[mod] [SMRTK] SMRTK_FINGERPRINT action=fingerprint fix_pack_present=52/52 game=403908 mark_action=mark mods=SMR_CommunityFixPack,SMR_CommunityFixPackTestKit,SMR_CommunityOptInPack,SMR_TrainHubDev_20260918 pack_version=19 read="live registry" save="SpaceY Sol 21.savegame.sav" sol=21 status=OK t=14919135 id=174
[SMRTK] SMRTK_FINGERPRINT action=fingerprint fix_pack_present=52/52 game=403908 mark_action=mark mods=SMR_CommunityFixPack,SMR_CommunityFixPackTestKit,SMR_CommunityOptInPack,SMR_TrainHubDev_20260918 pack_version=19 read="live registry" save="SpaceY Sol 21.savegame.sav" sol=21 status=OK t=14919135 id=174
						Lua 0:01:03:433
[mod] [SMRTK] SMRTK_SHORTCUT console=false key=Ctrl-Shift-F11 t=14919135 id=175
						Lua 0:01:03:442
[mod] [SMRTK] SMRTK_CONSOLE_ARM enabled=true hook=control t=14919135 id=176
[SMRTK] SMRTK_CONSOLE_ARM enabled=true hook=control t=14919135 id=176
						Lua 0:01:03:452
[mod] [SMRTK] SMRTK_SHORTCUT console=true key=Ctrl-Shift-F11 t=14919135 id=177
						Lua 0:01:03:460
[mod] [SMRTK] SMRTK_CONSOLE_CONTROL action=console_control discriminates=true negative=false positive=true status=OK t=14919135 id=178
[SMRTK] SMRTK_CONSOLE_CONTROL action=console_control discriminates=true negative=false positive=true status=OK t=14919135 id=178
[mod] [SMRTK] SMRTK_TAINT_READ action=taint_read status=OK used=false t=14919135 id=179
[SMRTK] SMRTK_TAINT_READ action=taint_read status=OK used=false t=14919135 id=179
[mod] [SMRTK] SMRTK_ELIGIBILITY action=eligibility reason=UNAVAILABLE:sandbox status=OK t=14919135 id=180
[SMRTK] SMRTK_ELIGIBILITY action=eligibility reason=UNAVAILABLE:sandbox status=OK t=14919135 id=180
[mod] [SMRTK] SMRTK_ACTION action=slot_scratch errors=0 hub=SMROptInTrainHub6(6252) park=1700 sitting=train_hub_3b status=OK sweep="run desktop sweep before each boot" t=14919135 id=181
[SMRTK] SMRTK_ACTION action=slot_scratch errors=0 hub=SMROptInTrainHub6(6252) park=1700 sitting=train_hub_3b status=OK sweep="run desktop sweep before each boot" t=14919135 id=181
[mod] [SMRTK] SMRTK_MARK action=mark label=HUB3B_READ_BEGIN mark=198 status=OK t=14919135 id=182
[SMRTK] SMRTK_MARK action=mark label=HUB3B_READ_BEGIN mark=198 status=OK t=14919135 id=182
[mod] [SMRTK] SMRTK_FINGERPRINT action=fingerprint fix_pack_present=52/52 game=403908 mark_action=mark mods=SMR_CommunityFixPack,SMR_CommunityFixPackTestKit,SMR_CommunityOptInPack,SMR_TrainHubDev_20260918 pack_version=19 read="live registry" save="SpaceY Sol 21.savegame.sav" sol=21 status=OK t=14919135 id=183
[SMRTK] SMRTK_FINGERPRINT action=fingerprint fix_pack_present=52/52 game=403908 mark_action=mark mods=SMR_CommunityFixPack,SMR_CommunityFixPackTestKit,SMR_CommunityOptInPack,SMR_TrainHubDev_20260918 pack_version=19 read="live registry" save="SpaceY Sol 21.savegame.sav" sol=21 status=OK t=14919135 id=183
[mod] [SMRTK] SMRTK_DUMP angle=0 crossing=none errors=0 hub=SMROptInTrainHub6(6252) leg=hub3b park=1700 pos=280000,166272,10000 t=14919135 id=184
[SMRTK] SMRTK_DUMP angle=0 crossing=none errors=0 hub=SMROptInTrainHub6(6252) leg=hub3b park=1700 pos=280000,166272,10000 t=14919135 id=184
[mod] [SMRTK] SMRTK_DUMP Ramparrive=278821,163654,10800@3600 Rampdepart=278321,163942,10800@14400 Spawn=279400,164655,10800@14400 Stop=279400,164655,10800@3600 Trackconnector=278000,162808,10800@19800 leg=hub3b_line line=1 reserved=none t=14919135 id=185
[SMRTK] SMRTK_DUMP Ramparrive=278821,163654,10800@3600 Rampdepart=278321,163942,10800@14400 Spawn=279400,164655,10800@14400 Stop=279400,164655,10800@3600 Trackconnector=278000,162808,10800@19800 leg=hub3b_line line=1 reserved=none t=14919135 id=185
						Lua 0:01:03:461
[mod] [SMRTK] SMRTK_DUMP Ramparrive=281179,168891,10800@14400 Rampdepart=281679,168602,10800@3600 Spawn=280600,167890,10800@3600 Stop=280600,167890,10800@14400 Trackconnector=282000,169736,10800@9000 leg=hub3b_line line=2 reserved=Train(2000001576) t=14919135 id=186
[SMRTK] SMRTK_DUMP Ramparrive=281179,168891,10800@14400 Rampdepart=281679,168602,10800@3600 Spawn=280600,167890,10800@3600 Stop=280600,167890,10800@14400 Trackconnector=282000,169736,10800@9000 leg=hub3b_line line=2 reserved=Train(2000001576) t=14919135 id=186
[mod] [SMRTK] SMRTK_DUMP Ramparrive=277143,165983,10800@0 Rampdepart=277143,166561,10800@10800 Spawn=278300,165983,10800@10800 Stop=278300,165983,10800@0 Trackconnector=276000,166272,10800@16200 leg=hub3b_line line=3 reserved=none t=14919135 id=187
[SMRTK] SMRTK_DUMP Ramparrive=277143,165983,10800@0 Rampdepart=277143,166561,10800@10800 Spawn=278300,165983,10800@10800 Stop=278300,165983,10800@0 Trackconnector=276000,166272,10800@16200 leg=hub3b_line line=3 reserved=none t=14919135 id=187
[mod] [SMRTK] SMRTK_DUMP Ramparrive=282857,166561,10800@10800 Rampdepart=282857,165983,10800@0 Spawn=281700,166561,10800@0 Stop=281700,166561,10800@10800 Trackconnector=284000,166272,10800@5400 leg=hub3b_line line=4 reserved=none t=14919135 id=188
[SMRTK] SMRTK_DUMP Ramparrive=282857,166561,10800@10800 Rampdepart=282857,165983,10800@0 Spawn=281700,166561,10800@0 Stop=281700,166561,10800@10800 Trackconnector=284000,166272,10800@5400 leg=hub3b_line line=4 reserved=none t=14919135 id=188
[mod] [SMRTK] SMRTK_DUMP Ramparrive=278321,168602,10800@18000 Rampdepart=278821,168891,10800@7200 Spawn=278900,167601,10800@7200 Stop=278900,167601,10800@18000 Trackconnector=278000,169736,10800@12600 leg=hub3b_line line=5 reserved=none t=14919135 id=189
[SMRTK] SMRTK_DUMP Ramparrive=278321,168602,10800@18000 Rampdepart=278821,168891,10800@7200 Spawn=278900,167601,10800@7200 Stop=278900,167601,10800@18000 Trackconnector=278000,169736,10800@12600 leg=hub3b_line line=5 reserved=none t=14919135 id=189
[mod] [SMRTK] SMRTK_DUMP Ramparrive=281679,163942,10800@7200 Rampdepart=281179,163654,10800@18000 Spawn=281100,164943,10800@18000 Stop=281100,164943,10800@7200 Trackconnector=282000,162808,10800@1800 leg=hub3b_line line=6 reserved=none t=14919135 id=190
[SMRTK] SMRTK_DUMP Ramparrive=281679,163942,10800@7200 Rampdepart=281179,163654,10800@18000 Spawn=281100,164943,10800@18000 Stop=281100,164943,10800@7200 Trackconnector=282000,162808,10800@1800 leg=hub3b_line line=6 reserved=none t=14919135 id=190
[mod] [SMRTK] SMRTK_DUMP arrival=false at_station=false command=GotoStation leg=hub3b_train pos=282250,169592,10800 station=StationSmall(2008) track=TrackBase(3621) train=Train(2000001571) visual=279743,165249,10800 visual_yaw=3600 yaw=3600 t=14919135 id=191
[SMRTK] SMRTK_DUMP arrival=false at_station=false command=GotoStation leg=hub3b_train pos=282250,169592,10800 station=StationSmall(2008) track=TrackBase(3621) train=Train(2000001571) visual=279743,165249,10800 visual_yaw=3600 yaw=3600 t=14919135 id=191
[mod] [SMRTK] SMRTK_DUMP arrival=false at_station=false command=GotoStation leg=hub3b_train pos=189250,200190,10800 station=StationSmall(2012) track=TrackBase(6272) train=Train(2000001573) visual=189363,200385,10800 visual_yaw=14400 yaw=14400 t=14919135 id=192
[SMRTK] SMRTK_DUMP arrival=false at_station=false command=GotoStation leg=hub3b_train pos=189250,200190,10800 station=StationSmall(2012) track=TrackBase(6272) train=Train(2000001573) visual=189363,200385,10800 visual_yaw=14400 yaw=14400 t=14919135 id=192
[mod] [SMRTK] SMRTK_DUMP arrival=1 at_station=true command=UnloadTrain leg=hub3b_train pos=198539,215033,10000 station=StationSmall(2012) track=TrackBase(6272) train=Train(2000001575) visual=198539,215033,10000 visual_yaw=3600 yaw=3600 t=14919135 id=193
[SMRTK] SMRTK_DUMP arrival=1 at_station=true command=UnloadTrain leg=hub3b_train pos=198539,215033,10000 station=StationSmall(2012) track=TrackBase(6272) train=Train(2000001575) visual=198539,215033,10000 visual_yaw=3600 yaw=3600 t=14919135 id=193
[mod] [SMRTK] SMRTK_DUMP arrival=2 at_station=true command=LoadTrain leg=hub3b_train pos=280600,167890,10800 station=SMROptInTrainHub6(6252) track=TrackBase(6272) train=Train(2000001576) visual=280600,167890,10800 visual_yaw=14400 yaw=14400 t=14919135 id=194
[SMRTK] SMRTK_DUMP arrival=2 at_station=true command=LoadTrain leg=hub3b_train pos=280600,167890,10800 station=SMROptInTrainHub6(6252) track=TrackBase(6272) train=Train(2000001576) visual=280600,167890,10800 visual_yaw=14400 yaw=14400 t=14919135 id=194
[mod] [SMRTK] SMRTK_MARK action=mark label=HUB3B_READ_END mark=211 status=OK t=14919135 id=195
[SMRTK] SMRTK_MARK action=mark label=HUB3B_READ_END mark=211 status=OK t=14919135 id=195
[mod] [SMRTK] SMRTK_FINGERPRINT action=fingerprint fix_pack_present=52/52 game=403908 mark_action=mark mods=SMR_CommunityFixPack,SMR_CommunityFixPackTestKit,SMR_CommunityOptInPack,SMR_TrainHubDev_20260918 pack_version=19 read="live registry" save="SpaceY Sol 21.savegame.sav" sol=21 status=OK t=14919135 id=196
[SMRTK] SMRTK_FINGERPRINT action=fingerprint fix_pack_present=52/52 game=403908 mark_action=mark mods=SMR_CommunityFixPack,SMR_CommunityFixPackTestKit,SMR_CommunityOptInPack,SMR_TrainHubDev_20260918 pack_version=19 read="live registry" save="SpaceY Sol 21.savegame.sav" sol=21 status=OK t=14919135 id=196
[mod] [SMRTK] SMRTK_ACTION action=slot_1 errors=0 hub=SMROptInTrainHub6(6252) park=1700 status=OK t=14919135 id=197
[SMRTK] SMRTK_ACTION action=slot_1 errors=0 hub=SMROptInTrainHub6(6252) park=1700 status=OK t=14919135 id=197
[mod] [SMRTK] SMRTK_MARK action=mark label=HUB3B_PARTS_BEGIN mark=214 status=OK t=14919135 id=198
[SMRTK] SMRTK_MARK action=mark label=HUB3B_PARTS_BEGIN mark=214 status=OK t=14919135 id=198
[mod] [SMRTK] SMRTK_FINGERPRINT action=fingerprint fix_pack_present=52/52 game=403908 mark_action=mark mods=SMR_CommunityFixPack,SMR_CommunityFixPackTestKit,SMR_CommunityOptInPack,SMR_TrainHubDev_20260918 pack_version=19 read="live registry" save="SpaceY Sol 21.savegame.sav" sol=21 status=OK t=14919135 id=199
[SMRTK] SMRTK_FINGERPRINT action=fingerprint fix_pack_present=52/52 game=403908 mark_action=mark mods=SMR_CommunityFixPack,SMR_CommunityFixPackTestKit,SMR_CommunityOptInPack,SMR_TrainHubDev_20260918 pack_version=19 read="live registry" save="SpaceY Sol 21.savegame.sav" sol=21 status=OK t=14919135 id=199
[mod] [SMRTK] SMRTK_DUMP bbox_max=2818,209,436 bbox_min=-1332,-207,4 entity=TrainCCP3 leg=train_part object=Train(2000001576) path=train pos=280600,167890,10800 scale=100 state=moveWalk visual=280600,167890,10800 yaw=14400 t=14919135 id=200
[SMRTK] SMRTK_DUMP bbox_max=2818,209,436 bbox_min=-1332,-207,4 entity=TrainCCP3 leg=train_part object=Train(2000001576) path=train pos=280600,167890,10800 scale=100 state=moveWalk visual=280600,167890,10800 yaw=14400 t=14919135 id=200
[mod] [SMRTK] SMRTK_DUMP bbox_max=45,46,123 bbox_min=-46,-46,-40 entity=PointLight leg=train_part object=NightLightSpotLight(5392333574) path=train/1 pos=280600,167890,10800 scale=100 state=idle visual=280275,167333,11195 yaw=14400 t=14919135 id=201
[SMRTK] SMRTK_DUMP bbox_max=45,46,123 bbox_min=-46,-46,-40 entity=PointLight leg=train_part object=NightLightSpotLight(5392333574) path=train/1 pos=280600,167890,10800 scale=100 state=idle visual=280275,167333,11195 yaw=14400 t=14919135 id=201
[mod] [SMRTK] SMRTK_DUMP bbox_max=45,46,123 bbox_min=-46,-46,-40 entity=PointLight leg=train_part object=NightLightSpotLight(5779109043) path=train/2 pos=280600,167890,10800 scale=100 state=idle visual=280133,167132,10774 yaw=14400 t=14919135 id=202
[SMRTK] SMRTK_DUMP bbox_max=45,46,123 bbox_min=-46,-46,-40 entity=PointLight leg=train_part object=NightLightSpotLight(5779109043) path=train/2 pos=280600,167890,10800 scale=100 state=idle visual=280133,167132,10774 yaw=14400 t=14919135 id=202
[mod] [SMRTK] SMRTK_DUMP bbox_max=49,50,100 bbox_min=-49,-50,0 entity=ResourceCheese leg=train_part object=ResourceStockpileBox(6022028743) path=train/3 pos=281316,167738,11002 scale=100 state=idle visual=280990,168354,11152 yaw=14400 t=14919135 id=203
[SMRTK] SMRTK_DUMP bbox_max=49,50,100 bbox_min=-49,-50,0 entity=ResourceCheese leg=train_part object=ResourceStockpileBox(6022028743) path=train/3 pos=281316,167738,11002 scale=100 state=idle visual=280990,168354,11152 yaw=14400 t=14919135 id=203
[mod] [SMRTK] SMRTK_DUMP bbox_max=49,50,100 bbox_min=-49,-50,0 entity=ResourceCheese leg=train_part object=ResourceStockpileBox(5656071965) path=train/4 pos=281259,167640,11002 scale=100 state=idle visual=280902,168405,11152 yaw=14400 t=14919135 id=204						Lua 0:01:03:462

[SMRTK] SMRTK_DUMP bbox_max=49,50,100 bbox_min=-49,-50,0 entity=ResourceCheese leg=train_part object=ResourceStockpileBox(5656071965) path=train/4 pos=281259,167640,11002 scale=100 state=idle visual=280902,168405,11152 yaw=14400 t=14919135 id=204
[mod] [SMRTK] SMRTK_DUMP bbox_max=49,50,100 bbox_min=-49,-50,0 entity=ResourceCheese leg=train_part object=ResourceStockpileBox(5475063981) path=train/5 pos=281203,167542,11002 scale=100 state=idle visual=280813,168456,11152 yaw=14400 t=14919135 id=205
[SMRTK] SMRTK_DUMP bbox_max=49,50,100 bbox_min=-49,-50,0 entity=ResourceCheese leg=train_part object=ResourceStockpileBox(5475063981) path=train/5 pos=281203,167542,11002 scale=100 state=idle visual=280813,168456,11152 yaw=14400 t=14919135 id=205
[mod] [SMRTK] SMRTK_DUMP bbox_max=47,48,114 bbox_min=-51,-49,0 entity=ResourceFuel leg=train_part object=ResourceStockpileBox(6006242911) path=train/6 pos=281215,167796,11002 scale=100 state=idle visual=281042,168444,11152 yaw=14400 t=14919135 id=206
[SMRTK] SMRTK_DUMP bbox_max=47,48,114 bbox_min=-51,-49,0 entity=ResourceFuel leg=train_part object=ResourceStockpileBox(6006242911) path=train/6 pos=281215,167796,11002 scale=100 state=idle visual=281042,168444,11152 yaw=14400 t=14919135 id=206
[mod] [SMRTK] SMRTK_DUMP bbox_max=47,48,114 bbox_min=-51,-49,0 entity=ResourceFuel leg=train_part object=ResourceStockpileBox(5818777371) path=train/7 pos=281159,167698,11002 scale=100 state=idle visual=280954,168495,11152 yaw=14400 t=14919135 id=207
[SMRTK] SMRTK_DUMP bbox_max=47,48,114 bbox_min=-51,-49,0 entity=ResourceFuel leg=train_part object=ResourceStockpileBox(5818777371) path=train/7 pos=281159,167698,11002 scale=100 state=idle visual=280954,168495,11152 yaw=14400 t=14919135 id=207
[mod] [SMRTK] SMRTK_DUMP bbox_max=47,48,114 bbox_min=-51,-49,0 entity=ResourceFuel leg=train_part object=ResourceStockpileBox(5503238834) path=train/8 pos=281102,167600,11002 scale=100 state=idle visual=280866,168546,11152 yaw=14400 t=14919135 id=208
[SMRTK] SMRTK_DUMP bbox_max=47,48,114 bbox_min=-51,-49,0 entity=ResourceFuel leg=train_part object=ResourceStockpileBox(5503238834) path=train/8 pos=281102,167600,11002 scale=100 state=idle visual=280866,168546,11152 yaw=14400 t=14919135 id=208
[mod] [SMRTK] SMRTK_DUMP bbox_max=47,48,114 bbox_min=-51,-49,0 entity=ResourceFuel leg=train_part object=ResourceStockpileBox(5328000498) path=train/9 pos=281115,167854,11002 scale=100 state=idle visual=281094,168535,11152 yaw=14400 t=14919135 id=209
[SMRTK] SMRTK_DUMP bbox_max=47,48,114 bbox_min=-51,-49,0 entity=ResourceFuel leg=train_part object=ResourceStockpileBox(5328000498) path=train/9 pos=281115,167854,11002 scale=100 state=idle visual=281094,168535,11152 yaw=14400 t=14919135 id=209
[mod] [SMRTK] SMRTK_DUMP bbox_max=47,48,114 bbox_min=-51,-49,0 entity=ResourceFuel leg=train_part object=ResourceStockpileBox(5348812938) path=train/10 pos=281058,167756,11002 scale=100 state=idle visual=281006,168586,11152 yaw=14400 t=14919135 id=210
[SMRTK] SMRTK_DUMP bbox_max=47,48,114 bbox_min=-51,-49,0 entity=ResourceFuel leg=train_part object=ResourceStockpileBox(5348812938) path=train/10 pos=281058,167756,11002 scale=100 state=idle visual=281006,168586,11152 yaw=14400 t=14919135 id=210
[mod] [SMRTK] SMRTK_DUMP bbox_max=47,48,114 bbox_min=-51,-49,0 entity=ResourceFuel leg=train_part object=ResourceStockpileBox(6143370010) path=train/11 pos=281002,167658,11002 scale=100 state=idle visual=280918,168637,11152 yaw=14400 t=14919135 id=211
[SMRTK] SMRTK_DUMP bbox_max=47,48,114 bbox_min=-51,-49,0 entity=ResourceFuel leg=train_part object=ResourceStockpileBox(6143370010) path=train/11 pos=281002,167658,11002 scale=100 state=idle visual=280918,168637,11152 yaw=14400 t=14919135 id=211
[mod] [SMRTK] SMRTK_DUMP bbox_max=47,48,114 bbox_min=-51,-49,0 entity=ResourceFuel leg=train_part object=ResourceStockpileBox(5525256013) path=train/12 pos=281014,167912,11002 scale=100 state=idle visual=281146,168625,11152 yaw=14400 t=14919135 id=212
[SMRTK] SMRTK_DUMP bbox_max=47,48,114 bbox_min=-51,-49,0 entity=ResourceFuel leg=train_part object=ResourceStockpileBox(5525256013) path=train/12 pos=281014,167912,11002 scale=100 state=idle visual=281146,168625,11152 yaw=14400 t=14919135 id=212
[mod] [SMRTK] SMRTK_DUMP bbox_max=47,48,114 bbox_min=-51,-49,0 entity=ResourceFuel leg=train_part object=ResourceStockpileBox(5860429359) path=train/13 pos=280958,167814,11002 scale=100 state=idle visual=281058,168676,11152 yaw=14400 t=14919135 id=213
[SMRTK] SMRTK_DUMP bbox_max=47,48,114 bbox_min=-51,-49,0 entity=ResourceFuel leg=train_part object=ResourceStockpileBox(5860429359) path=train/13 pos=280958,167814,11002 scale=100 state=idle visual=281058,168676,11152 yaw=14400 t=14919135 id=213
[mod] [SMRTK] SMRTK_DUMP bbox_max=47,48,114 bbox_min=-51,-49,0 entity=ResourceFuel leg=train_part object=ResourceStockpileBox(5687264392) path=train/14 pos=280901,167716,11002 scale=100 state=idle visual=280970,168727,11152 yaw=14400 t=14919135 id=214
[SMRTK] SMRTK_DUMP bbox_max=47,48,114 bbox_min=-51,-49,0 entity=ResourceFuel leg=train_part object=ResourceStockpileBox(5687264392) path=train/14 pos=280901,167716,11002 scale=100 state=idle visual=280970,168727,11152 yaw=14400 t=14919135 id=214
[mod] [SMRTK] SMRTK_DUMP bbox_max=47,48,114 bbox_min=-51,-49,0 entity=ResourceFuel leg=train_part object=ResourceStockpileBox(6004959204) path=train/15 pos=280914,167970,11002 scale=100 state=idle visual=281198,168716,11152 yaw=14400 t=14919135 id=215
[SMRTK] SMRTK_DUMP bbox_max=47,48,114 bbox_min=-51,-49,0 entity=ResourceFuel leg=train_part object=ResourceStockpileBox(6004959204) path=train/15 pos=280914,167970,11002 scale=100 state=idle visual=281198,168716,11152 yaw=14400 t=14919135 id=215
[mod] [SMRTK] SMRTK_DUMP bbox_max=47,48,114 bbox_min=-51,-49,0 entity=ResourceFuel leg=train_part object=ResourceStockpileBox(6130989452) path=train/16 pos=280857,167872,11002 scale=100 state=idle visual=281110,168767,11152 yaw=14400 t=14919135 id=216
[SMRTK] SMRTK_DUMP bbox_max=47,48,114 bbox_min=-51,-49,0 entity=ResourceFuel leg=train_part object=ResourceStockpileBox(6130989452) path=train/16 pos=280857,167872,11002 scale=100 state=idle visual=281110,168767,11152 yaw=14400 t=14919135 id=216
[mod] [SMRTK] SMRTK_DUMP bbox_max=47,48,114 bbox_min=-51,-49,0 entity=ResourceFuel leg=train_part object=ResourceStockpileBox(6107524330) path=train/17 pos=280801,167774,11002 scale=100 state=idle visual=281022,168817,11152 yaw=14400 t=14919135 id=217
[SMRTK] SMRTK_DUMP bbox_max=47,48,114 bbox_min=-51,-49,0 entity=ResourceFuel leg=train_part object=ResourceStockpileBox(6107524330) path=train/17 pos=280801,167774,11002 scale=100 state=idle visual=281022,168817,11152 yaw=14400 t=14919135 id=217
[mod] [SMRTK] SMRTK_DUMP bbox_max=47,48,114 bbox_min=-51,-49,0 entity=ResourceFuel leg=train_part object=ResourceStockpileBox(5810363853) path=train/18 pos=280813,168028,11002 scale=100 state=idle visual=281251,168806,11152 yaw=14400 t=14919135 id=218
[SMRTK] SMRTK_DUMP bbox_max=47,48,114 bbox_min=-51,-49,0 entity=ResourceFuel leg=train_part object=ResourceStockpileBox(5810363853) path=train/18 pos=280813,168028,11002 scale=100 state=idle visual=281251,168806,11152 yaw=14400 t=14919135 id=218
[mod] [SMRTK] SMRTK_DUMP bbox_max=47,48,114 bbox_min=-51,-49,0 entity=ResourceFuel leg=train_part object=ResourceStockpileBox(5521088843) path=train/19 pos=280757,167930,11002 scale=100 state=idle visual=281162,168857,11152 yaw=14400 t=14919135 id=219
[SMRTK] SMRTK_DUMP bbox_max=47,48,114 bbox_min=-51,-49,0 entity=ResourceFuel leg=train_part object=ResourceStockpileBox(5521088843) path=train/19 pos=280757,167930,11002 scale=100 state=idle visual=281162,168857,11152 yaw=14400 t=14919135 id=219
[mod] [SMRTK] SMRTK_DUMP bbox_max=49,51,100 bbox_min=-49,-49,0 entity=ResourceCoffe leg=train_part object=ResourceStockpileBox(5654493518) path=train/20 pos=280700,167832,11002 scale=100 state=idle visual=281074,168908,11152 yaw=14400 t=14919135 id=220
[SMRTK] SMRTK_DUMP bbox_max=49,51,100 bbox_min=-49,-49,0 entity=ResourceCoffe leg=train_part object=ResourceStockpileBox(5654493518) path=train/20 pos=280700,167832,11002 scale=100 state=idle visual=281074,168908,11152 yaw=14400 t=14919135 id=220
[mod] [SMRTK] SMRTK_DUMP bbox_max=49,51,100 bbox_min=-49,-49,0 entity=ResourceCoffe leg=train_part object=ResourceStockpileBox(5444518419) path=train/21 pos=280713,168086,11002 scale=100 state=idle visual=281303,168897,11152 yaw=14400 t=14919135 id=221
[SMRTK] SMRTK_DUMP bbox_max=49,51,100 bbox_min=-49,-49,0 entity=ResourceCoffe leg=train_part object=ResourceStockpileBox(5444518419) path=train/21 pos=280713,168086,11002 scale=100 state=idle visual=281303,168897,11152 yaw=14400 t=14919135 id=221
[mod] [SMRTK] SMRTK_DUMP bbox_max=49,51,100 bbox_min=-49,-49,0 entity=ResourceCoffe leg=train_part object=ResourceStockpileBox(5417979958) path=train/22 pos=280657,167988,11002 scale=100 state=idle visual=281215,168947,11152 yaw=14400 t=14919135 id=222
[SMRTK] SMRTK_DUMP bbox_max=49,51,100 bbox_min=-49,-49,0 entity=ResourceCoffe leg=train_part object=ResourceStockpileBox(5417979958) path=train/22 pos=280657,167988,11002 scale=100 state=idle visual=281215,168947,11152 yaw=14400 t=14919135 id=222
[mod] [SMRTK] SMRTK_DUMP bbox_max=49,51,100 bbox_min=-49,-49,0 entity=ResourceCoffe leg=train_part object=ResourceStockpileBox(5725791430) path=train/23 pos=280600,167890,11002 scale=100 state=idle visual=281127,168998,11152 yaw=14400 t=14919135 id=223
[SMRTK] SMRTK_DUMP bbox_max=49,51,100 bbox_min=-49,-49,0 entity=ResourceCoffe leg=train_part object=ResourceStockpileBox(5725791430) path=train/23 pos=280600,167890,11002 scale=100 state=idle visual=281127,168998,11152 yaw=14400 t=14919135 id=223
[mod] [SMRTK] SMRTK_DUMP bbox_max=49,51,100 bbox_min=-49,-49,0 entity=ResourceCoffe leg=train_part object=ResourceStockpileBox(5553452234) path=train/24 pos=281316,167738,10901 scale=100 state=idle visual=280990,168354,11061 yaw=14400 t=14919135 id=224
[SMRTK] SMRTK_DUMP bbox_max=49,51,100 bbox_min=-49,-49,0 entity=ResourceCoffe leg=train_part object=ResourceStockpileBox(5553452234) path=train/24 pos=281316,167738,10901 scale=100 state=idle visual=280990,168354,11061 yaw=14400 t=14919135 id=224
[mod] [SMRTK] SMRTK_DUMP bbox_max=49,51,100 bbox_min=-49,-49,0 entity=ResourceCoffe leg=train_part object=ResourceStockpileBox(6090375769) path=train/25 pos=281259,167640,10901 scale=100 state=idle visual=280902,168405,11061 yaw=14400 t=14919135 id=225
[SMRTK] SMRTK_DUMP bbox_max=49,51,100 bbox_min=-49,-49,0 entity=ResourceCoffe leg=train_part object=ResourceStockpileBox(6090375769) path=train/25 pos=281259,167640,10901 scale=100 state=idle visual=280902,168405,11061 yaw=14400 t=14919135 id=225
						Lua 0:01:03:463
[mod] [SMRTK] SMRTK_DUMP bbox_max=49,51,100 bbox_min=-49,-49,0 entity=ResourceCoffe leg=train_part object=ResourceStockpileBox(5665613763) path=train/26 pos=281203,167542,10901 scale=100 state=idle visual=280814,168456,11061 yaw=14400 t=14919135 id=226
[SMRTK] SMRTK_DUMP bbox_max=49,51,100 bbox_min=-49,-49,0 entity=ResourceCoffe leg=train_part object=ResourceStockpileBox(5665613763) path=train/26 pos=281203,167542,10901 scale=100 state=idle visual=280814,168456,11061 yaw=14400 t=14919135 id=226
[mod] [SMRTK] SMRTK_DUMP bbox_max=49,51,100 bbox_min=-49,-49,0 entity=ResourceCoffe leg=train_part object=ResourceStockpileBox(5708642586) path=train/27 pos=281215,167796,10901 scale=100 state=idle visual=281042,168444,11061 yaw=14400 t=14919135 id=227
[SMRTK] SMRTK_DUMP bbox_max=49,51,100 bbox_min=-49,-49,0 entity=ResourceCoffe leg=train_part object=ResourceStockpileBox(5708642586) path=train/27 pos=281215,167796,10901 scale=100 state=idle visual=281042,168444,11061 yaw=14400 t=14919135 id=227
[mod] [SMRTK] SMRTK_DUMP bbox_max=49,51,100 bbox_min=-49,-49,0 entity=ResourceCoffe leg=train_part object=ResourceStockpileBox(5801920214) path=train/28 pos=281159,167698,10901 scale=100 state=idle visual=280954,168495,11061 yaw=14400 t=14919135 id=228
[SMRTK] SMRTK_DUMP bbox_max=49,51,100 bbox_min=-49,-49,0 entity=ResourceCoffe leg=train_part object=ResourceStockpileBox(5801920214) path=train/28 pos=281159,167698,10901 scale=100 state=idle visual=280954,168495,11061 yaw=14400 t=14919135 id=228
[mod] [SMRTK] SMRTK_DUMP bbox_max=49,51,100 bbox_min=-49,-49,0 entity=ResourceCoffe leg=train_part object=ResourceStockpileBox(5749095783) path=train/29 pos=281102,167600,10901 scale=100 state=idle visual=280866,168546,11061 yaw=14400 t=14919135 id=229
[SMRTK] SMRTK_DUMP bbox_max=49,51,100 bbox_min=-49,-49,0 entity=ResourceCoffe leg=train_part object=ResourceStockpileBox(5749095783) path=train/29 pos=281102,167600,10901 scale=100 state=idle visual=280866,168546,11061 yaw=14400 t=14919135 id=229
[mod] [SMRTK] SMRTK_DUMP bbox_max=49,51,100 bbox_min=-49,-49,0 entity=ResourceCoffe leg=train_part object=ResourceStockpileBox(5596742023) path=train/30 pos=281115,167854,10901 scale=100 state=idle visual=281094,168535,11061 yaw=14400 t=14919135 id=230
[SMRTK] SMRTK_DUMP bbox_max=49,51,100 bbox_min=-49,-49,0 entity=ResourceCoffe leg=train_part object=ResourceStockpileBox(5596742023) path=train/30 pos=281115,167854,10901 scale=100 state=idle visual=281094,168535,11061 yaw=14400 t=14919135 id=230
[mod] [SMRTK] SMRTK_DUMP bbox_max=49,51,100 bbox_min=-49,-49,0 entity=ResourceCoffe leg=train_part object=ResourceStockpileBox(5821163920) path=train/31 pos=281058,167756,10901 scale=100 state=idle visual=281006,168586,11061 yaw=14400 t=14919135 id=231
[SMRTK] SMRTK_DUMP bbox_max=49,51,100 bbox_min=-49,-49,0 entity=ResourceCoffe leg=train_part object=ResourceStockpileBox(5821163920) path=train/31 pos=281058,167756,10901 scale=100 state=idle visual=281006,168586,11061 yaw=14400 t=14919135 id=231
[mod] [SMRTK] SMRTK_DUMP bbox_max=49,51,100 bbox_min=-49,-49,0 entity=ResourceCoffe leg=train_part object=ResourceStockpileBox(6009216656) path=train/32 pos=281002,167658,10901 scale=100 state=idle visual=280918,168636,11061 yaw=14400 t=14919135 id=232
[SMRTK] SMRTK_DUMP bbox_max=49,51,100 bbox_min=-49,-49,0 entity=ResourceCoffe leg=train_part object=ResourceStockpileBox(6009216656) path=train/32 pos=281002,167658,10901 scale=100 state=idle visual=280918,168636,11061 yaw=14400 t=14919135 id=232
[mod] [SMRTK] SMRTK_DUMP bbox_max=49,51,100 bbox_min=-49,-49,0 entity=ResourceCoffe leg=train_part object=ResourceStockpileBox(5919339204) path=train/33 pos=281014,167912,10901 scale=100 state=idle visual=281146,168625,11061 yaw=14400 t=14919135 id=233
[SMRTK] SMRTK_DUMP bbox_max=49,51,100 bbox_min=-49,-49,0 entity=ResourceCoffe leg=train_part object=ResourceStockpileBox(5919339204) path=train/33 pos=281014,167912,10901 scale=100 state=idle visual=281146,168625,11061 yaw=14400 t=14919135 id=233
[mod] [SMRTK] SMRTK_DUMP bbox_max=49,49,102 bbox_min=-49,-49,1 entity=ResourceMeat leg=train_part object=ResourceStockpileBox(5772027199) path=train/34 pos=280958,167814,10901 scale=100 state=idle visual=281058,168676,11061 yaw=14400 t=14919135 id=234
[SMRTK] SMRTK_DUMP bbox_max=49,49,102 bbox_min=-49,-49,1 entity=ResourceMeat leg=train_part object=ResourceStockpileBox(5772027199) path=train/34 pos=280958,167814,10901 scale=100 state=idle visual=281058,168676,11061 yaw=14400 t=14919135 id=234
[mod] [SMRTK] SMRTK_DUMP bbox_max=49,49,102 bbox_min=-49,-49,1 entity=ResourceMeat leg=train_part object=ResourceStockpileBox(5300549017) path=train/35 pos=280901,167716,10901 scale=100 state=idle visual=280970,168727,11061 yaw=14400 t=14919135 id=235
[SMRTK] SMRTK_DUMP bbox_max=49,49,102 bbox_min=-49,-49,1 entity=ResourceMeat leg=train_part object=ResourceStockpileBox(5300549017) path=train/35 pos=280901,167716,10901 scale=100 state=idle visual=280970,168727,11061 yaw=14400 t=14919135 id=235
[mod] [SMRTK] SMRTK_DUMP bbox_max=49,49,102 bbox_min=-49,-49,1 entity=ResourceMeat leg=train_part object=ResourceStockpileBox(5673620031) path=train/36 pos=280914,167970,10901 scale=100 state=idle visual=281198,168716,11061 yaw=14400 t=14919135 id=236
[SMRTK] SMRTK_DUMP bbox_max=49,49,102 bbox_min=-49,-49,1 entity=ResourceMeat leg=train_part object=ResourceStockpileBox(5673620031) path=train/36 pos=280914,167970,10901 scale=100 state=idle visual=281198,168716,11061 yaw=14400 t=14919135 id=236
[mod] [SMRTK] SMRTK_DUMP bbox_max=49,49,102 bbox_min=-49,-49,1 entity=ResourceMeat leg=train_part object=ResourceStockpileBox(5894904835) path=train/37 pos=280857,167872,10901 scale=100 state=idle visual=281110,168767,11061 yaw=14400 t=14919135 id=237
[SMRTK] SMRTK_DUMP bbox_max=49,49,102 bbox_min=-49,-49,1 entity=ResourceMeat leg=train_part object=ResourceStockpileBox(5894904835) path=train/37 pos=280857,167872,10901 scale=100 state=idle visual=281110,168767,11061 yaw=14400 t=14919135 id=237
[mod] [SMRTK] SMRTK_DUMP bbox_max=49,49,102 bbox_min=-49,-49,1 entity=ResourceMeat leg=train_part object=ResourceStockpileBox(5819671843) path=train/38 pos=280801,167774,10901 scale=100 state=idle visual=281022,168817,11061 yaw=14400 t=14919135 id=238
[SMRTK] SMRTK_DUMP bbox_max=49,49,102 bbox_min=-49,-49,1 entity=ResourceMeat leg=train_part object=ResourceStockpileBox(5819671843) path=train/38 pos=280801,167774,10901 scale=100 state=idle visual=281022,168817,11061 yaw=14400 t=14919135 id=238
[mod] [SMRTK] SMRTK_DUMP bbox_max=49,49,102 bbox_min=-49,-49,1 entity=ResourceMeat leg=train_part object=ResourceStockpileBox(5885205594) path=train/39 pos=280813,168028,10901 scale=100 state=idle visual=281251,168806,11061 yaw=14400 t=14919135 id=239
[SMRTK] SMRTK_DUMP bbox_max=49,49,102 bbox_min=-49,-49,1 entity=ResourceMeat leg=train_part object=ResourceStockpileBox(5885205594) path=train/39 pos=280813,168028,10901 scale=100 state=idle visual=281251,168806,11061 yaw=14400 t=14919135 id=239
[mod] [SMRTK] SMRTK_DUMP bbox_max=49,49,102 bbox_min=-49,-49,1 entity=ResourceMeat leg=train_part object=ResourceStockpileBox(5505838280) path=train/40 pos=280757,167930,10901 scale=100 state=idle visual=281162,168857,11061 yaw=14400 t=14919135 id=240
[SMRTK] SMRTK_DUMP bbox_max=49,49,102 bbox_min=-49,-49,1 entity=ResourceMeat leg=train_part object=ResourceStockpileBox(5505838280) path=train/40 pos=280757,167930,10901 scale=100 state=idle visual=281162,168857,11061 yaw=14400 t=14919135 id=240
[mod] [SMRTK] SMRTK_DUMP bbox_max=49,49,102 bbox_min=-49,-49,1 entity=ResourceMeat leg=train_part object=ResourceStockpileBox(6025709891) path=train/41 pos=280700,167832,10901 scale=100 state=idle visual=281074,168908,11061 yaw=14400 t=14919135 id=241
[SMRTK] SMRTK_DUMP bbox_max=49,49,102 bbox_min=-49,-49,1 entity=ResourceMeat leg=train_part object=ResourceStockpileBox(6025709891) path=train/41 pos=280700,167832,10901 scale=100 state=idle visual=281074,168908,11061 yaw=14400 t=14919135 id=241
[mod] [SMRTK] SMRTK_DUMP bbox_max=49,49,102 bbox_min=-49,-49,1 entity=ResourceMeat leg=train_part object=ResourceStockpileBox(5586126274) path=train/42 pos=280713,168086,10901 scale=100 state=idle visual=281303,168897,11061 yaw=14400 t=14919135 id=242
[SMRTK] SMRTK_DUMP bbox_max=49,49,102 bbox_min=-49,-49,1 entity=ResourceMeat leg=train_part object=ResourceStockpileBox(5586126274) path=train/42 pos=280713,168086,10901 scale=100 state=idle visual=281303,168897,11061 yaw=14400 t=14919135 id=242
[mod] [SMRTK] SMRTK_DUMP bbox_max=49,49,102 bbox_min=-49,-49,1 entity=ResourceMeat leg=train_part object=ResourceStockpileBox(5806704068) path=train/43 pos=280657,167988,10901 scale=100 state=idle visual=281215,168947,11061 yaw=14400 t=14919135 id=243
[SMRTK] SMRTK_DUMP bbox_max=49,49,102 bbox_min=-49,-49,1 entity=ResourceMeat leg=train_part object=ResourceStockpileBox(5806704068) path=train/43 pos=280657,167988,10901 scale=100 state=idle visual=281215,168947,11061 yaw=14400 t=14919135 id=243
[mod] [SMRTK] SMRTK_DUMP bbox_max=49,49,102 bbox_min=-49,-49,1 entity=ResourceMeat leg=train_part object=ResourceStockpileBox(6055680494) path=train/44 pos=280600,167890,10901 scale=100 state=idle visual=281127,168998,11061 yaw=14400 t=14919135 id=244
[SMRTK] SMRTK_DUMP bbox_max=49,49,102 bbox_min=-49,-49,1 entity=ResourceMeat leg=train_part object=ResourceStockpileBox(6055680494) path=train/44 pos=280600,167890,10901 scale=100 state=idle visual=281127,168998,11061 yaw=14400 t=14919135 id=244
[mod] [SMRTK] SMRTK_DUMP bbox_max=49,49,102 bbox_min=-49,-49,1 entity=ResourceMeat leg=train_part object=ResourceStockpileBox(5584535705) path=train/45 pos=281316,167738,10800 scale=100 state=idle visual=280990,168354,10970 yaw=14400 t=14919135 id=245
[SMRTK] SMRTK_DUMP bbox_max=49,49,102 bbox_min=-49,-49,1 entity=ResourceMeat leg=train_part object=ResourceStockpileBox(5584535705) path=train/45 pos=281316,167738,10800 scale=100 state=idle visual=280990,168354,10970 yaw=14400 t=14919135 id=245
[mod] [SMRTK] SMRTK_DUMP bbox_max=49,49,102 bbox_min=-49,-49,1 entity=ResourceMeat leg=train_part object=ResourceStockpileBox(5839237337) path=train/46 pos=281259,167640,10800 scale=100 state=idle visual=280902,168405,10970 yaw=14400 t=14919135 id=246
[SMRTK] SMRTK_DUMP bbox_max=49,49,102 bbox_min=-49,-49,1 entity=ResourceMeat leg=train_part object=ResourceStockpileBox(5839237337) path=train/46 pos=281259,167640,10800 scale=100 state=idle visual=280902,168405,10970 yaw=14400 t=14919135 id=246
[mod] [SMRTK] SMRTK_DUMP bbox_max=49,49,102 bbox_min=-49,-49,1 entity=ResourceMeat leg=train_part object=ResourceStockpileBox(5895137628) path=train/47 pos=281203,167542,10800 scale=100 state=idle visual=280814,168456,10970 yaw=14400 t=14919135 id=247
[SMRTK] SMRTK_DUMP bbox_max=49,49,102 bbox_min=-49,-49,1 entity=ResourceMeat leg=train_part object=ResourceStockpileBox(5895137628) path=train/47 pos=281203,167542,10800 scale=100 state=idle visual=280814,168456,10970 yaw=14400 t=14919135 id=247
						Lua 0:01:03:464
[mod] [SMRTK] SMRTK_DUMP bbox_max=49,49,102 bbox_min=-49,-49,1 entity=ResourceMeat leg=train_part object=ResourceStockpileBox(5501833635) path=train/48 pos=281215,167796,10800 scale=100 state=idle visual=281042,168444,10970 yaw=14400 t=14919135 id=248
[SMRTK] SMRTK_DUMP bbox_max=49,49,102 bbox_min=-49,-49,1 entity=ResourceMeat leg=train_part object=ResourceStockpileBox(5501833635) path=train/48 pos=281215,167796,10800 scale=100 state=idle visual=281042,168444,10970 yaw=14400 t=14919135 id=248
[mod] [SMRTK] SMRTK_DUMP bbox_max=49,49,102 bbox_min=-49,-49,1 entity=ResourceMeat leg=train_part object=ResourceStockpileBox(6091213841) path=train/49 pos=281159,167698,10800 scale=100 state=idle visual=280954,168495,10970 yaw=14400 t=14919135 id=249
[SMRTK] SMRTK_DUMP bbox_max=49,49,102 bbox_min=-49,-49,1 entity=ResourceMeat leg=train_part object=ResourceStockpileBox(6091213841) path=train/49 pos=281159,167698,10800 scale=100 state=idle visual=280954,168495,10970 yaw=14400 t=14919135 id=249
[mod] [SMRTK] SMRTK_DUMP bbox_max=47,51,100 bbox_min=-53,-50,3 entity=ResourceMachineParts leg=train_part object=ResourceStockpileBox(6052591975) path=train/50 pos=281102,167600,10800 scale=100 state=idle visual=280866,168546,10970 yaw=14400 t=14919135 id=250
[SMRTK] SMRTK_DUMP bbox_max=47,51,100 bbox_min=-53,-50,3 entity=ResourceMachineParts leg=train_part object=ResourceStockpileBox(6052591975) path=train/50 pos=281102,167600,10800 scale=100 state=idle visual=280866,168546,10970 yaw=14400 t=14919135 id=250
[mod] [SMRTK] SMRTK_DUMP bbox_max=47,51,100 bbox_min=-53,-50,3 entity=ResourceMachineParts leg=train_part object=ResourceStockpileBox(5803675911) path=train/51 pos=281115,167854,10800 scale=100 state=idle visual=281094,168535,10970 yaw=14400 t=14919135 id=251
[SMRTK] SMRTK_DUMP bbox_max=47,51,100 bbox_min=-53,-50,3 entity=ResourceMachineParts leg=train_part object=ResourceStockpileBox(5803675911) path=train/51 pos=281115,167854,10800 scale=100 state=idle visual=281094,168535,10970 yaw=14400 t=14919135 id=251
[mod] [SMRTK] SMRTK_DUMP bbox_max=47,51,100 bbox_min=-53,-50,3 entity=ResourceMachineParts leg=train_part object=ResourceStockpileBox(5816447252) path=train/52 pos=281058,167756,10800 scale=100 state=idle visual=281006,168586,10970 yaw=14400 t=14919135 id=252
[SMRTK] SMRTK_DUMP bbox_max=47,51,100 bbox_min=-53,-50,3 entity=ResourceMachineParts leg=train_part object=ResourceStockpileBox(5816447252) path=train/52 pos=281058,167756,10800 scale=100 state=idle visual=281006,168586,10970 yaw=14400 t=14919135 id=252
[mod] [SMRTK] SMRTK_DUMP bbox_max=47,51,100 bbox_min=-53,-50,3 entity=ResourceMachineParts leg=train_part object=ResourceStockpileBox(5451449773) path=train/53 pos=281002,167658,10800 scale=100 state=idle visual=280918,168636,10970 yaw=14400 t=14919135 id=253
[SMRTK] SMRTK_DUMP bbox_max=47,51,100 bbox_min=-53,-50,3 entity=ResourceMachineParts leg=train_part object=ResourceStockpileBox(5451449773) path=train/53 pos=281002,167658,10800 scale=100 state=idle visual=280918,168636,10970 yaw=14400 t=14919135 id=253
[mod] [SMRTK] SMRTK_DUMP bbox_max=47,51,100 bbox_min=-53,-50,3 entity=ResourceMachineParts leg=train_part object=ResourceStockpileBox(5498908901) path=train/54 pos=281014,167912,10800 scale=100 state=idle visual=281146,168625,10970 yaw=14400 t=14919135 id=254
[SMRTK] SMRTK_DUMP bbox_max=47,51,100 bbox_min=-53,-50,3 entity=ResourceMachineParts leg=train_part object=ResourceStockpileBox(5498908901) path=train/54 pos=281014,167912,10800 scale=100 state=idle visual=281146,168625,10970 yaw=14400 t=14919135 id=254
[mod] [SMRTK] SMRTK_DUMP bbox_max=47,51,100 bbox_min=-53,-50,3 entity=ResourceMachineParts leg=train_part object=ResourceStockpileBox(5411991699) path=train/55 pos=280958,167814,10800 scale=100 state=idle visual=281058,168676,10970 yaw=14400 t=14919135 id=255
[SMRTK] SMRTK_DUMP bbox_max=47,51,100 bbox_min=-53,-50,3 entity=ResourceMachineParts leg=train_part object=ResourceStockpileBox(5411991699) path=train/55 pos=280958,167814,10800 scale=100 state=idle visual=281058,168676,10970 yaw=14400 t=14919135 id=255
[mod] [SMRTK] SMRTK_DUMP bbox_max=47,51,100 bbox_min=-53,-50,3 entity=ResourceMachineParts leg=train_part object=ResourceStockpileBox(6005956684) path=train/56 pos=280901,167716,10800 scale=100 state=idle visual=280970,168727,10970 yaw=14400 t=14919135 id=256
[SMRTK] SMRTK_DUMP bbox_max=47,51,100 bbox_min=-53,-50,3 entity=ResourceMachineParts leg=train_part object=ResourceStockpileBox(6005956684) path=train/56 pos=280901,167716,10800 scale=100 state=idle visual=280970,168727,10970 yaw=14400 t=14919135 id=256
[mod] [SMRTK] SMRTK_DUMP bbox_max=47,51,100 bbox_min=-53,-50,3 entity=ResourceMachineParts leg=train_part object=ResourceStockpileBox(5580580669) path=train/57 pos=280914,167970,10800 scale=100 state=idle visual=281198,168716,10970 yaw=14400 t=14919135 id=257
[SMRTK] SMRTK_DUMP bbox_max=47,51,100 bbox_min=-53,-50,3 entity=ResourceMachineParts leg=train_part object=ResourceStockpileBox(5580580669) path=train/57 pos=280914,167970,10800 scale=100 state=idle visual=281198,168716,10970 yaw=14400 t=14919135 id=257
[mod] [SMRTK] SMRTK_DUMP bbox_max=47,51,100 bbox_min=-53,-50,3 entity=ResourceMachineParts leg=train_part object=ResourceStockpileBox(5973962601) path=train/58 pos=280857,167872,10800 scale=100 state=idle visual=281110,168766,10970 yaw=14400 t=14919135 id=258
[SMRTK] SMRTK_DUMP bbox_max=47,51,100 bbox_min=-53,-50,3 entity=ResourceMachineParts leg=train_part object=ResourceStockpileBox(5973962601) path=train/58 pos=280857,167872,10800 scale=100 state=idle visual=281110,168766,10970 yaw=14400 t=14919135 id=258
[mod] [SMRTK] SMRTK_DUMP bbox_max=47,51,100 bbox_min=-53,-50,3 entity=ResourceMachineParts leg=train_part object=ResourceStockpileBox(5319362219) path=train/59 pos=280801,167774,10800 scale=100 state=idle visual=281022,168817,10970 yaw=14400 t=14919135 id=259
[SMRTK] SMRTK_DUMP bbox_max=47,51,100 bbox_min=-53,-50,3 entity=ResourceMachineParts leg=train_part object=ResourceStockpileBox(5319362219) path=train/59 pos=280801,167774,10800 scale=100 state=idle visual=281022,168817,10970 yaw=14400 t=14919135 id=259
[mod] [SMRTK] SMRTK_DUMP bbox_max=47,51,100 bbox_min=-53,-50,3 entity=ResourceMachineParts leg=train_part object=ResourceStockpileBox(5879124315) path=train/60 pos=280813,168028,10800 scale=100 state=idle visual=281251,168806,10970 yaw=14400 t=14919135 id=260
[SMRTK] SMRTK_DUMP bbox_max=47,51,100 bbox_min=-53,-50,3 entity=ResourceMachineParts leg=train_part object=ResourceStockpileBox(5879124315) path=train/60 pos=280813,168028,10800 scale=100 state=idle visual=281251,168806,10970 yaw=14400 t=14919135 id=260
[mod] [SMRTK] SMRTK_DUMP bbox_max=47,51,100 bbox_min=-53,-50,3 entity=ResourceMachineParts leg=train_part object=ResourceStockpileBox(5357132298) path=train/61 pos=280757,167930,10800 scale=100 state=idle visual=281163,168857,10970 yaw=14400 t=14919135 id=261
[SMRTK] SMRTK_DUMP bbox_max=47,51,100 bbox_min=-53,-50,3 entity=ResourceMachineParts leg=train_part object=ResourceStockpileBox(5357132298) path=train/61 pos=280757,167930,10800 scale=100 state=idle visual=281163,168857,10970 yaw=14400 t=14919135 id=261
[mod] [SMRTK] SMRTK_DUMP bbox_max=47,51,100 bbox_min=-53,-50,3 entity=ResourceMachineParts leg=train_part object=ResourceStockpileBox(5935138420) path=train/62 pos=280700,167832,10800 scale=100 state=idle visual=281074,168908,10970 yaw=14400 t=14919135 id=262
[SMRTK] SMRTK_DUMP bbox_max=47,51,100 bbox_min=-53,-50,3 entity=ResourceMachineParts leg=train_part object=ResourceStockpileBox(5935138420) path=train/62 pos=280700,167832,10800 scale=100 state=idle visual=281074,168908,10970 yaw=14400 t=14919135 id=262
[mod] [SMRTK] SMRTK_DUMP bbox_max=47,51,100 bbox_min=-53,-50,3 entity=ResourceMachineParts leg=train_part object=ResourceStockpileBox(5540151126) path=train/63 pos=280713,168086,10800 scale=100 state=idle visual=281303,168897,10970 yaw=14400 t=14919135 id=263
[SMRTK] SMRTK_DUMP bbox_max=47,51,100 bbox_min=-53,-50,3 entity=ResourceMachineParts leg=train_part object=ResourceStockpileBox(5540151126) path=train/63 pos=280713,168086,10800 scale=100 state=idle visual=281303,168897,10970 yaw=14400 t=14919135 id=263
[mod] [SMRTK] SMRTK_DUMP bbox_max=47,51,100 bbox_min=-53,-50,3 entity=ResourceMachineParts leg=train_part object=ResourceStockpileBox(5525798385) path=train/64 pos=280657,167988,10800 scale=100 state=idle visual=281215,168947,10970 yaw=14400 t=14919135 id=264
[SMRTK] SMRTK_DUMP bbox_max=47,51,100 bbox_min=-53,-50,3 entity=ResourceMachineParts leg=train_part object=ResourceStockpileBox(5525798385) path=train/64 pos=280657,167988,10800 scale=100 state=idle visual=281215,168947,10970 yaw=14400 t=14919135 id=264
[mod] [SMRTK] SMRTK_DUMP bbox_max=47,51,100 bbox_min=-53,-50,3 entity=ResourceMachineParts leg=train_part object=ResourceStockpileBox(5581922021) path=train/65 pos=280600,167890,10800 scale=100 state=idle visual=281127,168998,10970 yaw=14400 t=14919135 id=265
[SMRTK] SMRTK_DUMP bbox_max=47,51,100 bbox_min=-53,-50,3 entity=ResourceMachineParts leg=train_part object=ResourceStockpileBox(5581922021) path=train/65 pos=280600,167890,10800 scale=100 state=idle visual=281127,168998,10970 yaw=14400 t=14919135 id=265
[mod] [SMRTK] SMRTK_MARK action=mark label=HUB3B_PARTS_END mark=282 status=OK t=14919135 id=266
[SMRTK] SMRTK_MARK action=mark label=HUB3B_PARTS_END mark=282 status=OK t=14919135 id=266
[mod] [SMRTK] SMRTK_FINGERPRINT action=fingerprint fix_pack_present=52/52 game=403908 mark_action=mark mods=SMR_CommunityFixPack,SMR_CommunityFixPackTestKit,SMR_CommunityOptInPack,SMR_TrainHubDev_20260918 pack_version=19 read="live registry" save="SpaceY Sol 21.savegame.sav" sol=21 status=OK t=14919135 id=267
[SMRTK] SMRTK_FINGERPRINT action=fingerprint fix_pack_present=52/52 game=403908 mark_action=mark mods=SMR_CommunityFixPack,SMR_CommunityFixPackTestKit,SMR_CommunityOptInPack,SMR_TrainHubDev_20260918 pack_version=19 read="live registry" save="SpaceY Sol 21.savegame.sav" sol=21 status=OK t=14919135 id=267
						Lua 0:01:03:465
[mod] [SMRTK] SMRTK_ACTION action=slot_6 length_verdict="DISPUTED: compare visible train to hex grid" status=OK train=Train(2000001576) t=14919135 id=268
[SMRTK] SMRTK_ACTION action=slot_6 length_verdict="DISPUTED: compare visible train to hex grid" status=OK train=Train(2000001576) t=14919135 id=268
						Lua 0:01:05:660
[mod] [SMRTK] SMRTK_MARK action=screenshot_mark capture="native accepted" capture_id=0044 fallback=false label="Hub3b stage 3 old saved positions" mark=285 path=C:/Dev/SMR-ScreenCaptures/SMRTK_0044.png status=OK t=14919135 id=269
[SMRTK] SMRTK_MARK action=screenshot_mark capture="native accepted" capture_id=0044 fallback=false label="Hub3b stage 3 old saved positions" mark=285 path=C:/Dev/SMR-ScreenCaptures/SMRTK_0044.png status=OK t=14919135 id=269
[mod] [SMRTK] SMRTK_FINGERPRINT action=fingerprint fix_pack_present=52/52 game=403908 mark_action=screenshot_mark mods=SMR_CommunityFixPack,SMR_CommunityFixPackTestKit,SMR_CommunityOptInPack,SMR_TrainHubDev_20260918 pack_version=19 read="live registry" save="SpaceY Sol 21.savegame.sav" sol=21 status=OK t=14919135 id=270
[SMRTK] SMRTK_FINGERPRINT action=fingerprint fix_pack_present=52/52 game=403908 mark_action=screenshot_mark mods=SMR_CommunityFixPack,SMR_CommunityFixPackTestKit,SMR_CommunityOptInPack,SMR_TrainHubDev_20260918 pack_version=19 read="live registry" save="SpaceY Sol 21.savegame.sav" sol=21 status=OK t=14919135 id=270
[mod] [SMRTK] SMRTK_MARK action=mark label=HUB3B_TUNE_BEGIN mark=287 status=OK t=14919135 id=271
[SMRTK] SMRTK_MARK action=mark label=HUB3B_TUNE_BEGIN mark=287 status=OK t=14919135 id=271
[mod] [SMRTK] SMRTK_FINGERPRINT action=fingerprint fix_pack_present=52/52 game=403908 mark_action=mark mods=SMR_CommunityFixPack,SMR_CommunityFixPackTestKit,SMR_CommunityOptInPack,SMR_TrainHubDev_20260918 pack_version=19 read="live registry" save="SpaceY Sol 21.savegame.sav" sol=21 status=OK t=14919135 id=272
[SMRTK] SMRTK_FINGERPRINT action=fingerprint fix_pack_present=52/52 game=403908 mark_action=mark mods=SMR_CommunityFixPack,SMR_CommunityFixPackTestKit,SMR_CommunityOptInPack,SMR_TrainHubDev_20260918 pack_version=19 read="live registry" save="SpaceY Sol 21.savegame.sav" sol=21 status=OK t=14919135 id=272
						Lua 0:01:05:661
[mod] [SMRTK] SMRTK_DUMP leg=park_setup moved=1 mutation="reposition paused parked trains" new=1800 old=1700 t=14919135 id=273
[SMRTK] SMRTK_DUMP leg=park_setup moved=1 mutation="reposition paused parked trains" new=1800 old=1700 t=14919135 id=273
[mod] [SMRTK] SMRTK_MARK action=mark label=HUB3B_TUNE_END mark=290 status=OK t=14919135 id=274
[SMRTK] SMRTK_MARK action=mark label=HUB3B_TUNE_END mark=290 status=OK t=14919135 id=274
[mod] [SMRTK] SMRTK_FINGERPRINT action=fingerprint fix_pack_present=52/52 game=403908 mark_action=mark mods=SMR_CommunityFixPack,SMR_CommunityFixPackTestKit,SMR_CommunityOptInPack,SMR_TrainHubDev_20260918 pack_version=19 read="live registry" save="SpaceY Sol 21.savegame.sav" sol=21 status=OK t=14919135 id=275
[SMRTK] SMRTK_FINGERPRINT action=fingerprint fix_pack_present=52/52 game=403908 mark_action=mark mods=SMR_CommunityFixPack,SMR_CommunityFixPackTestKit,SMR_CommunityOptInPack,SMR_TrainHubDev_20260918 pack_version=19 read="live registry" save="SpaceY Sol 21.savegame.sav" sol=21 status=OK t=14919135 id=275
[mod] [SMRTK] SMRTK_ACTION action=slot_5 leg=park_setup moved=1 mutation="reposition paused parked trains" new=1800 old=1700 status=OK t=14919135 id=276
[SMRTK] SMRTK_ACTION action=slot_5 leg=park_setup moved=1 mutation="reposition paused parked trains" new=1800 old=1700 status=OK t=14919135 id=276
[mod] [HUB3BSMOKE] TUNE outward true nil
[mod] [SMRTK] SMRTK_MARK action=mark label=HUB3B_TUNE_BEGIN mark=293 status=OK t=14919135 id=277
[SMRTK] SMRTK_MARK action=mark label=HUB3B_TUNE_BEGIN mark=293 status=OK t=14919135 id=277
[mod] [SMRTK] SMRTK_FINGERPRINT action=fingerprint fix_pack_present=52/52 game=403908 mark_action=mark mods=SMR_CommunityFixPack,SMR_CommunityFixPackTestKit,SMR_CommunityOptInPack,SMR_TrainHubDev_20260918 pack_version=19 read="live registry" save="SpaceY Sol 21.savegame.sav" sol=21 status=OK t=14919135 id=278
[SMRTK] SMRTK_FINGERPRINT action=fingerprint fix_pack_present=52/52 game=403908 mark_action=mark mods=SMR_CommunityFixPack,SMR_CommunityFixPackTestKit,SMR_CommunityOptInPack,SMR_TrainHubDev_20260918 pack_version=19 read="live registry" save="SpaceY Sol 21.savegame.sav" sol=21 status=OK t=14919135 id=278
[mod] [SMRTK] SMRTK_DUMP leg=park_setup moved=1 mutation="reposition paused parked trains" new=1700 old=1800 t=14919135 id=279
[SMRTK] SMRTK_DUMP leg=park_setup moved=1 mutation="reposition paused parked trains" new=1700 old=1800 t=14919135 id=279
[mod] [SMRTK] SMRTK_MARK action=mark label=HUB3B_TUNE_END mark=296 status=OK t=14919135 id=280
[SMRTK] SMRTK_MARK action=mark label=HUB3B_TUNE_END mark=296 status=OK t=14919135 id=280
[mod] [SMRTK] SMRTK_FINGERPRINT action=fingerprint fix_pack_present=52/52 game=403908 mark_action=mark mods=SMR_CommunityFixPack,SMR_CommunityFixPackTestKit,SMR_CommunityOptInPack,SMR_TrainHubDev_20260918 pack_version=19 read="live registry" save="SpaceY Sol 21.savegame.sav" sol=21 status=OK t=14919135 id=281
[SMRTK] SMRTK_FINGERPRINT action=fingerprint fix_pack_present=52/52 game=403908 mark_action=mark mods=SMR_CommunityFixPack,SMR_CommunityFixPackTestKit,SMR_CommunityOptInPack,SMR_TrainHubDev_20260918 pack_version=19 read="live registry" save="SpaceY Sol 21.savegame.sav" sol=21 status=OK t=14919135 id=281
[mod] [SMRTK] SMRTK_ACTION action=slot_2 leg=park_setup moved=1 mutation="reposition paused parked trains" new=1700 old=1800 status=OK t=14919135 id=282
[SMRTK] SMRTK_ACTION action=slot_2 leg=park_setup moved=1 mutation="reposition paused parked trains" new=1700 old=1800 status=OK t=14919135 id=282
						Lua 0:01:07:875
[mod] [SMRTK] SMRTK_MARK action=screenshot_mark capture="native accepted" capture_id=0045 fallback=false label="Hub3b stage 3 17 m own-line parking with hex grid" mark=299 path=C:/Dev/SMR-ScreenCaptures/SMRTK_0045.png status=OK t=14919135 id=283
[SMRTK] SMRTK_MARK action=screenshot_mark capture="native accepted" capture_id=0045 fallback=false label="Hub3b stage 3 17 m own-line parking with hex grid" mark=299 path=C:/Dev/SMR-ScreenCaptures/SMRTK_0045.png status=OK t=14919135 id=283
[mod] [SMRTK] SMRTK_FINGERPRINT action=fingerprint fix_pack_present=52/52 game=403908 mark_action=screenshot_mark mods=SMR_CommunityFixPack,SMR_CommunityFixPackTestKit,SMR_CommunityOptInPack,SMR_TrainHubDev_20260918 pack_version=19 read="live registry" save="SpaceY Sol 21.savegame.sav" sol=21 status=OK t=14919135 id=284
[SMRTK] SMRTK_FINGERPRINT action=fingerprint fix_pack_present=52/52 game=403908 mark_action=screenshot_mark mods=SMR_CommunityFixPack,SMR_CommunityFixPackTestKit,SMR_CommunityOptInPack,SMR_TrainHubDev_20260918 pack_version=19 read="live registry" save="SpaceY Sol 21.savegame.sav" sol=21 status=OK t=14919135 id=284
						Lua 0:01:07:876
[mod] [SMRTK] SMRTK_MARK action=mark label=HUB3B_DEPART_BEGIN mark=301 status=OK t=14919135 id=285
[SMRTK] SMRTK_MARK action=mark label=HUB3B_DEPART_BEGIN mark=301 status=OK t=14919135 id=285
[mod] [SMRTK] SMRTK_FINGERPRINT action=fingerprint fix_pack_present=52/52 game=403908 mark_action=mark mods=SMR_CommunityFixPack,SMR_CommunityFixPackTestKit,SMR_CommunityOptInPack,SMR_TrainHubDev_20260918 pack_version=19 read="live registry" save="SpaceY Sol 21.savegame.sav" sol=21 status=OK t=14919135 id=286
[SMRTK] SMRTK_FINGERPRINT action=fingerprint fix_pack_present=52/52 game=403908 mark_action=mark mods=SMR_CommunityFixPack,SMR_CommunityFixPackTestKit,SMR_CommunityOptInPack,SMR_TrainHubDev_20260918 pack_version=19 read="live registry" save="SpaceY Sol 21.savegame.sav" sol=21 status=OK t=14919135 id=286
[mod] [SMRTK] SMRTK_DUMP arrival=2 departure=3 destination=StationBig(2009) kind=120 leg=departure_setup mutation="assign outgoing track and start vanilla GotoStation" stage=3 train=Train(2000001576) t=14919135 id=287
[SMRTK] SMRTK_DUMP arrival=2 departure=3 destination=StationBig(2009) kind=120 leg=departure_setup mutation="assign outgoing track and start vanilla GotoStation" stage=3 train=Train(2000001576) t=14919135 id=287
[mod] [SMRTK] SMRTK_MARK action=mark label=HUB3B_DEPART_END mark=304 status=OK t=14919135 id=288
[SMRTK] SMRTK_MARK action=mark label=HUB3B_DEPART_END mark=304 status=OK t=14919135 id=288
[mod] [SMRTK] SMRTK_FINGERPRINT action=fingerprint fix_pack_present=52/52 game=403908 mark_action=mark mods=SMR_CommunityFixPack,SMR_CommunityFixPackTestKit,SMR_CommunityOptInPack,SMR_TrainHubDev_20260918 pack_version=19 read="live registry" save="SpaceY Sol 21.savegame.sav" sol=21 status=OK t=14919135 id=289
[SMRTK] SMRTK_FINGERPRINT action=fingerprint fix_pack_present=52/52 game=403908 mark_action=mark mods=SMR_CommunityFixPack,SMR_CommunityFixPackTestKit,SMR_CommunityOptInPack,SMR_TrainHubDev_20260918 pack_version=19 read="live registry" save="SpaceY Sol 21.savegame.sav" sol=21 status=OK t=14919135 id=289
[mod] [SMRTK] SMRTK_ACTION action=slot_3 arrival=2 departure=3 destination=StationBig(2009) kind=120 leg=departure_setup mutation="assign outgoing track and start vanilla GotoStation" stage=3 status=OK train=Train(2000001576) t=14919135 id=290
[SMRTK] SMRTK_ACTION action=slot_3 arrival=2 departure=3 destination=StationBig(2009) kind=120 leg=departure_setup mutation="assign outgoing track and start vanilla GotoStation" stage=3 status=OK train=Train(2000001576) t=14919135 id=290
[mod] [HUB3BSMOKE] DEPART started=true reason=nil
						Lua 0:01:07:881
[mod] [SMRTK] SMRTK_SECTION action=section_attach attached=true dialog=ipTrain object=Train(2000001576) status=OK t=14919135 id=291
						Lua 0:01:08:374
[mod] [HUB3BSMOKE] POSE turn 5 lock=false
[mod] [HUB3BSMOKE] TRAIN h=2000001571 hub=false at=false arrival=false cmd=GotoStation pos=(280866, 167195, 10800) yaw=3600 visual_yaw=3600
[mod] [HUB3BSMOKE] TRAIN h=2000001573 hub=false at=false arrival=false cmd=GotoStation pos=(188321, 198427, 10800) yaw=15372 visual_yaw=14934
[mod] [HUB3BSMOKE] TRAIN h=2000001575 hub=false at=true arrival=1 cmd=UnloadTrain pos=(198539, 215033, 10000) yaw=3600 visual_yaw=3600
[mod] [HUB3BSMOKE] TRAIN h=2000001576 hub=true at=false arrival=2 cmd=GotoStation pos=(280600, 167890, 10800) yaw=14400 visual_yaw=14400
						Lua 0:01:08:874
[mod] [HUB3BSMOKE] POSE turn 10 lock=false
[mod] [HUB3BSMOKE] TRAIN h=2000001571 hub=false at=false arrival=false cmd=GotoStation pos=(281991, 169144, 10800) yaw=3600 visual_yaw=3600
[mod] [HUB3BSMOKE] TRAIN h=2000001573 hub=false at=false arrival=false cmd=GotoStation pos=(189185, 196551, 10800) yaw=18000 visual_yaw=18000
[mod] [HUB3BSMOKE] TRAIN h=2000001575 hub=false at=true arrival=1 cmd=UnloadTrain pos=(198539, 215033, 10000) yaw=3600 visual_yaw=3600
[mod] [HUB3BSMOKE] TRAIN h=2000001576 hub=true at=false arrival=2 cmd=GotoStation pos=(280600, 167890, 10800) yaw=14400 visual_yaw=14400
						Lua 0:01:11:193
[mod] [SMRTK] SMRTK_MARK action=screenshot_mark capture="native accepted" capture_id=0046 fallback=false label="Hub3b stage 3 movement sample" mark=308 path=C:/Dev/SMR-ScreenCaptures/SMRTK_0046.png status=OK t=14920334 id=292
[SMRTK] SMRTK_MARK action=screenshot_mark capture="native accepted" capture_id=0046 fallback=false label="Hub3b stage 3 movement sample" mark=308 path=C:/Dev/SMR-ScreenCaptures/SMRTK_0046.png status=OK t=14920334 id=292
						Lua 0:01:11:194
[mod] [SMRTK] SMRTK_FINGERPRINT action=fingerprint fix_pack_present=52/52 game=403908 mark_action=screenshot_mark mods=SMR_CommunityFixPack,SMR_CommunityFixPackTestKit,SMR_CommunityOptInPack,SMR_TrainHubDev_20260918 pack_version=19 read="live registry" save="SpaceY Sol 21.savegame.sav" sol=21 status=OK t=14920334 id=293
[SMRTK] SMRTK_FINGERPRINT action=fingerprint fix_pack_present=52/52 game=403908 mark_action=screenshot_mark mods=SMR_CommunityFixPack,SMR_CommunityFixPackTestKit,SMR_CommunityOptInPack,SMR_TrainHubDev_20260918 pack_version=19 read="live registry" save="SpaceY Sol 21.savegame.sav" sol=21 status=OK t=14920334 id=293
						Lua 0:01:11:495
[mod] [HUB3BSMOKE] POSE turn 15 lock=2000001576
[mod] [HUB3BSMOKE] TRAIN h=2000001571 hub=true at=false arrival=false cmd=GotoStation pos=(283124, 171106, 10800) yaw=3600 visual_yaw=3600
[mod] [HUB3BSMOKE] TRAIN h=2000001573 hub=false at=false arrival=false cmd=GotoStation pos=(190747, 195433, 10800) yaw=20918 visual_yaw=20898
[mod] [HUB3BSMOKE] TRAIN h=2000001575 hub=false at=true arrival=1 cmd=UnloadTrain pos=(198539, 215033, 10000) yaw=3600 visual_yaw=3600
[mod] [HUB3BSMOKE] TRAIN h=2000001576 hub=true at=false arrival=2 cmd=GotoStation pos=(279979, 166814, 10800) yaw=14400 visual_yaw=14400
						Lua 0:01:11:994
[mod] [HUB3BSMOKE] POSE turn 20 lock=2000001576
[mod] [HUB3BSMOKE] TRAIN h=2000001571 hub=true at=false arrival=false cmd=GotoStation pos=(284241, 173040, 10800) yaw=3600 visual_yaw=3600
[mod] [HUB3BSMOKE] TRAIN h=2000001573 hub=false at=false arrival=false cmd=GotoStation pos=(192964, 195427, 10800) yaw=0 visual_yaw=0
[mod] [HUB3BSMOKE] TRAIN h=2000001575 hub=false at=true arrival=1 cmd=UnloadTrain pos=(198539, 215033, 10000) yaw=3600 visual_yaw=3600
[mod] [HUB3BSMOKE] TRAIN h=2000001576 hub=true at=false arrival=2 cmd=GotoStation pos=(279833, 166561, 10800) yaw=10800 visual_yaw=13669
						Lua 0:01:12:493
[mod] [HUB3BSMOKE] POSE turn 25 lock=2000001576
[mod] [HUB3BSMOKE] TRAIN h=2000001571 hub=true at=false arrival=false cmd=GotoStation pos=(285367, 174991, 10800) yaw=3600 visual_yaw=3600
[mod] [HUB3BSMOKE] TRAIN h=2000001573 hub=false at=false arrival=false cmd=GotoStation pos=(195216, 195427, 10800) yaw=0 visual_yaw=0
[mod] [HUB3BSMOKE] TRAIN h=2000001575 hub=false at=true arrival=1 cmd=UnloadTrain pos=(198539, 215033, 10000) yaw=3600 visual_yaw=3600
[mod] [HUB3BSMOKE] TRAIN h=2000001576 hub=true at=false arrival=2 cmd=GotoStation pos=(279833, 166561, 10800) yaw=10800 visual_yaw=11869
						Lua 0:01:12:993
[mod] [HUB3BSMOKE] POSE turn 30 lock=2000001576
[mod] [HUB3BSMOKE] TRAIN h=2000001571 hub=true at=false arrival=false cmd=GotoStation pos=(286493, 176941, 10800) yaw=3600 visual_yaw=3600
[mod] [HUB3BSMOKE] TRAIN h=2000001573 hub=false at=false arrival=false cmd=GotoStation pos=(197468, 195427, 10800) yaw=0 visual_yaw=0
						Lua 0:01:12:994
[mod] [HUB3BSMOKE] TRAIN h=2000001575 hub=false at=true arrival=1 cmd=LoadTrain pos=(198539, 215033, 10000) yaw=3600 visual_yaw=3600
[mod] [HUB3BSMOKE] TRAIN h=2000001576 hub=true at=false arrival=2 cmd=GotoStation pos=(278996, 166561, 10800) yaw=10800 visual_yaw=10800
						Lua 0:01:13:493
[mod] [HUB3BSMOKE] POSE turn 35 lock=2000001576
[mod] [HUB3BSMOKE] TRAIN h=2000001571 hub=true at=false arrival=false cmd=GotoStation pos=(287619, 178892, 10800) yaw=3600 visual_yaw=3600
[mod] [HUB3BSMOKE] TRAIN h=2000001573 hub=false at=false arrival=false cmd=GotoStation pos=(199721, 195427, 10800) yaw=0 visual_yaw=0
[mod] [HUB3BSMOKE] TRAIN h=2000001575 hub=false at=true arrival=1 cmd=LoadTrain pos=(198539, 215033, 10000) yaw=3600 visual_yaw=3600
[mod] [HUB3BSMOKE] TRAIN h=2000001576 hub=true at=false arrival=2 cmd=GotoStation pos=(277588, 166561, 10800) yaw=10800 visual_yaw=10800
						Lua 0:01:13:993
[mod] [HUB3BSMOKE] POSE turn 40 lock=2000001576
[mod] [HUB3BSMOKE] TRAIN h=2000001571 hub=true at=false arrival=false cmd=GotoStation pos=(288743, 180838, 10800) yaw=3600 visual_yaw=3600
[mod] [HUB3BSMOKE] TRAIN h=2000001573 hub=false at=false arrival=false cmd=GotoStation pos=(201968, 195427, 10800) yaw=0 visual_yaw=0
[mod] [HUB3BSMOKE] TRAIN h=2000001575 hub=false at=true arrival=1 cmd=LoadTrain pos=(198539, 215033, 10000) yaw=3600 visual_yaw=3600
[mod] [HUB3BSMOKE] TRAIN h=2000001576 hub=true at=false arrival=2 cmd=GotoStation pos=(277080, 166561, 10800) yaw=10800 visual_yaw=10800
						Lua 0:01:14:493
[mod] [HUB3BSMOKE] POSE turn 45 lock=2000001576
[mod] [HUB3BSMOKE] TRAIN h=2000001571 hub=true at=false arrival=false cmd=GotoStation pos=(289870, 182789, 10800) yaw=3600 visual_yaw=3600
[mod] [HUB3BSMOKE] TRAIN h=2000001573 hub=false at=false arrival=false cmd=GotoStation pos=(204221, 195427, 10800) yaw=0 visual_yaw=0
[mod] [HUB3BSMOKE] TRAIN h=2000001575 hub=false at=true arrival=1 cmd=LoadTrain pos=(198539, 215033, 10000) yaw=3600 visual_yaw=3600
[mod] [HUB3BSMOKE] TRAIN h=2000001576 hub=true at=false arrival=2 cmd=GotoStation pos=(276830, 166561, 10800) yaw=10800 visual_yaw=10800
						Lua 0:01:14:993
[mod] [HUB3BSMOKE] POSE turn 50 lock=2000001576
[mod] [HUB3BSMOKE] TRAIN h=2000001571 hub=true at=false arrival=false cmd=GotoStation pos=(289687, 184712, 10800) yaw=7200 visual_yaw=7200
[mod] [HUB3BSMOKE] TRAIN h=2000001573 hub=false at=false arrival=false cmd=GotoStation pos=(206473, 195427, 10800) yaw=0 visual_yaw=0
[mod] [HUB3BSMOKE] TRAIN h=2000001575 hub=false at=true arrival=1 cmd=LoadTrain pos=(198539, 215033, 10000) yaw=3600 visual_yaw=3600
[mod] [HUB3BSMOKE] TRAIN h=2000001576 hub=true at=false arrival=2 cmd=GotoStation pos=(276580, 166561, 10800) yaw=10800 visual_yaw=10800
						Lua 0:01:15:493
[mod] [HUB3BSMOKE] POSE turn 55 lock=2000001576
						Lua 0:01:15:494
[mod] [HUB3BSMOKE] TRAIN h=2000001571 hub=true at=false arrival=false cmd=GotoStation pos=(288561, 186662, 10800) yaw=7200 visual_yaw=7200
[mod] [HUB3BSMOKE] TRAIN h=2000001573 hub=false at=false arrival=false cmd=GotoStation pos=(208725, 195427, 10800) yaw=0 visual_yaw=0
[mod] [HUB3BSMOKE] TRAIN h=2000001575 hub=false at=true arrival=1 cmd=LoadTrain pos=(198539, 215033, 10000) yaw=3600 visual_yaw=3600
[mod] [HUB3BSMOKE] TRAIN h=2000001576 hub=true at=false arrival=2 cmd=GotoStation pos=(276331, 166561, 10800) yaw=10800 visual_yaw=10800
						Lua 0:01:15:993
[mod] [HUB3BSMOKE] POSE turn 60 lock=2000001576
[mod] [HUB3BSMOKE] TRAIN h=2000001571 hub=true at=false arrival=false cmd=GotoStation pos=(287435, 188613, 10800) yaw=7200 visual_yaw=7200
[mod] [HUB3BSMOKE] TRAIN h=2000001573 hub=false at=false arrival=false cmd=GotoStation pos=(210977, 195427, 10800) yaw=0 visual_yaw=0
[mod] [HUB3BSMOKE] TRAIN h=2000001575 hub=false at=true arrival=1 cmd=LoadTrain pos=(198539, 215033, 10000) yaw=3600 visual_yaw=3600
[mod] [HUB3BSMOKE] TRAIN h=2000001576 hub=true at=false arrival=2 cmd=GotoStation pos=(276081, 166561, 10800) yaw=10800 visual_yaw=10800
						Lua 0:01:16:493
[mod] [HUB3BSMOKE] POSE turn 65 lock=false
[mod] [HUB3BSMOKE] TRAIN h=2000001571 hub=true at=false arrival=false cmd=GotoStation pos=(286306, 190566, 10800) yaw=7200 visual_yaw=7200
[mod] [HUB3BSMOKE] TRAIN h=2000001573 hub=false at=false arrival=false cmd=GotoStation pos=(213234, 195427, 10800) yaw=0 visual_yaw=0
[mod] [HUB3BSMOKE] TRAIN h=2000001575 hub=false at=true arrival=1 cmd=LoadTrain pos=(198539, 215033, 10000) yaw=3600 visual_yaw=3600
[mod] [HUB3BSMOKE] TRAIN h=2000001576 hub=true at=false arrival=false cmd=GotoStation pos=(275256, 166561, 10800) yaw=10800 visual_yaw=10800
						Lua 0:01:16:994
[mod] [HUB3BSMOKE] POSE turn 70 lock=false
[mod] [HUB3BSMOKE] TRAIN h=2000001571 hub=true at=false arrival=false cmd=GotoStation pos=(285180, 192517, 10800) yaw=7200 visual_yaw=7200
[mod] [HUB3BSMOKE] TRAIN h=2000001573 hub=false at=false arrival=false cmd=GotoStation pos=(215486, 195427, 10800) yaw=0 visual_yaw=0
[mod] [HUB3BSMOKE] TRAIN h=2000001575 hub=false at=true arrival=1 cmd=LoadTrain pos=(198539, 215033, 10000) yaw=3600 visual_yaw=3600
[mod] [HUB3BSMOKE] TRAIN h=2000001576 hub=true at=false arrival=false cmd=GotoStation pos=(273023, 166561, 10800) yaw=10800 visual_yaw=10800
						Lua 0:01:17:493
[mod] [HUB3BSMOKE] POSE turn 75 lock=false
[mod] [HUB3BSMOKE] TRAIN h=2000001571 hub=true at=false arrival=false cmd=GotoStation pos=(284054, 194468, 10800) yaw=7200 visual_yaw=7200
[mod] [HUB3BSMOKE] TRAIN h=2000001573 hub=false at=false arrival=false cmd=GotoStation pos=(217739, 195427, 10800) yaw=0 visual_yaw=0
[mod] [HUB3BSMOKE] TRAIN h=2000001575 hub=false at=true arrival=1 cmd=LoadTrain pos=(198539, 215033, 10000) yaw=3600 visual_yaw=3600
[mod] [HUB3BSMOKE] TRAIN h=2000001576 hub=true at=false arrival=false cmd=GotoStation pos=(270770, 166561, 10800) yaw=10800 visual_yaw=10800
						Lua 0:01:17:994
[mod] [HUB3BSMOKE] POSE turn 80 lock=false
[mod] [HUB3BSMOKE] TRAIN h=2000001571 hub=true at=false arrival=false cmd=GotoStation pos=(282928, 196418, 10800) yaw=7200 visual_yaw=7200
[mod] [HUB3BSMOKE] TRAIN h=2000001573 hub=false at=false arrival=false cmd=GotoStation pos=(219991, 195427, 10800) yaw=0 visual_yaw=0
[mod] [HUB3BSMOKE] TRAIN h=2000001575 hub=false at=true arrival=1 cmd=LoadTrain pos=(198539, 215033, 10000) yaw=3600 visual_yaw=3600
[mod] [HUB3BSMOKE] TRAIN h=2000001576 hub=true at=false arrival=false cmd=GotoStation pos=(268518, 166561, 10800) yaw=10800 visual_yaw=10800
						Lua 0:01:18:493
[mod] [HUB3BSMOKE] POSE turn 85 lock=false
[mod] [HUB3BSMOKE] TRAIN h=2000001571 hub=true at=false arrival=false cmd=GotoStation pos=(281797, 198353, 10800) yaw=7686 visual_yaw=7549
[mod] [HUB3BSMOKE] TRAIN h=2000001573 hub=false at=false arrival=false cmd=GotoStation pos=(222243, 195427, 10800) yaw=0 visual_yaw=0
[mod] [HUB3BSMOKE] TRAIN h=2000001575 hub=false at=true arrival=1 cmd=LoadTrain pos=(198539, 215033, 10000) yaw=3600 visual_yaw=3600
[mod] [HUB3BSMOKE] TRAIN h=2000001576 hub=true at=false arrival=false cmd=GotoStation pos=(266266, 166561, 10800) yaw=10800 visual_yaw=10800
						Lua 0:01:18:993
[mod] [HUB3BSMOKE] POSE turn 90 lock=false
[mod] [HUB3BSMOKE] TRAIN h=2000001571 hub=true at=false arrival=false cmd=GotoStation pos=(279716, 198603, 10800) yaw=10800 visual_yaw=10800
[mod] [HUB3BSMOKE] TRAIN h=2000001573 hub=false at=false arrival=false cmd=GotoStation pos=(224495, 195427, 10800) yaw=0 visual_yaw=0
[mod] [HUB3BSMOKE] TRAIN h=2000001575 hub=false at=false arrival=1 cmd=GotoStation pos=(198598, 215137, 10000) yaw=3600 visual_yaw=3600
[mod] [HUB3BSMOKE] TRAIN h=2000001576 hub=true at=false arrival=false cmd=GotoStation pos=(264014, 166561, 10800) yaw=10800 visual_yaw=10800
						Lua 0:01:19:493
[mod] [HUB3BSMOKE] POSE turn 95 lock=false
[mod] [HUB3BSMOKE] TRAIN h=2000001571 hub=true at=false arrival=false cmd=GotoStation pos=(278085, 199614, 10800) yaw=7200 visual_yaw=7277
[mod] [HUB3BSMOKE] TRAIN h=2000001573 hub=false at=false arrival=false cmd=GotoStation pos=(226748, 195427, 10800) yaw=0 visual_yaw=0
[mod] [HUB3BSMOKE] TRAIN h=2000001575 hub=false at=false arrival=1 cmd=GotoStation pos=(198818, 215525, 10026) yaw=3601 visual_yaw=3600
[mod] [HUB3BSMOKE] TRAIN h=2000001576 hub=true at=false arrival=false cmd=GotoStation pos=(261761, 166561, 10800) yaw=10800 visual_yaw=10800
						Lua 0:01:19:993
[mod] [HUB3BSMOKE] POSE turn 100 lock=false
[mod] [HUB3BSMOKE] TRAIN h=2000001571 hub=true at=false arrival=false cmd=GotoStation pos=(276959, 201560, 10800) yaw=7200 visual_yaw=7200
[mod] [HUB3BSMOKE] TRAIN h=2000001573 hub=false at=false arrival=false cmd=GotoStation pos=(229000, 195427, 10800) yaw=0 visual_yaw=0
[mod] [HUB3BSMOKE] TRAIN h=2000001575 hub=false at=false arrival=1 cmd=GotoStation pos=(199096, 216022, 10176) yaw=3625 visual_yaw=3624
[mod] [HUB3BSMOKE] TRAIN h=2000001576 hub=true at=false arrival=false cmd=GotoStation pos=(259509, 166561, 10800) yaw=10800 visual_yaw=10800
						Lua 0:01:20:493
[mod] [HUB3BSMOKE] POSE turn 105 lock=false
[mod] [HUB3BSMOKE] TRAIN h=2000001571 hub=true at=false arrival=false cmd=GotoStation pos=(275836, 203500, 10800) yaw=7686 visual_yaw=7404
[mod] [HUB3BSMOKE] TRAIN h=2000001573 hub=false at=false arrival=false cmd=GotoStation pos=(231248, 195427, 10800) yaw=0 visual_yaw=0
[mod] [HUB3BSMOKE] TRAIN h=2000001575 hub=false at=false arrival=1 cmd=GotoStation pos=(199391, 216551, 10336) yaw=3683 visual_yaw=3681
[mod] [HUB3BSMOKE] TRAIN h=2000001576 hub=true at=false arrival=false cmd=GotoStation pos=(257261, 166561, 10800) yaw=10800 visual_yaw=10800
						Lua 0:01:20:993
[mod] [HUB3BSMOKE] POSE turn 110 lock=false
[mod] [HUB3BSMOKE] TRAIN h=2000001571 hub=true at=false arrival=false cmd=GotoStation pos=(273779, 203799, 10800) yaw=10800 visual_yaw=10800
[mod] [HUB3BSMOKE] TRAIN h=2000001573 hub=false at=false arrival=false cmd=GotoStation pos=(233505, 195427, 10800) yaw=0 visual_yaw=0
[mod] [HUB3BSMOKE] TRAIN h=2000001575 hub=false at=false arrival=1 cmd=GotoStation pos=(199707, 217115, 10506) yaw=3643 visual_yaw=3644
[mod] [HUB3BSMOKE] TRAIN h=2000001576 hub=true at=false arrival=false cmd=GotoStation pos=(255005, 166561, 10800) yaw=10800 visual_yaw=10800
						Lua 0:01:21:493
[mod] [HUB3BSMOKE] POSE turn 115 lock=false
[mod] [HUB3BSMOKE] TRAIN h=2000001571 hub=true at=false arrival=false cmd=GotoStation pos=(271532, 203799, 10800) yaw=10800 visual_yaw=10800
[mod] [HUB3BSMOKE] TRAIN h=2000001573 hub=false at=false arrival=false cmd=GotoStation pos=(235752, 195427, 10800) yaw=0 visual_yaw=0
[mod] [HUB3BSMOKE] TRAIN h=2000001575 hub=false at=false arrival=1 cmd=GotoStation pos=(200039, 217711, 10686) yaw=3606 visual_yaw=3606
[mod] [HUB3BSMOKE] TRAIN h=2000001576 hub=true at=false arrival=false cmd=GotoStation pos=(252757, 166561, 10800) yaw=10800 visual_yaw=10800
						Lua 0:01:21:994
[mod] [HUB3BSMOKE] POSE turn 120 lock=false
[mod] [HUB3BSMOKE] TRAIN h=2000001571 hub=true at=false arrival=false cmd=GotoStation pos=(269275, 203799, 10800) yaw=10800 visual_yaw=10800
[mod] [HUB3BSMOKE] TRAIN h=2000001573 hub=false at=false arrival=false cmd=GotoStation pos=(237569, 196138, 10800) yaw=2918 visual_yaw=2665
[mod] [HUB3BSMOKE] TRAIN h=2000001575 hub=false at=false arrival=false cmd=GotoStation pos=(200587, 219511, 10800) yaw=5545 visual_yaw=5525
[mod] [HUB3BSMOKE] TRAIN h=2000001576 hub=true at=false arrival=false cmd=GotoStation pos=(250499, 166561, 10800) yaw=10800 visual_yaw=10800
						Lua 0:01:21:995
[mod] [SMRTK] SMRTK_MARK action=mark label=HUB3B_READ_BEGIN mark=310 status=OK t=14931133 id=294
[SMRTK] SMRTK_MARK action=mark label=HUB3B_READ_BEGIN mark=310 status=OK t=14931133 id=294
[mod] [SMRTK] SMRTK_FINGERPRINT action=fingerprint fix_pack_present=52/52 game=403908 mark_action=mark mods=SMR_CommunityFixPack,SMR_CommunityFixPackTestKit,SMR_CommunityOptInPack,SMR_TrainHubDev_20260918 pack_version=19 read="live registry" save="SpaceY Sol 21.savegame.sav" sol=21 status=OK t=14931133 id=295
[SMRTK] SMRTK_FINGERPRINT action=fingerprint fix_pack_present=52/52 game=403908 mark_action=mark mods=SMR_CommunityFixPack,SMR_CommunityFixPackTestKit,SMR_CommunityOptInPack,SMR_TrainHubDev_20260918 pack_version=19 read="live registry" save="SpaceY Sol 21.savegame.sav" sol=21 status=OK t=14931133 id=295
[mod] [SMRTK] SMRTK_DUMP angle=0 crossing=none errors=0 hub=SMROptInTrainHub6(6252) leg=hub3b park=1700 pos=280000,166272,10000 t=14931133 id=296
[SMRTK] SMRTK_DUMP angle=0 crossing=none errors=0 hub=SMROptInTrainHub6(6252) leg=hub3b park=1700 pos=280000,166272,10000 t=14931133 id=296
[mod] [SMRTK] SMRTK_DUMP Ramparrive=278821,163654,10800@3600 Rampdepart=278321,163942,10800@14400 Spawn=279400,164655,10800@14400 Stop=279400,164655,10800@3600 Trackconnector=278000,162808,10800@19800 leg=hub3b_line line=1 reserved=none t=14931133 id=297
[SMRTK] SMRTK_DUMP Ramparrive=278821,163654,10800@3600 Rampdepart=278321,163942,10800@14400 Spawn=279400,164655,10800@14400 Stop=279400,164655,10800@3600 Trackconnector=278000,162808,10800@19800 leg=hub3b_line line=1 reserved=none t=14931133 id=297
[mod] [SMRTK] SMRTK_DUMP Ramparrive=281179,168891,10800@14400 Rampdepart=281679,168602,10800@3600 Spawn=280600,167890,10800@3600 Stop=280600,167890,10800@14400 Trackconnector=282000,169736,10800@9000 leg=hub3b_line line=2 reserved=none t=14931133 id=298
[SMRTK] SMRTK_DUMP Ramparrive=281179,168891,10800@14400 Rampdepart=281679,168602,10800@3600 Spawn=280600,167890,10800@3600 Stop=280600,167890,10800@14400 Trackconnector=282000,169736,10800@9000 leg=hub3b_line line=2 reserved=none t=14931133 id=298
[mod] [SMRTK] SMRTK_DUMP Ramparrive=277143,165983,10800@0 Rampdepart=277143,166561,10800@10800 Spawn=278300,165983,10800@10800 Stop=278300,165983,10800@0 Trackconnector=276000,166272,10800@16200 leg=hub3b_line line=3 reserved=none t=14931133 id=299
[SMRTK] SMRTK_DUMP Ramparrive=277143,165983,10800@0 Rampdepart=277143,166561,10800@10800 Spawn=278300,165983,10800@10800 Stop=278300,165983,10800@0 Trackconnector=276000,166272,10800@16200 leg=hub3b_line line=3 reserved=none t=14931133 id=299
[mod] [SMRTK] SMRTK_DUMP Ramparrive=282857,166561,10800@10800 Rampdepart=282857,165983,10800@0 Spawn=281700,166561,10800@0 Stop=281700,166561,10800@10800 Trackconnector=284000,166272,10800@5400 leg=hub3b_line line=4 reserved=none t=14931133 id=300
[SMRTK] SMRTK_DUMP Ramparrive=282857,166561,10800@10800 Rampdepart=282857,165983,10800@0 Spawn=281700,166561,10800@0 Stop=281700,166561,10800@10800 Trackconnector=284000,166272,10800@5400 leg=hub3b_line line=4 reserved=none t=14931133 id=300
[mod] [SMRTK] SMRTK_DUMP Ramparrive=278321,168602,10800@18000 Rampdepart=278821,168891,10800@7200 Spawn=278900,167601,10800@7200 Stop=278900,167601,10800@18000 Trackconnector=278000,169736,10800@12600 leg=hub3b_line line=5 reserved=none t=14931133 id=301
[SMRTK] SMRTK_DUMP Ramparrive=278321,168602,10800@18000 Rampdepart=278821,168891,10800@7200 Spawn=278900,167601,10800@7200 Stop=278900,167601,10800@18000 Trackconnector=278000,169736,10800@12600 leg=hub3b_line line=5 reserved=none t=14931133 id=301
[mod] [SMRTK] SMRTK_DUMP Ramparrive=281679,163942,10800@7200 Rampdepart=281179,163654,10800@18000 Spawn=281100,164943,10800@18000 Stop=281100,164943,10800@7200 Trackconnector=282000,162808,10800@1800 leg=hub3b_line line=6 reserved=none t=14931133 id=302
[SMRTK] SMRTK_DUMP Ramparrive=281679,163942,10800@7200 Rampdepart=281179,163654,10800@18000 Spawn=281100,164943,10800@18000 Stop=281100,164943,10800@7200 Trackconnector=282000,162808,10800@1800 leg=hub3b_line line=6 reserved=none t=14931133 id=302
[mod] [SMRTK] SMRTK_DUMP arrival=false at_station=false command=GotoStation leg=hub3b_train pos=268500,203799,10800 station=SMROptInTrainHub6(6252) track=TrackBase(6272) train=Train(2000001571) visual=269275,203799,10800 visual_yaw=10800 yaw=10800 t=14931133 id=303
[SMRTK] SMRTK_DUMP arrival=false at_station=false command=GotoStation leg=hub3b_train pos=268500,203799,10800 station=SMROptInTrainHub6(6252) track=TrackBase(6272) train=Train(2000001571) visual=269275,203799,10800 visual_yaw=10800 yaw=10800 t=14931133 id=303
						Lua 0:01:21:996
[mod] [SMRTK] SMRTK_DUMP arrival=false at_station=false command=GotoStation leg=hub3b_train pos=237766,196471,10800 station=StationSmall(2012) track=TrackBase(6272) train=Train(2000001573) visual=237569,196138,10800 visual_yaw=2665 yaw=2918 t=14931133 id=304
[SMRTK] SMRTK_DUMP arrival=false at_station=false command=GotoStation leg=hub3b_train pos=237766,196471,10800 station=StationSmall(2012) track=TrackBase(6272) train=Train(2000001573) visual=237569,196138,10800 visual_yaw=2665 yaw=2918 t=14931133 id=304
[mod] [SMRTK] SMRTK_DUMP arrival=false at_station=false command=GotoStation leg=hub3b_train pos=200232,220140,10800 station=StationSmall(2012) track=TrackBase(5509) train=Train(2000001575) visual=200587,219511,10800 visual_yaw=5525 yaw=5545 t=14931133 id=305
[SMRTK] SMRTK_DUMP arrival=false at_station=false command=GotoStation leg=hub3b_train pos=200232,220140,10800 station=StationSmall(2012) track=TrackBase(5509) train=Train(2000001575) visual=200587,219511,10800 visual_yaw=5525 yaw=5545 t=14931133 id=305
[mod] [SMRTK] SMRTK_DUMP arrival=false at_station=false command=GotoStation leg=hub3b_train pos=250264,166561,10800 station=SMROptInTrainHub6(6252) track=TrackBase(6266) train=Train(2000001576) visual=250499,166561,10800 visual_yaw=10800 yaw=10800 t=14931133 id=306
[SMRTK] SMRTK_DUMP arrival=false at_station=false command=GotoStation leg=hub3b_train pos=250264,166561,10800 station=SMROptInTrainHub6(6252) track=TrackBase(6266) train=Train(2000001576) visual=250499,166561,10800 visual_yaw=10800 yaw=10800 t=14931133 id=306
[mod] [SMRTK] SMRTK_MARK action=mark label=HUB3B_READ_END mark=323 status=OK t=14931133 id=307
[SMRTK] SMRTK_MARK action=mark label=HUB3B_READ_END mark=323 status=OK t=14931133 id=307
[mod] [SMRTK] SMRTK_FINGERPRINT action=fingerprint fix_pack_present=52/52 game=403908 mark_action=mark mods=SMR_CommunityFixPack,SMR_CommunityFixPackTestKit,SMR_CommunityOptInPack,SMR_TrainHubDev_20260918 pack_version=19 read="live registry" save="SpaceY Sol 21.savegame.sav" sol=21 status=OK t=14931133 id=308
[SMRTK] SMRTK_FINGERPRINT action=fingerprint fix_pack_present=52/52 game=403908 mark_action=mark mods=SMR_CommunityFixPack,SMR_CommunityFixPackTestKit,SMR_CommunityOptInPack,SMR_TrainHubDev_20260918 pack_version=19 read="live registry" save="SpaceY Sol 21.savegame.sav" sol=21 status=OK t=14931133 id=308
[mod] [SMRTK] SMRTK_ACTION action=slot_1 errors=0 hub=SMROptInTrainHub6(6252) park=1700 status=OK t=14931133 id=309
[SMRTK] SMRTK_ACTION action=slot_1 errors=0 hub=SMROptInTrainHub6(6252) park=1700 status=OK t=14931133 id=309
[mod] [HUB3BSMOKE] STAGE_COMPLETE stage=3 arrival=2 departure=3 train=2000001576
						Lua 0:01:24:108
[mod] [SMRTK] SMRTK_MARK action=screenshot_mark capture="native accepted" capture_id=0047 fallback=false label="Hub3b stage 3 after departure" mark=326 path=C:/Dev/SMR-ScreenCaptures/SMRTK_0047.png status=OK t=14931133 id=310
[SMRTK] SMRTK_MARK action=screenshot_mark capture="native accepted" capture_id=0047 fallback=false label="Hub3b stage 3 after departure" mark=326 path=C:/Dev/SMR-ScreenCaptures/SMRTK_0047.png status=OK t=14931133 id=310
[mod] [SMRTK] SMRTK_FINGERPRINT action=fingerprint fix_pack_present=52/52 game=403908 mark_action=screenshot_mark mods=SMR_CommunityFixPack,SMR_CommunityFixPackTestKit,SMR_CommunityOptInPack,SMR_TrainHubDev_20260918 pack_version=19 read="live registry" save="SpaceY Sol 21.savegame.sav" sol=21 status=OK t=14931133 id=311
[SMRTK] SMRTK_FINGERPRINT action=fingerprint fix_pack_present=52/52 game=403908 mark_action=screenshot_mark mods=SMR_CommunityFixPack,SMR_CommunityFixPackTestKit,SMR_CommunityOptInPack,SMR_TrainHubDev_20260918 pack_version=19 read="live registry" save="SpaceY Sol 21.savegame.sav" sol=21 status=OK t=14931133 id=311
						Lua 0:01:24:109
[mod] [HUB3BSMOKE] RESULT stage=3 ok=true result=nil
						Lua 0:01:24:224
Load Game: 
	lua_revision: 403908 (last saved with) 
	orig_lua_revision: 403908 (created with) 
	assets_revision: 33006 

	dlcs: norman, thomas 

	mods: SMR_CommunityOptInPack, SMR_CommunityFixPackTestKit, SMR_CommunityFixPack, SMR_TrainHubDev_20260918 
[mod] [SMRTK] SMRTK_CONSOLE_ARM enabled=true hook=ChangeMap t=14931133 id=312
[SMRTK] SMRTK_CONSOLE_ARM enabled=true hook=ChangeMap t=14931133 id=312
						Lua 0:01:24:238
[mod] [SMRTK] SMRTK_CONSOLE_ARM enabled=true hook=ChangeMap t=14931133 id=313
[SMRTK] SMRTK_CONSOLE_ARM enabled=true hook=ChangeMap t=14931133 id=313
						Lua 0:01:25:110
[mod] [SMRTK] SMRTK_SHORTCUT console=false key=Ctrl-Shift-F11 t=0 id=314
						Lua 0:01:25:842
[mod] [SMRTK] SMRTK_CONSOLE_ARM enabled=true hook=PreLoadGame t=0 id=315
[SMRTK] SMRTK_CONSOLE_ARM enabled=true hook=PreLoadGame t=0 id=315
						Lua 0:01:27:915
[mod] [SMRTest] console enable requested (flag set, no overlay) — press Enter (or Alt-Shift-C) once in a colony
[SMRTest] console enable requested (flag set, no overlay) — press Enter (or Alt-Shift-C) once in a colony
						Lua 0:01:27:919
[mod] [CommunityFixPack] SilentHitMomentFX: restored 2 missing hit-moment tracker(s) on load
						Lua 0:01:27:938
game_settings:
    sponsor: SpaceY
    profile: politician
    founding_faction: UnitedColonistFront
    rival_colonies: paradox, Brazil, NASA
    mystery_random: 
    game_rules: (none)
more_game_settings: save_game_id: IsDKXg6Ddmz3wE5g, mystery: UnitedEarthMystery, coordinates: 15N179E, landing_spot: , logo: SpaceY
map_conditions: altitude: -3699, temperature: -43, cold_wave: 109, dust_devils: 39, dust_storm: 0, meteors: 37
map_resources: concrete: 243, metals: 147, precious_metals: 147, water: 147
						Lua 0:01:27:989
[mod] [CommunityFixPack] SaveSanitizer: F95 astrogeologist-residue pass removed 0 modifier(s), left 0 unidentified
Game Loaded in 3766 ms
[mod] [SMRTK] SMRTK_PROVENANCE actions=21 last=section_attach last_id=32 present=true session=1789888806:3520230763:1184987819:1655584288 t=14919135 id=316
[SMRTK] SMRTK_PROVENANCE actions=21 last=section_attach last_id=32 present=true session=1789888806:3520230763:1184987819:1655584288 t=14919135 id=316
						Lua 0:01:27:999
[mod] [SMRTK] SMRTK_SHORTCUT console=true key=Ctrl-Shift-F11 t=14919135 id=317
						Lua 0:01:28:011
[mod] [SMRTK] SMRTK_DOCK action=dock_attach attached=true route="idBottom sibling" status=OK surface=one-toggle+tasks t=14919135 id=318
						Lua 0:01:28:013
[mod] [SMRTest] console enable requested (flag set, no overlay) — press Enter (or Alt-Shift-C) once in a colony
						Lua 0:01:28:014
[SMRTest] console enable requested (flag set, no overlay) — press Enter (or Alt-Shift-C) once in a colony
						Lua 0:01:28:125
[mod] [SMRTK] SMRTK_SHORTCUT console=true key=Ctrl-Shift-F11 t=14919135 id=319
						Lua 0:01:28:413
Game loaded on map BlankBig_01 in 4304 ms
						Lua 0:01:29:713
[mod] [SMRTest] console enable requested (flag set, no overlay) — press Enter (or Alt-Shift-C) once in a colony
[SMRTest] console enable requested (flag set, no overlay) — press Enter (or Alt-Shift-C) once in a colony
						Lua 0:01:29:723
[mod] [SMRTK] SMRTK_SHORTCUT console=true key=Ctrl-Shift-F11 t=14919135 id=320
						Lua 0:01:30:413
[mod] [SMRTK] SMRTK_MARK action=mark label=HUB3B_BOOT mark=340 status=OK t=14919135 id=321
[SMRTK] SMRTK_MARK action=mark label=HUB3B_BOOT mark=340 status=OK t=14919135 id=321
[mod] [SMRTK] SMRTK_FINGERPRINT action=fingerprint fix_pack_present=52/52 game=403908 mark_action=mark mods=SMR_CommunityFixPack,SMR_CommunityFixPackTestKit,SMR_CommunityOptInPack,SMR_TrainHubDev_20260918 pack_version=19 read="live registry" save="SpaceY Sol 21.savegame.sav" sol=21 status=OK t=14919135 id=322
[SMRTK] SMRTK_FINGERPRINT action=fingerprint fix_pack_present=52/52 game=403908 mark_action=mark mods=SMR_CommunityFixPack,SMR_CommunityFixPackTestKit,SMR_CommunityOptInPack,SMR_TrainHubDev_20260918 pack_version=19 read="live registry" save="SpaceY Sol 21.savegame.sav" sol=21 status=OK t=14919135 id=322
						Lua 0:01:30:423
[mod] [SMRTK] SMRTK_SHORTCUT console=false key=Ctrl-Shift-F11 t=14919135 id=323
						Lua 0:01:30:433
[mod] [SMRTK] SMRTK_CONSOLE_ARM enabled=true hook=control t=14919135 id=324
[SMRTK] SMRTK_CONSOLE_ARM enabled=true hook=control t=14919135 id=324
						Lua 0:01:30:443
[mod] [SMRTK] SMRTK_SHORTCUT console=true key=Ctrl-Shift-F11 t=14919135 id=325
						Lua 0:01:30:452
[mod] [SMRTK] SMRTK_CONSOLE_CONTROL action=console_control discriminates=true negative=false positive=true status=OK t=14919135 id=326
[SMRTK] SMRTK_CONSOLE_CONTROL action=console_control discriminates=true negative=false positive=true status=OK t=14919135 id=326
[mod] [SMRTK] SMRTK_TAINT_READ action=taint_read status=OK used=false t=14919135 id=327
[SMRTK] SMRTK_TAINT_READ action=taint_read status=OK used=false t=14919135 id=327
[mod] [SMRTK] SMRTK_ELIGIBILITY action=eligibility reason=UNAVAILABLE:sandbox status=OK t=14919135 id=328
[SMRTK] SMRTK_ELIGIBILITY action=eligibility reason=UNAVAILABLE:sandbox status=OK t=14919135 id=328
[mod] [SMRTK] SMRTK_ACTION action=slot_scratch errors=0 hub=SMROptInTrainHub6(6252) park=1700 sitting=train_hub_3b status=OK sweep="run desktop sweep before each boot" t=14919135 id=329
[SMRTK] SMRTK_ACTION action=slot_scratch errors=0 hub=SMROptInTrainHub6(6252) park=1700 sitting=train_hub_3b status=OK sweep="run desktop sweep before each boot" t=14919135 id=329
						Lua 0:01:30:453
[mod] [SMRTK] SMRTK_MARK action=mark label=HUB3B_READ_BEGIN mark=349 status=OK t=14919135 id=330
[SMRTK] SMRTK_MARK action=mark label=HUB3B_READ_BEGIN mark=349 status=OK t=14919135 id=330
[mod] [SMRTK] SMRTK_FINGERPRINT action=fingerprint fix_pack_present=52/52 game=403908 mark_action=mark mods=SMR_CommunityFixPack,SMR_CommunityFixPackTestKit,SMR_CommunityOptInPack,SMR_TrainHubDev_20260918 pack_version=19 read="live registry" save="SpaceY Sol 21.savegame.sav" sol=21 status=OK t=14919135 id=331
[SMRTK] SMRTK_FINGERPRINT action=fingerprint fix_pack_present=52/52 game=403908 mark_action=mark mods=SMR_CommunityFixPack,SMR_CommunityFixPackTestKit,SMR_CommunityOptInPack,SMR_TrainHubDev_20260918 pack_version=19 read="live registry" save="SpaceY Sol 21.savegame.sav" sol=21 status=OK t=14919135 id=331
[mod] [SMRTK] SMRTK_DUMP angle=0 crossing=none errors=0 hub=SMROptInTrainHub6(6252) leg=hub3b park=1700 pos=280000,166272,10000 t=14919135 id=332
[SMRTK] SMRTK_DUMP angle=0 crossing=none errors=0 hub=SMROptInTrainHub6(6252) leg=hub3b park=1700 pos=280000,166272,10000 t=14919135 id=332
[mod] [SMRTK] SMRTK_DUMP Ramparrive=278821,163654,10800@3600 Rampdepart=278321,163942,10800@14400 Spawn=279400,164655,10800@14400 Stop=279400,164655,10800@3600 Trackconnector=278000,162808,10800@19800 leg=hub3b_line line=1 reserved=none t=14919135 id=333
[SMRTK] SMRTK_DUMP Ramparrive=278821,163654,10800@3600 Rampdepart=278321,163942,10800@14400 Spawn=279400,164655,10800@14400 Stop=279400,164655,10800@3600 Trackconnector=278000,162808,10800@19800 leg=hub3b_line line=1 reserved=none t=14919135 id=333
[mod] [SMRTK] SMRTK_DUMP Ramparrive=281179,168891,10800@14400 Rampdepart=281679,168602,10800@3600 Spawn=280600,167890,10800@3600 Stop=280600,167890,10800@14400 Trackconnector=282000,169736,10800@9000 leg=hub3b_line line=2 reserved=Train(2000001576) t=14919135 id=334
[SMRTK] SMRTK_DUMP Ramparrive=281179,168891,10800@14400 Rampdepart=281679,168602,10800@3600 Spawn=280600,167890,10800@3600 Stop=280600,167890,10800@14400 Trackconnector=282000,169736,10800@9000 leg=hub3b_line line=2 reserved=Train(2000001576) t=14919135 id=334
[mod] [SMRTK] SMRTK_DUMP Ramparrive=277143,165983,10800@0 Rampdepart=277143,166561,10800@10800 Spawn=278300,165983,10800@10800 Stop=278300,165983,10800@0 Trackconnector=276000,166272,10800@16200 leg=hub3b_line line=3 reserved=none t=14919135 id=335
[SMRTK] SMRTK_DUMP Ramparrive=277143,165983,10800@0 Rampdepart=277143,166561,10800@10800 Spawn=278300,165983,10800@10800 Stop=278300,165983,10800@0 Trackconnector=276000,166272,10800@16200 leg=hub3b_line line=3 reserved=none t=14919135 id=335
[mod] [SMRTK] SMRTK_DUMP Ramparrive=282857,166561,10800@10800 Rampdepart=282857,165983,10800@0 Spawn=281700,166561,10800@0 Stop=281700,166561,10800@10800 Trackconnector=284000,166272,10800@5400 leg=hub3b_line line=4 reserved=none t=14919135 id=336
[SMRTK] SMRTK_DUMP Ramparrive=282857,166561,10800@10800 Rampdepart=282857,165983,10800@0 Spawn=281700,166561,10800@0 Stop=281700,166561,10800@10800 Trackconnector=284000,166272,10800@5400 leg=hub3b_line line=4 reserved=none t=14919135 id=336
[mod] [SMRTK] SMRTK_DUMP Ramparrive=278321,168602,10800@18000 Rampdepart=278821,168891,10800@7200 Spawn=278900,167601,10800@7200 Stop=278900,167601,10800@18000 Trackconnector=278000,169736,10800@12600 leg=hub3b_line line=5 reserved=none t=14919135 id=337
[SMRTK] SMRTK_DUMP Ramparrive=278321,168602,10800@18000 Rampdepart=278821,168891,10800@7200 Spawn=278900,167601,10800@7200 Stop=278900,167601,10800@18000 Trackconnector=278000,169736,10800@12600 leg=hub3b_line line=5 reserved=none t=14919135 id=337
[mod] [SMRTK] SMRTK_DUMP Ramparrive=281679,163942,10800@7200 Rampdepart=281179,163654,10800@18000 Spawn=281100,164943,10800@18000 Stop=281100,164943,10800@7200 Trackconnector=282000,162808,10800@1800 leg=hub3b_line line=6 reserved=none t=14919135 id=338
[SMRTK] SMRTK_DUMP Ramparrive=281679,163942,10800@7200 Rampdepart=281179,163654,10800@18000 Spawn=281100,164943,10800@18000 Stop=281100,164943,10800@7200 Trackconnector=282000,162808,10800@1800 leg=hub3b_line line=6 reserved=none t=14919135 id=338
[mod] [SMRTK] SMRTK_DUMP arrival=false at_station=false command=GotoStation leg=hub3b_train pos=282250,169592,10800 station=StationSmall(2008) track=TrackBase(3621) train=Train(2000001571) visual=279743,165249,10800 visual_yaw=3600 yaw=3600 t=14919135 id=339
[SMRTK] SMRTK_DUMP arrival=false at_station=false command=GotoStation leg=hub3b_train pos=282250,169592,10800 station=StationSmall(2008) track=TrackBase(3621) train=Train(2000001571) visual=279743,165249,10800 visual_yaw=3600 yaw=3600 t=14919135 id=339
[mod] [SMRTK] SMRTK_DUMP arrival=false at_station=false command=GotoStation leg=hub3b_train pos=189250,200190,10800 station=StationSmall(2012) track=TrackBase(6272) train=Train(2000001573) visual=189363,200385,10800 visual_yaw=14400 yaw=14400 t=14919135 id=340
[SMRTK] SMRTK_DUMP arrival=false at_station=false command=GotoStation leg=hub3b_train pos=189250,200190,10800 station=StationSmall(2012) track=TrackBase(6272) train=Train(2000001573) visual=189363,200385,10800 visual_yaw=14400 yaw=14400 t=14919135 id=340
[mod] [SMRTK] SMRTK_DUMP arrival=1 at_station=true command=UnloadTrain leg=hub3b_train pos=198539,215033,10000 station=StationSmall(2012) track=TrackBase(6272) train=Train(2000001575) visual=198539,215033,10000 visual_yaw=3600 yaw=3600 t=14919135 id=341
[SMRTK] SMRTK_DUMP arrival=1 at_station=true command=UnloadTrain leg=hub3b_train pos=198539,215033,10000 station=StationSmall(2012) track=TrackBase(6272) train=Train(2000001575) visual=198539,215033,10000 visual_yaw=3600 yaw=3600 t=14919135 id=341
[mod] [SMRTK] SMRTK_DUMP arrival=2 at_station=true command=LoadTrain leg=hub3b_train pos=280600,167890,10800 station=SMROptInTrainHub6(6252) track=TrackBase(6272) train=Train(2000001576) visual=280600,167890,10800 visual_yaw=14400 yaw=14400 t=14919135 id=342
[SMRTK] SMRTK_DUMP arrival=2 at_station=true command=LoadTrain leg=hub3b_train pos=280600,167890,10800 station=SMROptInTrainHub6(6252) track=TrackBase(6272) train=Train(2000001576) visual=280600,167890,10800 visual_yaw=14400 yaw=14400 t=14919135 id=342
[mod] [SMRTK] SMRTK_MARK action=mark label=HUB3B_READ_END mark=362 status=OK t=14919135 id=343
[SMRTK] SMRTK_MARK action=mark label=HUB3B_READ_END mark=362 status=OK t=14919135 id=343
						Lua 0:01:30:454
[mod] [SMRTK] SMRTK_FINGERPRINT action=fingerprint fix_pack_present=52/52 game=403908 mark_action=mark mods=SMR_CommunityFixPack,SMR_CommunityFixPackTestKit,SMR_CommunityOptInPack,SMR_TrainHubDev_20260918 pack_version=19 read="live registry" save="SpaceY Sol 21.savegame.sav" sol=21 status=OK t=14919135 id=344
[SMRTK] SMRTK_FINGERPRINT action=fingerprint fix_pack_present=52/52 game=403908 mark_action=mark mods=SMR_CommunityFixPack,SMR_CommunityFixPackTestKit,SMR_CommunityOptInPack,SMR_TrainHubDev_20260918 pack_version=19 read="live registry" save="SpaceY Sol 21.savegame.sav" sol=21 status=OK t=14919135 id=344
[mod] [SMRTK] SMRTK_ACTION action=slot_1 errors=0 hub=SMROptInTrainHub6(6252) park=1700 status=OK t=14919135 id=345
[SMRTK] SMRTK_ACTION action=slot_1 errors=0 hub=SMROptInTrainHub6(6252) park=1700 status=OK t=14919135 id=345
[mod] [SMRTK] SMRTK_MARK action=mark label=HUB3B_PARTS_BEGIN mark=365 status=OK t=14919135 id=346
[SMRTK] SMRTK_MARK action=mark label=HUB3B_PARTS_BEGIN mark=365 status=OK t=14919135 id=346
[mod] [SMRTK] SMRTK_FINGERPRINT action=fingerprint fix_pack_present=52/52 game=403908 mark_action=mark mods=SMR_CommunityFixPack,SMR_CommunityFixPackTestKit,SMR_CommunityOptInPack,SMR_TrainHubDev_20260918 pack_version=19 read="live registry" save="SpaceY Sol 21.savegame.sav" sol=21 status=OK t=14919135 id=347
[SMRTK] SMRTK_FINGERPRINT action=fingerprint fix_pack_present=52/52 game=403908 mark_action=mark mods=SMR_CommunityFixPack,SMR_CommunityFixPackTestKit,SMR_CommunityOptInPack,SMR_TrainHubDev_20260918 pack_version=19 read="live registry" save="SpaceY Sol 21.savegame.sav" sol=21 status=OK t=14919135 id=347
[mod] [SMRTK] SMRTK_DUMP bbox_max=2818,209,436 bbox_min=-1332,-207,4 entity=TrainCCP3 leg=train_part object=Train(2000001576) path=train pos=280600,167890,10800 scale=100 state=moveWalk visual=280600,167890,10800 yaw=14400 t=14919135 id=348
[SMRTK] SMRTK_DUMP bbox_max=2818,209,436 bbox_min=-1332,-207,4 entity=TrainCCP3 leg=train_part object=Train(2000001576) path=train pos=280600,167890,10800 scale=100 state=moveWalk visual=280600,167890,10800 yaw=14400 t=14919135 id=348
[mod] [SMRTK] SMRTK_DUMP bbox_max=45,46,123 bbox_min=-46,-46,-40 entity=PointLight leg=train_part object=NightLightSpotLight(6184073682) path=train/1 pos=280600,167890,10800 scale=100 state=idle visual=280275,167333,11195 yaw=14400 t=14919135 id=349
[SMRTK] SMRTK_DUMP bbox_max=45,46,123 bbox_min=-46,-46,-40 entity=PointLight leg=train_part object=NightLightSpotLight(6184073682) path=train/1 pos=280600,167890,10800 scale=100 state=idle visual=280275,167333,11195 yaw=14400 t=14919135 id=349
[mod] [SMRTK] SMRTK_DUMP bbox_max=45,46,123 bbox_min=-46,-46,-40 entity=PointLight leg=train_part object=NightLightSpotLight(5486326865) path=train/2 pos=280600,167890,10800 scale=100 state=idle visual=280133,167132,10774 yaw=14400 t=14919135 id=350
[SMRTK] SMRTK_DUMP bbox_max=45,46,123 bbox_min=-46,-46,-40 entity=PointLight leg=train_part object=NightLightSpotLight(5486326865) path=train/2 pos=280600,167890,10800 scale=100 state=idle visual=280133,167132,10774 yaw=14400 t=14919135 id=350
[mod] [SMRTK] SMRTK_DUMP bbox_max=49,50,100 bbox_min=-49,-50,0 entity=ResourceCheese leg=train_part object=ResourceStockpileBox(6022028743) path=train/3 pos=281316,167738,11002 scale=100 state=idle visual=280990,168354,11152 yaw=14400 t=14919135 id=351
[SMRTK] SMRTK_DUMP bbox_max=49,50,100 bbox_min=-49,-50,0 entity=ResourceCheese leg=train_part object=ResourceStockpileBox(6022028743) path=train/3 pos=281316,167738,11002 scale=100 state=idle visual=280990,168354,11152 yaw=14400 t=14919135 id=351
[mod] [SMRTK] SMRTK_DUMP bbox_max=49,50,100 bbox_min=-49,-50,0 entity=ResourceCheese leg=train_part object=ResourceStockpileBox(5656071965) path=train/4 pos=281259,167640,11002 scale=100 state=idle visual=280902,168405,11152 yaw=14400 t=14919135 id=352
[SMRTK] SMRTK_DUMP bbox_max=49,50,100 bbox_min=-49,-50,0 entity=ResourceCheese leg=train_part object=ResourceStockpileBox(5656071965) path=train/4 pos=281259,167640,11002 scale=100 state=idle visual=280902,168405,11152 yaw=14400 t=14919135 id=352
[mod] [SMRTK] SMRTK_DUMP bbox_max=49,50,100 bbox_min=-49,-50,0 entity=ResourceCheese leg=train_part object=ResourceStockpileBox(5475063981) path=train/5 pos=281203,167542,11002 scale=100 state=idle visual=280813,168456,11152 yaw=14400 t=14919135 id=353
[SMRTK] SMRTK_DUMP bbox_max=49,50,100 bbox_min=-49,-50,0 entity=ResourceCheese leg=train_part object=ResourceStockpileBox(5475063981) path=train/5 pos=281203,167542,11002 scale=100 state=idle visual=280813,168456,11152 yaw=14400 t=14919135 id=353
[mod] [SMRTK] SMRTK_DUMP bbox_max=47,48,114 bbox_min=-51,-49,0 entity=ResourceFuel leg=train_part object=ResourceStockpileBox(6006242911) path=train/6 pos=281215,167796,11002 scale=100 state=idle visual=281042,168444,11152 yaw=14400 t=14919135 id=354
[SMRTK] SMRTK_DUMP bbox_max=47,48,114 bbox_min=-51,-49,0 entity=ResourceFuel leg=train_part object=ResourceStockpileBox(6006242911) path=train/6 pos=281215,167796,11002 scale=100 state=idle visual=281042,168444,11152 yaw=14400 t=14919135 id=354
[mod] [SMRTK] SMRTK_DUMP bbox_max=47,48,114 bbox_min=-51,-49,0 entity=ResourceFuel leg=train_part object=ResourceStockpileBox(5818777371) path=train/7 pos=281159,167698,11002 scale=100 state=idle visual=280954,168495,11152 yaw=14400 t=14919135 id=355
[SMRTK] SMRTK_DUMP bbox_max=47,48,114 bbox_min=-51,-49,0 entity=ResourceFuel leg=train_part object=ResourceStockpileBox(5818777371) path=train/7 pos=281159,167698,11002 scale=100 state=idle visual=280954,168495,11152 yaw=14400 t=14919135 id=355
[mod] [SMRTK] SMRTK_DUMP bbox_max=47,48,114 bbox_min=-51,-49,0 entity=ResourceFuel leg=train_part object=ResourceStockpileBox(5503238834) path=train/8 pos=281102,167600,11002 scale=100 state=idle visual=280866,168546,11152 yaw=14400 t=14919135 id=356
[SMRTK] SMRTK_DUMP bbox_max=47,48,114 bbox_min=-51,-49,0 entity=ResourceFuel leg=train_part object=ResourceStockpileBox(5503238834) path=train/8 pos=281102,167600,11002 scale=100 state=idle visual=280866,168546,11152 yaw=14400 t=14919135 id=356
[mod] [SMRTK] SMRTK_DUMP bbox_max=47,48,114 bbox_min=-51,-49,0 entity=ResourceFuel leg=train_part object=ResourceStockpileBox(5328000498) path=train/9 pos=281115,167854,11002 scale=100 state=idle visual=281094,168535,11152 yaw=14400 t=14919135 id=357
[SMRTK] SMRTK_DUMP bbox_max=47,48,114 bbox_min=-51,-49,0 entity=ResourceFuel leg=train_part object=ResourceStockpileBox(5328000498) path=train/9 pos=281115,167854,11002 scale=100 state=idle visual=281094,168535,11152 yaw=14400 t=14919135 id=357
[mod] [SMRTK] SMRTK_DUMP bbox_max=47,48,114 bbox_min=-51,-49,0 entity=ResourceFuel leg=train_part object=ResourceStockpileBox(5348812938) path=train/10 pos=281058,167756,11002 scale=100 state=idle visual=281006,168586,11152 yaw=14400 t=14919135 id=358
[SMRTK] SMRTK_DUMP bbox_max=47,48,114 bbox_min=-51,-49,0 entity=ResourceFuel leg=train_part object=ResourceStockpileBox(5348812938) path=train/10 pos=281058,167756,11002 scale=100 state=idle visual=281006,168586,11152 yaw=14400 t=14919135 id=358
[mod] [SMRTK] SMRTK_DUMP bbox_max=47,48,114 bbox_min=-51,-49,0 entity=ResourceFuel leg=train_part object=ResourceStockpileBox(6143370010) path=train/11 pos=281002,167658,11002 scale=100 state=idle visual=280918,168637,11152 yaw=14400 t=14919135 id=359
[SMRTK] SMRTK_DUMP bbox_max=47,48,114 bbox_min=-51,-49,0 entity=ResourceFuel leg=train_part object=ResourceStockpileBox(6143370010) path=train/11 pos=281002,167658,11002 scale=100 state=idle visual=280918,168637,11152 yaw=14400 t=14919135 id=359
[mod] [SMRTK] SMRTK_DUMP bbox_max=47,48,114 bbox_min=-51,-49,0 entity=ResourceFuel leg=train_part object=ResourceStockpileBox(5525256013) path=train/12 pos=281014,167912,11002 scale=100 state=idle visual=281146,168625,11152 yaw=14400 t=14919135 id=360
[SMRTK] SMRTK_DUMP bbox_max=47,48,114 bbox_min=-51,-49,0 entity=ResourceFuel leg=train_part object=ResourceStockpileBox(5525256013) path=train/12 pos=281014,167912,11002 scale=100 state=idle visual=281146,168625,11152 yaw=14400 t=14919135 id=360
[mod] [SMRTK] SMRTK_DUMP bbox_max=47,48,114 bbox_min=-51,-49,0 entity=ResourceFuel leg=train_part object=ResourceStockpileBox(5860429359) path=train/13 pos=280958,167814,11002 scale=100 state=idle visual=281058,168676,11152 yaw=14400 t=14919135 id=361
[SMRTK] SMRTK_DUMP bbox_max=47,48,114 bbox_min=-51,-49,0 entity=ResourceFuel leg=train_part object=ResourceStockpileBox(5860429359) path=train/13 pos=280958,167814,11002 scale=100 state=idle visual=281058,168676,11152 yaw=14400 t=14919135 id=361
[mod] [SMRTK] SMRTK_DUMP bbox_max=47,48,114 bbox_min=-51,-49,0 entity=ResourceFuel leg=train_part object=ResourceStockpileBox(5687264392) path=train/14 pos=280901,167716,11002 scale=100 state=idle visual=280970,168727,11152 yaw=14400 t=14919135 id=362						Lua 0:01:30:455

[SMRTK] SMRTK_DUMP bbox_max=47,48,114 bbox_min=-51,-49,0 entity=ResourceFuel leg=train_part object=ResourceStockpileBox(5687264392) path=train/14 pos=280901,167716,11002 scale=100 state=idle visual=280970,168727,11152 yaw=14400 t=14919135 id=362
[mod] [SMRTK] SMRTK_DUMP bbox_max=47,48,114 bbox_min=-51,-49,0 entity=ResourceFuel leg=train_part object=ResourceStockpileBox(6004959204) path=train/15 pos=280914,167970,11002 scale=100 state=idle visual=281198,168716,11152 yaw=14400 t=14919135 id=363
[SMRTK] SMRTK_DUMP bbox_max=47,48,114 bbox_min=-51,-49,0 entity=ResourceFuel leg=train_part object=ResourceStockpileBox(6004959204) path=train/15 pos=280914,167970,11002 scale=100 state=idle visual=281198,168716,11152 yaw=14400 t=14919135 id=363
[mod] [SMRTK] SMRTK_DUMP bbox_max=47,48,114 bbox_min=-51,-49,0 entity=ResourceFuel leg=train_part object=ResourceStockpileBox(6130989452) path=train/16 pos=280857,167872,11002 scale=100 state=idle visual=281110,168767,11152 yaw=14400 t=14919135 id=364
[SMRTK] SMRTK_DUMP bbox_max=47,48,114 bbox_min=-51,-49,0 entity=ResourceFuel leg=train_part object=ResourceStockpileBox(6130989452) path=train/16 pos=280857,167872,11002 scale=100 state=idle visual=281110,168767,11152 yaw=14400 t=14919135 id=364
[mod] [SMRTK] SMRTK_DUMP bbox_max=47,48,114 bbox_min=-51,-49,0 entity=ResourceFuel leg=train_part object=ResourceStockpileBox(6107524330) path=train/17 pos=280801,167774,11002 scale=100 state=idle visual=281022,168817,11152 yaw=14400 t=14919135 id=365
[SMRTK] SMRTK_DUMP bbox_max=47,48,114 bbox_min=-51,-49,0 entity=ResourceFuel leg=train_part object=ResourceStockpileBox(6107524330) path=train/17 pos=280801,167774,11002 scale=100 state=idle visual=281022,168817,11152 yaw=14400 t=14919135 id=365
[mod] [SMRTK] SMRTK_DUMP bbox_max=47,48,114 bbox_min=-51,-49,0 entity=ResourceFuel leg=train_part object=ResourceStockpileBox(5810363853) path=train/18 pos=280813,168028,11002 scale=100 state=idle visual=281251,168806,11152 yaw=14400 t=14919135 id=366
[SMRTK] SMRTK_DUMP bbox_max=47,48,114 bbox_min=-51,-49,0 entity=ResourceFuel leg=train_part object=ResourceStockpileBox(5810363853) path=train/18 pos=280813,168028,11002 scale=100 state=idle visual=281251,168806,11152 yaw=14400 t=14919135 id=366
[mod] [SMRTK] SMRTK_DUMP bbox_max=47,48,114 bbox_min=-51,-49,0 entity=ResourceFuel leg=train_part object=ResourceStockpileBox(5521088843) path=train/19 pos=280757,167930,11002 scale=100 state=idle visual=281162,168857,11152 yaw=14400 t=14919135 id=367
[SMRTK] SMRTK_DUMP bbox_max=47,48,114 bbox_min=-51,-49,0 entity=ResourceFuel leg=train_part object=ResourceStockpileBox(5521088843) path=train/19 pos=280757,167930,11002 scale=100 state=idle visual=281162,168857,11152 yaw=14400 t=14919135 id=367
[mod] [SMRTK] SMRTK_DUMP bbox_max=49,51,100 bbox_min=-49,-49,0 entity=ResourceCoffe leg=train_part object=ResourceStockpileBox(5654493518) path=train/20 pos=280700,167832,11002 scale=100 state=idle visual=281074,168908,11152 yaw=14400 t=14919135 id=368
[SMRTK] SMRTK_DUMP bbox_max=49,51,100 bbox_min=-49,-49,0 entity=ResourceCoffe leg=train_part object=ResourceStockpileBox(5654493518) path=train/20 pos=280700,167832,11002 scale=100 state=idle visual=281074,168908,11152 yaw=14400 t=14919135 id=368
[mod] [SMRTK] SMRTK_DUMP bbox_max=49,51,100 bbox_min=-49,-49,0 entity=ResourceCoffe leg=train_part object=ResourceStockpileBox(5444518419) path=train/21 pos=280713,168086,11002 scale=100 state=idle visual=281303,168897,11152 yaw=14400 t=14919135 id=369
[SMRTK] SMRTK_DUMP bbox_max=49,51,100 bbox_min=-49,-49,0 entity=ResourceCoffe leg=train_part object=ResourceStockpileBox(5444518419) path=train/21 pos=280713,168086,11002 scale=100 state=idle visual=281303,168897,11152 yaw=14400 t=14919135 id=369
[mod] [SMRTK] SMRTK_DUMP bbox_max=49,51,100 bbox_min=-49,-49,0 entity=ResourceCoffe leg=train_part object=ResourceStockpileBox(5417979958) path=train/22 pos=280657,167988,11002 scale=100 state=idle visual=281215,168947,11152 yaw=14400 t=14919135 id=370
[SMRTK] SMRTK_DUMP bbox_max=49,51,100 bbox_min=-49,-49,0 entity=ResourceCoffe leg=train_part object=ResourceStockpileBox(5417979958) path=train/22 pos=280657,167988,11002 scale=100 state=idle visual=281215,168947,11152 yaw=14400 t=14919135 id=370
[mod] [SMRTK] SMRTK_DUMP bbox_max=49,51,100 bbox_min=-49,-49,0 entity=ResourceCoffe leg=train_part object=ResourceStockpileBox(5725791430) path=train/23 pos=280600,167890,11002 scale=100 state=idle visual=281127,168998,11152 yaw=14400 t=14919135 id=371
[SMRTK] SMRTK_DUMP bbox_max=49,51,100 bbox_min=-49,-49,0 entity=ResourceCoffe leg=train_part object=ResourceStockpileBox(5725791430) path=train/23 pos=280600,167890,11002 scale=100 state=idle visual=281127,168998,11152 yaw=14400 t=14919135 id=371
[mod] [SMRTK] SMRTK_DUMP bbox_max=49,51,100 bbox_min=-49,-49,0 entity=ResourceCoffe leg=train_part object=ResourceStockpileBox(5553452234) path=train/24 pos=281316,167738,10901 scale=100 state=idle visual=280990,168354,11061 yaw=14400 t=14919135 id=372
[SMRTK] SMRTK_DUMP bbox_max=49,51,100 bbox_min=-49,-49,0 entity=ResourceCoffe leg=train_part object=ResourceStockpileBox(5553452234) path=train/24 pos=281316,167738,10901 scale=100 state=idle visual=280990,168354,11061 yaw=14400 t=14919135 id=372
[mod] [SMRTK] SMRTK_DUMP bbox_max=49,51,100 bbox_min=-49,-49,0 entity=ResourceCoffe leg=train_part object=ResourceStockpileBox(6090375769) path=train/25 pos=281259,167640,10901 scale=100 state=idle visual=280902,168405,11061 yaw=14400 t=14919135 id=373
[SMRTK] SMRTK_DUMP bbox_max=49,51,100 bbox_min=-49,-49,0 entity=ResourceCoffe leg=train_part object=ResourceStockpileBox(6090375769) path=train/25 pos=281259,167640,10901 scale=100 state=idle visual=280902,168405,11061 yaw=14400 t=14919135 id=373
[mod] [SMRTK] SMRTK_DUMP bbox_max=49,51,100 bbox_min=-49,-49,0 entity=ResourceCoffe leg=train_part object=ResourceStockpileBox(5665613763) path=train/26 pos=281203,167542,10901 scale=100 state=idle visual=280814,168456,11061 yaw=14400 t=14919135 id=374
[SMRTK] SMRTK_DUMP bbox_max=49,51,100 bbox_min=-49,-49,0 entity=ResourceCoffe leg=train_part object=ResourceStockpileBox(5665613763) path=train/26 pos=281203,167542,10901 scale=100 state=idle visual=280814,168456,11061 yaw=14400 t=14919135 id=374
[mod] [SMRTK] SMRTK_DUMP bbox_max=49,51,100 bbox_min=-49,-49,0 entity=ResourceCoffe leg=train_part object=ResourceStockpileBox(5708642586) path=train/27 pos=281215,167796,10901 scale=100 state=idle visual=281042,168444,11061 yaw=14400 t=14919135 id=375
[SMRTK] SMRTK_DUMP bbox_max=49,51,100 bbox_min=-49,-49,0 entity=ResourceCoffe leg=train_part object=ResourceStockpileBox(5708642586) path=train/27 pos=281215,167796,10901 scale=100 state=idle visual=281042,168444,11061 yaw=14400 t=14919135 id=375
[mod] [SMRTK] SMRTK_DUMP bbox_max=49,51,100 bbox_min=-49,-49,0 entity=ResourceCoffe leg=train_part object=ResourceStockpileBox(5801920214) path=train/28 pos=281159,167698,10901 scale=100 state=idle visual=280954,168495,11061 yaw=14400 t=14919135 id=376
[SMRTK] SMRTK_DUMP bbox_max=49,51,100 bbox_min=-49,-49,0 entity=ResourceCoffe leg=train_part object=ResourceStockpileBox(5801920214) path=train/28 pos=281159,167698,10901 scale=100 state=idle visual=280954,168495,11061 yaw=14400 t=14919135 id=376
[mod] [SMRTK] SMRTK_DUMP bbox_max=49,51,100 bbox_min=-49,-49,0 entity=ResourceCoffe leg=train_part object=ResourceStockpileBox(5749095783) path=train/29 pos=281102,167600,10901 scale=100 state=idle visual=280866,168546,11061 yaw=14400 t=14919135 id=377
[SMRTK] SMRTK_DUMP bbox_max=49,51,100 bbox_min=-49,-49,0 entity=ResourceCoffe leg=train_part object=ResourceStockpileBox(5749095783) path=train/29 pos=281102,167600,10901 scale=100 state=idle visual=280866,168546,11061 yaw=14400 t=14919135 id=377
[mod] [SMRTK] SMRTK_DUMP bbox_max=49,51,100 bbox_min=-49,-49,0 entity=ResourceCoffe leg=train_part object=ResourceStockpileBox(5596742023) path=train/30 pos=281115,167854,10901 scale=100 state=idle visual=281094,168535,11061 yaw=14400 t=14919135 id=378
[SMRTK] SMRTK_DUMP bbox_max=49,51,100 bbox_min=-49,-49,0 entity=ResourceCoffe leg=train_part object=ResourceStockpileBox(5596742023) path=train/30 pos=281115,167854,10901 scale=100 state=idle visual=281094,168535,11061 yaw=14400 t=14919135 id=378
[mod] [SMRTK] SMRTK_DUMP bbox_max=49,51,100 bbox_min=-49,-49,0 entity=ResourceCoffe leg=train_part object=ResourceStockpileBox(5821163920) path=train/31 pos=281058,167756,10901 scale=100 state=idle visual=281006,168586,11061 yaw=14400 t=14919135 id=379
[SMRTK] SMRTK_DUMP bbox_max=49,51,100 bbox_min=-49,-49,0 entity=ResourceCoffe leg=train_part object=ResourceStockpileBox(5821163920) path=train/31 pos=281058,167756,10901 scale=100 state=idle visual=281006,168586,11061 yaw=14400 t=14919135 id=379
[mod] [SMRTK] SMRTK_DUMP bbox_max=49,51,100 bbox_min=-49,-49,0 entity=ResourceCoffe leg=train_part object=ResourceStockpileBox(6009216656) path=train/32 pos=281002,167658,10901 scale=100 state=idle visual=280918,168636,11061 yaw=14400 t=14919135 id=380
[SMRTK] SMRTK_DUMP bbox_max=49,51,100 bbox_min=-49,-49,0 entity=ResourceCoffe leg=train_part object=ResourceStockpileBox(6009216656) path=train/32 pos=281002,167658,10901 scale=100 state=idle visual=280918,168636,11061 yaw=14400 t=14919135 id=380
[mod] [SMRTK] SMRTK_DUMP bbox_max=49,51,100 bbox_min=-49,-49,0 entity=ResourceCoffe leg=train_part object=ResourceStockpileBox(5919339204) path=train/33 pos=281014,167912,10901 scale=100 state=idle visual=281146,168625,11061 yaw=14400 t=14919135 id=381
[SMRTK] SMRTK_DUMP bbox_max=49,51,100 bbox_min=-49,-49,0 entity=ResourceCoffe leg=train_part object=ResourceStockpileBox(5919339204) path=train/33 pos=281014,167912,10901 scale=100 state=idle visual=281146,168625,11061 yaw=14400 t=14919135 id=381
[mod] [SMRTK] SMRTK_DUMP bbox_max=49,49,102 bbox_min=-49,-49,1 entity=ResourceMeat leg=train_part object=ResourceStockpileBox(5772027199) path=train/34 pos=280958,167814,10901 scale=100 state=idle visual=281058,168676,11061 yaw=14400 t=14919135 id=382
[SMRTK] SMRTK_DUMP bbox_max=49,49,102 bbox_min=-49,-49,1 entity=ResourceMeat leg=train_part object=ResourceStockpileBox(5772027199) path=train/34 pos=280958,167814,10901 scale=100 state=idle visual=281058,168676,11061 yaw=14400 t=14919135 id=382
						Lua 0:01:30:456
[mod] [SMRTK] SMRTK_DUMP bbox_max=49,49,102 bbox_min=-49,-49,1 entity=ResourceMeat leg=train_part object=ResourceStockpileBox(5300549017) path=train/35 pos=280901,167716,10901 scale=100 state=idle visual=280970,168727,11061 yaw=14400 t=14919135 id=383
[SMRTK] SMRTK_DUMP bbox_max=49,49,102 bbox_min=-49,-49,1 entity=ResourceMeat leg=train_part object=ResourceStockpileBox(5300549017) path=train/35 pos=280901,167716,10901 scale=100 state=idle visual=280970,168727,11061 yaw=14400 t=14919135 id=383
[mod] [SMRTK] SMRTK_DUMP bbox_max=49,49,102 bbox_min=-49,-49,1 entity=ResourceMeat leg=train_part object=ResourceStockpileBox(5673620031) path=train/36 pos=280914,167970,10901 scale=100 state=idle visual=281198,168716,11061 yaw=14400 t=14919135 id=384
[SMRTK] SMRTK_DUMP bbox_max=49,49,102 bbox_min=-49,-49,1 entity=ResourceMeat leg=train_part object=ResourceStockpileBox(5673620031) path=train/36 pos=280914,167970,10901 scale=100 state=idle visual=281198,168716,11061 yaw=14400 t=14919135 id=384
[mod] [SMRTK] SMRTK_DUMP bbox_max=49,49,102 bbox_min=-49,-49,1 entity=ResourceMeat leg=train_part object=ResourceStockpileBox(5894904835) path=train/37 pos=280857,167872,10901 scale=100 state=idle visual=281110,168767,11061 yaw=14400 t=14919135 id=385
[SMRTK] SMRTK_DUMP bbox_max=49,49,102 bbox_min=-49,-49,1 entity=ResourceMeat leg=train_part object=ResourceStockpileBox(5894904835) path=train/37 pos=280857,167872,10901 scale=100 state=idle visual=281110,168767,11061 yaw=14400 t=14919135 id=385
[mod] [SMRTK] SMRTK_DUMP bbox_max=49,49,102 bbox_min=-49,-49,1 entity=ResourceMeat leg=train_part object=ResourceStockpileBox(5819671843) path=train/38 pos=280801,167774,10901 scale=100 state=idle visual=281022,168817,11061 yaw=14400 t=14919135 id=386
[SMRTK] SMRTK_DUMP bbox_max=49,49,102 bbox_min=-49,-49,1 entity=ResourceMeat leg=train_part object=ResourceStockpileBox(5819671843) path=train/38 pos=280801,167774,10901 scale=100 state=idle visual=281022,168817,11061 yaw=14400 t=14919135 id=386
[mod] [SMRTK] SMRTK_DUMP bbox_max=49,49,102 bbox_min=-49,-49,1 entity=ResourceMeat leg=train_part object=ResourceStockpileBox(5885205594) path=train/39 pos=280813,168028,10901 scale=100 state=idle visual=281251,168806,11061 yaw=14400 t=14919135 id=387
[SMRTK] SMRTK_DUMP bbox_max=49,49,102 bbox_min=-49,-49,1 entity=ResourceMeat leg=train_part object=ResourceStockpileBox(5885205594) path=train/39 pos=280813,168028,10901 scale=100 state=idle visual=281251,168806,11061 yaw=14400 t=14919135 id=387
[mod] [SMRTK] SMRTK_DUMP bbox_max=49,49,102 bbox_min=-49,-49,1 entity=ResourceMeat leg=train_part object=ResourceStockpileBox(5505838280) path=train/40 pos=280757,167930,10901 scale=100 state=idle visual=281162,168857,11061 yaw=14400 t=14919135 id=388
[SMRTK] SMRTK_DUMP bbox_max=49,49,102 bbox_min=-49,-49,1 entity=ResourceMeat leg=train_part object=ResourceStockpileBox(5505838280) path=train/40 pos=280757,167930,10901 scale=100 state=idle visual=281162,168857,11061 yaw=14400 t=14919135 id=388
[mod] [SMRTK] SMRTK_DUMP bbox_max=49,49,102 bbox_min=-49,-49,1 entity=ResourceMeat leg=train_part object=ResourceStockpileBox(6025709891) path=train/41 pos=280700,167832,10901 scale=100 state=idle visual=281074,168908,11061 yaw=14400 t=14919135 id=389
[SMRTK] SMRTK_DUMP bbox_max=49,49,102 bbox_min=-49,-49,1 entity=ResourceMeat leg=train_part object=ResourceStockpileBox(6025709891) path=train/41 pos=280700,167832,10901 scale=100 state=idle visual=281074,168908,11061 yaw=14400 t=14919135 id=389
[mod] [SMRTK] SMRTK_DUMP bbox_max=49,49,102 bbox_min=-49,-49,1 entity=ResourceMeat leg=train_part object=ResourceStockpileBox(5586126274) path=train/42 pos=280713,168086,10901 scale=100 state=idle visual=281303,168897,11061 yaw=14400 t=14919135 id=390
[SMRTK] SMRTK_DUMP bbox_max=49,49,102 bbox_min=-49,-49,1 entity=ResourceMeat leg=train_part object=ResourceStockpileBox(5586126274) path=train/42 pos=280713,168086,10901 scale=100 state=idle visual=281303,168897,11061 yaw=14400 t=14919135 id=390
[mod] [SMRTK] SMRTK_DUMP bbox_max=49,49,102 bbox_min=-49,-49,1 entity=ResourceMeat leg=train_part object=ResourceStockpileBox(5806704068) path=train/43 pos=280657,167988,10901 scale=100 state=idle visual=281215,168947,11061 yaw=14400 t=14919135 id=391
[SMRTK] SMRTK_DUMP bbox_max=49,49,102 bbox_min=-49,-49,1 entity=ResourceMeat leg=train_part object=ResourceStockpileBox(5806704068) path=train/43 pos=280657,167988,10901 scale=100 state=idle visual=281215,168947,11061 yaw=14400 t=14919135 id=391
[mod] [SMRTK] SMRTK_DUMP bbox_max=49,49,102 bbox_min=-49,-49,1 entity=ResourceMeat leg=train_part object=ResourceStockpileBox(6055680494) path=train/44 pos=280600,167890,10901 scale=100 state=idle visual=281127,168998,11061 yaw=14400 t=14919135 id=392
[SMRTK] SMRTK_DUMP bbox_max=49,49,102 bbox_min=-49,-49,1 entity=ResourceMeat leg=train_part object=ResourceStockpileBox(6055680494) path=train/44 pos=280600,167890,10901 scale=100 state=idle visual=281127,168998,11061 yaw=14400 t=14919135 id=392
[mod] [SMRTK] SMRTK_DUMP bbox_max=49,49,102 bbox_min=-49,-49,1 entity=ResourceMeat leg=train_part object=ResourceStockpileBox(5584535705) path=train/45 pos=281316,167738,10800 scale=100 state=idle visual=280990,168354,10970 yaw=14400 t=14919135 id=393
[SMRTK] SMRTK_DUMP bbox_max=49,49,102 bbox_min=-49,-49,1 entity=ResourceMeat leg=train_part object=ResourceStockpileBox(5584535705) path=train/45 pos=281316,167738,10800 scale=100 state=idle visual=280990,168354,10970 yaw=14400 t=14919135 id=393
[mod] [SMRTK] SMRTK_DUMP bbox_max=49,49,102 bbox_min=-49,-49,1 entity=ResourceMeat leg=train_part object=ResourceStockpileBox(5839237337) path=train/46 pos=281259,167640,10800 scale=100 state=idle visual=280902,168405,10970 yaw=14400 t=14919135 id=394
[SMRTK] SMRTK_DUMP bbox_max=49,49,102 bbox_min=-49,-49,1 entity=ResourceMeat leg=train_part object=ResourceStockpileBox(5839237337) path=train/46 pos=281259,167640,10800 scale=100 state=idle visual=280902,168405,10970 yaw=14400 t=14919135 id=394
[mod] [SMRTK] SMRTK_DUMP bbox_max=49,49,102 bbox_min=-49,-49,1 entity=ResourceMeat leg=train_part object=ResourceStockpileBox(5895137628) path=train/47 pos=281203,167542,10800 scale=100 state=idle visual=280814,168456,10970 yaw=14400 t=14919135 id=395
[SMRTK] SMRTK_DUMP bbox_max=49,49,102 bbox_min=-49,-49,1 entity=ResourceMeat leg=train_part object=ResourceStockpileBox(5895137628) path=train/47 pos=281203,167542,10800 scale=100 state=idle visual=280814,168456,10970 yaw=14400 t=14919135 id=395
[mod] [SMRTK] SMRTK_DUMP bbox_max=49,49,102 bbox_min=-49,-49,1 entity=ResourceMeat leg=train_part object=ResourceStockpileBox(5501833635) path=train/48 pos=281215,167796,10800 scale=100 state=idle visual=281042,168444,10970 yaw=14400 t=14919135 id=396
[SMRTK] SMRTK_DUMP bbox_max=49,49,102 bbox_min=-49,-49,1 entity=ResourceMeat leg=train_part object=ResourceStockpileBox(5501833635) path=train/48 pos=281215,167796,10800 scale=100 state=idle visual=281042,168444,10970 yaw=14400 t=14919135 id=396
[mod] [SMRTK] SMRTK_DUMP bbox_max=49,49,102 bbox_min=-49,-49,1 entity=ResourceMeat leg=train_part object=ResourceStockpileBox(6091213841) path=train/49 pos=281159,167698,10800 scale=100 state=idle visual=280954,168495,10970 yaw=14400 t=14919135 id=397
[SMRTK] SMRTK_DUMP bbox_max=49,49,102 bbox_min=-49,-49,1 entity=ResourceMeat leg=train_part object=ResourceStockpileBox(6091213841) path=train/49 pos=281159,167698,10800 scale=100 state=idle visual=280954,168495,10970 yaw=14400 t=14919135 id=397
[mod] [SMRTK] SMRTK_DUMP bbox_max=47,51,100 bbox_min=-53,-50,3 entity=ResourceMachineParts leg=train_part object=ResourceStockpileBox(6052591975) path=train/50 pos=281102,167600,10800 scale=100 state=idle visual=280866,168546,10970 yaw=14400 t=14919135 id=398
[SMRTK] SMRTK_DUMP bbox_max=47,51,100 bbox_min=-53,-50,3 entity=ResourceMachineParts leg=train_part object=ResourceStockpileBox(6052591975) path=train/50 pos=281102,167600,10800 scale=100 state=idle visual=280866,168546,10970 yaw=14400 t=14919135 id=398
[mod] [SMRTK] SMRTK_DUMP bbox_max=47,51,100 bbox_min=-53,-50,3 entity=ResourceMachineParts leg=train_part object=ResourceStockpileBox(5803675911) path=train/51 pos=281115,167854,10800 scale=100 state=idle visual=281094,168535,10970 yaw=14400 t=14919135 id=399
[SMRTK] SMRTK_DUMP bbox_max=47,51,100 bbox_min=-53,-50,3 entity=ResourceMachineParts leg=train_part object=ResourceStockpileBox(5803675911) path=train/51 pos=281115,167854,10800 scale=100 state=idle visual=281094,168535,10970 yaw=14400 t=14919135 id=399
[mod] [SMRTK] SMRTK_DUMP bbox_max=47,51,100 bbox_min=-53,-50,3 entity=ResourceMachineParts leg=train_part object=ResourceStockpileBox(5816447252) path=train/52 pos=281058,167756,10800 scale=100 state=idle visual=281006,168586,10970 yaw=14400 t=14919135 id=400
[SMRTK] SMRTK_DUMP bbox_max=47,51,100 bbox_min=-53,-50,3 entity=ResourceMachineParts leg=train_part object=ResourceStockpileBox(5816447252) path=train/52 pos=281058,167756,10800 scale=100 state=idle visual=281006,168586,10970 yaw=14400 t=14919135 id=400
[mod] [SMRTK] SMRTK_DUMP bbox_max=47,51,100 bbox_min=-53,-50,3 entity=ResourceMachineParts leg=train_part object=ResourceStockpileBox(5451449773) path=train/53 pos=281002,167658,10800 scale=100 state=idle visual=280918,168636,10970 yaw=14400 t=14919135 id=401
[SMRTK] SMRTK_DUMP bbox_max=47,51,100 bbox_min=-53,-50,3 entity=ResourceMachineParts leg=train_part object=ResourceStockpileBox(5451449773) path=train/53 pos=281002,167658,10800 scale=100 state=idle visual=280918,168636,10970 yaw=14400 t=14919135 id=401
						Lua 0:01:30:457
[mod] [SMRTK] SMRTK_DUMP bbox_max=47,51,100 bbox_min=-53,-50,3 entity=ResourceMachineParts leg=train_part object=ResourceStockpileBox(5498908901) path=train/54 pos=281014,167912,10800 scale=100 state=idle visual=281146,168625,10970 yaw=14400 t=14919135 id=402
[SMRTK] SMRTK_DUMP bbox_max=47,51,100 bbox_min=-53,-50,3 entity=ResourceMachineParts leg=train_part object=ResourceStockpileBox(5498908901) path=train/54 pos=281014,167912,10800 scale=100 state=idle visual=281146,168625,10970 yaw=14400 t=14919135 id=402
[mod] [SMRTK] SMRTK_DUMP bbox_max=47,51,100 bbox_min=-53,-50,3 entity=ResourceMachineParts leg=train_part object=ResourceStockpileBox(5411991699) path=train/55 pos=280958,167814,10800 scale=100 state=idle visual=281058,168676,10970 yaw=14400 t=14919135 id=403
[SMRTK] SMRTK_DUMP bbox_max=47,51,100 bbox_min=-53,-50,3 entity=ResourceMachineParts leg=train_part object=ResourceStockpileBox(5411991699) path=train/55 pos=280958,167814,10800 scale=100 state=idle visual=281058,168676,10970 yaw=14400 t=14919135 id=403
[mod] [SMRTK] SMRTK_DUMP bbox_max=47,51,100 bbox_min=-53,-50,3 entity=ResourceMachineParts leg=train_part object=ResourceStockpileBox(6005956684) path=train/56 pos=280901,167716,10800 scale=100 state=idle visual=280970,168727,10970 yaw=14400 t=14919135 id=404
[SMRTK] SMRTK_DUMP bbox_max=47,51,100 bbox_min=-53,-50,3 entity=ResourceMachineParts leg=train_part object=ResourceStockpileBox(6005956684) path=train/56 pos=280901,167716,10800 scale=100 state=idle visual=280970,168727,10970 yaw=14400 t=14919135 id=404
[mod] [SMRTK] SMRTK_DUMP bbox_max=47,51,100 bbox_min=-53,-50,3 entity=ResourceMachineParts leg=train_part object=ResourceStockpileBox(5580580669) path=train/57 pos=280914,167970,10800 scale=100 state=idle visual=281198,168716,10970 yaw=14400 t=14919135 id=405
[SMRTK] SMRTK_DUMP bbox_max=47,51,100 bbox_min=-53,-50,3 entity=ResourceMachineParts leg=train_part object=ResourceStockpileBox(5580580669) path=train/57 pos=280914,167970,10800 scale=100 state=idle visual=281198,168716,10970 yaw=14400 t=14919135 id=405
[mod] [SMRTK] SMRTK_DUMP bbox_max=47,51,100 bbox_min=-53,-50,3 entity=ResourceMachineParts leg=train_part object=ResourceStockpileBox(5973962601) path=train/58 pos=280857,167872,10800 scale=100 state=idle visual=281110,168766,10970 yaw=14400 t=14919135 id=406
[SMRTK] SMRTK_DUMP bbox_max=47,51,100 bbox_min=-53,-50,3 entity=ResourceMachineParts leg=train_part object=ResourceStockpileBox(5973962601) path=train/58 pos=280857,167872,10800 scale=100 state=idle visual=281110,168766,10970 yaw=14400 t=14919135 id=406
[mod] [SMRTK] SMRTK_DUMP bbox_max=47,51,100 bbox_min=-53,-50,3 entity=ResourceMachineParts leg=train_part object=ResourceStockpileBox(5319362219) path=train/59 pos=280801,167774,10800 scale=100 state=idle visual=281022,168817,10970 yaw=14400 t=14919135 id=407
[SMRTK] SMRTK_DUMP bbox_max=47,51,100 bbox_min=-53,-50,3 entity=ResourceMachineParts leg=train_part object=ResourceStockpileBox(5319362219) path=train/59 pos=280801,167774,10800 scale=100 state=idle visual=281022,168817,10970 yaw=14400 t=14919135 id=407
[mod] [SMRTK] SMRTK_DUMP bbox_max=47,51,100 bbox_min=-53,-50,3 entity=ResourceMachineParts leg=train_part object=ResourceStockpileBox(5879124315) path=train/60 pos=280813,168028,10800 scale=100 state=idle visual=281251,168806,10970 yaw=14400 t=14919135 id=408
[SMRTK] SMRTK_DUMP bbox_max=47,51,100 bbox_min=-53,-50,3 entity=ResourceMachineParts leg=train_part object=ResourceStockpileBox(5879124315) path=train/60 pos=280813,168028,10800 scale=100 state=idle visual=281251,168806,10970 yaw=14400 t=14919135 id=408
[mod] [SMRTK] SMRTK_DUMP bbox_max=47,51,100 bbox_min=-53,-50,3 entity=ResourceMachineParts leg=train_part object=ResourceStockpileBox(5357132298) path=train/61 pos=280757,167930,10800 scale=100 state=idle visual=281163,168857,10970 yaw=14400 t=14919135 id=409
[SMRTK] SMRTK_DUMP bbox_max=47,51,100 bbox_min=-53,-50,3 entity=ResourceMachineParts leg=train_part object=ResourceStockpileBox(5357132298) path=train/61 pos=280757,167930,10800 scale=100 state=idle visual=281163,168857,10970 yaw=14400 t=14919135 id=409
[mod] [SMRTK] SMRTK_DUMP bbox_max=47,51,100 bbox_min=-53,-50,3 entity=ResourceMachineParts leg=train_part object=ResourceStockpileBox(5935138420) path=train/62 pos=280700,167832,10800 scale=100 state=idle visual=281074,168908,10970 yaw=14400 t=14919135 id=410
[SMRTK] SMRTK_DUMP bbox_max=47,51,100 bbox_min=-53,-50,3 entity=ResourceMachineParts leg=train_part object=ResourceStockpileBox(5935138420) path=train/62 pos=280700,167832,10800 scale=100 state=idle visual=281074,168908,10970 yaw=14400 t=14919135 id=410
[mod] [SMRTK] SMRTK_DUMP bbox_max=47,51,100 bbox_min=-53,-50,3 entity=ResourceMachineParts leg=train_part object=ResourceStockpileBox(5540151126) path=train/63 pos=280713,168086,10800 scale=100 state=idle visual=281303,168897,10970 yaw=14400 t=14919135 id=411
[SMRTK] SMRTK_DUMP bbox_max=47,51,100 bbox_min=-53,-50,3 entity=ResourceMachineParts leg=train_part object=ResourceStockpileBox(5540151126) path=train/63 pos=280713,168086,10800 scale=100 state=idle visual=281303,168897,10970 yaw=14400 t=14919135 id=411
[mod] [SMRTK] SMRTK_DUMP bbox_max=47,51,100 bbox_min=-53,-50,3 entity=ResourceMachineParts leg=train_part object=ResourceStockpileBox(5525798385) path=train/64 pos=280657,167988,10800 scale=100 state=idle visual=281215,168947,10970 yaw=14400 t=14919135 id=412
[SMRTK] SMRTK_DUMP bbox_max=47,51,100 bbox_min=-53,-50,3 entity=ResourceMachineParts leg=train_part object=ResourceStockpileBox(5525798385) path=train/64 pos=280657,167988,10800 scale=100 state=idle visual=281215,168947,10970 yaw=14400 t=14919135 id=412
[mod] [SMRTK] SMRTK_DUMP bbox_max=47,51,100 bbox_min=-53,-50,3 entity=ResourceMachineParts leg=train_part object=ResourceStockpileBox(5581922021) path=train/65 pos=280600,167890,10800 scale=100 state=idle visual=281127,168998,10970 yaw=14400 t=14919135 id=413
[SMRTK] SMRTK_DUMP bbox_max=47,51,100 bbox_min=-53,-50,3 entity=ResourceMachineParts leg=train_part object=ResourceStockpileBox(5581922021) path=train/65 pos=280600,167890,10800 scale=100 state=idle visual=281127,168998,10970 yaw=14400 t=14919135 id=413
[mod] [SMRTK] SMRTK_MARK action=mark label=HUB3B_PARTS_END mark=433 status=OK t=14919135 id=414
[SMRTK] SMRTK_MARK action=mark label=HUB3B_PARTS_END mark=433 status=OK t=14919135 id=414
[mod] [SMRTK] SMRTK_FINGERPRINT action=fingerprint fix_pack_present=52/52 game=403908 mark_action=mark mods=SMR_CommunityFixPack,SMR_CommunityFixPackTestKit,SMR_CommunityOptInPack,SMR_TrainHubDev_20260918 pack_version=19 read="live registry" save="SpaceY Sol 21.savegame.sav" sol=21 status=OK t=14919135 id=415
[SMRTK] SMRTK_FINGERPRINT action=fingerprint fix_pack_present=52/52 game=403908 mark_action=mark mods=SMR_CommunityFixPack,SMR_CommunityFixPackTestKit,SMR_CommunityOptInPack,SMR_TrainHubDev_20260918 pack_version=19 read="live registry" save="SpaceY Sol 21.savegame.sav" sol=21 status=OK t=14919135 id=415
[mod] [SMRTK] SMRTK_ACTION action=slot_6 length_verdict="DISPUTED: compare visible train to hex grid" status=OK train=Train(2000001576) t=14919135 id=416
[SMRTK] SMRTK_ACTION action=slot_6 length_verdict="DISPUTED: compare visible train to hex grid" status=OK train=Train(2000001576) t=14919135 id=416
						Lua 0:01:32:642
[mod] [SMRTK] SMRTK_MARK action=screenshot_mark capture="native accepted" capture_id=0048 fallback=false label="Hub3b stage 4 old saved positions" mark=436 path=C:/Dev/SMR-ScreenCaptures/SMRTK_0048.png status=OK t=14919135 id=417
[SMRTK] SMRTK_MARK action=screenshot_mark capture="native accepted" capture_id=0048 fallback=false label="Hub3b stage 4 old saved positions" mark=436 path=C:/Dev/SMR-ScreenCaptures/SMRTK_0048.png status=OK t=14919135 id=417
						Lua 0:01:32:643
[mod] [SMRTK] SMRTK_FINGERPRINT action=fingerprint fix_pack_present=52/52 game=403908 mark_action=screenshot_mark mods=SMR_CommunityFixPack,SMR_CommunityFixPackTestKit,SMR_CommunityOptInPack,SMR_TrainHubDev_20260918 pack_version=19 read="live registry" save="SpaceY Sol 21.savegame.sav" sol=21 status=OK t=14919135 id=418
[SMRTK] SMRTK_FINGERPRINT action=fingerprint fix_pack_present=52/52 game=403908 mark_action=screenshot_mark mods=SMR_CommunityFixPack,SMR_CommunityFixPackTestKit,SMR_CommunityOptInPack,SMR_TrainHubDev_20260918 pack_version=19 read="live registry" save="SpaceY Sol 21.savegame.sav" sol=21 status=OK t=14919135 id=418
[mod] [SMRTK] SMRTK_MARK action=mark label=HUB3B_TUNE_BEGIN mark=438 status=OK t=14919135 id=419
[SMRTK] SMRTK_MARK action=mark label=HUB3B_TUNE_BEGIN mark=438 status=OK t=14919135 id=419
[mod] [SMRTK] SMRTK_FINGERPRINT action=fingerprint fix_pack_present=52/52 game=403908 mark_action=mark mods=SMR_CommunityFixPack,SMR_CommunityFixPackTestKit,SMR_CommunityOptInPack,SMR_TrainHubDev_20260918 pack_version=19 read="live registry" save="SpaceY Sol 21.savegame.sav" sol=21 status=OK t=14919135 id=420
[SMRTK] SMRTK_FINGERPRINT action=fingerprint fix_pack_present=52/52 game=403908 mark_action=mark mods=SMR_CommunityFixPack,SMR_CommunityFixPackTestKit,SMR_CommunityOptInPack,SMR_TrainHubDev_20260918 pack_version=19 read="live registry" save="SpaceY Sol 21.savegame.sav" sol=21 status=OK t=14919135 id=420
[mod] [SMRTK] SMRTK_DUMP leg=park_setup moved=1 mutation="reposition paused parked trains" new=1800 old=1700 t=14919135 id=421
[SMRTK] SMRTK_DUMP leg=park_setup moved=1 mutation="reposition paused parked trains" new=1800 old=1700 t=14919135 id=421
[mod] [SMRTK] SMRTK_MARK action=mark label=HUB3B_TUNE_END mark=441 status=OK t=14919135 id=422
[SMRTK] SMRTK_MARK action=mark label=HUB3B_TUNE_END mark=441 status=OK t=14919135 id=422
[mod] [SMRTK] SMRTK_FINGERPRINT action=fingerprint fix_pack_present=52/52 game=403908 mark_action=mark mods=SMR_CommunityFixPack,SMR_CommunityFixPackTestKit,SMR_CommunityOptInPack,SMR_TrainHubDev_20260918 pack_version=19 read="live registry" save="SpaceY Sol 21.savegame.sav" sol=21 status=OK t=14919135 id=423
[SMRTK] SMRTK_FINGERPRINT action=fingerprint fix_pack_present=52/52 game=403908 mark_action=mark mods=SMR_CommunityFixPack,SMR_CommunityFixPackTestKit,SMR_CommunityOptInPack,SMR_TrainHubDev_20260918 pack_version=19 read="live registry" save="SpaceY Sol 21.savegame.sav" sol=21 status=OK t=14919135 id=423
[mod] [SMRTK] SMRTK_ACTION action=slot_5 leg=park_setup moved=1 mutation="reposition paused parked trains" new=1800 old=1700 status=OK t=14919135 id=424
[SMRTK] SMRTK_ACTION action=slot_5 leg=park_setup moved=1 mutation="reposition paused parked trains" new=1800 old=1700 status=OK t=14919135 id=424
[mod] [HUB3BSMOKE] TUNE outward true nil
[mod] [SMRTK] SMRTK_MARK action=mark label=HUB3B_TUNE_BEGIN mark=444 status=OK t=14919135 id=425
[SMRTK] SMRTK_MARK action=mark label=HUB3B_TUNE_BEGIN mark=444 status=OK t=14919135 id=425
[mod] [SMRTK] SMRTK_FINGERPRINT action=fingerprint fix_pack_present=52/52 game=403908 mark_action=mark mods=SMR_CommunityFixPack,SMR_CommunityFixPackTestKit,SMR_CommunityOptInPack,SMR_TrainHubDev_20260918 pack_version=19 read="live registry" save="SpaceY Sol 21.savegame.sav" sol=21 status=OK t=14919135 id=426
[SMRTK] SMRTK_FINGERPRINT action=fingerprint fix_pack_present=52/52 game=403908 mark_action=mark mods=SMR_CommunityFixPack,SMR_CommunityFixPackTestKit,SMR_CommunityOptInPack,SMR_TrainHubDev_20260918 pack_version=19 read="live registry" save="SpaceY Sol 21.savegame.sav" sol=21 status=OK t=14919135 id=426
[mod] [SMRTK] SMRTK_DUMP leg=park_setup moved=1 mutation="reposition paused parked trains" new=1700 old=1800 t=14919135 id=427
[SMRTK] SMRTK_DUMP leg=park_setup moved=1 mutation="reposition paused parked trains" new=1700 old=1800 t=14919135 id=427
[mod] [SMRTK] SMRTK_MARK action=mark label=HUB3B_TUNE_END mark=447 status=OK t=14919135 id=428
[SMRTK] SMRTK_MARK action=mark label=HUB3B_TUNE_END mark=447 status=OK t=14919135 id=428
[mod] [SMRTK] SMRTK_FINGERPRINT action=fingerprint fix_pack_present=52/52 game=403908 mark_action=mark mods=SMR_CommunityFixPack,SMR_CommunityFixPackTestKit,SMR_CommunityOptInPack,SMR_TrainHubDev_20260918 pack_version=19 read="live registry" save="SpaceY Sol 21.savegame.sav" sol=21 status=OK t=14919135 id=429
[SMRTK] SMRTK_FINGERPRINT action=fingerprint fix_pack_present=52/52 game=403908 mark_action=mark mods=SMR_CommunityFixPack,SMR_CommunityFixPackTestKit,SMR_CommunityOptInPack,SMR_TrainHubDev_20260918 pack_version=19 read="live registry" save="SpaceY Sol 21.savegame.sav" sol=21 status=OK t=14919135 id=429
						Lua 0:01:32:644
[mod] [SMRTK] SMRTK_ACTION action=slot_2 leg=park_setup moved=1 mutation="reposition paused parked trains" new=1700 old=1800 status=OK t=14919135 id=430
[SMRTK] SMRTK_ACTION action=slot_2 leg=park_setup moved=1 mutation="reposition paused parked trains" new=1700 old=1800 status=OK t=14919135 id=430
						Lua 0:01:34:865
[mod] [SMRTK] SMRTK_MARK action=screenshot_mark capture="native accepted" capture_id=0049 fallback=false label="Hub3b stage 4 17 m own-line parking with hex grid" mark=450 path=C:/Dev/SMR-ScreenCaptures/SMRTK_0049.png status=OK t=14919135 id=431
[SMRTK] SMRTK_MARK action=screenshot_mark capture="native accepted" capture_id=0049 fallback=false label="Hub3b stage 4 17 m own-line parking with hex grid" mark=450 path=C:/Dev/SMR-ScreenCaptures/SMRTK_0049.png status=OK t=14919135 id=431
						Lua 0:01:34:866
[mod] [SMRTK] SMRTK_FINGERPRINT action=fingerprint fix_pack_present=52/52 game=403908 mark_action=screenshot_mark mods=SMR_CommunityFixPack,SMR_CommunityFixPackTestKit,SMR_CommunityOptInPack,SMR_TrainHubDev_20260918 pack_version=19 read="live registry" save="SpaceY Sol 21.savegame.sav" sol=21 status=OK t=14919135 id=432
[SMRTK] SMRTK_FINGERPRINT action=fingerprint fix_pack_present=52/52 game=403908 mark_action=screenshot_mark mods=SMR_CommunityFixPack,SMR_CommunityFixPackTestKit,SMR_CommunityOptInPack,SMR_TrainHubDev_20260918 pack_version=19 read="live registry" save="SpaceY Sol 21.savegame.sav" sol=21 status=OK t=14919135 id=432
[mod] [SMRTK] SMRTK_MARK action=mark label=HUB3B_DEPART_BEGIN mark=452 status=OK t=14919135 id=433
[SMRTK] SMRTK_MARK action=mark label=HUB3B_DEPART_BEGIN mark=452 status=OK t=14919135 id=433
[mod] [SMRTK] SMRTK_FINGERPRINT action=fingerprint fix_pack_present=52/52 game=403908 mark_action=mark mods=SMR_CommunityFixPack,SMR_CommunityFixPackTestKit,SMR_CommunityOptInPack,SMR_TrainHubDev_20260918 pack_version=19 read="live registry" save="SpaceY Sol 21.savegame.sav" sol=21 status=OK t=14919135 id=434
[SMRTK] SMRTK_FINGERPRINT action=fingerprint fix_pack_present=52/52 game=403908 mark_action=mark mods=SMR_CommunityFixPack,SMR_CommunityFixPackTestKit,SMR_CommunityOptInPack,SMR_TrainHubDev_20260918 pack_version=19 read="live registry" save="SpaceY Sol 21.savegame.sav" sol=21 status=OK t=14919135 id=434
[mod] [SMRTK] SMRTK_DUMP arrival=2 departure=2 destination=StationSmall(2012) kind=reverse leg=departure_setup mutation="assign outgoing track and start vanilla GotoStation" stage=4 train=Train(2000001576) t=14919135 id=435
[SMRTK] SMRTK_DUMP arrival=2 departure=2 destination=StationSmall(2012) kind=reverse leg=departure_setup mutation="assign outgoing track and start vanilla GotoStation" stage=4 train=Train(2000001576) t=14919135 id=435
[mod] [SMRTK] SMRTK_MARK action=mark label=HUB3B_DEPART_END mark=455 status=OK t=14919135 id=436
[SMRTK] SMRTK_MARK action=mark label=HUB3B_DEPART_END mark=455 status=OK t=14919135 id=436
[mod] [SMRTK] SMRTK_FINGERPRINT action=fingerprint fix_pack_present=52/52 game=403908 mark_action=mark mods=SMR_CommunityFixPack,SMR_CommunityFixPackTestKit,SMR_CommunityOptInPack,SMR_TrainHubDev_20260918 pack_version=19 read="live registry" save="SpaceY Sol 21.savegame.sav" sol=21 status=OK t=14919135 id=437
[SMRTK] SMRTK_FINGERPRINT action=fingerprint fix_pack_present=52/52 game=403908 mark_action=mark mods=SMR_CommunityFixPack,SMR_CommunityFixPackTestKit,SMR_CommunityOptInPack,SMR_TrainHubDev_20260918 pack_version=19 read="live registry" save="SpaceY Sol 21.savegame.sav" sol=21 status=OK t=14919135 id=437
[mod] [SMRTK] SMRTK_ACTION action=slot_3 arrival=2 departure=2 destination=StationSmall(2012) kind=reverse leg=departure_setup mutation="assign outgoing track and start vanilla GotoStation" stage=4 status=OK train=Train(2000001576) t=14919135 id=438
[SMRTK] SMRTK_ACTION action=slot_3 arrival=2 departure=2 destination=StationSmall(2012) kind=reverse leg=departure_setup mutation="assign outgoing track and start vanilla GotoStation" stage=4 status=OK train=Train(2000001576) t=14919135 id=438
[mod] [HUB3BSMOKE] DEPART started=true reason=nil
						Lua 0:01:34:872
[mod] [SMRTK] SMRTK_SECTION action=section_attach attached=true dialog=ipTrain object=Train(2000001576) status=OK t=14919135 id=439
						Lua 0:01:35:366
[mod] [HUB3BSMOKE] POSE turn 5 lock=false
[mod] [HUB3BSMOKE] TRAIN h=2000001571 hub=false at=false arrival=false cmd=GotoStation pos=(280866, 167195, 10800) yaw=3600 visual_yaw=3600
[mod] [HUB3BSMOKE] TRAIN h=2000001573 hub=false at=false arrival=false cmd=GotoStation pos=(188321, 198427, 10800) yaw=15372 visual_yaw=14934
[mod] [HUB3BSMOKE] TRAIN h=2000001575 hub=false at=true arrival=1 cmd=UnloadTrain pos=(198539, 215033, 10000) yaw=3600 visual_yaw=3600
[mod] [HUB3BSMOKE] TRAIN h=2000001576 hub=true at=false arrival=2 cmd=GotoStation pos=(280600, 167890, 10800) yaw=14400 visual_yaw=14400
						Lua 0:01:35:865
[mod] [HUB3BSMOKE] POSE turn 10 lock=false
[mod] [HUB3BSMOKE] TRAIN h=2000001571 hub=false at=false arrival=false cmd=GotoStation pos=(281991, 169144, 10800) yaw=3600 visual_yaw=3600
[mod] [HUB3BSMOKE] TRAIN h=2000001573 hub=false at=false arrival=false cmd=GotoStation pos=(189185, 196551, 10800) yaw=18000 visual_yaw=18000
[mod] [HUB3BSMOKE] TRAIN h=2000001575 hub=false at=true arrival=1 cmd=UnloadTrain pos=(198539, 215033, 10000) yaw=3600 visual_yaw=3600
[mod] [HUB3BSMOKE] TRAIN h=2000001576 hub=true at=false arrival=2 cmd=GotoStation pos=(280600, 167890, 10800) yaw=14400 visual_yaw=14400
						Lua 0:01:38:170
[mod] [SMRTK] SMRTK_MARK action=screenshot_mark capture="native accepted" capture_id=0050 fallback=false label="Hub3b stage 4 movement sample" mark=459 path=C:/Dev/SMR-ScreenCaptures/SMRTK_0050.png status=OK t=14920334 id=440
[SMRTK] SMRTK_MARK action=screenshot_mark capture="native accepted" capture_id=0050 fallback=false label="Hub3b stage 4 movement sample" mark=459 path=C:/Dev/SMR-ScreenCaptures/SMRTK_0050.png status=OK t=14920334 id=440
						Lua 0:01:38:171
[mod] [SMRTK] SMRTK_FINGERPRINT action=fingerprint fix_pack_present=52/52 game=403908 mark_action=screenshot_mark mods=SMR_CommunityFixPack,SMR_CommunityFixPackTestKit,SMR_CommunityOptInPack,SMR_TrainHubDev_20260918 pack_version=19 read="live registry" save="SpaceY Sol 21.savegame.sav" sol=21 status=OK t=14920334 id=441
[SMRTK] SMRTK_FINGERPRINT action=fingerprint fix_pack_present=52/52 game=403908 mark_action=screenshot_mark mods=SMR_CommunityFixPack,SMR_CommunityFixPackTestKit,SMR_CommunityOptInPack,SMR_TrainHubDev_20260918 pack_version=19 read="live registry" save="SpaceY Sol 21.savegame.sav" sol=21 status=OK t=14920334 id=441
						Lua 0:01:38:465
[mod] [HUB3BSMOKE] POSE turn 15 lock=2000001576
[mod] [HUB3BSMOKE] TRAIN h=2000001571 hub=true at=false arrival=false cmd=GotoStation pos=(282250, 169592, 10800) yaw=3600 visual_yaw=3600
[mod] [HUB3BSMOKE] TRAIN h=2000001573 hub=false at=false arrival=false cmd=GotoStation pos=(190743, 195432, 10800) yaw=20918 visual_yaw=20888
[mod] [HUB3BSMOKE] TRAIN h=2000001575 hub=false at=true arrival=1 cmd=UnloadTrain pos=(198539, 215033, 10000) yaw=3600 visual_yaw=3600
[mod] [HUB3BSMOKE] TRAIN h=2000001576 hub=true at=false arrival=2 cmd=GotoStation pos=(281439, 168388, 10800) yaw=1838 visual_yaw=1746
						Lua 0:01:38:965
[mod] [HUB3BSMOKE] POSE turn 20 lock=2000001576
[mod] [HUB3BSMOKE] TRAIN h=2000001571 hub=true at=false arrival=false cmd=GotoStation pos=(282250, 169592, 10800) yaw=3600 visual_yaw=3600
[mod] [HUB3BSMOKE] TRAIN h=2000001573 hub=false at=false arrival=false cmd=GotoStation pos=(192959, 195427, 10800) yaw=0 visual_yaw=0
[mod] [HUB3BSMOKE] TRAIN h=2000001575 hub=false at=true arrival=1 cmd=UnloadTrain pos=(198539, 215033, 10000) yaw=3600 visual_yaw=3600
[mod] [HUB3BSMOKE] TRAIN h=2000001576 hub=true at=false arrival=2 cmd=GotoStation pos=(281774, 168767, 10800) yaw=3597 visual_yaw=3597
						Lua 0:01:39:465
[mod] [HUB3BSMOKE] POSE turn 25 lock=2000001576
[mod] [HUB3BSMOKE] TRAIN h=2000001571 hub=true at=false arrival=false cmd=GotoStation pos=(282250, 169592, 10800) yaw=3600 visual_yaw=3600
[mod] [HUB3BSMOKE] TRAIN h=2000001573 hub=false at=false arrival=false cmd=GotoStation pos=(195212, 195427, 10800) yaw=0 visual_yaw=0
[mod] [HUB3BSMOKE] TRAIN h=2000001575 hub=false at=true arrival=1 cmd=UnloadTrain pos=(198539, 215033, 10000) yaw=3600 visual_yaw=3600
[mod] [HUB3BSMOKE] TRAIN h=2000001576 hub=true at=false arrival=2 cmd=GotoStation pos=(281905, 168993, 10800) yaw=3597 visual_yaw=3597
						Lua 0:01:39:965
[mod] [HUB3BSMOKE] POSE turn 30 lock=2000001576
[mod] [HUB3BSMOKE] TRAIN h=2000001571 hub=true at=false arrival=false cmd=GotoStation pos=(282250, 169592, 10800) yaw=3600 visual_yaw=3600
[mod] [HUB3BSMOKE] TRAIN h=2000001573 hub=false at=false arrival=false cmd=GotoStation pos=(197464, 195427, 10800) yaw=0 visual_yaw=0
[mod] [HUB3BSMOKE] TRAIN h=2000001575 hub=false at=true arrival=1 cmd=LoadTrain pos=(198539, 215033, 10000) yaw=3600 visual_yaw=3600
[mod] [HUB3BSMOKE] TRAIN h=2000001576 hub=true at=false arrival=2 cmd=GotoStation pos=(282033, 169216, 10800) yaw=3597 visual_yaw=3597
						Lua 0:01:40:465
[mod] [HUB3BSMOKE] POSE turn 35 lock=2000001576
[mod] [HUB3BSMOKE] TRAIN h=2000001571 hub=true at=false arrival=false cmd=GotoStation pos=(282250, 169592, 10800) yaw=3600 visual_yaw=3600
[mod] [HUB3BSMOKE] TRAIN h=2000001573 hub=false at=false arrival=false cmd=GotoStation pos=(199721, 195427, 10800) yaw=0 visual_yaw=0
[mod] [HUB3BSMOKE] TRAIN h=2000001575 hub=false at=true arrival=1 cmd=LoadTrain pos=(198539, 215033, 10000) yaw=3600 visual_yaw=3600
[mod] [HUB3BSMOKE] TRAIN h=2000001576 hub=true at=false arrival=2 cmd=GotoStation pos=(282161, 169437, 10800) yaw=3597 visual_yaw=3597
						Lua 0:01:40:966
[mod] [HUB3BSMOKE] POSE turn 40 lock=false
[mod] [HUB3BSMOKE] TRAIN h=2000001571 hub=true at=false arrival=false cmd=GotoStation pos=(282250, 169592, 10800) yaw=3600 visual_yaw=3600
[mod] [HUB3BSMOKE] TRAIN h=2000001573 hub=false at=false arrival=false cmd=GotoStation pos=(201973, 195427, 10800) yaw=0 visual_yaw=0
[mod] [HUB3BSMOKE] TRAIN h=2000001575 hub=false at=true arrival=1 cmd=LoadTrain pos=(198539, 215033, 10000) yaw=3600 visual_yaw=3600
[mod] [HUB3BSMOKE] TRAIN h=2000001576 hub=true at=false arrival=false cmd=GotoStation pos=(282338, 169744, 10800) yaw=3600 visual_yaw=3600
						Lua 0:01:41:465
[mod] [HUB3BSMOKE] POSE turn 45 lock=false
[mod] [HUB3BSMOKE] TRAIN h=2000001571 hub=true at=false arrival=false cmd=GotoStation pos=(282250, 169592, 10800) yaw=3600 visual_yaw=3600
[mod] [HUB3BSMOKE] TRAIN h=2000001573 hub=false at=false arrival=false cmd=GotoStation pos=(204225, 195427, 10800) yaw=0 visual_yaw=0
[mod] [HUB3BSMOKE] TRAIN h=2000001575 hub=false at=true arrival=1 cmd=LoadTrain pos=(198539, 215033, 10000) yaw=3600 visual_yaw=3600
[mod] [HUB3BSMOKE] TRAIN h=2000001576 hub=true at=false arrival=false cmd=GotoStation pos=(283300, 171410, 10800) yaw=3600 visual_yaw=3600
						Lua 0:01:41:966
[mod] [HUB3BSMOKE] POSE turn 50 lock=false
[mod] [HUB3BSMOKE] TRAIN h=2000001571 hub=true at=false arrival=false cmd=GotoStation pos=(282250, 169592, 10800) yaw=3600 visual_yaw=3600
[mod] [HUB3BSMOKE] TRAIN h=2000001573 hub=false at=false arrival=false cmd=GotoStation pos=(206477, 195427, 10800) yaw=0 visual_yaw=0
[mod] [HUB3BSMOKE] TRAIN h=2000001575 hub=false at=true arrival=1 cmd=LoadTrain pos=(198539, 215033, 10000) yaw=3600 visual_yaw=3600
[mod] [HUB3BSMOKE] TRAIN h=2000001576 hub=true at=false arrival=false cmd=GotoStation pos=(284426, 173360, 10800) yaw=3600 visual_yaw=3600
						Lua 0:01:42:465
[mod] [HUB3BSMOKE] POSE turn 55 lock=false
[mod] [HUB3BSMOKE] TRAIN h=2000001571 hub=true at=false arrival=false cmd=GotoStation pos=(282250, 169592, 10800) yaw=3600 visual_yaw=3600
[mod] [HUB3BSMOKE] TRAIN h=2000001573 hub=false at=false arrival=false cmd=GotoStation pos=(208730, 195427, 10800) yaw=0 visual_yaw=0
[mod] [HUB3BSMOKE] TRAIN h=2000001575 hub=false at=true arrival=1 cmd=LoadTrain pos=(198539, 215033, 10000) yaw=3600 visual_yaw=3600
[mod] [HUB3BSMOKE] TRAIN h=2000001576 hub=true at=false arrival=false cmd=GotoStation pos=(285552, 175311, 10800) yaw=3600 visual_yaw=3600
						Lua 0:01:42:965
[mod] [HUB3BSMOKE] POSE turn 60 lock=false
[mod] [HUB3BSMOKE] TRAIN h=2000001571 hub=true at=false arrival=false cmd=GotoStation pos=(282250, 169592, 10800) yaw=3600 visual_yaw=3600
[mod] [HUB3BSMOKE] TRAIN h=2000001573 hub=false at=false arrival=false cmd=GotoStation pos=(210982, 195427, 10800) yaw=0 visual_yaw=0
[mod] [HUB3BSMOKE] TRAIN h=2000001575 hub=false at=true arrival=1 cmd=LoadTrain pos=(198539, 215033, 10000) yaw=3600 visual_yaw=3600
[mod] [HUB3BSMOKE] TRAIN h=2000001576 hub=true at=false arrival=false cmd=GotoStation pos=(286678, 177261, 10800) yaw=3600 visual_yaw=3600
						Lua 0:01:43:465
[mod] [HUB3BSMOKE] POSE turn 65 lock=false
[mod] [HUB3BSMOKE] TRAIN h=2000001571 hub=true at=false arrival=false cmd=GotoStation pos=(282250, 169592, 10800) yaw=3600 visual_yaw=3600
[mod] [HUB3BSMOKE] TRAIN h=2000001573 hub=false at=false arrival=false cmd=GotoStation pos=(213234, 195427, 10800) yaw=0 visual_yaw=0
[mod] [HUB3BSMOKE] TRAIN h=2000001575 hub=false at=true arrival=1 cmd=LoadTrain pos=(198539, 215033, 10000) yaw=3600 visual_yaw=3600
[mod] [HUB3BSMOKE] TRAIN h=2000001576 hub=true at=false arrival=false cmd=GotoStation pos=(287804, 179212, 10800) yaw=3600 visual_yaw=3600
						Lua 0:01:43:965
[mod] [HUB3BSMOKE] POSE turn 70 lock=false
						Lua 0:01:43:966
[mod] [HUB3BSMOKE] TRAIN h=2000001571 hub=true at=false arrival=false cmd=GotoStation pos=(282250, 169592, 10800) yaw=3600 visual_yaw=3600
[mod] [HUB3BSMOKE] TRAIN h=2000001573 hub=false at=false arrival=false cmd=GotoStation pos=(215486, 195427, 10800) yaw=0 visual_yaw=0
[mod] [HUB3BSMOKE] TRAIN h=2000001575 hub=false at=true arrival=1 cmd=LoadTrain pos=(198539, 215033, 10000) yaw=3600 visual_yaw=3600
[mod] [HUB3BSMOKE] TRAIN h=2000001576 hub=true at=false arrival=false cmd=GotoStation pos=(288930, 181162, 10800) yaw=3600 visual_yaw=3600
						Lua 0:01:44:465
[mod] [HUB3BSMOKE] POSE turn 75 lock=false
[mod] [HUB3BSMOKE] TRAIN h=2000001571 hub=true at=false arrival=false cmd=GotoStation pos=(282250, 169592, 10800) yaw=3600 visual_yaw=3600
[mod] [HUB3BSMOKE] TRAIN h=2000001573 hub=false at=false arrival=false cmd=GotoStation pos=(217739, 195427, 10800) yaw=0 visual_yaw=0
[mod] [HUB3BSMOKE] TRAIN h=2000001575 hub=false at=true arrival=1 cmd=LoadTrain pos=(198539, 215033, 10000) yaw=3600 visual_yaw=3600
[mod] [HUB3BSMOKE] TRAIN h=2000001576 hub=true at=false arrival=false cmd=GotoStation pos=(290057, 183113, 10800) yaw=3600 visual_yaw=3600
						Lua 0:01:44:965
[mod] [HUB3BSMOKE] POSE turn 80 lock=false
[mod] [HUB3BSMOKE] TRAIN h=2000001571 hub=true at=false arrival=false cmd=GotoStation pos=(282250, 169592, 10800) yaw=3600 visual_yaw=3600
[mod] [HUB3BSMOKE] TRAIN h=2000001573 hub=false at=false arrival=false cmd=GotoStation pos=(219991, 195427, 10800) yaw=0 visual_yaw=0
[mod] [HUB3BSMOKE] TRAIN h=2000001575 hub=false at=true arrival=1 cmd=LoadTrain pos=(198539, 215033, 10000) yaw=3600 visual_yaw=3600
[mod] [HUB3BSMOKE] TRAIN h=2000001576 hub=true at=false arrival=false cmd=GotoStation pos=(289500, 185036, 10800) yaw=7200 visual_yaw=7200
						Lua 0:01:45:465
[mod] [HUB3BSMOKE] POSE turn 85 lock=false
[mod] [HUB3BSMOKE] TRAIN h=2000001571 hub=true at=false arrival=false cmd=GotoStation pos=(282250, 169592, 10800) yaw=3600 visual_yaw=3600
[mod] [HUB3BSMOKE] TRAIN h=2000001573 hub=false at=false arrival=false cmd=GotoStation pos=(222243, 195427, 10800) yaw=0 visual_yaw=0
[mod] [HUB3BSMOKE] TRAIN h=2000001575 hub=false at=true arrival=1 cmd=LoadTrain pos=(198539, 215033, 10000) yaw=3600 visual_yaw=3600
[mod] [HUB3BSMOKE] TRAIN h=2000001576 hub=true at=false arrival=false cmd=GotoStation pos=(288374, 186985, 10800) yaw=7200 visual_yaw=7200
						Lua 0:01:45:965
[mod] [HUB3BSMOKE] POSE turn 90 lock=false
[mod] [HUB3BSMOKE] TRAIN h=2000001571 hub=true at=false arrival=false cmd=GotoStation pos=(282250, 169592, 10800) yaw=3600 visual_yaw=3600
[mod] [HUB3BSMOKE] TRAIN h=2000001573 hub=false at=false arrival=false cmd=GotoStation pos=(224495, 195427, 10800) yaw=0 visual_yaw=0
[mod] [HUB3BSMOKE] TRAIN h=2000001575 hub=false at=false arrival=1 cmd=GotoStation pos=(198598, 215137, 10000) yaw=3600 visual_yaw=3600
[mod] [HUB3BSMOKE] TRAIN h=2000001576 hub=true at=false arrival=false cmd=GotoStation pos=(287248, 188937, 10800) yaw=7200 visual_yaw=7200
						Lua 0:01:46:465
[mod] [HUB3BSMOKE] POSE turn 95 lock=false
[mod] [HUB3BSMOKE] TRAIN h=2000001571 hub=true at=false arrival=false cmd=GotoStation pos=(282250, 169592, 10800) yaw=3600 visual_yaw=3600
[mod] [HUB3BSMOKE] TRAIN h=2000001573 hub=false at=false arrival=false cmd=GotoStation pos=(226743, 195427, 10800) yaw=0 visual_yaw=0
[mod] [HUB3BSMOKE] TRAIN h=2000001575 hub=false at=false arrival=1 cmd=GotoStation pos=(198817, 215524, 10026) yaw=3601 visual_yaw=3600
[mod] [HUB3BSMOKE] TRAIN h=2000001576 hub=true at=false arrival=false cmd=GotoStation pos=(286124, 190883, 10800) yaw=7200 visual_yaw=7200
						Lua 0:01:46:966
[mod] [HUB3BSMOKE] POSE turn 100 lock=false
[mod] [HUB3BSMOKE] TRAIN h=2000001571 hub=true at=false arrival=false cmd=GotoStation pos=(282250, 169592, 10800) yaw=3600 visual_yaw=3600
[mod] [HUB3BSMOKE] TRAIN h=2000001573 hub=false at=false arrival=false cmd=GotoStation pos=(229000, 195427, 10800) yaw=0 visual_yaw=0
[mod] [HUB3BSMOKE] TRAIN h=2000001575 hub=false at=false arrival=1 cmd=GotoStation pos=(199096, 216022, 10176) yaw=3625 visual_yaw=3624
[mod] [HUB3BSMOKE] TRAIN h=2000001576 hub=true at=false arrival=false cmd=GotoStation pos=(284995, 192837, 10800) yaw=7200 visual_yaw=7200
						Lua 0:01:47:465
[mod] [HUB3BSMOKE] POSE turn 105 lock=false
[mod] [HUB3BSMOKE] TRAIN h=2000001571 hub=true at=false arrival=false cmd=GotoStation pos=(282250, 169592, 10800) yaw=3600 visual_yaw=3600
[mod] [HUB3BSMOKE] TRAIN h=2000001573 hub=false at=false arrival=false cmd=GotoStation pos=(231248, 195427, 10800) yaw=0 visual_yaw=0
[mod] [HUB3BSMOKE] TRAIN h=2000001575 hub=false at=false arrival=1 cmd=GotoStation pos=(199391, 216551, 10336) yaw=3683 visual_yaw=3681
[mod] [HUB3BSMOKE] TRAIN h=2000001576 hub=true at=false arrival=false cmd=GotoStation pos=(283872, 194784, 10800) yaw=7200 visual_yaw=7200
						Lua 0:01:47:965
[mod] [HUB3BSMOKE] POSE turn 110 lock=false
[mod] [HUB3BSMOKE] TRAIN h=2000001571 hub=true at=false arrival=false cmd=GotoStation pos=(282250, 169592, 10800) yaw=3600 visual_yaw=3600
[mod] [HUB3BSMOKE] TRAIN h=2000001573 hub=false at=false arrival=false cmd=GotoStation pos=(233500, 195427, 10800) yaw=0 visual_yaw=0
[mod] [HUB3BSMOKE] TRAIN h=2000001575 hub=false at=false arrival=1 cmd=GotoStation pos=(199706, 217114, 10506) yaw=3643 visual_yaw=3644
[mod] [HUB3BSMOKE] TRAIN h=2000001576 hub=true at=false arrival=false cmd=GotoStation pos=(282745, 196734, 10800) yaw=7200 visual_yaw=7200
						Lua 0:01:48:465
[mod] [HUB3BSMOKE] POSE turn 115 lock=false
[mod] [HUB3BSMOKE] TRAIN h=2000001571 hub=true at=false arrival=false cmd=GotoStation pos=(282250, 169592, 10800) yaw=3600 visual_yaw=3600
[mod] [HUB3BSMOKE] TRAIN h=2000001573 hub=false at=false arrival=false cmd=GotoStation pos=(235757, 195427, 10800) yaw=0 visual_yaw=0
[mod] [HUB3BSMOKE] TRAIN h=2000001575 hub=false at=false arrival=1 cmd=GotoStation pos=(200040, 217712, 10686) yaw=3606 visual_yaw=3606
[mod] [HUB3BSMOKE] TRAIN h=2000001576 hub=true at=false arrival=false cmd=GotoStation pos=(281515, 198545, 10800) yaw=8659 visual_yaw=8347
						Lua 0:01:48:965
[mod] [HUB3BSMOKE] POSE turn 120 lock=false
[mod] [HUB3BSMOKE] TRAIN h=2000001571 hub=true at=false arrival=false cmd=GotoStation pos=(282250, 169592, 10800) yaw=3600 visual_yaw=3600
[mod] [HUB3BSMOKE] TRAIN h=2000001573 hub=false at=false arrival=false cmd=GotoStation pos=(237569, 196138, 10800) yaw=2918 visual_yaw=2665
[mod] [HUB3BSMOKE] TRAIN h=2000001575 hub=false at=false arrival=false cmd=GotoStation pos=(200587, 219511, 10800) yaw=5545 visual_yaw=5525
[mod] [HUB3BSMOKE] TRAIN h=2000001576 hub=true at=false arrival=false cmd=GotoStation pos=(279349, 198619, 10800) yaw=10800 visual_yaw=10800
						Lua 0:01:48:966
[mod] [SMRTK] SMRTK_MARK action=mark label=HUB3B_READ_BEGIN mark=461 status=OK t=14931133 id=442
[SMRTK] SMRTK_MARK action=mark label=HUB3B_READ_BEGIN mark=461 status=OK t=14931133 id=442
[mod] [SMRTK] SMRTK_FINGERPRINT action=fingerprint fix_pack_present=52/52 game=403908 mark_action=mark mods=SMR_CommunityFixPack,SMR_CommunityFixPackTestKit,SMR_CommunityOptInPack,SMR_TrainHubDev_20260918 pack_version=19 read="live registry" save="SpaceY Sol 21.savegame.sav" sol=21 status=OK t=14931133 id=443
[SMRTK] SMRTK_FINGERPRINT action=fingerprint fix_pack_present=52/52 game=403908 mark_action=mark mods=SMR_CommunityFixPack,SMR_CommunityFixPackTestKit,SMR_CommunityOptInPack,SMR_TrainHubDev_20260918 pack_version=19 read="live registry" save="SpaceY Sol 21.savegame.sav" sol=21 status=OK t=14931133 id=443
[mod] [SMRTK] SMRTK_DUMP angle=0 crossing=none errors=0 hub=SMROptInTrainHub6(6252) leg=hub3b park=1700 pos=280000,166272,10000 t=14931133 id=444
[SMRTK] SMRTK_DUMP angle=0 crossing=none errors=0 hub=SMROptInTrainHub6(6252) leg=hub3b park=1700 pos=280000,166272,10000 t=14931133 id=444
[mod] [SMRTK] SMRTK_DUMP Ramparrive=278821,163654,10800@3600 Rampdepart=278321,163942,10800@14400 Spawn=279400,164655,10800@14400 Stop=279400,164655,10800@3600 Trackconnector=278000,162808,10800@19800 leg=hub3b_line line=1 reserved=none t=14931133 id=445
[SMRTK] SMRTK_DUMP Ramparrive=278821,163654,10800@3600 Rampdepart=278321,163942,10800@14400 Spawn=279400,164655,10800@14400 Stop=279400,164655,10800@3600 Trackconnector=278000,162808,10800@19800 leg=hub3b_line line=1 reserved=none t=14931133 id=445
[mod] [SMRTK] SMRTK_DUMP Ramparrive=281179,168891,10800@14400 Rampdepart=281679,168602,10800@3600 Spawn=280600,167890,10800@3600 Stop=280600,167890,10800@14400 Trackconnector=282000,169736,10800@9000 leg=hub3b_line line=2 reserved=none t=14931133 id=446
[SMRTK] SMRTK_DUMP Ramparrive=281179,168891,10800@14400 Rampdepart=281679,168602,10800@3600 Spawn=280600,167890,10800@3600 Stop=280600,167890,10800@14400 Trackconnector=282000,169736,10800@9000 leg=hub3b_line line=2 reserved=none t=14931133 id=446
						Lua 0:01:48:967
[mod] [SMRTK] SMRTK_DUMP Ramparrive=277143,165983,10800@0 Rampdepart=277143,166561,10800@10800 Spawn=278300,165983,10800@10800 Stop=278300,165983,10800@0 Trackconnector=276000,166272,10800@16200 leg=hub3b_line line=3 reserved=none t=14931133 id=447
[SMRTK] SMRTK_DUMP Ramparrive=277143,165983,10800@0 Rampdepart=277143,166561,10800@10800 Spawn=278300,165983,10800@10800 Stop=278300,165983,10800@0 Trackconnector=276000,166272,10800@16200 leg=hub3b_line line=3 reserved=none t=14931133 id=447
[mod] [SMRTK] SMRTK_DUMP Ramparrive=282857,166561,10800@10800 Rampdepart=282857,165983,10800@0 Spawn=281700,166561,10800@0 Stop=281700,166561,10800@10800 Trackconnector=284000,166272,10800@5400 leg=hub3b_line line=4 reserved=none t=14931133 id=448
[SMRTK] SMRTK_DUMP Ramparrive=282857,166561,10800@10800 Rampdepart=282857,165983,10800@0 Spawn=281700,166561,10800@0 Stop=281700,166561,10800@10800 Trackconnector=284000,166272,10800@5400 leg=hub3b_line line=4 reserved=none t=14931133 id=448
[mod] [SMRTK] SMRTK_DUMP Ramparrive=278321,168602,10800@18000 Rampdepart=278821,168891,10800@7200 Spawn=278900,167601,10800@7200 Stop=278900,167601,10800@18000 Trackconnector=278000,169736,10800@12600 leg=hub3b_line line=5 reserved=none t=14931133 id=449
[SMRTK] SMRTK_DUMP Ramparrive=278321,168602,10800@18000 Rampdepart=278821,168891,10800@7200 Spawn=278900,167601,10800@7200 Stop=278900,167601,10800@18000 Trackconnector=278000,169736,10800@12600 leg=hub3b_line line=5 reserved=none t=14931133 id=449
[mod] [SMRTK] SMRTK_DUMP Ramparrive=281679,163942,10800@7200 Rampdepart=281179,163654,10800@18000 Spawn=281100,164943,10800@18000 Stop=281100,164943,10800@7200 Trackconnector=282000,162808,10800@1800 leg=hub3b_line line=6 reserved=none t=14931133 id=450
[SMRTK] SMRTK_DUMP Ramparrive=281679,163942,10800@7200 Rampdepart=281179,163654,10800@18000 Spawn=281100,164943,10800@18000 Stop=281100,164943,10800@7200 Trackconnector=282000,162808,10800@1800 leg=hub3b_line line=6 reserved=none t=14931133 id=450
[mod] [SMRTK] SMRTK_DUMP arrival=false at_station=false command=GotoStation leg=hub3b_train pos=282250,169592,10800 station=SMROptInTrainHub6(6252) track=TrackBase(3621) train=Train(2000001571) visual=282250,169592,10800 visual_yaw=3600 yaw=3600 t=14931133 id=451
[SMRTK] SMRTK_DUMP arrival=false at_station=false command=GotoStation leg=hub3b_train pos=282250,169592,10800 station=SMROptInTrainHub6(6252) track=TrackBase(3621) train=Train(2000001571) visual=282250,169592,10800 visual_yaw=3600 yaw=3600 t=14931133 id=451
[mod] [SMRTK] SMRTK_DUMP arrival=false at_station=false command=GotoStation leg=hub3b_train pos=237766,196471,10800 station=StationSmall(2012) track=TrackBase(6272) train=Train(2000001573) visual=237569,196138,10800 visual_yaw=2665 yaw=2918 t=14931133 id=452
[SMRTK] SMRTK_DUMP arrival=false at_station=false command=GotoStation leg=hub3b_train pos=237766,196471,10800 station=StationSmall(2012) track=TrackBase(6272) train=Train(2000001573) visual=237569,196138,10800 visual_yaw=2665 yaw=2918 t=14931133 id=452
[mod] [SMRTK] SMRTK_DUMP arrival=false at_station=false command=GotoStation leg=hub3b_train pos=200232,220140,10800 station=StationSmall(2012) track=TrackBase(5509) train=Train(2000001575) visual=200587,219511,10800 visual_yaw=5525 yaw=5545 t=14931133 id=453
[SMRTK] SMRTK_DUMP arrival=false at_station=false command=GotoStation leg=hub3b_train pos=200232,220140,10800 station=StationSmall(2012) track=TrackBase(5509) train=Train(2000001575) visual=200587,219511,10800 visual_yaw=5525 yaw=5545 t=14931133 id=453
[mod] [SMRTK] SMRTK_DUMP arrival=false at_station=false command=GotoStation leg=hub3b_train pos=279099,198645,10800 station=SMROptInTrainHub6(6252) track=TrackBase(6272) train=Train(2000001576) visual=279349,198619,10800 visual_yaw=10800 yaw=10800 t=14931133 id=454
[SMRTK] SMRTK_DUMP arrival=false at_station=false command=GotoStation leg=hub3b_train pos=279099,198645,10800 station=SMROptInTrainHub6(6252) track=TrackBase(6272) train=Train(2000001576) visual=279349,198619,10800 visual_yaw=10800 yaw=10800 t=14931133 id=454
[mod] [SMRTK] SMRTK_MARK action=mark label=HUB3B_READ_END mark=474 status=OK t=14931133 id=455
[SMRTK] SMRTK_MARK action=mark label=HUB3B_READ_END mark=474 status=OK t=14931133 id=455
[mod] [SMRTK] SMRTK_FINGERPRINT action=fingerprint fix_pack_present=52/52 game=403908 mark_action=mark mods=SMR_CommunityFixPack,SMR_CommunityFixPackTestKit,SMR_CommunityOptInPack,SMR_TrainHubDev_20260918 pack_version=19 read="live registry" save="SpaceY Sol 21.savegame.sav" sol=21 status=OK t=14931133 id=456
[SMRTK] SMRTK_FINGERPRINT action=fingerprint fix_pack_present=52/52 game=403908 mark_action=mark mods=SMR_CommunityFixPack,SMR_CommunityFixPackTestKit,SMR_CommunityOptInPack,SMR_TrainHubDev_20260918 pack_version=19 read="live registry" save="SpaceY Sol 21.savegame.sav" sol=21 status=OK t=14931133 id=456
[mod] [SMRTK] SMRTK_ACTION action=slot_1 errors=0 hub=SMROptInTrainHub6(6252) park=1700 status=OK t=14931133 id=457
[SMRTK] SMRTK_ACTION action=slot_1 errors=0 hub=SMROptInTrainHub6(6252) park=1700 status=OK t=14931133 id=457
[mod] [HUB3BSMOKE] STAGE_COMPLETE stage=4 arrival=2 departure=2 train=2000001576
						Lua 0:01:51:074
[mod] [SMRTK] SMRTK_MARK action=screenshot_mark capture="native accepted" capture_id=0051 fallback=false label="Hub3b stage 4 after departure" mark=477 path=C:/Dev/SMR-ScreenCaptures/SMRTK_0051.png status=OK t=14931133 id=458
[SMRTK] SMRTK_MARK action=screenshot_mark capture="native accepted" capture_id=0051 fallback=false label="Hub3b stage 4 after departure" mark=477 path=C:/Dev/SMR-ScreenCaptures/SMRTK_0051.png status=OK t=14931133 id=458
[mod] [SMRTK] SMRTK_FINGERPRINT action=fingerprint fix_pack_present=52/52 game=403908 mark_action=screenshot_mark mods=SMR_CommunityFixPack,SMR_CommunityFixPackTestKit,SMR_CommunityOptInPack,SMR_TrainHubDev_20260918 pack_version=19 read="live registry" save="SpaceY Sol 21.savegame.sav" sol=21 status=OK t=14931133 id=459
[SMRTK] SMRTK_FINGERPRINT action=fingerprint fix_pack_present=52/52 game=403908 mark_action=screenshot_mark mods=SMR_CommunityFixPack,SMR_CommunityFixPackTestKit,SMR_CommunityOptInPack,SMR_TrainHubDev_20260918 pack_version=19 read="live registry" save="SpaceY Sol 21.savegame.sav" sol=21 status=OK t=14931133 id=459
[mod] [HUB3BSMOKE] RESULT stage=4 ok=true result=nil
						Lua 0:01:52:074


Stopping the game threads from the Lua side with exit code 0.

					Render 0:01:52:080


Stopping the game threads after receiving WM_QUIT.

					Render 0:01:52:392


*** Debug::Done()
Time (ms)	112392


