					Render 0:00:00:006
*** executable info
Timestamp:     	6aba6e65
Date:          	Mon Sep 28 09:40:53 2026
Command line:  	
Compiler:      	195136247, 142 (VS 2019) or newer


*** hardware info
CPU name      	Intel(R) Core(TM) i7-14700K
CPU MHz       	3418
CPU cores     	20/28
Phys. Memory   	65278 MBytes
Memory In Use  	46%
Disk Free      	1219572 MBytes


					Render 0:00:00:007
*** OS info
OS:            	Windows 11
Version:       	10.0.26100 


*** Debug::Init()


					Render 0:00:00:076
Steam initialized (AppId 3215050)
					Render 0:00:00:080
Drive type for game installation: SSD, savegames: SSD
Language: English
					Render 0:00:01:655
*** graphics info
GPU                            	NVIDIA GeForce RTX 4080 Feature Level: 12.1 {  DoublePrecisionFloatShaderOps: 1 OutputMergerLogicOp: 1 MinPrecisionSupport: 2 TiledResourcesTier: 4 ResourceBindingTier: 3 PSSpecifiedStencilRefSupported: 0 TypedUAVLoadAdditionalFormats: 1 ROVsSupported: 1 ConservativeRasterizationTier: 3 MaxGPUVirtualAddressBitsPerResource: 40 StandardSwizzle64KBSupported: 0 CrossNodeSharingTier: 0 CrossAdapterRowMajorTextureSupported: 0 VPAndRTArrayIndexFromAnyShaderFeedingRasterizerSupportedWithoutGSEmulation: 1 ResourceHeapTier: 2 NotZeroedPools: 1 UMA: 0 UnalignedBlockTextures: 1}
API                            	d3d12
GPU Driver Version             	32.0.16.1074
GPU Driver Package Version     	610.74
GPU Dedicated Video Memory     	16048 MB
					Render 0:00:01:810

Libs: Network, Sequences, MouseTrackWin, DumbAI, MapGen, Paradox, TriggersAndEvents, Notifications, Research, Resources, Tutorial, Objectives 

					Render 0:00:02:045

Platform: desktop, editor, goldmaster, paradox, pc, steam

					Render 0:00:03:060
*** audio info
Audio Endpoint                 	Speakers (Razer Leviathan V2)
						Lua 0:00:03:061
Lua revision: 406343
Assets revision: 33225
Steam AppID: 3215050
Build version: 1.1.1.406343
Build branch:  Release
						Lua 0:00:16:564
Account storage loaded successfully in 2 ms
						Lua 0:00:16:566
DLC norman loaded, lua revision 406343, assets revision 33225
DLC thomas loaded, lua revision 406343, assets revision 33225
						Lua 0:00:16:570
[mod] Loaded mod def DEV ONLY - Elevator Depot (look prototype) (id SMR_ElevatorStationDev_20260929, v0.00-010) unpacked from appdata
[mod] Loaded mod def Grom (id DoEpVdS, v2.00-974) packed from steam						Lua 0:00:16:571

[mod] Loaded mod def TEMPORARY - Linux NVIDIA 580 Crash Workaround (id SMR_FR1TempWorkaround, v0.00-003) unpacked from appdata
[mod] Loaded mod def Save Buffer Fix (id SMR_SaveBufferFix, v0.00-001) unpacked from appdata
[mod] Loaded mod def Passage Network (id iooW34Y, v1.00-038) packed from steam
[mod] Loaded mod def DEV ONLY - Train Hub (Module B build) (id SMR_TrainHubDev_20260918, v0.00-061) unpacked from appdata
[mod] Loaded mod def Relaunched Fix Pack (id SMR_CommunityFixPack, v1.00-026) unpacked from appdata
[mod] Loaded mod def Community Fix Pack — Test Kit (id SMR_CommunityFixPackTestKit, v0.00-001) unpacked from appdata
[mod] Loaded mod def Relaunched Fix Pack: Opt-In Modules (id SMR_CommunityOptInPack, v1.00-000) unpacked from appdata
						Lua 0:00:16:956
[mod] [CommunityFixPack] LoadFirst: already first of 5 (SMR_CommunityFixPack, SMR_CommunityFixPackTestKit, SMR_TrainHubDev_20260918, SMR_ElevatorStationDev_20260929, SMR_CommunityOptInPack); nothing written
[mod] [CommunityFixPack] LoadFirst: applied
[mod] [CommunityFixPack] LanderEmptyLaunch: applied
[mod] [CommunityFixPack] ShelterReflex: applied
[mod] [CommunityFixPack] TrackSalvageWipe: applied
[mod] [CommunityFixPack] LakeEntombment: applied
						Lua 0:00:16:957
[mod] [CommunityFixPack] RocketDroneChurn: applied
[mod] [CommunityFixPack] ShuttleTransportCache: applied
[mod] [CommunityFixPack] VacuumWalks: applied
[mod] [CommunityFixPack] ArrivalDeaths: applied
[mod] [CommunityFixPack] PassageHubSalvageDrain: applied
[mod] [CommunityFixPack] HubLocalAccess: applied
[mod] [CommunityFixPack] HubMarkerDeparture: applied
[mod] [CommunityFixPack] RescueReturnText: applied
						Lua 0:00:16:958
[mod] [CommunityFixPack] ObsoleteHomeRescue: applied
[mod] [CommunityFixPack] StaleReservations: applied
[mod] [CommunityFixPack] CrystalMysteryHang: applied
[mod] [CommunityFixPack] DustSicknessBiorobots: applied
[mod] [CommunityFixPack] PayloadTemplateRefill: applied
[mod] [CommunityFixPack] ShuttleHubOffAvailable: applied
[mod] [CommunityFixPack] FreedHousingNotice: applied
[mod] [CommunityFixPack] LandscapeUnitFilter: applied
						Lua 0:00:16:959
[mod] [CommunityFixPack] RocketInteractGuard: applied
[mod] [CommunityFixPack] TrackConnectorPingPong: applied
						Lua 0:00:16:960
[mod] [CommunityFixPack] TrackTunnelPowerBridge: applied
[mod] [CommunityFixPack] SequenceLatents: applied
[mod] [CommunityFixPack] TrackSalvageRefund: applied
[mod] [CommunityFixPack] DroneTransportMinors: applied
[mod] [CommunityFixPack] ScanDowngrade: applied
[mod] [CommunityFixPack] BombardmentSpread: applied
[mod] [CommunityFixPack] ExtenderFlapChurn: applied
[mod] [CommunityFixPack] SaintBlessing: applied
[mod] [CommunityFixPack] ExoticDepositSign: applied
						Lua 0:00:16:961
[mod] [CommunityFixPack] JumboCaveReinforcementWedge: applied
[mod] [CommunityFixPack] SilentHitMomentFX: applied
[mod] [CommunityFixPack] CloggedBuildingRelease: applied
[mod] [CommunityFixPack] FactionDomeSizeGate: applied
[mod] [CommunityFixPack] HabitatExpeditionReturn: applied
						Lua 0:00:16:962
[mod] [CommunityFixPack] HabitatExpeditionDraft: applied
[mod] [CommunityFixPack] RoverSubclassManifest: applied
[mod] [CommunityFixPack] DryFarmingFarms: applied
[mod] [CommunityFixPack] WildfireCureVisit: applied
[mod] [CommunityFixPack] GhostPowerCells: applied
[mod] [CommunityFixPack] DeportRocketLaunch: applied
						Lua 0:00:16:963
[mod] [CommunityFixPack] UniversalDepotSeedsToggle: applied
[mod] [CommunityFixPack] SaveSanitizer: applied
[mod] [SMRTest] console enable requested (flag set, no overlay) — press Enter (or Alt-Shift-C) once in a colony
[SMRTest] console enable requested (flag set, no overlay) — press Enter (or Alt-Shift-C) once in a colony
[mod] [SMRTest] no debug.getinfo (mod sandbox) — [install] probes will SKIP
[SMRTest] no debug.getinfo (mod sandbox) — [install] probes will SKIP
[mod] [SMRTest] test kit loaded — SMRTest.RunAll(), SMRTest.List(), SMRTest.<ProbeId>()
[SMRTest] test kit loaded — SMRTest.RunAll(), SMRTest.List(), SMRTest.<ProbeId>()
						Lua 0:00:16:967
[mod] [SMRTK] SMRTK_CORE loaded=true tee=false t=12293 id=1
[SMRTK] SMRTK_CORE loaded=true tee=false t=12293 id=1
						Lua 0:00:16:972
[mod] [SMRTest][carry] fixture-carry dump available — run SMRTest.FixtureCarry()
						Lua 0:00:16:974
[TrainHubDev] hub classes loaded: six-connector hub, built-in drone controller, maintenance reserve
						Lua 0:00:16:975
[TrainHubDev] train export floor loaded (standing + transient holds)
[TrainDistribution] hub settings and transient train allocation loaded
						Lua 0:00:16:976
[TrainDistribution] native storage-row UI registered
[TrainBay] loaded: vanilla auto-fill and siding placement; legacy HubTrain compatibility
						Lua 0:00:16:977
[mod] [CommunityOptInPack] AcknowledgedWarnings: applied
[mod] [CommunityOptInPack] ResidencyControl: inactive (opt-in module, off by default — enable it in Options → Mod Options)
[mod] [CommunityOptInPack] MultipleSuns: applied
[mod] [CommunityOptInPack] DroneStatDials: applied
						Lua 0:00:16:978
[mod] [CommunityOptInPack] ServiceInterestTags: applied
						Lua 0:00:17:660
[TrainHubDev] save guard: native waiter snapshot; legacy hub load mapping retained
						Lua 0:00:17:726
[mod] [CommunityFixPack] SaintBlessing: inactive (no dome-colonists trait presets)
						Lua 0:00:17:817
Reloading done in 1246 ms
						Lua 0:00:17:819
Available DLCs: norman(Feeding the Future),thomas(Interplanetary Codex) 
						Lua 0:00:17:863
[mod] [SMRTK] SMRTK_CONSOLE_ARM enabled=true hook=DataLoading t=12293 id=2
[SMRTK] SMRTK_CONSOLE_ARM enabled=true hook=DataLoading t=12293 id=2
						Lua 0:00:18:255
[preset] Preset postprocess took 168 ms.
						Lua 0:00:18:318
482 / 482 particle streams loaded in 56 ms.
						Lua 0:00:18:319
5 / 5 particle streams loaded in 1 ms.
						Lua 0:00:18:321
[mod] [CommunityFixPack] SilentHitMomentFX: registered 11 missing animation-moment preset(s)
[mod] [CommunityFixPack] FactionDomeSizeGate: 7 faction dislike(s) now wait for 10 colonists in a dome
[mod] [CommunityFixPack] DryFarmingFarms: left 1 farm(s) alone because DryFarming already reaches them (FarmUnderground via Farm)
[mod] [CommunityFixPack] DryFarmingFarms: added 2 water entr(y/ies) at -50% to DryFarming (1 adopted, 4 of 4 farms loaded)
[mod] [CommunityOptInPack] MultipleSuns: BuildingTemplates.ArtificialSun not found — build limit NOT lifted (binding fix still active)
						Lua 0:00:18:523
[mod] [CommunityFixPack] SaintBlessing: the shipped code resolves the trait label itself — data left untouched; save re-base armed for 1 preset(s) of 2
						Lua 0:00:18:524
[mod] [CommunityFixPack] DryFarmingFarms: left 1 farm(s) alone because DryFarming already reaches them (FarmUnderground via Farm)
[mod] [CommunityOptInPack] MultipleSuns: Artificial Sun build-once limit lifted
						Lua 0:00:18:611
[mod] [SMRTK] SMRTK_SHORTCUT console=true key=Ctrl-Shift-F11 t=12293 id=3
						Lua 0:00:18:642
[mod] [SMRTK] SMRTK_SHORTCUT console=true key=Ctrl-Shift-F11 t=12293 id=4
						Lua 0:00:18:660
[mod] Loaded mod items for: SMR_CommunityFixPack, SMR_CommunityFixPackTestKit, SMR_TrainHubDev_20260918, SMR_ElevatorStationDev_20260929, SMR_CommunityOptInPack
						Lua 0:00:18:908
[mod] [CommunityFixPack] SaintBlessing: the shipped code resolves the trait label itself — data left untouched; save re-base armed for 1 preset(s) of 2
						Lua 0:00:18:909
[mod] [CommunityFixPack] DryFarmingFarms: left 1 farm(s) alone because DryFarming already reaches them (FarmUnderground via Farm)
						Lua 0:00:19:000
[mod] [SMRTK] SMRTK_SHORTCUT console=true key=Ctrl-Shift-F11 t=12293 id=5
						Lua 0:00:19:456
[PdxSDK] Started up. Took 1067
						Lua 0:00:19:858
[Braze] SessionStart error The server name or address could not be resolved

[Braze] Failed sending launcher ev The server name or address could not be resolved

[Braze] Failed to init
						Lua 0:00:19:972
[Braze] SessionStart error The server name or address could not be resolved

[Braze] Failed sending launcher ev The server name or address could not be resolved

[Braze] Failed to init
						Lua 0:00:25:346
Load Game: 
	lua_revision: 406343 (last saved with) 
	orig_lua_revision: 403908 (created with) 
	assets_revision: 33225 

	dlcs: norman, thomas 

	mods: SMR_CommunityOptInPack, SMR_CommunityFixPackTestKit, SMR_CommunityFixPack, SMR_TrainHubDev_20260918, SMR_RailShaftDev_20260923, SMR_SaveBufferFix, SMR_ElevatorStationDev_20260929, SMR_TrainHubPrototype_20260918 
						Lua 0:00:25:354
*** Reloading assets from folder 'BinAssets/'
						Lua 0:00:28:425
*** Assets reloaded in 3.1 s, read 359.0 MB, read speed 116.9 MB/s, average read 8136 bytes.
						Lua 0:00:29:405
[mod] [SMRTK] SMRTK_SHORTCUT console=true key=Ctrl-Shift-F11 t=18057 id=6
						Lua 0:00:30:212
[mod] [SMRTK] SMRTK_CONSOLE_ARM enabled=true hook=PreLoadGame t=18057 id=7
[SMRTK] SMRTK_CONSOLE_ARM enabled=true hook=PreLoadGame t=18057 id=7
						Lua 0:00:30:891
[mod] This savegame tries to load Mod DEV ONLY - Train Hub (Module B build) (id SMR_TrainHubDev_20260918, v0.00-060), which is loaded with a different version 0.00-061
[mod] Savegame references Mod DEV ONLY - Rail Shaft (cross-map train tunnel prototype) (id SMR_RailShaftDev_20260923, v0.00-001) which is not present
[mod] This savegame tries to load Mod DEV ONLY - Elevator Depot (look prototype) (id SMR_ElevatorStationDev_20260929, v0.00-006), which is loaded with a different version 0.00-010
[mod] Savegame references Mod DEV ONLY - Train Hub Prototype (id SMR_TrainHubPrototype_20260918, v0.00-002) which is not present
						Lua 0:00:32:203
[mod] [CommunityFixPack] SilentHitMomentFX: restored 2 missing hit-moment tracker(s) on load
[mod] [SMRTest] console enable requested (flag set, no overlay) — press Enter (or Alt-Shift-C) once in a colony
[SMRTest] console enable requested (flag set, no overlay) — press Enter (or Alt-Shift-C) once in a colony
[TrainHubDev] SMROptInTrainHub6 line radii d0..d5 = 6 6 6 6 6 6
[TrainHubDev] SMROptInTrainHub6 connector spots: from the body
[TrainHubDev] reactor palette: channel 1 = 18,32,78 roughness 0 metallic 0
[TrainHubDev] reactor palette: channel 2 = 18,32,78 roughness 0 metallic 0
[TrainHubDev] reactor palette: channel 3 = 200,205,210 roughness -90 metallic 110
[TrainHubDev] reactor palette: P4 "navy + steel on 3 and 4", 3 of 4 channels written on the attached copy only (vanilla's own per-object call; no material is restyled)
						Lua 0:00:32:204
[TrainHubDev] lights: arm 0, flanks the reactor (red flank) = B2 "Deep blue wash" (SpotLight), 12 lights, engine bearing 0 deg
[TrainHubDev] lights: arm 1, flanks the reactor (blue flank) = B2 "Deep blue wash" (SpotLight), 12 lights, engine bearing 60 deg
						Lua 0:00:32:205
[TrainHubDev] lights: arm 2, next to the blue flank = B2 "Deep blue wash" (SpotLight), 12 lights, engine bearing 120 deg
[TrainHubDev] lights: arm 3, opposite the red flank = B2 "Deep blue wash" (SpotLight), 12 lights, engine bearing 180 deg
[TrainHubDev] lights: arm 4, opposite the blue flank = B2 "Deep blue wash" (SpotLight), 12 lights, engine bearing 240 deg
						Lua 0:00:32:206
[TrainHubDev] lights: arm 5, next to the red flank = B2 "Deep blue wash" (SpotLight), 12 lights, engine bearing 300 deg
[TrainHubDev] lights: arm tune intensity 50, side 150 cm, height 200 cm, radius 500 cm, cone 50/100, colour 0,40,255
[TrainHubDev] structure lights: portal rims ON, 30 lights (intensity 4, radius 350 cm)
[TrainHubDev] structure lights: drone pit kerb OFF, 0 lights (intensity 15, radius 300 cm)
[TrainHubDev] structure lights: ring rim strip OFF, 0 lights (intensity 12, radius 400 cm)
[TrainHubDev] structure lights: floor edge strip OFF, 0 lights (intensity 30, radius 300 cm)
[TrainHubDev] structure lights: crown floor light ON, 0 lights (intensity 150, radius 4000 cm)
[TrainHubDev] structure lights: crown floor light follows the VANILLA night schedule (OnMsg.LightmodelChange -> map.NightLightsState, NightLightObjects.lua:250-259, :22 on build 1.1.0.403908); it is DAY now, so it is NOT PLACED -- hanging at z 1900 cm, colour 255,214,170, cone 0/0
[TrainHubDev] structure lights: under-deck fill ON, 0 lights (intensity 40, radius 1200 cm)
[TrainHubDev] structure lights: under-deck fill follows the VANILLA night schedule (OnMsg.LightmodelChange -> map.NightLightsState, NightLightObjects.lua:250-259, :22 on build 1.1.0.403908); it is DAY now, so it is NOT PLACED -- hanging at z 700 cm, colour 255,214,170, cone 0/0
[TrainHubDev] lights: 102 placed (72 arm + 30 structure); a stopped hub destroys them all
						Lua 0:00:32:275
[TrainHubDev] reactor palette: channel 1 = 18,32,78 roughness 0 metallic 0
[TrainHubDev] reactor palette: channel 2 = 18,32,78 roughness 0 metallic 0
[TrainHubDev] reactor palette: channel 3 = 200,205,210 roughness -90 metallic 110
[TrainHubDev] reactor palette: P4 "navy + steel on 3 and 4", 3 of 4 channels written on the attached copy only (vanilla's own per-object call; no material is restyled)
[TrainHubDev] lights: arm 0, flanks the reactor (red flank) = B2 "Deep blue wash" (SpotLight), 12 lights, engine bearing 0 deg
						Lua 0:00:32:276
[TrainHubDev] lights: arm 1, flanks the reactor (blue flank) = B2 "Deep blue wash" (SpotLight), 12 lights, engine bearing 60 deg
[TrainHubDev] lights: arm 2, next to the blue flank = B2 "Deep blue wash" (SpotLight), 12 lights, engine bearing 120 deg
[TrainHubDev] lights: arm 3, opposite the red flank = B2 "Deep blue wash" (SpotLight), 12 lights, engine bearing 180 deg
[TrainHubDev] lights: arm 4, opposite the blue flank = B2 "Deep blue wash" (SpotLight), 12 lights, engine bearing 240 deg
[TrainHubDev] lights: arm 5, next to the red flank = B2 "Deep blue wash" (SpotLight), 12 lights, engine bearing 300 deg
[TrainHubDev] lights: arm tune intensity 50, side 150 cm, height 200 cm, radius 500 cm, cone 50/100, colour 0,40,255
[TrainHubDev] structure lights: portal rims ON, 30 lights (intensity 4, radius 350 cm)
[TrainHubDev] structure lights: drone pit kerb OFF, 0 lights (intensity 15, radius 300 cm)
[TrainHubDev] structure lights: ring rim strip OFF, 0 lights (intensity 12, radius 400 cm)
[TrainHubDev] structure lights: floor edge strip OFF, 0 lights (intensity 30, radius 300 cm)
[TrainHubDev] structure lights: crown floor light ON, 0 lights (intensity 150, radius 4000 cm)
[TrainHubDev] structure lights: crown floor light follows the VANILLA night schedule (OnMsg.LightmodelChange -> map.NightLightsState, NightLightObjects.lua:250-259, :22 on build 1.1.0.403908); it is DAY now, so it is NOT PLACED -- hanging at z 1900 cm, colour 255,214,170, cone 0/0
[TrainHubDev] structure lights: under-deck fill ON, 0 lights (intensity 40, radius 1200 cm)
[TrainHubDev] structure lights: under-deck fill follows the VANILLA night schedule (OnMsg.LightmodelChange -> map.NightLightsState, NightLightObjects.lua:250-259, :22 on build 1.1.0.403908); it is DAY now, so it is NOT PLACED -- hanging at z 700 cm, colour 255,214,170, cone 0/0
[TrainHubDev] lights: 102 placed (72 arm + 30 structure); a stopped hub destroys them all
						Lua 0:00:32:288
[ElevatorDepotDev] dressed table: 0000016365812648 env=Surface elevator=true tunnel=false cabin=true ropes=0 scale=75 receiver=false signs=0
						Lua 0:00:32:291
[ElevatorDepotDev] dressed table: 000001636716C9B0 env=Underground elevator=true tunnel=false cabin=true ropes=4 scale=75 receiver=true signs=0
						Lua 0:00:32:372
game_settings:
    sponsor: SpaceY
    profile: politician
    founding_faction: UnitedColonistFront
    rival_colonies: Brazil, NASA, paradox
    mystery_random: 
    game_rules: (none)
more_game_settings: save_game_id: IsDKXg6Ddmz3wE5g, mystery: UnitedEarthMystery, coordinates: 15N179E, landing_spot: , logo: SpaceY
map_conditions: altitude: -3699, temperature: -43, cold_wave: 109, dust_devils: 39, dust_storm: 0, meteors: 37
map_resources: concrete: 243, metals: 147, precious_metals: 147, water: 147
						Lua 0:00:32:523
[mod] [CommunityFixPack] GhostPowerCells: maps=2 cleared=0 tunnel_skipped=28 shape_protected=0 reconnected=0 retry_failed=0 unbuilt_skipped=0 map_failed=0 elapsed_ms=116
[mod] [CommunityFixPack] UniversalDepotSeedsToggle: load pass updated the resource toggles on 0 Universal Depot(s)
[mod] [CommunityFixPack] SaveSanitizer: F95 astrogeologist-residue pass removed 0 modifier(s), left 0 unidentified
						Lua 0:00:32:524
Game Loaded in 7178 ms
[mod] [SMRTK] SMRTK_PROVENANCE actions=24 last=section_attach last_id=45 present=true session=1790784979:573248334:377362876:189945307 t=21936244 id=8
[SMRTK] SMRTK_PROVENANCE actions=24 last=section_attach last_id=45 present=true session=1790784979:573248334:377362876:189945307 t=21936244 id=8
						Lua 0:00:32:534
[mod] [SMRTK] SMRTK_SHORTCUT console=true key=Ctrl-Shift-F11 t=21936244 id=9
						Lua 0:00:32:547
[mod] [SMRTK] SMRTK_DOCK action=dock_attach attached=true route="idBottom sibling" status=OK surface=one-toggle+tasks t=21936244 id=10
						Lua 0:00:32:553
[mod] [SMRTest] console enable requested (flag set, no overlay) — press Enter (or Alt-Shift-C) once in a colony
[SMRTest] console enable requested (flag set, no overlay) — press Enter (or Alt-Shift-C) once in a colony
						Lua 0:00:32:664
[mod] [SMRTK] SMRTK_SHORTCUT console=true key=Ctrl-Shift-F11 t=21936244 id=11
						Lua 0:00:33:132
Game loaded on map BlankBig_01 in 7920 ms
						Lua 0:00:33:437
[mod] [SMRTK] SMRTK_PANEL_RESTORE open=true tab=Agent t=21936982 id=12
						Lua 0:01:41:456
[TrainHubDev] lights: arm 0, flanks the reactor (red flank) = B2 "Deep blue wash" (SpotLight), 12 lights, engine bearing 0 deg
[TrainHubDev] lights: arm 1, flanks the reactor (blue flank) = B2 "Deep blue wash" (SpotLight), 12 lights, engine bearing 60 deg
[TrainHubDev] lights: arm 2, next to the blue flank = B2 "Deep blue wash" (SpotLight), 12 lights, engine bearing 120 deg
						Lua 0:01:41:457
[TrainHubDev] lights: arm 3, opposite the red flank = B2 "Deep blue wash" (SpotLight), 12 lights, engine bearing 180 deg
[TrainHubDev] lights: arm 4, opposite the blue flank = B2 "Deep blue wash" (SpotLight), 12 lights, engine bearing 240 deg
[TrainHubDev] lights: arm 5, next to the red flank = B2 "Deep blue wash" (SpotLight), 12 lights, engine bearing 300 deg
[TrainHubDev] lights: arm tune intensity 50, side 150 cm, height 200 cm, radius 500 cm, cone 50/100, colour 0,40,255
						Lua 0:01:41:458
[TrainHubDev] structure lights: portal rims ON, 30 lights (intensity 4, radius 350 cm)
[TrainHubDev] structure lights: drone pit kerb OFF, 0 lights (intensity 15, radius 300 cm)
[TrainHubDev] structure lights: ring rim strip OFF, 0 lights (intensity 12, radius 400 cm)
[TrainHubDev] structure lights: floor edge strip OFF, 0 lights (intensity 30, radius 300 cm)
[TrainHubDev] structure lights: crown floor light ON, 1 lights (intensity 150, radius 4000 cm)
[TrainHubDev] structure lights: crown floor light follows the VANILLA night schedule (OnMsg.LightmodelChange -> map.NightLightsState, NightLightObjects.lua:250-259, :22 on build 1.1.0.403908); it is NIGHT now, so it is LIT -- hanging at z 1900 cm, colour 255,214,170, cone 0/0
[TrainHubDev] structure lights: under-deck fill ON, 18 lights (intensity 40, radius 1200 cm)
[TrainHubDev] structure lights: under-deck fill follows the VANILLA night schedule (OnMsg.LightmodelChange -> map.NightLightsState, NightLightObjects.lua:250-259, :22 on build 1.1.0.403908); it is NIGHT now, so it is LIT -- hanging at z 700 cm, colour 255,214,170, cone 0/0
[TrainHubDev] lights: 121 placed (72 arm + 49 structure); a stopped hub destroys them all
						Lua 0:01:41:459
[TrainHubDev] lights: arm 0, flanks the reactor (red flank) = B2 "Deep blue wash" (SpotLight), 12 lights, engine bearing 0 deg
[TrainHubDev] lights: arm 1, flanks the reactor (blue flank) = B2 "Deep blue wash" (SpotLight), 12 lights, engine bearing 60 deg
[TrainHubDev] lights: arm 2, next to the blue flank = B2 "Deep blue wash" (SpotLight), 12 lights, engine bearing 120 deg
[TrainHubDev] lights: arm 3, opposite the red flank = B2 "Deep blue wash" (SpotLight), 12 lights, engine bearing 180 deg
[TrainHubDev] lights: arm 4, opposite the blue flank = B2 "Deep blue wash" (SpotLight), 12 lights, engine bearing 240 deg
[TrainHubDev] lights: arm 5, next to the red flank = B2 "Deep blue wash" (SpotLight), 12 lights, engine bearing 300 deg
[TrainHubDev] lights: arm tune intensity 50, side 150 cm, height 200 cm, radius 500 cm, cone 50/100, colour 0,40,255
						Lua 0:01:41:460
[TrainHubDev] structure lights: portal rims ON, 30 lights (intensity 4, radius 350 cm)
[TrainHubDev] structure lights: drone pit kerb OFF, 0 lights (intensity 15, radius 300 cm)
[TrainHubDev] structure lights: ring rim strip OFF, 0 lights (intensity 12, radius 400 cm)
[TrainHubDev] structure lights: floor edge strip OFF, 0 lights (intensity 30, radius 300 cm)
[TrainHubDev] structure lights: crown floor light ON, 1 lights (intensity 150, radius 4000 cm)
[TrainHubDev] structure lights: crown floor light follows the VANILLA night schedule (OnMsg.LightmodelChange -> map.NightLightsState, NightLightObjects.lua:250-259, :22 on build 1.1.0.403908); it is NIGHT now, so it is LIT -- hanging at z 1900 cm, colour 255,214,170, cone 0/0
[TrainHubDev] structure lights: under-deck fill ON, 18 lights (intensity 40, radius 1200 cm)
[TrainHubDev] structure lights: under-deck fill follows the VANILLA night schedule (OnMsg.LightmodelChange -> map.NightLightsState, NightLightObjects.lua:250-259, :22 on build 1.1.0.403908); it is NIGHT now, so it is LIT -- hanging at z 700 cm, colour 255,214,170, cone 0/0
[TrainHubDev] lights: 121 placed (72 arm + 49 structure); a stopped hub destroys them all
						Lua 0:02:09:552
[mod] [SMRTK] SMRTK_SECTION action=section_attach attached=true dialog=ipBuilding object=Elevator(7828) status=OK t=22033071 id=13
						Lua 0:02:13:940
[mod] [SMRTK] SMRTK_SECTION action=section_attach attached=true dialog=ipBuilding object=UniversalStorageDepot(7837) status=OK t=22037471 id=14
						Lua 0:02:15:961
[mod] [SMRTK] SMRTK_SECTION action=section_attach attached=true dialog=ipBuilding object=SMROptInElevatorDepotDev(7985) status=OK t=22039485 id=15
						Lua 0:02:17:385
Missing spot 'Top' in 'SMROptInElevatorDepotDev' state 'idle'
						Lua 0:02:19:133
[mod] [SMRTK] SMRTK_SECTION action=section_attach attached=true dialog=ipBuilding object=UniversalStorageDepot(7837) status=OK t=22042672 id=16
						Lua 0:02:20:630
[mod] [SMRTK] SMRTK_ACTION action=selected_empty after=0 before=9645 method=CheatEmpty object=UniversalStorageDepot(7837) resource=multiple resources=10 status=OK valid_after=true t=22044176 id=17
[SMRTK] SMRTK_ACTION action=selected_empty after=0 before=9645 method=CheatEmpty object=UniversalStorageDepot(7837) resource=multiple resources=10 status=OK valid_after=true t=22044176 id=17
						Lua 0:04:22:333
[mod] [SMRTest] console enable requested (flag set, no overlay) — press Enter (or Alt-Shift-C) once in a colony
[SMRTest] console enable requested (flag set, no overlay) — press Enter (or Alt-Shift-C) once in a colony
						Lua 0:04:22:344
[mod] [SMRTK] SMRTK_SHORTCUT console=true key=Ctrl-Shift-F11 t=22173020 id=18
						Lua 0:04:23:219
[mod] [SMRTK] SMRTK_SECTION action=section_attach attached=true dialog=ipBuilding object=SMROptInElevatorDepotDev(8404) status=OK t=22173896 id=19
						Lua 0:04:33:554
[mod] [SMRTK] SMRTK_SECTION action=section_attach attached=false reason="no supported actions" status=OK t=22184237 id=20
						Lua 0:04:37:548
[mod] [SMRTK] SMRTK_PANEL action=panel_toggle open=false status=OK tab=Agent t=22188235 id=21
						Lua 0:04:38:374
[mod] [SMRTK] SMRTK_SECTION action=section_attach attached=true dialog=ipBuilding object=Elevator(7829) status=OK t=22189047 id=22
						Lua 0:04:39:643
[mod] [SMRTK] SMRTK_SECTION action=section_attach attached=true dialog=ipBuilding object=SMROptInElevatorDepotDev(8404) status=OK t=22190317 id=23
						Lua 0:04:40:764
[mod] [SMRTK] SMRTK_SECTION action=section_attach attached=true dialog=ipBuilding object=Elevator(7829) status=OK t=22191437 id=24
						Lua 0:04:47:197
[mod] [SMRTK] SMRTK_SECTION action=section_attach attached=true dialog=ipBuilding object=SMROptInElevatorDepotDev(8404) status=OK t=22197862 id=25
						Lua 0:04:53:356
[mod] [SMRTK] SMRTK_SECTION action=section_attach attached=true dialog=ipBuilding object=SMROptInElevatorDepotDev(8404) status=OK t=22204019 id=26
						Lua 0:06:31:717
Load Game: 
	lua_revision: 406343 (last saved with) 
	orig_lua_revision: 403908 (created with) 
	assets_revision: 33225 

	dlcs: norman, thomas 

	mods: SMR_CommunityOptInPack, SMR_CommunityFixPackTestKit, SMR_CommunityFixPack, SMR_TrainHubDev_20260918, SMR_RailShaftDev_20260923, SMR_SaveBufferFix, SMR_ElevatorStationDev_20260929, SMR_TrainHubPrototype_20260918 
[mod] [SMRTK] SMRTK_CONSOLE_ARM enabled=true hook=ChangeMap t=22293658 id=27
[SMRTK] SMRTK_CONSOLE_ARM enabled=true hook=ChangeMap t=22293658 id=27
						Lua 0:06:31:741
[mod] [SMRTK] SMRTK_CONSOLE_ARM enabled=true hook=ChangeMap t=22293658 id=28
[SMRTK] SMRTK_CONSOLE_ARM enabled=true hook=ChangeMap t=22293658 id=28
						Lua 0:06:32:634
[mod] [SMRTK] SMRTK_SHORTCUT console=false key=Ctrl-Shift-F11 t=0 id=29
						Lua 0:06:33:409
[mod] [SMRTK] SMRTK_CONSOLE_ARM enabled=true hook=PreLoadGame t=0 id=30
[SMRTK] SMRTK_CONSOLE_ARM enabled=true hook=PreLoadGame t=0 id=30
						Lua 0:06:34:058
[mod] This savegame tries to load Mod DEV ONLY - Train Hub (Module B build) (id SMR_TrainHubDev_20260918, v0.00-060), which is loaded with a different version 0.00-061
[mod] Savegame references Mod DEV ONLY - Rail Shaft (cross-map train tunnel prototype) (id SMR_RailShaftDev_20260923, v0.00-001) which is not present
[mod] This savegame tries to load Mod DEV ONLY - Elevator Depot (look prototype) (id SMR_ElevatorStationDev_20260929, v0.00-006), which is loaded with a different version 0.00-010
[mod] Savegame references Mod DEV ONLY - Train Hub Prototype (id SMR_TrainHubPrototype_20260918, v0.00-002) which is not present
						Lua 0:06:35:394
[mod] [CommunityFixPack] SilentHitMomentFX: restored 2 missing hit-moment tracker(s) on load
[mod] [SMRTest] console enable requested (flag set, no overlay) — press Enter (or Alt-Shift-C) once in a colony
[SMRTest] console enable requested (flag set, no overlay) — press Enter (or Alt-Shift-C) once in a colony
						Lua 0:06:35:395
[TrainHubDev] reactor palette: channel 1 = 18,32,78 roughness 0 metallic 0
[TrainHubDev] reactor palette: channel 2 = 18,32,78 roughness 0 metallic 0
[TrainHubDev] reactor palette: channel 3 = 200,205,210 roughness -90 metallic 110
[TrainHubDev] reactor palette: P4 "navy + steel on 3 and 4", 3 of 4 channels written on the attached copy only (vanilla's own per-object call; no material is restyled)
[TrainHubDev] lights: arm 0, flanks the reactor (red flank) = B2 "Deep blue wash" (SpotLight), 12 lights, engine bearing 0 deg
						Lua 0:06:35:396
[TrainHubDev] lights: arm 1, flanks the reactor (blue flank) = B2 "Deep blue wash" (SpotLight), 12 lights, engine bearing 60 deg
[TrainHubDev] lights: arm 2, next to the blue flank = B2 "Deep blue wash" (SpotLight), 12 lights, engine bearing 120 deg
[TrainHubDev] lights: arm 3, opposite the red flank = B2 "Deep blue wash" (SpotLight), 12 lights, engine bearing 180 deg
						Lua 0:06:35:397
[TrainHubDev] lights: arm 4, opposite the blue flank = B2 "Deep blue wash" (SpotLight), 12 lights, engine bearing 240 deg
[TrainHubDev] lights: arm 5, next to the red flank = B2 "Deep blue wash" (SpotLight), 12 lights, engine bearing 300 deg
[TrainHubDev] lights: arm tune intensity 50, side 150 cm, height 200 cm, radius 500 cm, cone 50/100, colour 0,40,255
[TrainHubDev] structure lights: portal rims ON, 30 lights (intensity 4, radius 350 cm)
[TrainHubDev] structure lights: drone pit kerb OFF, 0 lights (intensity 15, radius 300 cm)
[TrainHubDev] structure lights: ring rim strip OFF, 0 lights (intensity 12, radius 400 cm)
[TrainHubDev] structure lights: floor edge strip OFF, 0 lights (intensity 30, radius 300 cm)
[TrainHubDev] structure lights: crown floor light ON, 0 lights (intensity 150, radius 4000 cm)
[TrainHubDev] structure lights: crown floor light follows the VANILLA night schedule (OnMsg.LightmodelChange -> map.NightLightsState, NightLightObjects.lua:250-259, :22 on build 1.1.0.403908); it is DAY now, so it is NOT PLACED -- hanging at z 1900 cm, colour 255,214,170, cone 0/0
[TrainHubDev] structure lights: under-deck fill ON, 0 lights (intensity 40, radius 1200 cm)
[TrainHubDev] structure lights: under-deck fill follows the VANILLA night schedule (OnMsg.LightmodelChange -> map.NightLightsState, NightLightObjects.lua:250-259, :22 on build 1.1.0.403908); it is DAY now, so it is NOT PLACED -- hanging at z 700 cm, colour 255,214,170, cone 0/0
[TrainHubDev] lights: 102 placed (72 arm + 30 structure); a stopped hub destroys them all
						Lua 0:06:35:461
[TrainHubDev] reactor palette: channel 1 = 18,32,78 roughness 0 metallic 0
[TrainHubDev] reactor palette: channel 2 = 18,32,78 roughness 0 metallic 0
[TrainHubDev] reactor palette: channel 3 = 200,205,210 roughness -90 metallic 110
[TrainHubDev] reactor palette: P4 "navy + steel on 3 and 4", 3 of 4 channels written on the attached copy only (vanilla's own per-object call; no material is restyled)
[TrainHubDev] lights: arm 0, flanks the reactor (red flank) = B2 "Deep blue wash" (SpotLight), 12 lights, engine bearing 0 deg
						Lua 0:06:35:462
[TrainHubDev] lights: arm 1, flanks the reactor (blue flank) = B2 "Deep blue wash" (SpotLight), 12 lights, engine bearing 60 deg
[TrainHubDev] lights: arm 2, next to the blue flank = B2 "Deep blue wash" (SpotLight), 12 lights, engine bearing 120 deg
[TrainHubDev] lights: arm 3, opposite the red flank = B2 "Deep blue wash" (SpotLight), 12 lights, engine bearing 180 deg
[TrainHubDev] lights: arm 4, opposite the blue flank = B2 "Deep blue wash" (SpotLight), 12 lights, engine bearing 240 deg
[TrainHubDev] lights: arm 5, next to the red flank = B2 "Deep blue wash" (SpotLight), 12 lights, engine bearing 300 deg
[TrainHubDev] lights: arm tune intensity 50, side 150 cm, height 200 cm, radius 500 cm, cone 50/100, colour 0,40,255
						Lua 0:06:35:463
[TrainHubDev] structure lights: portal rims ON, 30 lights (intensity 4, radius 350 cm)
[TrainHubDev] structure lights: drone pit kerb OFF, 0 lights (intensity 15, radius 300 cm)
[TrainHubDev] structure lights: ring rim strip OFF, 0 lights (intensity 12, radius 400 cm)
[TrainHubDev] structure lights: floor edge strip OFF, 0 lights (intensity 30, radius 300 cm)
[TrainHubDev] structure lights: crown floor light ON, 0 lights (intensity 150, radius 4000 cm)
[TrainHubDev] structure lights: crown floor light follows the VANILLA night schedule (OnMsg.LightmodelChange -> map.NightLightsState, NightLightObjects.lua:250-259, :22 on build 1.1.0.403908); it is DAY now, so it is NOT PLACED -- hanging at z 1900 cm, colour 255,214,170, cone 0/0
[TrainHubDev] structure lights: under-deck fill ON, 0 lights (intensity 40, radius 1200 cm)
[TrainHubDev] structure lights: under-deck fill follows the VANILLA night schedule (OnMsg.LightmodelChange -> map.NightLightsState, NightLightObjects.lua:250-259, :22 on build 1.1.0.403908); it is DAY now, so it is NOT PLACED -- hanging at z 700 cm, colour 255,214,170, cone 0/0
[TrainHubDev] lights: 102 placed (72 arm + 30 structure); a stopped hub destroys them all
						Lua 0:06:35:552
game_settings:
    sponsor: SpaceY
    profile: politician
    founding_faction: UnitedColonistFront
    rival_colonies: Brazil, NASA, paradox
    mystery_random: 
    game_rules: (none)
more_game_settings: save_game_id: IsDKXg6Ddmz3wE5g, mystery: UnitedEarthMystery, coordinates: 15N179E, landing_spot: , logo: SpaceY
map_conditions: altitude: -3699, temperature: -43, cold_wave: 109, dust_devils: 39, dust_storm: 0, meteors: 37
map_resources: concrete: 243, metals: 147, precious_metals: 147, water: 147
						Lua 0:06:35:704
[mod] [CommunityFixPack] GhostPowerCells: maps=2 cleared=0 tunnel_skipped=26 shape_protected=0 reconnected=0 retry_failed=0 unbuilt_skipped=0 map_failed=0 elapsed_ms=117
[mod] [CommunityFixPack] UniversalDepotSeedsToggle: load pass updated the resource toggles on 0 Universal Depot(s)
[mod] [CommunityFixPack] SaveSanitizer: F95 astrogeologist-residue pass removed 0 modifier(s), left 0 unidentified
						Lua 0:06:35:705
Game Loaded in 3992 ms
[mod] [SMRTK] SMRTK_PROVENANCE actions=86 last=section_attach last_id=96 present=true session=1790783274:571543306:817798590:1915411848 t=20913564 id=31
[SMRTK] SMRTK_PROVENANCE actions=86 last=section_attach last_id=96 present=true session=1790783274:571543306:817798590:1915411848 t=20913564 id=31
						Lua 0:06:35:715
[mod] [SMRTK] SMRTK_SHORTCUT console=true key=Ctrl-Shift-F11 t=20913564 id=32
						Lua 0:06:35:727
[mod] [SMRTK] SMRTK_DOCK action=dock_attach attached=true route="idBottom sibling" status=OK surface=one-toggle+tasks t=20913564 id=33
						Lua 0:06:35:730
[mod] [SMRTest] console enable requested (flag set, no overlay) — press Enter (or Alt-Shift-C) once in a colony
[SMRTest] console enable requested (flag set, no overlay) — press Enter (or Alt-Shift-C) once in a colony
						Lua 0:06:35:844
[mod] [SMRTK] SMRTK_SHORTCUT console=true key=Ctrl-Shift-F11 t=20913564 id=34
						Lua 0:06:36:107
Game loaded on map BlankBig_01 in 4547 ms
						Lua 0:06:37:409
[mod] [SMRTest] console enable requested (flag set, no overlay) — press Enter (or Alt-Shift-C) once in a colony
[SMRTest] console enable requested (flag set, no overlay) — press Enter (or Alt-Shift-C) once in a colony
[mod] [SMRTest] console enable requested (flag set, no overlay) — press Enter (or Alt-Shift-C) once in a colony
[SMRTest] console enable requested (flag set, no overlay) — press Enter (or Alt-Shift-C) once in a colony
						Lua 0:06:37:419
[mod] [SMRTK] SMRTK_SHORTCUT console=true key=Ctrl-Shift-F11 t=20915099 id=35
						Lua 0:06:42:654
[mod] [SMRTK] SMRTK_SECTION action=section_attach attached=false reason="no supported actions" status=OK t=20920339 id=36
						Lua 0:06:46:689
[ElevatorDepotDev] dressed table: 000001636FF452A8 env=Surface elevator=true tunnel=false cabin=true ropes=0 scale=75 receiver=false signs=0
						Lua 0:06:49:231
[mod] [SMRTK] SMRTK_SECTION action=section_attach attached=false reason="no supported actions" status=OK t=20926916 id=37
						Lua 0:07:17:790
[TrainHubDev] build dispatched: elements 5, 1477 m, deadline in 36607 ms (launch 4000 + travel 20607 + work 12000) at t=20956195 site=8198 track=7991
						Lua 0:07:18:790
[TrainHubDev] build dispatched: elements 5, 1474 m, deadline in 36569 ms (launch 4000 + travel 20569 + work 12000) at t=20961195 site=8107 track=7991
						Lua 0:07:19:789
[TrainHubDev] build dispatched: elements 5, 1678 m, deadline in 39412 ms (launch 4000 + travel 23412 + work 12000) at t=20966195 site=7997 track=7991
						Lua 0:07:20:790
[TrainHubDev] build dispatched: elements 1, 995 m, deadline in 25884 ms (launch 4000 + travel 13884 + work 8000) at t=20971195 site=8892 track=7991
						Lua 0:07:21:789
[TrainHubDev] build dispatched: elements 5, 1192 m, deadline in 32626 ms (launch 4000 + travel 16626 + work 12000) at t=20976195 site=8577 track=7991
						Lua 0:07:22:370
[TrainHubDev] engine leg out: 1396 m in 18938 ms = 7373 units per s (move_speed 8960) at t=20979143
						Lua 0:07:22:791
[TrainHubDev] build dispatched: elements 5, 1153 m, deadline in 32086 ms (launch 4000 + travel 16086 + work 12000) at t=20981195 site=8714 track=7991
						Lua 0:07:23:354
[TrainHubDev] engine leg out: 1395 m in 18879 ms = 7388 units per s (move_speed 8960) at t=20984069
						Lua 0:07:23:789
[TrainHubDev] build dispatched: elements 5, 1623 m, deadline in 38644 ms (launch 4000 + travel 22644 + work 12000) at t=20986195 site=8038 track=7991
						Lua 0:07:24:288
[TrainHubDev] engine leg out: 907 m in 13525 ms = 6704 units per s (move_speed 8960) at t=20988730
						Lua 0:07:24:789
[TrainHubDev] build dispatched: elements 5, 1440 m, deadline in 36095 ms (launch 4000 + travel 20095 + work 12000) at t=20991195 site=8216 track=7991
						Lua 0:07:24:842
[TrainHubDev] engine leg out: 1593 m in 21311 ms = 7476 units per s (move_speed 8960) at t=20991501
						Lua 0:07:25:040
[TrainHubDev] build done: elements 5, elapsed 36240 ms, 0 ms after the deadline, the Wasp's stage work at t=20992435 site=8198
[TrainHubDev] build dispatched: elements 5, 1104 m, deadline in 31397 ms (launch 4000 + travel 15397 + work 12000) at t=20992435 site=8720 track=7991
						Lua 0:07:25:763
[TrainHubDev] engine leg out: 1103 m in 15908 ms = 6934 units per s (move_speed 8960) at t=20996113
						Lua 0:07:25:789
[TrainHubDev] build dispatched: elements 5, 1482 m, deadline in 36675 ms (launch 4000 + travel 20675 + work 12000) at t=20996195 site=8204 track=7991
						Lua 0:07:25:996
[TrainHubDev] build dispatched: elements 5, 1293 m, deadline in 34033 ms (launch 4000 + travel 18033 + work 12000) at t=20997235 site=8330 track=7991
						Lua 0:07:26:032
[TrainHubDev] build dispatched: elements 5, 1473 m, deadline in 36543 ms (launch 4000 + travel 20543 + work 12000) at t=20997421 site=8113 track=7991
						Lua 0:07:26:056
[TrainHubDev] build dispatched: elements 5, 1402 m, deadline in 35563 ms (launch 4000 + travel 19563 + work 12000) at t=20997541 site=8312 track=7991
						Lua 0:07:26:093
[TrainHubDev] build dispatched: elements 5, 1365 m, deadline in 35041 ms (launch 4000 + travel 19041 + work 12000) at t=20997727 site=8318 track=7991
						Lua 0:07:26:101
[TrainHubDev] build dispatched: elements 5, 1224 m, deadline in 33079 ms (launch 4000 + travel 17079 + work 12000) at t=20997748 site=8454 track=7991
						Lua 0:07:26:110
[TrainHubDev] build dispatched: elements 5, 1577 m, deadline in 38004 ms (launch 4000 + travel 22004 + work 12000) at t=20997781 site=8044 track=7991
						Lua 0:07:26:118
[TrainHubDev] build dispatched: elements 5, 1486 m, deadline in 36733 ms (launch 4000 + travel 20733 + work 12000) at t=20997847 site=8056 track=7991
						Lua 0:07:26:127
[TrainHubDev] build dispatched: elements 5, 1472 m, deadline in 36541 ms (launch 4000 + travel 20541 + work 12000) at t=20997892 site=8119 track=7991
						Lua 0:07:26:141
[TrainHubDev] build dispatched: elements 5, 1532 m, deadline in 37366 ms (launch 4000 + travel 21366 + work 12000) at t=20997955 site=8050 track=7991
						Lua 0:07:26:150
[TrainHubDev] build dispatched: elements 5, 1005 m, deadline in 30021 ms (launch 4000 + travel 14021 + work 12000) at t=20997967 site=8732 track=7991
						Lua 0:07:26:159
[TrainHubDev] build dispatched: elements 5, 1474 m, deadline in 36562 ms (launch 4000 + travel 20562 + work 12000) at t=20998033 site=8125 track=7991
						Lua 0:07:26:167
[TrainHubDev] build dispatched: elements 5, 1328 m, deadline in 34530 ms (launch 4000 + travel 18530 + work 12000) at t=20998044 site=8324 track=7991
						Lua 0:07:26:175
[TrainHubDev] build dispatched: elements 5, 1479 m, deadline in 36637 ms (launch 4000 + travel 20637 + work 12000) at t=20998054 site=8210 track=7991
						Lua 0:07:26:183
[TrainHubDev] build dispatched: elements 5, 1258 m, deadline in 33549 ms (launch 4000 + travel 17549 + work 12000) at t=20998087 site=8448 track=7991
						Lua 0:07:26:192
[TrainHubDev] build dispatched: elements 5, 1054 m, deadline in 30709 ms (launch 4000 + travel 14709 + work 12000) at t=20998153 site=8726 track=7991
						Lua 0:07:26:501
[TrainHubDev] build done: elements 1, elapsed 27639 ms, 1755 ms after the deadline, the Wasp's stage work at t=20998834 site=8892
						Lua 0:07:26:980
[TrainHubDev] build done: elements 5, elapsed 38476 ms, 2436 ms after the deadline, the Wasp's stage work at t=20999671 site=8107
						Lua 0:07:27:131
[TrainHubDev] engine leg out: 1064 m in 15231 ms = 6987 units per s (move_speed 8960) at t=21000436
						Lua 0:07:28:989
[TrainHubDev] build done: elements 5, elapsed 33478 ms, 852 ms after the deadline, the Wasp's stage work at t=21009673 site=8577
						Lua 0:07:29:228
[TrainHubDev] engine leg out: 1541 m in 20733 ms = 7431 units per s (move_speed 8960) at t=21010923
						Lua 0:07:29:280
[TrainHubDev] engine leg out: 1015 m in 14732 ms = 6889 units per s (move_speed 8960) at t=21011173
						Lua 0:07:29:339
[TrainHubDev] engine leg back: 1396 m in 19047 ms = 7331 units per s (move_speed 8960) at t=21011482
						Lua 0:07:29:504
[TrainHubDev] engine leg back: 907 m in 13470 ms = 6731 units per s (move_speed 8960) at t=21012304
						Lua 0:07:29:716
[TrainHubDev] engine leg out: 1356 m in 18396 ms = 7373 units per s (move_speed 8960) at t=21013365
						Lua 0:07:29:802
[TrainHubDev] build done: elements 5, elapsed 32541 ms, 455 ms after the deadline, the Wasp's stage work at t=21013736 site=8714
						Lua 0:07:30:048
[TrainHubDev] engine leg out: 917 m in 13287 ms = 6898 units per s (move_speed 8960) at t=21015029
						Lua 0:07:30:264
[TrainHubDev] engine leg out: 966 m in 14185 ms = 6808 units per s (move_speed 8960) at t=21016105
						Lua 0:07:30:567
[TrainHubDev] engine leg out: 1206 m in 16591 ms = 7268 units per s (move_speed 8960) at t=21017605
[TrainHubDev] engine leg out: 1136 m in 16088 ms = 7062 units per s (move_speed 8960) at t=21017605
						Lua 0:07:30:699
[TrainHubDev] engine leg out: 1170 m in 16409 ms = 7133 units per s (move_speed 8960) at t=21018282
						Lua 0:07:30:808
[TrainHubDev] engine leg out: 1242 m in 17010 ms = 7302 units per s (move_speed 8960) at t=21018824
[TrainHubDev] engine leg back: 1395 m in 19153 ms = 7282 units per s (move_speed 8960) at t=21018824
						Lua 0:07:30:809
[TrainHubDev] engine leg out: 1400 m in 18749 ms = 7466 units per s (move_speed 8960) at t=21018824
						Lua 0:07:30:828
[TrainHubDev] engine leg out: 1279 m in 17415 ms = 7347 units per s (move_speed 8960) at t=21018923
[TrainHubDev] engine leg out: 1318 m in 17613 ms = 7480 units per s (move_speed 8960) at t=21018923
						Lua 0:07:31:070
[TrainHubDev] engine leg out: 1394 m in 18963 ms = 7353 units per s (move_speed 8960) at t=21020138
						Lua 0:07:31:135
[TrainHubDev] engine leg out: 1395 m in 18797 ms = 7419 units per s (move_speed 8960) at t=21020463
						Lua 0:07:31:141
[TrainHubDev] engine leg out: 1396 m in 18653 ms = 7484 units per s (move_speed 8960) at t=21020491
						Lua 0:07:31:150
[TrainHubDev] engine leg out: 1405 m in 18919 ms = 7428 units per s (move_speed 8960) at t=21020537
						Lua 0:07:31:167
[TrainHubDev] engine leg out: 1395 m in 18812 ms = 7413 units per s (move_speed 8960) at t=21020616
						Lua 0:07:31:275
[TrainHubDev] engine leg out: 1450 m in 19451 ms = 7455 units per s (move_speed 8960) at t=21021160
						Lua 0:07:31:392
[TrainHubDev] engine leg out: 1495 m in 20217 ms = 7396 units per s (move_speed 8960) at t=21021748
						Lua 0:07:31:950
[TrainHubDev] build done: elements 5, elapsed 32038 ms, 641 ms after the deadline, the Wasp's stage work at t=21024473 site=8720
						Lua 0:07:32:201
[TrainHubDev] engine leg back: 1103 m in 16106 ms = 6849 units per s (move_speed 8960) at t=21025779
						Lua 0:07:32:393
[TrainHubDev] build done: elements 5, elapsed 35498 ms, 0 ms after the deadline, the Wasp's stage work at t=21026693 site=8216
						Lua 0:07:32:825
[TrainHubDev] engine leg back: 1064 m in 15176 ms = 7012 units per s (move_speed 8960) at t=21028912
						Lua 0:07:32:891
[TrainHubDev] build done: elements 5, elapsed 31214 ms, 1193 ms after the deadline, the Wasp's stage work at t=21029181 site=8732
						Lua 0:07:32:933
[TrainHubDev] build done: elements 5, elapsed 31240 ms, 531 ms after the deadline, the Wasp's stage work at t=21029393 site=8726
						Lua 0:07:33:242
[TrainHubDev] build done: elements 5, elapsed 33694 ms, 0 ms after the deadline, the Wasp's stage work at t=21030929 site=8330
						Lua 0:07:33:258
[TrainHubDev] build done: elements 5, elapsed 33209 ms, 130 ms after the deadline, the Wasp's stage work at t=21030957 site=8454
						Lua 0:07:33:345
[TrainHubDev] build done: elements 5, elapsed 33363 ms, 0 ms after the deadline, the Wasp's stage work at t=21031450 site=8448
						Lua 0:07:33:450
[TrainHubDev] build done: elements 5, elapsed 33930 ms, 0 ms after the deadline, the Wasp's stage work at t=21031974 site=8324
						Lua 0:07:33:486
[TrainHubDev] build done: elements 5, elapsed 34426 ms, 0 ms after the deadline, the Wasp's stage work at t=21032153 site=8318
						Lua 0:07:33:504
[TrainHubDev] build done: elements 5, elapsed 35963 ms, 0 ms after the deadline, the Wasp's stage work at t=21032158 site=8204
						Lua 0:07:33:521
[TrainHubDev] build done: elements 5, elapsed 34710 ms, 0 ms after the deadline, the Wasp's stage work at t=21032251 site=8312
						Lua 0:07:33:747
[TrainHubDev] build done: elements 5, elapsed 36019 ms, 0 ms after the deadline, the Wasp's stage work at t=21033440 site=8113
						Lua 0:07:33:784
[TrainHubDev] build done: elements 5, elapsed 35719 ms, 0 ms after the deadline, the Wasp's stage work at t=21033611 site=8119
						Lua 0:07:33:822
[TrainHubDev] build done: elements 5, elapsed 35773 ms, 0 ms after the deadline, the Wasp's stage work at t=21033827 site=8210
						Lua 0:07:33:868
[TrainHubDev] build done: elements 5, elapsed 35965 ms, 0 ms after the deadline, the Wasp's stage work at t=21033998 site=8125
						Lua 0:07:34:942
[TrainHubDev] engine leg back: 1015 m in 15025 ms = 6755 units per s (move_speed 8960) at t=21039498
						Lua 0:07:35:671
[TrainHubDev] engine leg back: 917 m in 13960 ms = 6565 units per s (move_speed 8960) at t=21043141
						Lua 0:07:35:834
[TrainHubDev] engine leg back: 966 m in 14565 ms = 6630 units per s (move_speed 8960) at t=21043958
						Lua 0:07:36:139
[TrainHubDev] engine leg back: 1356 m in 18789 ms = 7219 units per s (move_speed 8960) at t=21045482
						Lua 0:07:36:443
[TrainHubDev] engine leg back: 1136 m in 16039 ms = 7084 units per s (move_speed 8960) at t=21046996
						Lua 0:07:36:560
[TrainHubDev] engine leg back: 1206 m in 16660 ms = 7238 units per s (move_speed 8960) at t=21047589
						Lua 0:07:36:697
[TrainHubDev] engine leg back: 1170 m in 16824 ms = 6957 units per s (move_speed 8960) at t=21048274
						Lua 0:07:36:832
[TrainHubDev] engine leg back: 1242 m in 16971 ms = 7319 units per s (move_speed 8960) at t=21048945
						Lua 0:07:36:948
[TrainHubDev] engine leg back: 1279 m in 17374 ms = 7364 units per s (move_speed 8960) at t=21049527
						Lua 0:07:37:008
[mod] [SMRTK] SMRTK_SECTION action=section_attach attached=true dialog=ipBuilding object=UniversalStorageDepot(7837) status=OK t=21049789 id=38
						Lua 0:07:37:072
[TrainHubDev] engine leg back: 1318 m in 17896 ms = 7362 units per s (move_speed 8960) at t=21050147
						Lua 0:07:37:226
[TrainHubDev] engine leg back: 1400 m in 18748 ms = 7467 units per s (move_speed 8960) at t=21050906
						Lua 0:07:37:508
[TrainHubDev] engine leg back: 1394 m in 18888 ms = 7382 units per s (move_speed 8960) at t=21052328
						Lua 0:07:37:570
[TrainHubDev] engine leg back: 1396 m in 18808 ms = 7422 units per s (move_speed 8960) at t=21052635
						Lua 0:07:37:578
[TrainHubDev] engine leg back: 1395 m in 19063 ms = 7315 units per s (move_speed 8960) at t=21052674
						Lua 0:07:37:653
[TrainHubDev] engine leg back: 1395 m in 19055 ms = 7318 units per s (move_speed 8960) at t=21053053
						Lua 0:07:38:403
[mod] [SMRTK] SMRTK_ACTION action=selected_empty after=0 before=33590 method=CheatEmpty object=UniversalStorageDepot(7837) resource=multiple resources=10 status=OK valid_after=true t=21056794 id=39
[SMRTK] SMRTK_ACTION action=selected_empty after=0 before=33590 method=CheatEmpty object=UniversalStorageDepot(7837) resource=multiple resources=10 status=OK valid_after=true t=21056794 id=39
						Lua 0:07:41:079
[TrainHubDev] lights: arm 0, flanks the reactor (red flank) = B2 "Deep blue wash" (SpotLight), 12 lights, engine bearing 0 deg
						Lua 0:07:41:080
[TrainHubDev] lights: arm 1, flanks the reactor (blue flank) = B2 "Deep blue wash" (SpotLight), 12 lights, engine bearing 60 deg
[TrainHubDev] lights: arm 2, next to the blue flank = B2 "Deep blue wash" (SpotLight), 12 lights, engine bearing 120 deg
[TrainHubDev] lights: arm 3, opposite the red flank = B2 "Deep blue wash" (SpotLight), 12 lights, engine bearing 180 deg
						Lua 0:07:41:081
[TrainHubDev] lights: arm 4, opposite the blue flank = B2 "Deep blue wash" (SpotLight), 12 lights, engine bearing 240 deg
[TrainHubDev] lights: arm 5, next to the red flank = B2 "Deep blue wash" (SpotLight), 12 lights, engine bearing 300 deg
[TrainHubDev] lights: arm tune intensity 50, side 150 cm, height 200 cm, radius 500 cm, cone 50/100, colour 0,40,255
						Lua 0:07:41:082
[TrainHubDev] structure lights: portal rims ON, 30 lights (intensity 4, radius 350 cm)
[TrainHubDev] structure lights: drone pit kerb OFF, 0 lights (intensity 15, radius 300 cm)
[TrainHubDev] structure lights: ring rim strip OFF, 0 lights (intensity 12, radius 400 cm)
[TrainHubDev] structure lights: floor edge strip OFF, 0 lights (intensity 30, radius 300 cm)
[TrainHubDev] structure lights: crown floor light ON, 0 lights (intensity 150, radius 4000 cm)
[TrainHubDev] structure lights: crown floor light follows the VANILLA night schedule (OnMsg.LightmodelChange -> map.NightLightsState, NightLightObjects.lua:250-259, :22 on build 1.1.0.403908); it is DAY now, so it is NOT PLACED -- hanging at z 1900 cm, colour 255,214,170, cone 0/0
[TrainHubDev] structure lights: under-deck fill ON, 0 lights (intensity 40, radius 1200 cm)
[TrainHubDev] structure lights: under-deck fill follows the VANILLA night schedule (OnMsg.LightmodelChange -> map.NightLightsState, NightLightObjects.lua:250-259, :22 on build 1.1.0.403908); it is DAY now, so it is NOT PLACED -- hanging at z 700 cm, colour 255,214,170, cone 0/0
[TrainHubDev] lights: 102 placed (72 arm + 30 structure); a stopped hub destroys them all
[TrainHubDev] lights: arm 0, flanks the reactor (red flank) = B2 "Deep blue wash" (SpotLight), 12 lights, engine bearing 0 deg
[TrainHubDev] lights: arm 1, flanks the reactor (blue flank) = B2 "Deep blue wash" (SpotLight), 12 lights, engine bearing 60 deg
						Lua 0:07:41:083
[TrainHubDev] lights: arm 2, next to the blue flank = B2 "Deep blue wash" (SpotLight), 12 lights, engine bearing 120 deg
[TrainHubDev] lights: arm 3, opposite the red flank = B2 "Deep blue wash" (SpotLight), 12 lights, engine bearing 180 deg
[TrainHubDev] lights: arm 4, opposite the blue flank = B2 "Deep blue wash" (SpotLight), 12 lights, engine bearing 240 deg
[TrainHubDev] lights: arm 5, next to the red flank = B2 "Deep blue wash" (SpotLight), 12 lights, engine bearing 300 deg
[TrainHubDev] lights: arm tune intensity 50, side 150 cm, height 200 cm, radius 500 cm, cone 50/100, colour 0,40,255
[TrainHubDev] structure lights: portal rims ON, 30 lights (intensity 4, radius 350 cm)
[TrainHubDev] structure lights: drone pit kerb OFF, 0 lights (intensity 15, radius 300 cm)
[TrainHubDev] structure lights: ring rim strip OFF, 0 lights (intensity 12, radius 400 cm)
[TrainHubDev] structure lights: floor edge strip OFF, 0 lights (intensity 30, radius 300 cm)
[TrainHubDev] structure lights: crown floor light ON, 0 lights (intensity 150, radius 4000 cm)
[TrainHubDev] structure lights: crown floor light follows the VANILLA night schedule (OnMsg.LightmodelChange -> map.NightLightsState, NightLightObjects.lua:250-259, :22 on build 1.1.0.403908); it is DAY now, so it is NOT PLACED -- hanging at z 1900 cm, colour 255,214,170, cone 0/0
[TrainHubDev] structure lights: under-deck fill ON, 0 lights (intensity 40, radius 1200 cm)
[TrainHubDev] structure lights: under-deck fill follows the VANILLA night schedule (OnMsg.LightmodelChange -> map.NightLightsState, NightLightObjects.lua:250-259, :22 on build 1.1.0.403908); it is DAY now, so it is NOT PLACED -- hanging at z 700 cm, colour 255,214,170, cone 0/0
[TrainHubDev] lights: 102 placed (72 arm + 30 structure); a stopped hub destroys them all
						Lua 0:07:42:062
[mod] [SMRTest] console enable requested (flag set, no overlay) — press Enter (or Alt-Shift-C) once in a colony
[SMRTest] console enable requested (flag set, no overlay) — press Enter (or Alt-Shift-C) once in a colony
						Lua 0:07:42:072
[mod] [SMRTK] SMRTK_SHORTCUT console=true key=Ctrl-Shift-F11 t=21075089 id=40
						Lua 0:07:45:794
[mod] [SMRTK] SMRTK_SECTION action=section_attach attached=false reason="no supported actions" status=OK t=21093734 id=41
						Lua 0:07:49:368
[ElevatorDepotDev] dressed table: 000001636E1CB0A8 env=Underground elevator=true tunnel=false cabin=true ropes=4 scale=75 receiver=true signs=0
						Lua 0:07:50:119
[mod] [SMRTK] SMRTK_SECTION action=section_attach attached=true dialog=ipBuilding object=SMROptInElevatorDepotDev(9030) status=OK t=21115249 id=42
						Lua 0:07:57:071
[mod] [SMRTK] SMRTK_PANEL action=panel_toggle open=true status=OK tab=Agent t=21150004 id=43
						Lua 0:08:00:728
[mod] [SMRTK] SMRTK_TAB action=tab_Saves page=Saves status=OK t=21168374 id=44
						Lua 0:08:02:335
[mod] [SMRTK] SMRTK_SAVE action=save_A name=SMRTK_A.sav session=1790805421:593690451:133594349:642770050 slot=A status=OK t=21173839 id=45
[SMRTK] SMRTK_SAVE action=save_A name=SMRTK_A.sav session=1790805421:593690451:133594349:642770050 slot=A status=OK t=21173839 id=45
						Lua 0:08:03:837
[mod] [SMRTK] SMRTK_PANEL action=panel_toggle open=false status=OK tab=Saves t=21181364 id=46
						Lua 0:08:08:248
[mod] [SMRTK] SMRTK_SECTION action=section_attach attached=true dialog=ipBuilding object=SMROptInElevatorDepotDev(9030) status=OK t=21203324 id=47
						Lua 0:08:14:328
[mod] [SMRTK] SMRTK_SECTION action=section_attach attached=false reason="no supported actions" status=OK t=21233814 id=48
						Lua 0:08:24:045
[mod] [SMRTK] SMRTK_SECTION action=section_attach attached=true dialog=ipBuilding object=Elevator(7829) status=OK t=21282344 id=49
						Lua 0:08:30:656
[TrainHubDev] lights: arm 0, flanks the reactor (red flank) = B2 "Deep blue wash" (SpotLight), 12 lights, engine bearing 0 deg
[TrainHubDev] lights: arm 1, flanks the reactor (blue flank) = B2 "Deep blue wash" (SpotLight), 12 lights, engine bearing 60 deg
						Lua 0:08:30:657
[TrainHubDev] lights: arm 2, next to the blue flank = B2 "Deep blue wash" (SpotLight), 12 lights, engine bearing 120 deg
[TrainHubDev] lights: arm 3, opposite the red flank = B2 "Deep blue wash" (SpotLight), 12 lights, engine bearing 180 deg
[TrainHubDev] lights: arm 4, opposite the blue flank = B2 "Deep blue wash" (SpotLight), 12 lights, engine bearing 240 deg
						Lua 0:08:30:658
[TrainHubDev] lights: arm 5, next to the red flank = B2 "Deep blue wash" (SpotLight), 12 lights, engine bearing 300 deg
[TrainHubDev] lights: arm tune intensity 50, side 150 cm, height 200 cm, radius 500 cm, cone 50/100, colour 0,40,255
[TrainHubDev] structure lights: portal rims ON, 30 lights (intensity 4, radius 350 cm)
[TrainHubDev] structure lights: drone pit kerb OFF, 0 lights (intensity 15, radius 300 cm)
[TrainHubDev] structure lights: ring rim strip OFF, 0 lights (intensity 12, radius 400 cm)
[TrainHubDev] structure lights: floor edge strip OFF, 0 lights (intensity 30, radius 300 cm)
[TrainHubDev] structure lights: crown floor light ON, 1 lights (intensity 150, radius 4000 cm)
[TrainHubDev] structure lights: crown floor light follows the VANILLA night schedule (OnMsg.LightmodelChange -> map.NightLightsState, NightLightObjects.lua:250-259, :22 on build 1.1.0.403908); it is NIGHT now, so it is LIT -- hanging at z 1900 cm, colour 255,214,170, cone 0/0
						Lua 0:08:30:659
[TrainHubDev] structure lights: under-deck fill ON, 18 lights (intensity 40, radius 1200 cm)
[TrainHubDev] structure lights: under-deck fill follows the VANILLA night schedule (OnMsg.LightmodelChange -> map.NightLightsState, NightLightObjects.lua:250-259, :22 on build 1.1.0.403908); it is NIGHT now, so it is LIT -- hanging at z 700 cm, colour 255,214,170, cone 0/0
[TrainHubDev] lights: 121 placed (72 arm + 49 structure); a stopped hub destroys them all
[TrainHubDev] lights: arm 0, flanks the reactor (red flank) = B2 "Deep blue wash" (SpotLight), 12 lights, engine bearing 0 deg
[TrainHubDev] lights: arm 1, flanks the reactor (blue flank) = B2 "Deep blue wash" (SpotLight), 12 lights, engine bearing 60 deg
[TrainHubDev] lights: arm 2, next to the blue flank = B2 "Deep blue wash" (SpotLight), 12 lights, engine bearing 120 deg
[TrainHubDev] lights: arm 3, opposite the red flank = B2 "Deep blue wash" (SpotLight), 12 lights, engine bearing 180 deg
[TrainHubDev] lights: arm 4, opposite the blue flank = B2 "Deep blue wash" (SpotLight), 12 lights, engine bearing 240 deg
						Lua 0:08:30:660
[TrainHubDev] lights: arm 5, next to the red flank = B2 "Deep blue wash" (SpotLight), 12 lights, engine bearing 300 deg
[TrainHubDev] lights: arm tune intensity 50, side 150 cm, height 200 cm, radius 500 cm, cone 50/100, colour 0,40,255
[TrainHubDev] structure lights: portal rims ON, 30 lights (intensity 4, radius 350 cm)
[TrainHubDev] structure lights: drone pit kerb OFF, 0 lights (intensity 15, radius 300 cm)
[TrainHubDev] structure lights: ring rim strip OFF, 0 lights (intensity 12, radius 400 cm)
[TrainHubDev] structure lights: floor edge strip OFF, 0 lights (intensity 30, radius 300 cm)
[TrainHubDev] structure lights: crown floor light ON, 1 lights (intensity 150, radius 4000 cm)
[TrainHubDev] structure lights: crown floor light follows the VANILLA night schedule (OnMsg.LightmodelChange -> map.NightLightsState, NightLightObjects.lua:250-259, :22 on build 1.1.0.403908); it is NIGHT now, so it is LIT -- hanging at z 1900 cm, colour 255,214,170, cone 0/0
[TrainHubDev] structure lights: under-deck fill ON, 18 lights (intensity 40, radius 1200 cm)
[TrainHubDev] structure lights: under-deck fill follows the VANILLA night schedule (OnMsg.LightmodelChange -> map.NightLightsState, NightLightObjects.lua:250-259, :22 on build 1.1.0.403908); it is NIGHT now, so it is LIT -- hanging at z 700 cm, colour 255,214,170, cone 0/0
[TrainHubDev] lights: 121 placed (72 arm + 49 structure); a stopped hub destroys them all
						Lua 0:08:31:627
[mod] [SMRTest] console enable requested (flag set, no overlay) — press Enter (or Alt-Shift-C) once in a colony
[SMRTest] console enable requested (flag set, no overlay) — press Enter (or Alt-Shift-C) once in a colony
						Lua 0:08:31:637
[mod] [SMRTK] SMRTK_SHORTCUT console=true key=Ctrl-Shift-F11 t=21320319 id=50
						Lua 0:08:31:880
[mod] [SMRTK] SMRTK_SECTION action=section_attach attached=true dialog=ipBuilding object=SMROptInElevatorDepotDev(7985) status=OK t=21321439 id=51
						Lua 0:08:38:295
[mod] [SMRTK] SMRTK_SECTION action=section_attach attached=true dialog=ipBuilding object=SMROptInElevatorDepotDev(7985) status=OK t=21353529 id=52
						Lua 0:09:00:684
[mod] [SMRTK] SMRTK_SECTION action=section_attach attached=false reason="no supported actions" status=OK t=21465579 id=53
						Lua 0:09:05:594
[ElevatorDepotDev] dressed table: 0000016375FA7200 env=Surface elevator=true tunnel=false cabin=true ropes=0 scale=75 receiver=false signs=0
						Lua 0:09:11:273
[mod] [SMRTest] console enable requested (flag set, no overlay) — press Enter (or Alt-Shift-C) once in a colony
[SMRTest] console enable requested (flag set, no overlay) — press Enter (or Alt-Shift-C) once in a colony
						Lua 0:09:11:283
[mod] [SMRTK] SMRTK_SHORTCUT console=true key=Ctrl-Shift-F11 t=21518549 id=54
						Lua 0:09:13:565
[mod] [SMRTK] SMRTK_SECTION action=section_attach attached=false reason="no supported actions" status=OK t=21529994 id=55
						Lua 0:09:15:126
Stop sequence BuildingAnomalies - UndergroundArrivalPassage : FinishedStop sequence list BuildingAnomalies						Lua 0:09:18:063
[mod] [SMRTK] SMRTK_SECTION action=section_attach attached=false reason="no supported actions" status=OK t=21544834 id=56
						Lua 0:09:25:456
[TrainHubDev] lights: arm 0, flanks the reactor (red flank) = B2 "Deep blue wash" (SpotLight), 12 lights, engine bearing 0 deg
						Lua 0:09:25:457
[TrainHubDev] lights: arm 1, flanks the reactor (blue flank) = B2 "Deep blue wash" (SpotLight), 12 lights, engine bearing 60 deg
[TrainHubDev] lights: arm 2, next to the blue flank = B2 "Deep blue wash" (SpotLight), 12 lights, engine bearing 120 deg
[TrainHubDev] lights: arm 3, opposite the red flank = B2 "Deep blue wash" (SpotLight), 12 lights, engine bearing 180 deg
						Lua 0:09:25:458
[TrainHubDev] lights: arm 4, opposite the blue flank = B2 "Deep blue wash" (SpotLight), 12 lights, engine bearing 240 deg
[TrainHubDev] lights: arm 5, next to the red flank = B2 "Deep blue wash" (SpotLight), 12 lights, engine bearing 300 deg
[TrainHubDev] lights: arm tune intensity 50, side 150 cm, height 200 cm, radius 500 cm, cone 50/100, colour 0,40,255
[TrainHubDev] structure lights: portal rims ON, 30 lights (intensity 4, radius 350 cm)
[TrainHubDev] structure lights: drone pit kerb OFF, 0 lights (intensity 15, radius 300 cm)
[TrainHubDev] structure lights: ring rim strip OFF, 0 lights (intensity 12, radius 400 cm)
						Lua 0:09:25:459
[TrainHubDev] structure lights: floor edge strip OFF, 0 lights (intensity 30, radius 300 cm)
[TrainHubDev] structure lights: crown floor light ON, 0 lights (intensity 150, radius 4000 cm)
[TrainHubDev] structure lights: crown floor light follows the VANILLA night schedule (OnMsg.LightmodelChange -> map.NightLightsState, NightLightObjects.lua:250-259, :22 on build 1.1.0.403908); it is DAY now, so it is NOT PLACED -- hanging at z 1900 cm, colour 255,214,170, cone 0/0
[TrainHubDev] structure lights: under-deck fill ON, 0 lights (intensity 40, radius 1200 cm)
[TrainHubDev] structure lights: under-deck fill follows the VANILLA night schedule (OnMsg.LightmodelChange -> map.NightLightsState, NightLightObjects.lua:250-259, :22 on build 1.1.0.403908); it is DAY now, so it is NOT PLACED -- hanging at z 700 cm, colour 255,214,170, cone 0/0
[TrainHubDev] lights: 102 placed (72 arm + 30 structure); a stopped hub destroys them all
[TrainHubDev] lights: arm 0, flanks the reactor (red flank) = B2 "Deep blue wash" (SpotLight), 12 lights, engine bearing 0 deg
[TrainHubDev] lights: arm 1, flanks the reactor (blue flank) = B2 "Deep blue wash" (SpotLight), 12 lights, engine bearing 60 deg
[TrainHubDev] lights: arm 2, next to the blue flank = B2 "Deep blue wash" (SpotLight), 12 lights, engine bearing 120 deg
[TrainHubDev] lights: arm 3, opposite the red flank = B2 "Deep blue wash" (SpotLight), 12 lights, engine bearing 180 deg
						Lua 0:09:25:460
[TrainHubDev] lights: arm 4, opposite the blue flank = B2 "Deep blue wash" (SpotLight), 12 lights, engine bearing 240 deg
[TrainHubDev] lights: arm 5, next to the red flank = B2 "Deep blue wash" (SpotLight), 12 lights, engine bearing 300 deg
[TrainHubDev] lights: arm tune intensity 50, side 150 cm, height 200 cm, radius 500 cm, cone 50/100, colour 0,40,255
[TrainHubDev] structure lights: portal rims ON, 30 lights (intensity 4, radius 350 cm)
[TrainHubDev] structure lights: drone pit kerb OFF, 0 lights (intensity 15, radius 300 cm)
[TrainHubDev] structure lights: ring rim strip OFF, 0 lights (intensity 12, radius 400 cm)
[TrainHubDev] structure lights: floor edge strip OFF, 0 lights (intensity 30, radius 300 cm)
[TrainHubDev] structure lights: crown floor light ON, 0 lights (intensity 150, radius 4000 cm)
[TrainHubDev] structure lights: crown floor light follows the VANILLA night schedule (OnMsg.LightmodelChange -> map.NightLightsState, NightLightObjects.lua:250-259, :22 on build 1.1.0.403908); it is DAY now, so it is NOT PLACED -- hanging at z 1900 cm, colour 255,214,170, cone 0/0
[TrainHubDev] structure lights: under-deck fill ON, 0 lights (intensity 40, radius 1200 cm)
[TrainHubDev] structure lights: under-deck fill follows the VANILLA night schedule (OnMsg.LightmodelChange -> map.NightLightsState, NightLightObjects.lua:250-259, :22 on build 1.1.0.403908); it is DAY now, so it is NOT PLACED -- hanging at z 700 cm, colour 255,214,170, cone 0/0
[TrainHubDev] lights: 102 placed (72 arm + 30 structure); a stopped hub destroys them all
						Lua 0:09:25:968
[mod] [SMRTest] console enable requested (flag set, no overlay) — press Enter (or Alt-Shift-C) once in a colony
[SMRTest] console enable requested (flag set, no overlay) — press Enter (or Alt-Shift-C) once in a colony
						Lua 0:09:25:979
[mod] [SMRTK] SMRTK_SHORTCUT console=true key=Ctrl-Shift-F11 t=21581844 id=57
						Lua 0:09:26:359
[mod] [SMRTK] SMRTK_SECTION action=section_attach attached=true dialog=ipBuilding object=SMROptInElevatorDepotDev(9036) status=OK t=21583724 id=58
						Lua 0:09:47:663
[mod] [SMRTK] SMRTK_SECTION action=section_attach attached=true dialog=ipResourcePile object=WasteRockStockpileUngrided(2000002759) status=OK t=21687529 id=59
						Lua 0:09:48:714
[mod] [SMRTK] SMRTK_ACTION action=selected_delete method=CheatDelete object=WasteRockStockpileUngrided(2000002759) status=OK valid_after=false t=21692799 id=60
[SMRTK] SMRTK_ACTION action=selected_delete method=CheatDelete object=WasteRockStockpileUngrided(2000002759) status=OK valid_after=false t=21692799 id=60
						Lua 0:10:00:224
[mod] [SMRTK] SMRTK_PANEL action=panel_toggle open=true status=OK tab=Saves t=21712429 id=61
						Lua 0:10:03:060
Load Game: 
	lua_revision: 406343 (last saved with) 
	orig_lua_revision: 403908 (created with) 
	assets_revision: 33225 

	dlcs: norman, thomas 

	mods: SMR_CommunityOptInPack, SMR_CommunityFixPackTestKit, SMR_CommunityFixPack, SMR_TrainHubDev_20260918, SMR_RailShaftDev_20260923, SMR_SaveBufferFix, SMR_ElevatorStationDev_20260929, SMR_TrainHubPrototype_20260918 
[mod] [SMRTK] SMRTK_CONSOLE_ARM enabled=true hook=ChangeMap t=21726044 id=62
[SMRTK] SMRTK_CONSOLE_ARM enabled=true hook=ChangeMap t=21726044 id=62
						Lua 0:10:03:075
[mod] [SMRTK] SMRTK_CONSOLE_ARM enabled=true hook=ChangeMap t=21726044 id=63
[SMRTK] SMRTK_CONSOLE_ARM enabled=true hook=ChangeMap t=21726044 id=63
						Lua 0:10:03:940
[mod] [SMRTK] SMRTK_SHORTCUT console=false key=Ctrl-Shift-F11 t=0 id=64
						Lua 0:10:05:784
[mod] [SMRTK] SMRTK_CONSOLE_ARM enabled=true hook=PreLoadGame t=0 id=65
[SMRTK] SMRTK_CONSOLE_ARM enabled=true hook=PreLoadGame t=0 id=65
						Lua 0:10:07:783
[mod] [CommunityFixPack] SilentHitMomentFX: restored 2 missing hit-moment tracker(s) on load
[mod] [SMRTest] console enable requested (flag set, no overlay) — press Enter (or Alt-Shift-C) once in a colony
[SMRTest] console enable requested (flag set, no overlay) — press Enter (or Alt-Shift-C) once in a colony
						Lua 0:10:07:784
[TrainHubDev] reactor palette: channel 1 = 18,32,78 roughness 0 metallic 0
[TrainHubDev] reactor palette: channel 2 = 18,32,78 roughness 0 metallic 0
[TrainHubDev] reactor palette: channel 3 = 200,205,210 roughness -90 metallic 110
[TrainHubDev] reactor palette: P4 "navy + steel on 3 and 4", 3 of 4 channels written on the attached copy only (vanilla's own per-object call; no material is restyled)
						Lua 0:10:07:785
[TrainHubDev] lights: arm 0, flanks the reactor (red flank) = B2 "Deep blue wash" (SpotLight), 12 lights, engine bearing 0 deg
[TrainHubDev] lights: arm 1, flanks the reactor (blue flank) = B2 "Deep blue wash" (SpotLight), 12 lights, engine bearing 60 deg
[TrainHubDev] lights: arm 2, next to the blue flank = B2 "Deep blue wash" (SpotLight), 12 lights, engine bearing 120 deg
						Lua 0:10:07:786
[TrainHubDev] lights: arm 3, opposite the red flank = B2 "Deep blue wash" (SpotLight), 12 lights, engine bearing 180 deg
[TrainHubDev] lights: arm 4, opposite the blue flank = B2 "Deep blue wash" (SpotLight), 12 lights, engine bearing 240 deg
[TrainHubDev] lights: arm 5, next to the red flank = B2 "Deep blue wash" (SpotLight), 12 lights, engine bearing 300 deg
[TrainHubDev] lights: arm tune intensity 50, side 150 cm, height 200 cm, radius 500 cm, cone 50/100, colour 0,40,255
						Lua 0:10:07:787
[TrainHubDev] structure lights: portal rims ON, 30 lights (intensity 4, radius 350 cm)
[TrainHubDev] structure lights: drone pit kerb OFF, 0 lights (intensity 15, radius 300 cm)
[TrainHubDev] structure lights: ring rim strip OFF, 0 lights (intensity 12, radius 400 cm)
[TrainHubDev] structure lights: floor edge strip OFF, 0 lights (intensity 30, radius 300 cm)
[TrainHubDev] structure lights: crown floor light ON, 0 lights (intensity 150, radius 4000 cm)
[TrainHubDev] structure lights: crown floor light follows the VANILLA night schedule (OnMsg.LightmodelChange -> map.NightLightsState, NightLightObjects.lua:250-259, :22 on build 1.1.0.403908); it is DAY now, so it is NOT PLACED -- hanging at z 1900 cm, colour 255,214,170, cone 0/0
[TrainHubDev] structure lights: under-deck fill ON, 0 lights (intensity 40, radius 1200 cm)
[TrainHubDev] structure lights: under-deck fill follows the VANILLA night schedule (OnMsg.LightmodelChange -> map.NightLightsState, NightLightObjects.lua:250-259, :22 on build 1.1.0.403908); it is DAY now, so it is NOT PLACED -- hanging at z 700 cm, colour 255,214,170, cone 0/0
[TrainHubDev] lights: 102 placed (72 arm + 30 structure); a stopped hub destroys them all
						Lua 0:10:07:843
[TrainHubDev] reactor palette: channel 1 = 18,32,78 roughness 0 metallic 0
						Lua 0:10:07:844
[TrainHubDev] reactor palette: channel 2 = 18,32,78 roughness 0 metallic 0
[TrainHubDev] reactor palette: channel 3 = 200,205,210 roughness -90 metallic 110
[TrainHubDev] reactor palette: P4 "navy + steel on 3 and 4", 3 of 4 channels written on the attached copy only (vanilla's own per-object call; no material is restyled)
[TrainHubDev] lights: arm 0, flanks the reactor (red flank) = B2 "Deep blue wash" (SpotLight), 12 lights, engine bearing 0 deg
[TrainHubDev] lights: arm 1, flanks the reactor (blue flank) = B2 "Deep blue wash" (SpotLight), 12 lights, engine bearing 60 deg
[TrainHubDev] lights: arm 2, next to the blue flank = B2 "Deep blue wash" (SpotLight), 12 lights, engine bearing 120 deg
[TrainHubDev] lights: arm 3, opposite the red flank = B2 "Deep blue wash" (SpotLight), 12 lights, engine bearing 180 deg
[TrainHubDev] lights: arm 4, opposite the blue flank = B2 "Deep blue wash" (SpotLight), 12 lights, engine bearing 240 deg
						Lua 0:10:07:845
[TrainHubDev] lights: arm 5, next to the red flank = B2 "Deep blue wash" (SpotLight), 12 lights, engine bearing 300 deg
[TrainHubDev] lights: arm tune intensity 50, side 150 cm, height 200 cm, radius 500 cm, cone 50/100, colour 0,40,255
[TrainHubDev] structure lights: portal rims ON, 30 lights (intensity 4, radius 350 cm)
[TrainHubDev] structure lights: drone pit kerb OFF, 0 lights (intensity 15, radius 300 cm)
[TrainHubDev] structure lights: ring rim strip OFF, 0 lights (intensity 12, radius 400 cm)
[TrainHubDev] structure lights: floor edge strip OFF, 0 lights (intensity 30, radius 300 cm)
[TrainHubDev] structure lights: crown floor light ON, 0 lights (intensity 150, radius 4000 cm)
[TrainHubDev] structure lights: crown floor light follows the VANILLA night schedule (OnMsg.LightmodelChange -> map.NightLightsState, NightLightObjects.lua:250-259, :22 on build 1.1.0.403908); it is DAY now, so it is NOT PLACED -- hanging at z 1900 cm, colour 255,214,170, cone 0/0
[TrainHubDev] structure lights: under-deck fill ON, 0 lights (intensity 40, radius 1200 cm)
[TrainHubDev] structure lights: under-deck fill follows the VANILLA night schedule (OnMsg.LightmodelChange -> map.NightLightsState, NightLightObjects.lua:250-259, :22 on build 1.1.0.403908); it is DAY now, so it is NOT PLACED -- hanging at z 700 cm, colour 255,214,170, cone 0/0
[TrainHubDev] lights: 102 placed (72 arm + 30 structure); a stopped hub destroys them all
						Lua 0:10:07:856
[ElevatorDepotDev] dressed table: 00000163700106E8 env=Surface elevator=true tunnel=false cabin=true ropes=0 scale=75 receiver=false signs=0
[ElevatorDepotDev] dressed table: 000001636D134878 env=Underground elevator=true tunnel=false cabin=true ropes=4 scale=75 receiver=true signs=0
						Lua 0:10:07:939
game_settings:
    sponsor: SpaceY
    profile: politician
    founding_faction: UnitedColonistFront
    rival_colonies: Brazil, NASA, paradox
    mystery_random: 
    game_rules: (none)
more_game_settings: save_game_id: IsDKXg6Ddmz3wE5g, mystery: UnitedEarthMystery, coordinates: 15N179E, landing_spot: , logo: SpaceY
map_conditions: altitude: -3699, temperature: -43, cold_wave: 109, dust_devils: 39, dust_storm: 0, meteors: 37
map_resources: concrete: 243, metals: 147, precious_metals: 147, water: 147
						Lua 0:10:08:094
[mod] [CommunityFixPack] GhostPowerCells: maps=2 cleared=0 tunnel_skipped=28 shape_protected=0 reconnected=0 retry_failed=0 unbuilt_skipped=0 map_failed=0 elapsed_ms=121
						Lua 0:10:08:095
[mod] [CommunityFixPack] UniversalDepotSeedsToggle: load pass updated the resource toggles on 0 Universal Depot(s)
[mod] [CommunityFixPack] SaveSanitizer: F95 astrogeologist-residue pass removed 0 modifier(s), left 0 unidentified
Game Loaded in 5035 ms
[mod] [SMRTK] SMRTK_PROVENANCE actions=23 last=tab_Saves last_id=44 present=true session=1790805421:593690451:133594349:642770050 t=21173659 id=66
[SMRTK] SMRTK_PROVENANCE actions=23 last=tab_Saves last_id=44 present=true session=1790805421:593690451:133594349:642770050 t=21173659 id=66
						Lua 0:10:08:105
[mod] [SMRTK] SMRTK_SHORTCUT console=true key=Ctrl-Shift-F11 t=21173659 id=67
						Lua 0:10:08:123
[mod] [SMRTK] SMRTK_SECTION action=section_attach attached=true dialog=ipBuilding object=SMROptInElevatorDepotDev(9030) status=OK t=21173659 id=68
						Lua 0:10:08:127
[mod] [SMRTK] SMRTK_DOCK action=dock_attach attached=true route="idBottom sibling" status=OK surface=one-toggle+tasks t=21173659 id=69
[mod] [SMRTest] console enable requested (flag set, no overlay) — press Enter (or Alt-Shift-C) once in a colony
[SMRTest] console enable requested (flag set, no overlay) — press Enter (or Alt-Shift-C) once in a colony
						Lua 0:10:08:248
[mod] [SMRTK] SMRTK_SHORTCUT console=true key=Ctrl-Shift-F11 t=21173659 id=70
						Lua 0:10:08:504
Game loaded on map BlankUnderground_01 in 5557 ms
[mod] [SMRTK] SMRTK_LOAD action=load_A name=SMRTK_A.sav override=false session=1790805421:593690451:133594349:642770050 slot=A status=OK t=21174789 id=71
[SMRTK] SMRTK_LOAD action=load_A name=SMRTK_A.sav override=false session=1790805421:593690451:133594349:642770050 slot=A status=OK t=21174789 id=71
						Lua 0:10:08:816
[mod] [SMRTK] SMRTK_PANEL_RESTORE open=true tab=Saves t=21176339 id=72
						Lua 0:10:09:813
[mod] [SMRTest] console enable requested (flag set, no overlay) — press Enter (or Alt-Shift-C) once in a colony
[SMRTest] console enable requested (flag set, no overlay) — press Enter (or Alt-Shift-C) once in a colony
[mod] [SMRTest] console enable requested (flag set, no overlay) — press Enter (or Alt-Shift-C) once in a colony
[SMRTest] console enable requested (flag set, no overlay) — press Enter (or Alt-Shift-C) once in a colony
						Lua 0:10:09:823
[mod] [SMRTK] SMRTK_SHORTCUT console=true key=Ctrl-Shift-F11 t=21181334 id=73
						Lua 0:10:15:577
[mod] [SMRTK] SMRTK_PANEL action=panel_toggle open=false status=OK tab=Saves t=21210129 id=74
						Lua 0:10:16:604
[mod] [SMRTK] SMRTK_SECTION action=section_attach attached=true dialog=ipBuilding object=Elevator(7829) status=OK t=21215224 id=75
						Lua 0:10:23:322
[mod] [SMRTK] SMRTK_SECTION action=section_attach attached=false reason="no supported actions" status=OK t=21248859 id=76
						Lua 0:10:24:789
[mod] [SMRTK] SMRTK_SECTION action=section_attach attached=true dialog=ipBuilding object=SMROptInElevatorDepotDev(9030) status=OK t=21256154 id=77
						Lua 0:11:44:640
Stop sequence BuildingAnomalies - UndergroundArrivalPassage : FinishedStop sequence list BuildingAnomalies						Lua 0:11:46:600
[TrainHubDev] lights: arm 0, flanks the reactor (red flank) = B2 "Deep blue wash" (SpotLight), 12 lights, engine bearing 0 deg
						Lua 0:11:46:601
[TrainHubDev] lights: arm 1, flanks the reactor (blue flank) = B2 "Deep blue wash" (SpotLight), 12 lights, engine bearing 60 deg
[TrainHubDev] lights: arm 2, next to the blue flank = B2 "Deep blue wash" (SpotLight), 12 lights, engine bearing 120 deg
[TrainHubDev] lights: arm 3, opposite the red flank = B2 "Deep blue wash" (SpotLight), 12 lights, engine bearing 180 deg
						Lua 0:11:46:602
[TrainHubDev] lights: arm 4, opposite the blue flank = B2 "Deep blue wash" (SpotLight), 12 lights, engine bearing 240 deg
[TrainHubDev] lights: arm 5, next to the red flank = B2 "Deep blue wash" (SpotLight), 12 lights, engine bearing 300 deg
[TrainHubDev] lights: arm tune intensity 50, side 150 cm, height 200 cm, radius 500 cm, cone 50/100, colour 0,40,255
						Lua 0:11:46:603
[TrainHubDev] structure lights: portal rims ON, 30 lights (intensity 4, radius 350 cm)
[TrainHubDev] structure lights: drone pit kerb OFF, 0 lights (intensity 15, radius 300 cm)
[TrainHubDev] structure lights: ring rim strip OFF, 0 lights (intensity 12, radius 400 cm)
[TrainHubDev] structure lights: floor edge strip OFF, 0 lights (intensity 30, radius 300 cm)
[TrainHubDev] structure lights: crown floor light ON, 1 lights (intensity 150, radius 4000 cm)
[TrainHubDev] structure lights: crown floor light follows the VANILLA night schedule (OnMsg.LightmodelChange -> map.NightLightsState, NightLightObjects.lua:250-259, :22 on build 1.1.0.403908); it is NIGHT now, so it is LIT -- hanging at z 1900 cm, colour 255,214,170, cone 0/0
[TrainHubDev] structure lights: under-deck fill ON, 18 lights (intensity 40, radius 1200 cm)
[TrainHubDev] structure lights: under-deck fill follows the VANILLA night schedule (OnMsg.LightmodelChange -> map.NightLightsState, NightLightObjects.lua:250-259, :22 on build 1.1.0.403908); it is NIGHT now, so it is LIT -- hanging at z 700 cm, colour 255,214,170, cone 0/0
[TrainHubDev] lights: 121 placed (72 arm + 49 structure); a stopped hub destroys them all
[TrainHubDev] lights: arm 0, flanks the reactor (red flank) = B2 "Deep blue wash" (SpotLight), 12 lights, engine bearing 0 deg
[TrainHubDev] lights: arm 1, flanks the reactor (blue flank) = B2 "Deep blue wash" (SpotLight), 12 lights, engine bearing 60 deg
[TrainHubDev] lights: arm 2, next to the blue flank = B2 "Deep blue wash" (SpotLight), 12 lights, engine bearing 120 deg
						Lua 0:11:46:604
[TrainHubDev] lights: arm 3, opposite the red flank = B2 "Deep blue wash" (SpotLight), 12 lights, engine bearing 180 deg
[TrainHubDev] lights: arm 4, opposite the blue flank = B2 "Deep blue wash" (SpotLight), 12 lights, engine bearing 240 deg
[TrainHubDev] lights: arm 5, next to the red flank = B2 "Deep blue wash" (SpotLight), 12 lights, engine bearing 300 deg
[TrainHubDev] lights: arm tune intensity 50, side 150 cm, height 200 cm, radius 500 cm, cone 50/100, colour 0,40,255
[TrainHubDev] structure lights: portal rims ON, 30 lights (intensity 4, radius 350 cm)
[TrainHubDev] structure lights: drone pit kerb OFF, 0 lights (intensity 15, radius 300 cm)
[TrainHubDev] structure lights: ring rim strip OFF, 0 lights (intensity 12, radius 400 cm)
[TrainHubDev] structure lights: floor edge strip OFF, 0 lights (intensity 30, radius 300 cm)
[TrainHubDev] structure lights: crown floor light ON, 1 lights (intensity 150, radius 4000 cm)
[TrainHubDev] structure lights: crown floor light follows the VANILLA night schedule (OnMsg.LightmodelChange -> map.NightLightsState, NightLightObjects.lua:250-259, :22 on build 1.1.0.403908); it is NIGHT now, so it is LIT -- hanging at z 1900 cm, colour 255,214,170, cone 0/0
[TrainHubDev] structure lights: under-deck fill ON, 18 lights (intensity 40, radius 1200 cm)
[TrainHubDev] structure lights: under-deck fill follows the VANILLA night schedule (OnMsg.LightmodelChange -> map.NightLightsState, NightLightObjects.lua:250-259, :22 on build 1.1.0.403908); it is NIGHT now, so it is LIT -- hanging at z 700 cm, colour 255,214,170, cone 0/0
[TrainHubDev] lights: 121 placed (72 arm + 49 structure); a stopped hub destroys them all
						Lua 0:11:47:572
[mod] [SMRTest] console enable requested (flag set, no overlay) — press Enter (or Alt-Shift-C) once in a colony
[SMRTest] console enable requested (flag set, no overlay) — press Enter (or Alt-Shift-C) once in a colony
						Lua 0:11:47:582
[mod] [SMRTK] SMRTK_SHORTCUT console=true key=Ctrl-Shift-F11 t=21483989 id=78
						Lua 0:11:48:235
[mod] [SMRTK] SMRTK_SECTION action=section_attach attached=true dialog=ipBuilding object=SMROptInElevatorDepotDev(7985) status=OK t=21487194 id=79
						Lua 0:11:54:320
[mod] [SMRTK] SMRTK_SECTION action=section_attach attached=true dialog=ipBuilding object=SMROptInElevatorDepotDev(7985) status=OK t=21517614 id=80
						Lua 0:12:04:804
[TrainHubDev] lights: arm 0, flanks the reactor (red flank) = B2 "Deep blue wash" (SpotLight), 12 lights, engine bearing 0 deg
[TrainHubDev] lights: arm 1, flanks the reactor (blue flank) = B2 "Deep blue wash" (SpotLight), 12 lights, engine bearing 60 deg
[TrainHubDev] lights: arm 2, next to the blue flank = B2 "Deep blue wash" (SpotLight), 12 lights, engine bearing 120 deg
						Lua 0:12:04:805
[TrainHubDev] lights: arm 3, opposite the red flank = B2 "Deep blue wash" (SpotLight), 12 lights, engine bearing 180 deg
[TrainHubDev] lights: arm 4, opposite the blue flank = B2 "Deep blue wash" (SpotLight), 12 lights, engine bearing 240 deg
[TrainHubDev] lights: arm 5, next to the red flank = B2 "Deep blue wash" (SpotLight), 12 lights, engine bearing 300 deg
[TrainHubDev] lights: arm tune intensity 50, side 150 cm, height 200 cm, radius 500 cm, cone 50/100, colour 0,40,255
						Lua 0:12:04:806
[TrainHubDev] structure lights: portal rims ON, 30 lights (intensity 4, radius 350 cm)
[TrainHubDev] structure lights: drone pit kerb OFF, 0 lights (intensity 15, radius 300 cm)
[TrainHubDev] structure lights: ring rim strip OFF, 0 lights (intensity 12, radius 400 cm)
[TrainHubDev] structure lights: floor edge strip OFF, 0 lights (intensity 30, radius 300 cm)
[TrainHubDev] structure lights: crown floor light ON, 0 lights (intensity 150, radius 4000 cm)
[TrainHubDev] structure lights: crown floor light follows the VANILLA night schedule (OnMsg.LightmodelChange -> map.NightLightsState, NightLightObjects.lua:250-259, :22 on build 1.1.0.403908); it is DAY now, so it is NOT PLACED -- hanging at z 1900 cm, colour 255,214,170, cone 0/0
[TrainHubDev] structure lights: under-deck fill ON, 0 lights (intensity 40, radius 1200 cm)
[TrainHubDev] structure lights: under-deck fill follows the VANILLA night schedule (OnMsg.LightmodelChange -> map.NightLightsState, NightLightObjects.lua:250-259, :22 on build 1.1.0.403908); it is DAY now, so it is NOT PLACED -- hanging at z 700 cm, colour 255,214,170, cone 0/0
[TrainHubDev] lights: 102 placed (72 arm + 30 structure); a stopped hub destroys them all
[TrainHubDev] lights: arm 0, flanks the reactor (red flank) = B2 "Deep blue wash" (SpotLight), 12 lights, engine bearing 0 deg
[TrainHubDev] lights: arm 1, flanks the reactor (blue flank) = B2 "Deep blue wash" (SpotLight), 12 lights, engine bearing 60 deg
						Lua 0:12:04:807
[TrainHubDev] lights: arm 2, next to the blue flank = B2 "Deep blue wash" (SpotLight), 12 lights, engine bearing 120 deg
[TrainHubDev] lights: arm 3, opposite the red flank = B2 "Deep blue wash" (SpotLight), 12 lights, engine bearing 180 deg
[TrainHubDev] lights: arm 4, opposite the blue flank = B2 "Deep blue wash" (SpotLight), 12 lights, engine bearing 240 deg
[TrainHubDev] lights: arm 5, next to the red flank = B2 "Deep blue wash" (SpotLight), 12 lights, engine bearing 300 deg
[TrainHubDev] lights: arm tune intensity 50, side 150 cm, height 200 cm, radius 500 cm, cone 50/100, colour 0,40,255
[TrainHubDev] structure lights: portal rims ON, 30 lights (intensity 4, radius 350 cm)
[TrainHubDev] structure lights: drone pit kerb OFF, 0 lights (intensity 15, radius 300 cm)
[TrainHubDev] structure lights: ring rim strip OFF, 0 lights (intensity 12, radius 400 cm)
[TrainHubDev] structure lights: floor edge strip OFF, 0 lights (intensity 30, radius 300 cm)
[TrainHubDev] structure lights: crown floor light ON, 0 lights (intensity 150, radius 4000 cm)
[TrainHubDev] structure lights: crown floor light follows the VANILLA night schedule (OnMsg.LightmodelChange -> map.NightLightsState, NightLightObjects.lua:250-259, :22 on build 1.1.0.403908); it is DAY now, so it is NOT PLACED -- hanging at z 1900 cm, colour 255,214,170, cone 0/0
[TrainHubDev] structure lights: under-deck fill ON, 0 lights (intensity 40, radius 1200 cm)
[TrainHubDev] structure lights: under-deck fill follows the VANILLA night schedule (OnMsg.LightmodelChange -> map.NightLightsState, NightLightObjects.lua:250-259, :22 on build 1.1.0.403908); it is DAY now, so it is NOT PLACED -- hanging at z 700 cm, colour 255,214,170, cone 0/0
[TrainHubDev] lights: 102 placed (72 arm + 30 structure); a stopped hub destroys them all
						Lua 0:12:14:315
[mod] [SMRTK] SMRTK_SECTION action=section_attach attached=true dialog=ipResourcePile object=WasteRockStockpileUngrided(2000002759) status=OK t=21617694 id=81
						Lua 0:12:15:282
[mod] [SMRTK] SMRTK_ACTION action=selected_delete method=CheatDelete object=WasteRockStockpileUngrided(2000002759) status=OK valid_after=false t=21622524 id=82
[SMRTK] SMRTK_ACTION action=selected_delete method=CheatDelete object=WasteRockStockpileUngrided(2000002759) status=OK valid_after=false t=21622524 id=82
						Lua 0:12:21:286
[mod] [SMRTest] console enable requested (flag set, no overlay) — press Enter (or Alt-Shift-C) once in a colony
[SMRTest] console enable requested (flag set, no overlay) — press Enter (or Alt-Shift-C) once in a colony
						Lua 0:12:21:296
[mod] [SMRTK] SMRTK_SHORTCUT console=true key=Ctrl-Shift-F11 t=21652554 id=83
						Lua 0:12:23:067
[mod] [SMRTest] console enable requested (flag set, no overlay) — press Enter (or Alt-Shift-C) once in a colony
[SMRTest] console enable requested (flag set, no overlay) — press Enter (or Alt-Shift-C) once in a colony
						Lua 0:12:23:077
[mod] [SMRTK] SMRTK_SHORTCUT console=true key=Ctrl-Shift-F11 t=21658374 id=84
						Lua 0:12:37:918
[mod] [SMRTK] SMRTK_SECTION action=section_attach attached=false reason="no supported actions" status=OK t=21680714 id=85
						Lua 0:12:41:588
[ElevatorDepotDev] dressed table: 000001636FA87418 env=Surface elevator=true tunnel=false cabin=true ropes=0 scale=75 receiver=false signs=0
						Lua 0:12:48:225
[mod] [SMRTest] console enable requested (flag set, no overlay) — press Enter (or Alt-Shift-C) once in a colony
[SMRTest] console enable requested (flag set, no overlay) — press Enter (or Alt-Shift-C) once in a colony
						Lua 0:12:48:234
[mod] [SMRTK] SMRTK_SHORTCUT console=true key=Ctrl-Shift-F11 t=21732274 id=86
						Lua 0:12:52:243
[mod] [SMRTK] SMRTK_SECTION action=section_attach attached=false reason="no supported actions" status=OK t=21752344 id=87
						Lua 0:12:55:339
[ElevatorDepotDev] dressed table: 000001636FA45D40 env=Underground elevator=true tunnel=false cabin=true ropes=4 scale=75 receiver=true signs=0
						Lua 0:12:56:080
[mod] [SMRTK] SMRTK_SECTION action=section_attach attached=true dialog=ipBuilding object=SMROptInElevatorDepotDev(9041) status=OK t=21771434 id=88
						Lua 0:12:57:019
[TrainHubDev] repair dispatched: elements 9, 260 m, deadline in 14627 ms (launch 4000 + travel 3627 + work 7000) at t=21776195 site=9046 track=6406
						Lua 0:12:58:843
[TrainHubDev] engine leg out: 170 m in 4750 ms = 3579 units per s (move_speed 8960) at t=21785369
						Lua 0:13:00:510
[TrainHubDev] repair done: elements 9, elapsed 17346 ms, 2719 ms after the deadline, the Wasp's stage work at t=21793541 site=9046
						Lua 0:13:00:516
[TrainHubDev] lights: arm 0, flanks the reactor (red flank) = B2 "Deep blue wash" (SpotLight), 12 lights, engine bearing 0 deg
						Lua 0:13:00:517
[TrainHubDev] lights: arm 1, flanks the reactor (blue flank) = B2 "Deep blue wash" (SpotLight), 12 lights, engine bearing 60 deg
[TrainHubDev] lights: arm 2, next to the blue flank = B2 "Deep blue wash" (SpotLight), 12 lights, engine bearing 120 deg
[TrainHubDev] lights: arm 3, opposite the red flank = B2 "Deep blue wash" (SpotLight), 12 lights, engine bearing 180 deg
						Lua 0:13:00:518
[TrainHubDev] lights: arm 4, opposite the blue flank = B2 "Deep blue wash" (SpotLight), 12 lights, engine bearing 240 deg
[TrainHubDev] lights: arm 5, next to the red flank = B2 "Deep blue wash" (SpotLight), 12 lights, engine bearing 300 deg
[TrainHubDev] lights: arm tune intensity 50, side 150 cm, height 200 cm, radius 500 cm, cone 50/100, colour 0,40,255
						Lua 0:13:00:519
[TrainHubDev] structure lights: portal rims ON, 30 lights (intensity 4, radius 350 cm)
[TrainHubDev] structure lights: drone pit kerb OFF, 0 lights (intensity 15, radius 300 cm)
[TrainHubDev] structure lights: ring rim strip OFF, 0 lights (intensity 12, radius 400 cm)
[TrainHubDev] structure lights: floor edge strip OFF, 0 lights (intensity 30, radius 300 cm)
[TrainHubDev] structure lights: crown floor light ON, 0 lights (intensity 150, radius 4000 cm)
[TrainHubDev] structure lights: crown floor light follows the VANILLA night schedule (OnMsg.LightmodelChange -> map.NightLightsState, NightLightObjects.lua:250-259, :22 on build 1.1.0.403908); it is DAY now, so it is NOT PLACED -- hanging at z 1900 cm, colour 255,214,170, cone 0/0
[TrainHubDev] structure lights: under-deck fill ON, 0 lights (intensity 40, radius 1200 cm)
[TrainHubDev] structure lights: under-deck fill follows the VANILLA night schedule (OnMsg.LightmodelChange -> map.NightLightsState, NightLightObjects.lua:250-259, :22 on build 1.1.0.403908); it is DAY now, so it is NOT PLACED -- hanging at z 700 cm, colour 255,214,170, cone 0/0
[TrainHubDev] lights: 102 placed (72 arm + 30 structure); a stopped hub destroys them all
						Lua 0:13:01:479
[TrainHubDev] engine leg back: 170 m in 5000 ms = 3400 units per s (move_speed 8960) at t=21798541
						Lua 0:13:03:046
[mod] [SMRTest] console enable requested (flag set, no overlay) — press Enter (or Alt-Shift-C) once in a colony
[SMRTest] console enable requested (flag set, no overlay) — press Enter (or Alt-Shift-C) once in a colony
						Lua 0:13:03:056
[mod] [SMRTK] SMRTK_SHORTCUT console=true key=Ctrl-Shift-F11 t=21806379 id=89
						Lua 0:13:22:753
[mod] [SMRTest] console enable requested (flag set, no overlay) — press Enter (or Alt-Shift-C) once in a colony
[SMRTest] console enable requested (flag set, no overlay) — press Enter (or Alt-Shift-C) once in a colony
						Lua 0:13:22:763
[mod] [SMRTK] SMRTK_SHORTCUT console=true key=Ctrl-Shift-F11 t=21874234 id=90
						Lua 0:13:29:482
[ElevatorDepotDev] swept 0 props of gone depots and 0 orphaned props
						Lua 0:13:29:502
[ElevatorDepotDev] prop inspect index=1 object=table: 000001636FC21D88 class=UndergroundPassage entity=ElevatorBuildIndicator_Surface slot=1 env=Surface pos=(281000, 225160, 10000) visual=(281000, 225160, 10000) scale=100 parent=nil owner=UNOWNED Object=true permanent=true gameflags=38315789794705412 enumflags=295256331 delete_on_load=false
[ElevatorDepotDev] prop inspect index=2 object=table: 0000016371AE4058 class=ElevatorBuildIndicator_SurfaceDecal entity=ElevatorBuildIndicator_SurfaceDecal slot=1 env=Surface pos=(281000, 225160, 10000) visual=(281000, 225160, 10000) scale=100 parent=table: 000001636FC21D88 owner=UNOWNED Object=nil permanent=false gameflags=36064050110562304 enumflags=335544347 delete_on_load=false
[ElevatorDepotDev] prop inspect index=3 object=table: 0000016369C92508 class=SpacebarElevator entity=SpacebarElevator slot=1 env=Surface pos=(318000, 277120, 10000) visual=(318000, 277120, 10000) scale=100 parent=table: 0000016366206258 owner=UNOWNED Object=true permanent=false gameflags=42819449551618048 enumflags=277151755 delete_on_load=false
[ElevatorDepotDev] prop inspect index=4 object=table: 0000016369C927D0 class=SpacebarElevator entity=SpacebarElevator slot=1 env=Surface pos=(318000, 277120, 10000) visual=(318000, 277120, 10000) scale=100 parent=table: 0000016366206258 owner=UNOWNED Object=true permanent=false gameflags=42819449551618048 enumflags=277151755 delete_on_load=false
[ElevatorDepotDev] prop inspect index=5 object=table: 000001636EC74B28 class=SpacebarElevator entity=SpacebarElevator slot=1 env=Surface pos=(318000, 277120, 10000) visual=(318000, 277120, 10000) scale=100 parent=table: 0000016366206258 owner=UNOWNED Object=true permanent=false gameflags=42819449551618048 enumflags=277151755 delete_on_load=false
[ElevatorDepotDev] prop inspect index=6 object=table: 0000016374270538 class=UndergroundPassage entity=ElevatorBuildIndicator_Surface slot=1 env=Surface pos=(391500, 290110, 10000) visual=(391500, 290110, 10000) scale=100 parent=nil owner=UNOWNED Object=true permanent=true gameflags=38315789794705412 enumflags=295256323 delete_on_load=false
[ElevatorDepotDev] prop inspect index=7 object=table: 000001636FE9EA30 class=ElevatorBuildIndicator_SurfaceDecal entity=ElevatorBuildIndicator_SurfaceDecal slot=1 env=Surface pos=(391500, 290110, 10000) visual=(391500, 290110, 10000) scale=100 parent=table: 0000016374270538 owner=UNOWNED Object=nil permanent=false gameflags=36028865738473472 enumflags=335544347 delete_on_load=false
[ElevatorDepotDev] prop inspect index=8 object=table: 000001636763F648 class=Elevator entity=ElevatorSurface slot=1 env=Surface pos=(391500, 290110, 10000) visual=(391500, 290110, 10000) scale=100 parent=nil owner=UNOWNED Object=true permanent=true gameflags=38316340624261124 enumflags=295502091 delete_on_load=false
[ElevatorDepotDev] prop inspect index=9 object=table: 0000016371F3B2C0 class=ElevatorSurfaceCabin entity=ElevatorSurfaceCabin slot=1 env=Surface pos=(391500, 290110, 10000) visual=(391500, 290110, 10000) scale=100 parent=table: 000001636763F648 owner=UNOWNED Object=true permanent=false gameflags=42819450625359872 enumflags=8716299 delete_on_load=false
[ElevatorDepotDev] prop inspect index=10 object=table: 000001636812F430 class=ElevatorSurfaceDoor entity=ElevatorSurfaceDoor slot=1 env=Surface pos=(391500, 290110, 10000) visual=(391500, 290110, 10000) scale=100 parent=table: 000001636763F648 owner=UNOWNED Object=true permanent=false gameflags=36063982465351680 enumflags=262155 delete_on_load=false
[ElevatorDepotDev] prop inspect index=11 object=table: 000001636FA87418 class=SMROptInElevatorDepotDev entity=SMROptInElevatorDepot slot=1 env=Surface pos=(398500, 290110, 10000) visual=(398500, 290110, 10000) scale=100 parent=nil owner=UNOWNED Object=true permanent=true gameflags=38316339550519300 enumflags=27066635 delete_on_load=false
[ElevatorDepotDev] prop inspect index=12 object=table: 000001637147A518 class=ShapeshifterAutoAttach entity=SpaceElevator slot=1 env=Surface pos=(398500, 290110, 10000) visual=(398500, 290110, 10000) scale=75 parent=table: 000001636FA87418 owner=depot:9036 Object=true permanent=false gameflags=36081573577129984 enumflags=276889611 delete_on_load=true
[ElevatorDepotDev] prop inspect index=13 object=table: 0000016371478AD0 class=ShapeshifterAutoAttach entity=SpaceElevatorLights slot=1 env=Surface pos=(398500, 290110, 10000) visual=(398500, 290110, 10000) scale=100 parent=table: 000001637147A518 owner=UNOWNED Object=true permanent=false gameflags=40585241923977216 enumflags=277151755 delete_on_load=false
[ElevatorDepotDev] prop inspect index=14 object=table: 0000016371479790 class=SpaceElevatorCabinLights entity=SpaceElevatorCabinLights slot=1 env=Surface pos=(398500, 290110, 6925) visual=(398500, 290110, 6992) scale=100 parent=table: 000001637147FAB8 owner=UNOWNED Object=true permanent=false gameflags=328762841517555840 enumflags=277151755 delete_on_load=false
[ElevatorDepotDev] prop inspect index=15 object=table: 000001637147FAB8 class=SpaceElevatorCabin entity=SpaceElevatorCabin slot=1 env=Surface pos=(398500, 290110, 7000) visual=(398500, 290110, 6992) scale=75 parent=nil owner=depot:9036 Object=true permanent=false gameflags=36063981391085704 enumflags=293666847 delete_on_load=true
[ElevatorDepotDev] prop inspect index=16 object=table: 00000163706EEC00 class=SurfacePassage entity=ElevatorBuildIndicator_Underground slot=2 env=Underground pos=(281000, 225160) visual=(281000, 225160, 10000) scale=100 parent=nil owner=UNOWNED Object=true permanent=true gameflags=39441689701548036 enumflags=293667083 delete_on_load=false
[ElevatorDepotDev] prop inspect index=17 object=table: 0000016370374850 class=ElevatorBuildIndicator_UndergroundPassageImprint entity=ElevatorBuildIndicator_UndergroundPassageImprint slot=2 env=Underground pos=(281000, 225160, 10000) visual=(281000, 225160, 10000) scale=100 parent=table: 00000163706EEC00 owner=UNOWNED Object=nil permanent=false gameflags=36064050110562304 enumflags=335544347 delete_on_load=false
[ElevatorDepotDev] prop inspect index=18 object=table: 000001636FA45D40 class=SMROptInElevatorDepotDev entity=SMROptInElevatorDepot slot=2 env=Underground pos=(384000, 303100, 10000) visual=(384000, 303100, 10000) scale=100 parent=nil owner=UNOWNED Object=true permanent=true gameflags=38316339550519300 enumflags=27066635 delete_on_load=false
[ElevatorDepotDev] prop inspect index=19 object=table: 000001636FA71F58 class=ShapeshifterAutoAttach entity=SpaceElevator slot=2 env=Underground pos=(384000, 303100, 10000) visual=(384000, 303100, 10000) scale=75 parent=table: 000001636FA45D40 owner=depot:9041 Object=true permanent=false gameflags=36081573577129984 enumflags=276889611 delete_on_load=true
[ElevatorDepotDev] prop inspect index=20 object=table: 000001636FA722B0 class=ShapeshifterAutoAttach entity=SpaceElevatorLights slot=2 env=Underground pos=(384000, 303100, 10000) visual=(384000, 303100, 10000) scale=100 parent=table: 000001636FA71F58 owner=UNOWNED Object=true permanent=false gameflags=40585241923977216 enumflags=277151755 delete_on_load=false
[ElevatorDepotDev] prop inspect index=21 object=table: 000001636FA73370 class=SpaceElevatorRope entity=SpaceElevatorRope slot=2 env=Underground pos=(384000, 303100, 10000) visual=(384000, 303100, 10000) scale=75 parent=table: 000001636FA45D40 owner=depot:9041 Object=nil permanent=false gameflags=36063981391085576 enumflags=268435483 delete_on_load=true
[ElevatorDepotDev] prop inspect index=22 object=table: 000001636FA733F0 class=SpaceElevatorRope entity=SpaceElevatorRope slot=2 env=Underground pos=(384000, 303100, 17500) visual=(384000, 303100, 17500) scale=75 parent=table: 000001636FA45D40 owner=depot:9041 Object=nil permanent=false gameflags=36063981391085576 enumflags=268435483 delete_on_load=true
[ElevatorDepotDev] prop inspect index=23 object=table: 000001636FA72A80 class=SpaceElevatorCabin entity=SpaceElevatorCabin slot=2 env=Underground pos=(384000, 303100, 25000) visual=(384000, 303100, 25037) scale=75 parent=nil owner=depot:9041 Object=true permanent=false gameflags=36063981391085704 enumflags=293666847 delete_on_load=true
[ElevatorDepotDev] prop inspect index=24 object=table: 000001636FA73C10 class=SpaceElevatorRope entity=SpaceElevatorRope slot=2 env=Underground pos=(384000, 303100, 25000) visual=(384000, 303100, 25000) scale=75 parent=table: 000001636FA45D40 owner=depot:9041 Object=nil permanent=false gameflags=36063981391085576 enumflags=268435483 delete_on_load=true
[ElevatorDepotDev] prop inspect index=25 object=table: 000001636FA737B8 class=SpaceElevatorCabinLights entity=SpaceElevatorCabinLights slot=2 env=Underground pos=(384000, 303100, 25375) visual=(384000, 303100, 25037) scale=100 parent=table: 000001636FA72A80 owner=UNOWNED Object=true permanent=false gameflags=328762841517555840 enumflags=277151755 delete_on_load=false
[ElevatorDepotDev] prop inspect index=26 object=table: 000001636FA73CF8 class=SpaceElevatorRope entity=SpaceElevatorRope slot=2 env=Underground pos=(384000, 303100, 32500) visual=(384000, 303100, 32500) scale=75 parent=table: 000001636FA45D40 owner=depot:9041 Object=nil permanent=false gameflags=36063981391085576 enumflags=268435483 delete_on_load=true
[ElevatorDepotDev] prop inspect index=27 object=table: 000001636FA72830 class=ShapeshifterAutoAttach entity=SMROptInElevatorDepotReceiver slot=2 env=Underground pos=(384000, 303100, 9700) visual=(384000, 303100, 9700) scale=100 parent=table: 000001636FA45D40 owner=depot:9041 Object=true permanent=false gameflags=36081573577129984 enumflags=8454155 delete_on_load=true
[ElevatorDepotDev] prop inspect index=28 object=table: 0000016373F4FCC8 class=SurfacePassage entity=ElevatorBuildIndicator_UndergroundImprint slot=2 env=Underground pos=(388500, 290110) visual=(388500, 290110, 10000) scale=100 parent=nil owner=UNOWNED Object=true permanent=true gameflags=39441689701548036 enumflags=293667075 delete_on_load=false
[ElevatorDepotDev] prop inspect index=29 object=table: 000001636ADAFE58 class=ElevatorBuildIndicator_UndergroundPassageImprint entity=ElevatorBuildIndicator_UndergroundPassageImprint slot=2 env=Underground pos=(388500, 290110, 10000) visual=(388500, 290110, 10000) scale=100 parent=table: 0000016373F4FCC8 owner=UNOWNED Object=nil permanent=false gameflags=36064050110562304 enumflags=335544347 delete_on_load=false
[ElevatorDepotDev] prop inspect index=30 object=table: 0000016366600C10 class=Elevator entity=ElevatorUnderground slot=2 env=Underground pos=(388500, 290110, 10000) visual=(388500, 290110, 10000) scale=100 parent=nil owner=UNOWNED Object=true permanent=true gameflags=38316340624261124 enumflags=295502091 delete_on_load=false
[ElevatorDepotDev] prop inspect index=31 object=table: 0000016369991658 class=ElevatorUndergroundCabin entity=ElevatorUndergroundCabin slot=2 env=Underground pos=(388500, 290110, 10000) visual=(388500, 290110, 10000) scale=100 parent=table: 0000016366600C10 owner=UNOWNED Object=true permanent=false gameflags=42819450625359872 enumflags=8716299 delete_on_load=false
[ElevatorDepotDev] prop inspect index=32 object=table: 0000016369FA2078 class=ElevatorUndergroundDoor entity=ElevatorUndergroundDoor slot=2 env=Underground pos=(388500, 290110, 10000) visual=(388500, 290110, 10000) scale=100 parent=table: 0000016366600C10 owner=UNOWNED Object=true permanent=false gameflags=36063982465351680 enumflags=262155 delete_on_load=false
[ElevatorDepotDev] prop census CObjects=20563 elevator_entities=32 ropes=4 ropes_outside_Object=4 parentless_unowned_ropes=0; read-only
						Lua 0:13:31:977
[mod] [SMRTK] SMRTK_SECTION action=section_attach attached=true dialog=ipBuilding object=TunnelBlockerRubble(1040) status=OK t=21920214 id=91
						Lua 0:13:32:287
[mod] [SMRTK] SMRTK_PANEL action=panel_toggle open=true status=OK tab=Saves t=21921914 id=92
						Lua 0:13:33:861
[mod] [SMRTK] SMRTK_COPY action=copy flushed=true from=0 lines=300 status=OK truncated=true t=21929779 id=93
[SMRTK] SMRTK_COPY action=copy flushed=true from=0 lines=300 status=OK truncated=true t=21929779 id=93
						Lua 0:13:34:352
[mod] [SMRTK] SMRTK_CLEAR action=clear status=OK t=21932234 id=94
						Lua 0:14:51:310


Stopping the game threads from the Lua side with exit code 0.

					Render 0:14:51:318


Stopping the game threads after receiving WM_QUIT.

					Render 0:14:51:643


*** Debug::Done()
Time (ms)	891643


