					Render 0:00:00:006
*** executable info
Timestamp:     	6aba6e65
Date:          	Mon Sep 28 09:40:53 2026
Command line:  	
Compiler:      	195136247, 142 (VS 2019) or newer


*** hardware info
CPU name      	Intel(R) Core(TM) i7-14700K
CPU MHz       	3418
CPU cores     	20/28
Phys. Memory   	65278 MBytes
Memory In Use  	44%
Disk Free      	1219125 MBytes


*** OS info
OS:            	Windows 11
Version:       	10.0.26100 


*** Debug::Init()


					Render 0:00:00:098
Steam initialized (AppId 3215050)
					Render 0:00:00:100
Drive type for game installation: SSD, savegames: SSD
					Render 0:00:00:101
Language: English
					Render 0:00:01:626
*** graphics info
GPU                            	NVIDIA GeForce RTX 4080 Feature Level: 12.1 {  DoublePrecisionFloatShaderOps: 1 OutputMergerLogicOp: 1 MinPrecisionSupport: 2 TiledResourcesTier: 4 ResourceBindingTier: 3 PSSpecifiedStencilRefSupported: 0 TypedUAVLoadAdditionalFormats: 1 ROVsSupported: 1 ConservativeRasterizationTier: 3 MaxGPUVirtualAddressBitsPerResource: 40 StandardSwizzle64KBSupported: 0 CrossNodeSharingTier: 0 CrossAdapterRowMajorTextureSupported: 0 VPAndRTArrayIndexFromAnyShaderFeedingRasterizerSupportedWithoutGSEmulation: 1 ResourceHeapTier: 2 NotZeroedPools: 1 UMA: 0 UnalignedBlockTextures: 1}
API                            	d3d12
GPU Driver Version             	32.0.16.1074
GPU Driver Package Version     	610.74
GPU Dedicated Video Memory     	16048 MB
					Render 0:00:01:768

Libs: Network, Sequences, MouseTrackWin, DumbAI, MapGen, Paradox, TriggersAndEvents, Notifications, Research, Resources, Tutorial, Objectives 

					Render 0:00:02:000

Platform: desktop, editor, goldmaster, paradox, pc, steam

					Render 0:00:03:018
*** audio info
Audio Endpoint                 	Speakers (Razer Leviathan V2)
						Lua 0:00:03:019
Lua revision: 406343
Assets revision: 33225
Steam AppID: 3215050
Build version: 1.1.1.406343
Build branch:  Release
						Lua 0:00:09:458
Account storage loaded successfully in 3 ms
DLC norman loaded, lua revision 406343, assets revision 33225
DLC thomas loaded, lua revision 406343, assets revision 33225
						Lua 0:00:09:466
[mod] Loaded mod def TEMPORARY - Linux NVIDIA 580 Crash Workaround (id SMR_FR1TempWorkaround, v0.00-003) unpacked from appdata
[mod] Loaded mod def Relaunched Fix Pack (id SMR_CommunityFixPack, v1.00-026) unpacked from appdata
[mod] Loaded mod def DEV ONLY - Elevator Depot (look prototype) (id SMR_ElevatorStationDev_20260929, v0.00-006) unpacked from appdata
[mod] Loaded mod def DEV ONLY - Train Hub (Module B build) (id SMR_TrainHubDev_20260918, v0.00-060) unpacked from appdata
[mod] Loaded mod def Passage Network (id iooW34Y, v1.00-038) packed from steam
[mod] Loaded mod def DEV ONLY - Rail Shaft (cross-map train tunnel prototype) (id SMR_RailShaftDev_20260923, v0.00-001) unpacked from appdata
[mod] Loaded mod def Community Fix Pack — Test Kit (id SMR_CommunityFixPackTestKit, v0.00-001) unpacked from appdata
[mod] Loaded mod def Save Buffer Fix (id SMR_SaveBufferFix, v0.00-001) unpacked from appdata
						Lua 0:00:09:467
[mod] Loaded mod def Grom (id DoEpVdS, v2.00-974) packed from steam
[mod] Loaded mod def Relaunched Fix Pack: Opt-In Modules (id SMR_CommunityOptInPack, v1.00-000) unpacked from appdata
[mod] Loaded mod def DEV ONLY - Train Hub Prototype (id SMR_TrainHubPrototype_20260918, v0.00-002) unpacked from appdata
						Lua 0:00:09:845
[mod] [CommunityFixPack] LoadFirst: already first of 7 (SMR_CommunityFixPack, SMR_CommunityFixPackTestKit, SMR_TrainHubDev_20260918, SMR_CommunityOptInPack, SMR_RailShaftDev_20260923, SMR_ElevatorStationDev_20260929, SMR_TrainHubPrototype_20260918); nothing written
[mod] [CommunityFixPack] LoadFirst: applied
[mod] [CommunityFixPack] LanderEmptyLaunch: applied
[mod] [CommunityFixPack] ShelterReflex: applied
[mod] [CommunityFixPack] TrackSalvageWipe: applied
[mod] [CommunityFixPack] LakeEntombment: applied
[mod] [CommunityFixPack] RocketDroneChurn: applied
[mod] [CommunityFixPack] ShuttleTransportCache: applied
						Lua 0:00:09:846
[mod] [CommunityFixPack] VacuumWalks: applied
[mod] [CommunityFixPack] ArrivalDeaths: applied
[mod] [CommunityFixPack] PassageHubSalvageDrain: applied
[mod] [CommunityFixPack] HubLocalAccess: applied
[mod] [CommunityFixPack] HubMarkerDeparture: applied
[mod] [CommunityFixPack] RescueReturnText: applied
[mod] [CommunityFixPack] ObsoleteHomeRescue: applied
[mod] [CommunityFixPack] StaleReservations: applied
[mod] [CommunityFixPack] CrystalMysteryHang: applied
						Lua 0:00:09:847
[mod] [CommunityFixPack] DustSicknessBiorobots: applied
[mod] [CommunityFixPack] PayloadTemplateRefill: applied
[mod] [CommunityFixPack] ShuttleHubOffAvailable: applied
[mod] [CommunityFixPack] FreedHousingNotice: applied
[mod] [CommunityFixPack] LandscapeUnitFilter: applied
						Lua 0:00:09:848
[mod] [CommunityFixPack] RocketInteractGuard: applied
[mod] [CommunityFixPack] TrackConnectorPingPong: applied
[mod] [CommunityFixPack] TrackTunnelPowerBridge: applied
[mod] [CommunityFixPack] SequenceLatents: applied
[mod] [CommunityFixPack] TrackSalvageRefund: applied
[mod] [CommunityFixPack] DroneTransportMinors: applied
						Lua 0:00:09:849
[mod] [CommunityFixPack] ScanDowngrade: applied
[mod] [CommunityFixPack] BombardmentSpread: applied
[mod] [CommunityFixPack] ExtenderFlapChurn: applied
[mod] [CommunityFixPack] SaintBlessing: applied
[mod] [CommunityFixPack] ExoticDepositSign: applied
[mod] [CommunityFixPack] JumboCaveReinforcementWedge: applied
[mod] [CommunityFixPack] SilentHitMomentFX: applied
						Lua 0:00:09:850
[mod] [CommunityFixPack] CloggedBuildingRelease: applied
[mod] [CommunityFixPack] FactionDomeSizeGate: applied
[mod] [CommunityFixPack] HabitatExpeditionReturn: applied
[mod] [CommunityFixPack] HabitatExpeditionDraft: applied
[mod] [CommunityFixPack] RoverSubclassManifest: applied
[mod] [CommunityFixPack] DryFarmingFarms: applied
[mod] [CommunityFixPack] WildfireCureVisit: applied
						Lua 0:00:09:851
[mod] [CommunityFixPack] GhostPowerCells: applied
[mod] [CommunityFixPack] DeportRocketLaunch: applied
[mod] [CommunityFixPack] UniversalDepotSeedsToggle: applied
[mod] [CommunityFixPack] SaveSanitizer: applied
[mod] [SMRTest] console enable requested (flag set, no overlay) — press Enter (or Alt-Shift-C) once in a colony
[SMRTest] console enable requested (flag set, no overlay) — press Enter (or Alt-Shift-C) once in a colony
						Lua 0:00:09:852
[mod] [SMRTest] no debug.getinfo (mod sandbox) — [install] probes will SKIP
[SMRTest] no debug.getinfo (mod sandbox) — [install] probes will SKIP
[mod] [SMRTest] test kit loaded — SMRTest.RunAll(), SMRTest.List(), SMRTest.<ProbeId>()
[SMRTest] test kit loaded — SMRTest.RunAll(), SMRTest.List(), SMRTest.<ProbeId>()
						Lua 0:00:09:856
[mod] [SMRTK] SMRTK_CORE loaded=true tee=false t=5224 id=1
[SMRTK] SMRTK_CORE loaded=true tee=false t=5224 id=1
						Lua 0:00:09:860
[mod] [SMRTest][carry] fixture-carry dump available — run SMRTest.FixtureCarry()
						Lua 0:00:09:862
[TrainHubDev] hub classes loaded: six-connector hub, built-in drone controller, maintenance reserve
						Lua 0:00:09:864
[TrainHubDev] train export floor loaded (standing + transient holds)
[TrainDistribution] hub settings and transient train allocation loaded
[TrainDistribution] native storage-row UI registered
[TrainBay] loaded: vanilla auto-fill and siding placement; legacy HubTrain compatibility
						Lua 0:00:09:865
[mod] [CommunityOptInPack] AcknowledgedWarnings: applied
[mod] [CommunityOptInPack] ResidencyControl: inactive (opt-in module, off by default — enable it in Options → Mod Options)
[mod] [CommunityOptInPack] MultipleSuns: applied
[mod] [CommunityOptInPack] DroneStatDials: applied
						Lua 0:00:09:866
[mod] [CommunityOptInPack] ServiceInterestTags: inactive (opt-in module, off by default — enable it in Options → Mod Options)
[RailShaftDev] loaded: cross-map train tunnel prototype. UNVERIFIED IN GAME.
						Lua 0:00:09:867
[TrainHubPrototype] round 2 loaded: six footprint-edge connectors, line markers; disposable saves only
						Lua 0:00:10:543
[TrainHubDev] save guard: native waiter snapshot; legacy hub load mapping retained
						Lua 0:00:10:609
[mod] [CommunityFixPack] SaintBlessing: inactive (no dome-colonists trait presets)
						Lua 0:00:10:700
Reloading done in 1233 ms
						Lua 0:00:10:701
Available DLCs: norman(Feeding the Future),thomas(Interplanetary Codex) 
						Lua 0:00:10:747
[mod] [SMRTK] SMRTK_CONSOLE_ARM enabled=true hook=DataLoading t=5224 id=2
[SMRTK] SMRTK_CONSOLE_ARM enabled=true hook=DataLoading t=5224 id=2
						Lua 0:00:11:115
[preset] Preset postprocess took 150 ms.
						Lua 0:00:11:162
482 / 482 particle streams loaded in 40 ms.
						Lua 0:00:11:163
5 / 5 particle streams loaded in 1 ms.
						Lua 0:00:11:164
[mod] [CommunityFixPack] SilentHitMomentFX: registered 11 missing animation-moment preset(s)
						Lua 0:00:11:165
[mod] [CommunityFixPack] FactionDomeSizeGate: 7 faction dislike(s) now wait for 10 colonists in a dome
[mod] [CommunityFixPack] DryFarmingFarms: left 1 farm(s) alone because DryFarming already reaches them (FarmUnderground via Farm)
[mod] [CommunityFixPack] DryFarmingFarms: added 2 water entr(y/ies) at -50% to DryFarming (1 adopted, 4 of 4 farms loaded)
[mod] [CommunityOptInPack] MultipleSuns: BuildingTemplates.ArtificialSun not found — build limit NOT lifted (binding fix still active)
						Lua 0:00:11:375
[mod] [CommunityFixPack] SaintBlessing: the shipped code resolves the trait label itself — data left untouched; save re-base armed for 1 preset(s) of 2
						Lua 0:00:11:376
[mod] [CommunityFixPack] DryFarmingFarms: left 1 farm(s) alone because DryFarming already reaches them (FarmUnderground via Farm)
[mod] [CommunityOptInPack] MultipleSuns: Artificial Sun build-once limit lifted
						Lua 0:00:11:462
[mod] [SMRTK] SMRTK_SHORTCUT console=true key=Ctrl-Shift-F11 t=5224 id=3
						Lua 0:00:11:493
[mod] [SMRTK] SMRTK_SHORTCUT console=true key=Ctrl-Shift-F11 t=5224 id=4
						Lua 0:00:11:512
[mod] Loaded mod items for: SMR_CommunityFixPack, SMR_CommunityFixPackTestKit, SMR_TrainHubDev_20260918, SMR_CommunityOptInPack, SMR_RailShaftDev_20260923, SMR_ElevatorStationDev_20260929, SMR_TrainHubPrototype_20260918
						Lua 0:00:11:760
[mod] [CommunityFixPack] SaintBlessing: the shipped code resolves the trait label itself — data left untouched; save re-base armed for 1 preset(s) of 2
[mod] [CommunityFixPack] DryFarmingFarms: left 1 farm(s) alone because DryFarming already reaches them (FarmUnderground via Farm)
						Lua 0:00:11:851
[mod] [SMRTK] SMRTK_SHORTCUT console=true key=Ctrl-Shift-F11 t=5224 id=5
						Lua 0:00:12:521
[PdxSDK] Started up. Took 1287
						Lua 0:00:12:927
[Braze] SessionStart error The server name or address could not be resolved

						Lua 0:00:12:928
[Braze] Failed sending launcher ev The server name or address could not be resolved

[Braze] Failed to init
						Lua 0:00:13:063
[Braze] SessionStart error The server name or address could not be resolved

[Braze] Failed sending launcher ev The server name or address could not be resolved

[Braze] Failed to init
						Lua 0:00:27:535
Load Game: 
	lua_revision: 406343 (last saved with) 
	orig_lua_revision: 403908 (created with) 
	assets_revision: 33225 

	dlcs: norman, thomas 

	mods: SMR_CommunityOptInPack, SMR_CommunityFixPackTestKit, SMR_CommunityFixPack, SMR_TrainHubDev_20260918, SMR_RailShaftDev_20260923, SMR_SaveBufferFix, SMR_ElevatorStationDev_20260929, SMR_TrainHubPrototype_20260918 
						Lua 0:00:27:541
*** Reloading assets from folder 'BinAssets/'
						Lua 0:00:29:384
*** Assets reloaded in 1.8 s, read 359.0 MB, read speed 194.8 MB/s, average read 8138 bytes.
						Lua 0:00:30:274
[mod] [SMRTK] SMRTK_SHORTCUT console=true key=Ctrl-Shift-F11 t=20118 id=6
						Lua 0:00:31:029
[mod] [SMRTK] SMRTK_CONSOLE_ARM enabled=true hook=PreLoadGame t=20118 id=7
[SMRTK] SMRTK_CONSOLE_ARM enabled=true hook=PreLoadGame t=20118 id=7
						Lua 0:00:32:981
[mod] [CommunityFixPack] SilentHitMomentFX: restored 2 missing hit-moment tracker(s) on load
[mod] [SMRTest] console enable requested (flag set, no overlay) — press Enter (or Alt-Shift-C) once in a colony
[SMRTest] console enable requested (flag set, no overlay) — press Enter (or Alt-Shift-C) once in a colony
[TrainHubDev] SMROptInTrainHub6 line radii d0..d5 = 6 6 6 6 6 6
[TrainHubDev] SMROptInTrainHub6 connector spots: from the body
						Lua 0:00:32:982
[TrainHubDev] reactor palette: channel 1 = 18,32,78 roughness 0 metallic 0
[TrainHubDev] reactor palette: channel 2 = 18,32,78 roughness 0 metallic 0
[TrainHubDev] reactor palette: channel 3 = 200,205,210 roughness -90 metallic 110
[TrainHubDev] reactor palette: P4 "navy + steel on 3 and 4", 3 of 4 channels written on the attached copy only (vanilla's own per-object call; no material is restyled)
[TrainHubDev] lights: arm 0, flanks the reactor (red flank) = B2 "Deep blue wash" (SpotLight), 12 lights, engine bearing 0 deg
[TrainHubDev] lights: arm 1, flanks the reactor (blue flank) = B2 "Deep blue wash" (SpotLight), 12 lights, engine bearing 60 deg
						Lua 0:00:32:983
[TrainHubDev] lights: arm 2, next to the blue flank = B2 "Deep blue wash" (SpotLight), 12 lights, engine bearing 120 deg
[TrainHubDev] lights: arm 3, opposite the red flank = B2 "Deep blue wash" (SpotLight), 12 lights, engine bearing 180 deg
						Lua 0:00:32:984
[TrainHubDev] lights: arm 4, opposite the blue flank = B2 "Deep blue wash" (SpotLight), 12 lights, engine bearing 240 deg
[TrainHubDev] lights: arm 5, next to the red flank = B2 "Deep blue wash" (SpotLight), 12 lights, engine bearing 300 deg
[TrainHubDev] lights: arm tune intensity 50, side 150 cm, height 200 cm, radius 500 cm, cone 50/100, colour 0,40,255
[TrainHubDev] structure lights: portal rims ON, 30 lights (intensity 4, radius 350 cm)
[TrainHubDev] structure lights: drone pit kerb OFF, 0 lights (intensity 15, radius 300 cm)
[TrainHubDev] structure lights: ring rim strip OFF, 0 lights (intensity 12, radius 400 cm)
[TrainHubDev] structure lights: floor edge strip OFF, 0 lights (intensity 30, radius 300 cm)
[TrainHubDev] structure lights: crown floor light ON, 0 lights (intensity 150, radius 4000 cm)
[TrainHubDev] structure lights: crown floor light follows the VANILLA night schedule (OnMsg.LightmodelChange -> map.NightLightsState, NightLightObjects.lua:250-259, :22 on build 1.1.0.403908); it is DAY now, so it is NOT PLACED -- hanging at z 1900 cm, colour 255,214,170, cone 0/0
[TrainHubDev] structure lights: under-deck fill ON, 0 lights (intensity 40, radius 1200 cm)
[TrainHubDev] structure lights: under-deck fill follows the VANILLA night schedule (OnMsg.LightmodelChange -> map.NightLightsState, NightLightObjects.lua:250-259, :22 on build 1.1.0.403908); it is DAY now, so it is NOT PLACED -- hanging at z 700 cm, colour 255,214,170, cone 0/0
[TrainHubDev] lights: 102 placed (72 arm + 30 structure); a stopped hub destroys them all
						Lua 0:00:33:054
[TrainHubDev] reactor palette: channel 1 = 18,32,78 roughness 0 metallic 0
[TrainHubDev] reactor palette: channel 2 = 18,32,78 roughness 0 metallic 0
[TrainHubDev] reactor palette: channel 3 = 200,205,210 roughness -90 metallic 110
						Lua 0:00:33:055
[TrainHubDev] reactor palette: P4 "navy + steel on 3 and 4", 3 of 4 channels written on the attached copy only (vanilla's own per-object call; no material is restyled)
[TrainHubDev] lights: arm 0, flanks the reactor (red flank) = B2 "Deep blue wash" (SpotLight), 12 lights, engine bearing 0 deg
[TrainHubDev] lights: arm 1, flanks the reactor (blue flank) = B2 "Deep blue wash" (SpotLight), 12 lights, engine bearing 60 deg
[TrainHubDev] lights: arm 2, next to the blue flank = B2 "Deep blue wash" (SpotLight), 12 lights, engine bearing 120 deg
[TrainHubDev] lights: arm 3, opposite the red flank = B2 "Deep blue wash" (SpotLight), 12 lights, engine bearing 180 deg
[TrainHubDev] lights: arm 4, opposite the blue flank = B2 "Deep blue wash" (SpotLight), 12 lights, engine bearing 240 deg
						Lua 0:00:33:056
[TrainHubDev] lights: arm 5, next to the red flank = B2 "Deep blue wash" (SpotLight), 12 lights, engine bearing 300 deg
[TrainHubDev] lights: arm tune intensity 50, side 150 cm, height 200 cm, radius 500 cm, cone 50/100, colour 0,40,255
[TrainHubDev] structure lights: portal rims ON, 30 lights (intensity 4, radius 350 cm)
[TrainHubDev] structure lights: drone pit kerb OFF, 0 lights (intensity 15, radius 300 cm)
[TrainHubDev] structure lights: ring rim strip OFF, 0 lights (intensity 12, radius 400 cm)
[TrainHubDev] structure lights: floor edge strip OFF, 0 lights (intensity 30, radius 300 cm)
[TrainHubDev] structure lights: crown floor light ON, 0 lights (intensity 150, radius 4000 cm)
[TrainHubDev] structure lights: crown floor light follows the VANILLA night schedule (OnMsg.LightmodelChange -> map.NightLightsState, NightLightObjects.lua:250-259, :22 on build 1.1.0.403908); it is DAY now, so it is NOT PLACED -- hanging at z 1900 cm, colour 255,214,170, cone 0/0
[TrainHubDev] structure lights: under-deck fill ON, 0 lights (intensity 40, radius 1200 cm)
[TrainHubDev] structure lights: under-deck fill follows the VANILLA night schedule (OnMsg.LightmodelChange -> map.NightLightsState, NightLightObjects.lua:250-259, :22 on build 1.1.0.403908); it is DAY now, so it is NOT PLACED -- hanging at z 700 cm, colour 255,214,170, cone 0/0
[TrainHubDev] lights: 102 placed (72 arm + 30 structure); a stopped hub destroys them all
						Lua 0:00:33:067
[RailShaftDev] UniversalTunnel allowed underground = true (DisabledInEnvironment is a GameVar: this is
[RailShaftDev]   written into the save, and stays there if this mod is removed -- throwaway saves only)
[RailShaftDev] ready. SMRRailShaft.Status() for where things stand.
						Lua 0:00:33:068
[ElevatorDepotDev] dressed table: 0000028AD96705B0 env=Surface elevator=true tunnel=false cabin=true ropes=0 scale=75
[ElevatorDepotDev] dressed table: 0000028AD9A61930 env=Underground elevator=true tunnel=false cabin=true ropes=4 scale=75
						Lua 0:00:33:148
game_settings:
    sponsor: SpaceY
    profile: politician
    founding_faction: UnitedColonistFront
    rival_colonies: NASA, Brazil, paradox
    mystery_random: 
    game_rules: (none)
more_game_settings: save_game_id: IsDKXg6Ddmz3wE5g, mystery: UnitedEarthMystery, coordinates: 15N179E, landing_spot: , logo: SpaceY
map_conditions: altitude: -3699, temperature: -43, cold_wave: 109, dust_devils: 39, dust_storm: 0, meteors: 37
map_resources: concrete: 243, metals: 147, precious_metals: 147, water: 147
						Lua 0:00:33:300
[mod] [CommunityFixPack] GhostPowerCells: maps=2 cleared=0 tunnel_skipped=28 shape_protected=0 reconnected=0 retry_failed=0 unbuilt_skipped=0 map_failed=0 elapsed_ms=117
[mod] [CommunityFixPack] UniversalDepotSeedsToggle: load pass updated the resource toggles on 0 Universal Depot(s)
[mod] [CommunityFixPack] SaveSanitizer: F95 astrogeologist-residue pass removed 0 modifier(s), left 0 unidentified
						Lua 0:00:33:301
Game Loaded in 5767 ms
[mod] [SMRTK] SMRTK_PROVENANCE actions=24 last=section_attach last_id=45 present=true session=1790784979:573248334:377362876:189945307 t=21936244 id=8
[SMRTK] SMRTK_PROVENANCE actions=24 last=section_attach last_id=45 present=true session=1790784979:573248334:377362876:189945307 t=21936244 id=8
						Lua 0:00:33:311
[mod] [SMRTK] SMRTK_SHORTCUT console=true key=Ctrl-Shift-F11 t=21936244 id=9
						Lua 0:00:33:325
[mod] [SMRTK] SMRTK_DOCK action=dock_attach attached=true route="idBottom sibling" status=OK surface=one-toggle+tasks t=21936244 id=10
						Lua 0:00:33:328
[mod] [SMRTest] console enable requested (flag set, no overlay) — press Enter (or Alt-Shift-C) once in a colony
[SMRTest] console enable requested (flag set, no overlay) — press Enter (or Alt-Shift-C) once in a colony
						Lua 0:00:33:444
[mod] [SMRTK] SMRTK_SHORTCUT console=true key=Ctrl-Shift-F11 t=21936244 id=11
						Lua 0:00:33:821
Game loaded on map BlankBig_01 in 6414 ms
						Lua 0:00:38:205
[mod] [SMRTK] SMRTK_PANEL action=panel_toggle open=true status=OK tab=World t=21940972 id=12
						Lua 0:00:43:280
[mod] [SMRTK] SMRTK_TAB action=tab_Kit page=Kit status=OK t=21946047 id=13
						Lua 0:00:44:914
[mod] [SMRTK] SMRTK_TAB action=tab_World page=World status=OK t=21947681 id=14
						Lua 0:00:50:663
[mod] [SMRTK] SMRTK_ARM action=mute_geysers on=true status=OK stopped_loops=26 t=21953431 id=15
						Lua 0:00:50:664
[SMRTK] SMRTK_ARM action=mute_geysers on=true status=OK stopped_loops=26 t=21953431 id=15
						Lua 0:01:05:242
[mod] [SMRTK] SMRTK_SECTION action=section_attach attached=true dialog=ipBuilding object=SMROptInElevatorDepotDev(7985) status=OK t=21967989 id=16
						Lua 0:01:40:072
[mod] [SMRTK] SMRTK_SECTION action=section_attach attached=true dialog=ipBuilding object=SMROptInElevatorDepotDev(7985) status=OK t=22002818 id=17						Lua 0:01:40:073

						Lua 0:01:41:962
[ElevatorDepotDev] depot 1 slot=1 env=Surface pos=(407500, 291842, 10000) hex=(239,337) angle=60 entity=SMROptInElevatorDepot valid=true working=true label.Station=yes elevator=true tunnel=false cabin=(407500, 291842, 6250) ropes=0
[ElevatorDepotDev]   Ramparrive1      spot=(405990, 288557, 10800) hex=(239,333) design=(405990, 288557, 10800) off=0 cm MATCH
[ElevatorDepotDev]   Ramparrive2      spot=(407660, 292789, 8600) hex=(239,338) design=(407660, 292789, 8600) off=0 cm MATCH
[ElevatorDepotDev]   Rampdepart1      spot=(407210, 292010, 8600) hex=(239,337) design=(407210, 292010, 8600) off=0 cm MATCH
[ElevatorDepotDev]   Rampdepart2      spot=(408190, 292367, 8600) hex=(239,338) design=(408190, 292367, 8600) off=0 cm MATCH
[ElevatorDepotDev]   Sign1            spot=(405000, 287512, 10000) hex=(239,332) design=(405000, 287512, 10000) off=0 cm MATCH
[ElevatorDepotDev]   Sign2            spot=(408000, 292708, 10000) hex=(239,338) design=(408000, 292708, 10000) off=0 cm MATCH
[ElevatorDepotDev]   Spawn1           spot=(406960, 291577, 8600) hex=(238,337) design=(406960, 291577, 8600) off=0 cm MATCH
[ElevatorDepotDev]   Spawn2           spot=(407540, 291241, 8600) hex=(240,336) design=(407540, 291241, 8600) off=0 cm MATCH
[ElevatorDepotDev]   Stop1            spot=(407540, 291241, 8600) hex=(240,336) design=(407540, 291241, 8600) off=0 cm MATCH
[ElevatorDepotDev]   Stop2            spot=(406960, 291577, 8600) hex=(238,337) design=(406960, 291577, 8600) off=0 cm MATCH
[ElevatorDepotDev]   Trackconnector1  spot=(405000, 287512, 10800) hex=(239,332) design=(405000, 287512, 10800) off=0 cm MATCH
[ElevatorDepotDev]   Trackconnector2  spot=(408000, 292708, 10800) hex=(239,338) design=(408000, 292708, 10800) off=0 cm MATCH
[ElevatorDepotDev]   Trackdirection1  spot=(404500, 286646, 10800) hex=(239,331) design=(404500, 286646, 10800) off=0 cm MATCH
[ElevatorDepotDev]   Trackdirection2  spot=(407500, 291842, 10800) hex=(239,337) design=(407500, 291842, 10800) off=0 cm MATCH
[ElevatorDepotDev]   connector 1 element=TrackGridElement pos=(405000, 287512, 10000)
[ElevatorDepotDev]   connector 2 element=TrackGridElement pos=(408000, 292708)
[ElevatorDepotDev] depot 2 slot=2 env=Underground pos=(384000, 303100, 10000) hex=(209,350) angle=60 entity=SMROptInElevatorDepot valid=true working=true label.Station=yes elevator=true tunnel=false cabin=(384000, 303100, 28750) ropes=4
[ElevatorDepotDev]   Ramparrive1      spot=(382490, 299815, 10800) hex=(209,346) design=(382490, 299815, 10800) off=0 cm MATCH
[ElevatorDepotDev]   Ramparrive2      spot=(384160, 304047, 8600) hex=(209,351) design=(384160, 304047, 8600) off=0 cm MATCH
[ElevatorDepotDev]   Rampdepart1      spot=(383710, 303268, 8600) hex=(209,350) design=(383710, 303268, 8600) off=0 cm MATCH
[ElevatorDepotDev]   Rampdepart2      spot=(384690, 303625, 8600) hex=(209,351) design=(384690, 303625, 8600) off=0 cm MATCH
[ElevatorDepotDev]   Sign1            spot=(381500, 298770, 10000) hex=(209,345) design=(381500, 298770, 10000) off=0 cm MATCH
[ElevatorDepotDev]   Sign2            spot=(384500, 303966, 10000) hex=(209,351) design=(384500, 303966, 10000) off=0 cm MATCH
[ElevatorDepotDev]   Spawn1           spot=(383460, 302835, 8600) hex=(208,350) design=(383460, 302835, 8600) off=0 cm MATCH
[ElevatorDepotDev]   Spawn2           spot=(384040, 302500, 8600) hex=(210,349) design=(384040, 302500, 8600) off=0 cm MATCH
[ElevatorDepotDev]   Stop1            spot=(384040, 302500, 8600) hex=(210,349) design=(384040, 302500, 8600) off=0 cm MATCH
[ElevatorDepotDev]   Stop2            spot=(383460, 302835, 8600) hex=(208,350) design=(383460, 302835, 8600) off=0 cm MATCH
[ElevatorDepotDev]   Trackconnector1  spot=(381500, 298770, 10800) hex=(209,345) design=(381500, 298770, 10800) off=0 cm MATCH
[ElevatorDepotDev]   Trackconnector2  spot=(384500, 303966, 10800) hex=(209,351) design=(384500, 303966, 10800) off=0 cm MATCH
[ElevatorDepotDev]   Trackdirection1  spot=(381000, 297904, 10800) hex=(209,344) design=(381000, 297904, 10800) off=0 cm MATCH
[ElevatorDepotDev]   Trackdirection2  spot=(384000, 303100, 10800) hex=(209,350) design=(384000, 303100, 10800) off=0 cm MATCH
[ElevatorDepotDev]   connector 1 element=TrackGridElement pos=(381500, 298770, 10000)
[ElevatorDepotDev]   connector 2 element=TrackGridElement pos=(384500, 303966, 10000)
[ElevatorDepotDev] depots 2
						Lua 0:01:42:233
[TrainHubDev] lights: arm 0, flanks the reactor (red flank) = B2 "Deep blue wash" (SpotLight), 12 lights, engine bearing 0 deg
[TrainHubDev] lights: arm 1, flanks the reactor (blue flank) = B2 "Deep blue wash" (SpotLight), 12 lights, engine bearing 60 deg
						Lua 0:01:42:234
[TrainHubDev] lights: arm 2, next to the blue flank = B2 "Deep blue wash" (SpotLight), 12 lights, engine bearing 120 deg
[TrainHubDev] lights: arm 3, opposite the red flank = B2 "Deep blue wash" (SpotLight), 12 lights, engine bearing 180 deg
[TrainHubDev] lights: arm 4, opposite the blue flank = B2 "Deep blue wash" (SpotLight), 12 lights, engine bearing 240 deg
						Lua 0:01:42:235
[TrainHubDev] lights: arm 5, next to the red flank = B2 "Deep blue wash" (SpotLight), 12 lights, engine bearing 300 deg
[TrainHubDev] lights: arm tune intensity 50, side 150 cm, height 200 cm, radius 500 cm, cone 50/100, colour 0,40,255
[TrainHubDev] structure lights: portal rims ON, 30 lights (intensity 4, radius 350 cm)
[TrainHubDev] structure lights: drone pit kerb OFF, 0 lights (intensity 15, radius 300 cm)
[TrainHubDev] structure lights: ring rim strip OFF, 0 lights (intensity 12, radius 400 cm)
[TrainHubDev] structure lights: floor edge strip OFF, 0 lights (intensity 30, radius 300 cm)
[TrainHubDev] structure lights: crown floor light ON, 1 lights (intensity 150, radius 4000 cm)
[TrainHubDev] structure lights: crown floor light follows the VANILLA night schedule (OnMsg.LightmodelChange -> map.NightLightsState, NightLightObjects.lua:250-259, :22 on build 1.1.0.403908); it is NIGHT now, so it is LIT -- hanging at z 1900 cm, colour 255,214,170, cone 0/0
[TrainHubDev] structure lights: under-deck fill ON, 18 lights (intensity 40, radius 1200 cm)
[TrainHubDev] structure lights: under-deck fill follows the VANILLA night schedule (OnMsg.LightmodelChange -> map.NightLightsState, NightLightObjects.lua:250-259, :22 on build 1.1.0.403908); it is NIGHT now, so it is LIT -- hanging at z 700 cm, colour 255,214,170, cone 0/0
[TrainHubDev] lights: 121 placed (72 arm + 49 structure); a stopped hub destroys them all
						Lua 0:01:42:236
[TrainHubDev] lights: arm 0, flanks the reactor (red flank) = B2 "Deep blue wash" (SpotLight), 12 lights, engine bearing 0 deg
[TrainHubDev] lights: arm 1, flanks the reactor (blue flank) = B2 "Deep blue wash" (SpotLight), 12 lights, engine bearing 60 deg
[TrainHubDev] lights: arm 2, next to the blue flank = B2 "Deep blue wash" (SpotLight), 12 lights, engine bearing 120 deg
[TrainHubDev] lights: arm 3, opposite the red flank = B2 "Deep blue wash" (SpotLight), 12 lights, engine bearing 180 deg
[TrainHubDev] lights: arm 4, opposite the blue flank = B2 "Deep blue wash" (SpotLight), 12 lights, engine bearing 240 deg
[TrainHubDev] lights: arm 5, next to the red flank = B2 "Deep blue wash" (SpotLight), 12 lights, engine bearing 300 deg
[TrainHubDev] lights: arm tune intensity 50, side 150 cm, height 200 cm, radius 500 cm, cone 50/100, colour 0,40,255
						Lua 0:01:42:237
[TrainHubDev] structure lights: portal rims ON, 30 lights (intensity 4, radius 350 cm)
[TrainHubDev] structure lights: drone pit kerb OFF, 0 lights (intensity 15, radius 300 cm)
[TrainHubDev] structure lights: ring rim strip OFF, 0 lights (intensity 12, radius 400 cm)
[TrainHubDev] structure lights: floor edge strip OFF, 0 lights (intensity 30, radius 300 cm)
[TrainHubDev] structure lights: crown floor light ON, 1 lights (intensity 150, radius 4000 cm)
[TrainHubDev] structure lights: crown floor light follows the VANILLA night schedule (OnMsg.LightmodelChange -> map.NightLightsState, NightLightObjects.lua:250-259, :22 on build 1.1.0.403908); it is NIGHT now, so it is LIT -- hanging at z 1900 cm, colour 255,214,170, cone 0/0
[TrainHubDev] structure lights: under-deck fill ON, 18 lights (intensity 40, radius 1200 cm)
[TrainHubDev] structure lights: under-deck fill follows the VANILLA night schedule (OnMsg.LightmodelChange -> map.NightLightsState, NightLightObjects.lua:250-259, :22 on build 1.1.0.403908); it is NIGHT now, so it is LIT -- hanging at z 700 cm, colour 255,214,170, cone 0/0
[TrainHubDev] lights: 121 placed (72 arm + 49 structure); a stopped hub destroys them all
						Lua 0:01:44:762
[mod] [SMRTK] SMRTK_CLEAR action=clear status=OK t=22007530 id=18
						Lua 0:01:45:420
[mod] [SMRTK] SMRTK_COPY action=copy flushed=true from=0 lines=147 status=OK truncated=false t=22008188 id=19
[SMRTK] SMRTK_COPY action=copy flushed=true from=0 lines=147 status=OK truncated=false t=22008188 id=19
						Lua 0:03:42:532
[mod] [SMRTK] SMRTK_DISARM action=mute_geysers on=false reason=CurrentMapChange resumes="next burst" status=OK t=22125299 id=20
[SMRTK] SMRTK_DISARM action=mute_geysers on=false reason=CurrentMapChange resumes="next burst" status=OK t=22125299 id=20
						Lua 0:03:43:530
[mod] [SMRTest] console enable requested (flag set, no overlay) — press Enter (or Alt-Shift-C) once in a colony
[SMRTest] console enable requested (flag set, no overlay) — press Enter (or Alt-Shift-C) once in a colony
						Lua 0:03:43:541
[mod] [SMRTK] SMRTK_SHORTCUT console=true key=Ctrl-Shift-F11 t=22126299 id=21
						Lua 0:03:43:900
[mod] [SMRTK] SMRTK_SECTION action=section_attach attached=true dialog=ipBuilding object=SMROptInElevatorDepotDev(8404) status=OK t=22126648 id=22
						Lua 0:04:17:659
[mod] [SMRTK] SMRTK_SECTION action=section_attach attached=true dialog=ipBuilding object=SMROptInElevatorDepotDev(8404) status=OK t=22160416 id=23
						Lua 0:04:34:440
[mod] [SMRTK] SMRTK_SECTION action=section_attach attached=true dialog=ipBuilding object=SMROptInElevatorDepotDev(8404) status=OK t=22177187 id=24
						Lua 0:04:38:879
[mod] [SMRTK] SMRTK_PANEL action=panel_toggle open=false status=OK tab=World t=22181649 id=25
						Lua 0:04:51:602
[mod] [SMRTest] console enable requested (flag set, no overlay) — press Enter (or Alt-Shift-C) once in a colony
[SMRTest] console enable requested (flag set, no overlay) — press Enter (or Alt-Shift-C) once in a colony
						Lua 0:04:51:612
[mod] [SMRTK] SMRTK_SHORTCUT console=true key=Ctrl-Shift-F11 t=22194370 id=26
						Lua 0:04:54:653
[mod] [SMRTK] SMRTK_SECTION action=section_attach attached=true dialog=ipBuilding object=SMROptInElevatorDepotDev(7985) status=OK t=22197399 id=27
						Lua 0:06:27:253
[TrainHubDev] lights: arm 0, flanks the reactor (red flank) = B2 "Deep blue wash" (SpotLight), 12 lights, engine bearing 0 deg
[TrainHubDev] lights: arm 1, flanks the reactor (blue flank) = B2 "Deep blue wash" (SpotLight), 12 lights, engine bearing 60 deg
						Lua 0:06:27:254
[TrainHubDev] lights: arm 2, next to the blue flank = B2 "Deep blue wash" (SpotLight), 12 lights, engine bearing 120 deg
[TrainHubDev] lights: arm 3, opposite the red flank = B2 "Deep blue wash" (SpotLight), 12 lights, engine bearing 180 deg
[TrainHubDev] lights: arm 4, opposite the blue flank = B2 "Deep blue wash" (SpotLight), 12 lights, engine bearing 240 deg
						Lua 0:06:27:255
[TrainHubDev] lights: arm 5, next to the red flank = B2 "Deep blue wash" (SpotLight), 12 lights, engine bearing 300 deg
[TrainHubDev] lights: arm tune intensity 50, side 150 cm, height 200 cm, radius 500 cm, cone 50/100, colour 0,40,255
[TrainHubDev] structure lights: portal rims ON, 30 lights (intensity 4, radius 350 cm)
[TrainHubDev] structure lights: drone pit kerb OFF, 0 lights (intensity 15, radius 300 cm)
[TrainHubDev] structure lights: ring rim strip OFF, 0 lights (intensity 12, radius 400 cm)
[TrainHubDev] structure lights: floor edge strip OFF, 0 lights (intensity 30, radius 300 cm)
[TrainHubDev] structure lights: crown floor light ON, 0 lights (intensity 150, radius 4000 cm)
[TrainHubDev] structure lights: crown floor light follows the VANILLA night schedule (OnMsg.LightmodelChange -> map.NightLightsState, NightLightObjects.lua:250-259, :22 on build 1.1.0.403908); it is DAY now, so it is NOT PLACED -- hanging at z 1900 cm, colour 255,214,170, cone 0/0
[TrainHubDev] structure lights: under-deck fill ON, 0 lights (intensity 40, radius 1200 cm)
[TrainHubDev] structure lights: under-deck fill follows the VANILLA night schedule (OnMsg.LightmodelChange -> map.NightLightsState, NightLightObjects.lua:250-259, :22 on build 1.1.0.403908); it is DAY now, so it is NOT PLACED -- hanging at z 700 cm, colour 255,214,170, cone 0/0
[TrainHubDev] lights: 102 placed (72 arm + 30 structure); a stopped hub destroys them all
						Lua 0:06:27:256
[TrainHubDev] lights: arm 0, flanks the reactor (red flank) = B2 "Deep blue wash" (SpotLight), 12 lights, engine bearing 0 deg
[TrainHubDev] lights: arm 1, flanks the reactor (blue flank) = B2 "Deep blue wash" (SpotLight), 12 lights, engine bearing 60 deg
[TrainHubDev] lights: arm 2, next to the blue flank = B2 "Deep blue wash" (SpotLight), 12 lights, engine bearing 120 deg
[TrainHubDev] lights: arm 3, opposite the red flank = B2 "Deep blue wash" (SpotLight), 12 lights, engine bearing 180 deg
[TrainHubDev] lights: arm 4, opposite the blue flank = B2 "Deep blue wash" (SpotLight), 12 lights, engine bearing 240 deg
[TrainHubDev] lights: arm 5, next to the red flank = B2 "Deep blue wash" (SpotLight), 12 lights, engine bearing 300 deg
[TrainHubDev] lights: arm tune intensity 50, side 150 cm, height 200 cm, radius 500 cm, cone 50/100, colour 0,40,255
						Lua 0:06:27:257
[TrainHubDev] structure lights: portal rims ON, 30 lights (intensity 4, radius 350 cm)
[TrainHubDev] structure lights: drone pit kerb OFF, 0 lights (intensity 15, radius 300 cm)
[TrainHubDev] structure lights: ring rim strip OFF, 0 lights (intensity 12, radius 400 cm)
[TrainHubDev] structure lights: floor edge strip OFF, 0 lights (intensity 30, radius 300 cm)
[TrainHubDev] structure lights: crown floor light ON, 0 lights (intensity 150, radius 4000 cm)
[TrainHubDev] structure lights: crown floor light follows the VANILLA night schedule (OnMsg.LightmodelChange -> map.NightLightsState, NightLightObjects.lua:250-259, :22 on build 1.1.0.403908); it is DAY now, so it is NOT PLACED -- hanging at z 1900 cm, colour 255,214,170, cone 0/0
[TrainHubDev] structure lights: under-deck fill ON, 0 lights (intensity 40, radius 1200 cm)
[TrainHubDev] structure lights: under-deck fill follows the VANILLA night schedule (OnMsg.LightmodelChange -> map.NightLightsState, NightLightObjects.lua:250-259, :22 on build 1.1.0.403908); it is DAY now, so it is NOT PLACED -- hanging at z 700 cm, colour 255,214,170, cone 0/0
[TrainHubDev] lights: 102 placed (72 arm + 30 structure); a stopped hub destroys them all
						Lua 0:06:38:055
[mod] [SMRTK] SMRTK_SECTION action=section_attach attached=true dialog=ipBuilding object=UniversalStorageDepot(7837) status=OK t=22300813 id=28
						Lua 0:06:41:489
[mod] [SMRTK] SMRTK_SECTION action=section_attach attached=true dialog=ipBuilding object=SMROptInElevatorDepotDev(7985) status=OK t=22304232 id=29
						Lua 0:06:42:824
[mod] [SMRTK] SMRTK_ACTION action=selected_empty after=0 before=195682 method=CheatEmpty object=SMROptInElevatorDepotDev(7985) resource=multiple resources=21 status=OK valid_after=true t=22305590 id=30
[SMRTK] SMRTK_ACTION action=selected_empty after=0 before=195682 method=CheatEmpty object=SMROptInElevatorDepotDev(7985) resource=multiple resources=21 status=OK valid_after=true t=22305590 id=30
						Lua 0:06:47:360
[mod] [SMRTK] SMRTK_SECTION action=section_attach attached=true dialog=ipBuilding object=Elevator(7828) status=OK t=22310103 id=31
						Lua 0:07:08:022
[mod] [SMRTK] SMRTK_SECTION action=section_attach attached=true dialog=ipBuilding object=SMROptInElevatorDepotDev(7985) status=OK t=22330777 id=32
						Lua 0:07:08:666
[mod] [SMRTK] SMRTK_SECTION action=section_attach attached=true dialog=ipBuilding object=Elevator(7828) status=OK t=22331408 id=33
						Lua 0:07:13:677
[mod] [SMRTK] SMRTK_SECTION action=section_attach attached=true dialog=ipBuilding object=SMROptInElevatorDepotDev(7985) status=OK t=22336412 id=34
						Lua 0:07:14:423
[mod] [SMRTK] SMRTK_SECTION action=section_attach attached=true dialog=ipBuilding object=Elevator(7828) status=OK t=22337165 id=35
						Lua 0:07:26:060
[mod] [SMRTK] SMRTK_SECTION action=section_attach attached=true dialog=ipBuilding object=Elevator(7828) status=OK t=22348804 id=36
						Lua 0:08:38:132
[mod] [SMRTK] SMRTK_SECTION action=section_attach attached=true dialog=ipBuilding object=SMROptInElevatorDepotDev(7985) status=OK t=22420883 id=37
						Lua 0:08:49:660
[mod] [SMRTK] SMRTK_SECTION action=section_attach attached=true dialog=ipBuilding object=Elevator(7828) status=OK t=22432400 id=38
						Lua 0:08:50:926
[mod] [SMRTK] SMRTK_ACTION action=selected_empty method=CheatEmpty object=Elevator(7828) status=OK valid_after=true t=22433695 id=39
[SMRTK] SMRTK_ACTION action=selected_empty method=CheatEmpty object=Elevator(7828) status=OK valid_after=true t=22433695 id=39
						Lua 0:08:51:961
[mod] [SMRTK] SMRTK_SECTION action=section_attach attached=true dialog=ipBuilding object=SMROptInElevatorDepotDev(7985) status=OK t=22434701 id=40
						Lua 0:08:53:193
[mod] [SMRTK] SMRTK_ACTION action=selected_empty after=0 before=33805 method=CheatEmpty object=SMROptInElevatorDepotDev(7985) resource=multiple resources=21 status=OK valid_after=true t=22435950 id=41
[SMRTK] SMRTK_ACTION action=selected_empty after=0 before=33805 method=CheatEmpty object=SMROptInElevatorDepotDev(7985) resource=multiple resources=21 status=OK valid_after=true t=22435950 id=41
						Lua 0:08:56:812
[mod] [SMRTK] SMRTK_SECTION action=section_attach attached=true dialog=ipBuilding object=SMROptInElevatorDepotDev(7985) status=OK t=22439558 id=42
						Lua 0:09:52:843
[mod] [SMRTK] SMRTK_SECTION action=section_attach attached=true dialog=ipTrain object=Train(2000001846) status=OK t=22495604 id=43
						Lua 0:09:53:656
[mod] [SMRTK] SMRTK_SECTION action=section_attach attached=true dialog=ipBuilding object=StationBig(7873) status=OK t=22496401 id=44
						Lua 0:09:55:064
[mod] [SMRTK] SMRTK_ACTION action=selected_empty after=0 before=190900 method=CheatEmpty object=StationBig(7873) resource=multiple resources=21 status=OK valid_after=true t=22497830 id=45
[SMRTK] SMRTK_ACTION action=selected_empty after=0 before=190900 method=CheatEmpty object=StationBig(7873) resource=multiple resources=21 status=OK valid_after=true t=22497830 id=45
						Lua 0:09:58:807
[mod] [SMRTK] SMRTK_SECTION action=section_attach attached=true dialog=ipBuilding object=SMROptInTrainHub6(6430) status=OK t=22501561 id=46
						Lua 0:10:06:845
[mod] [SMRTK] SMRTK_PANEL action=panel_toggle open=true status=OK tab=World t=22520238 id=47
						Lua 0:10:15:617
[mod] [SMRTK] SMRTK_TAB action=tab_Agent page=Agent status=OK t=22529009 id=48
						Lua 0:10:21:853
[mod] [SMRTK] SMRTK_ACTION action=slot_1 reason="pause first" status=REFUSED t=22535246 id=49
[SMRTK] SMRTK_ACTION action=slot_1 reason="pause first" status=REFUSED t=22535246 id=49
						Lua 0:10:23:959
[mod] [SMRTK] SMRTK_MARK action=mark label=STATIONS_EMPTY mark=213 status=OK t=22536716 id=50
[SMRTK] SMRTK_MARK action=mark label=STATIONS_EMPTY mark=213 status=OK t=22536716 id=50
[mod] [SMRTK] SMRTK_FINGERPRINT action=fingerprint fix_pack_present=45/45 game=406343 mark_action=mark mods=SMR_CommunityFixPack,SMR_CommunityFixPackTestKit,SMR_CommunityOptInPack,SMR_ElevatorStationDev_20260929,SMR_RailShaftDev_20260923,SMR_TrainHubDev_20260918,SMR_TrainHubPrototype_20260918 pack_version=26 read="live registry" save="Double Hub+elev built.savegame.sav" sol=32 status=OK t=22536716 id=51
[SMRTK] SMRTK_FINGERPRINT action=fingerprint fix_pack_present=45/45 game=406343 mark_action=mark mods=SMR_CommunityFixPack,SMR_CommunityFixPackTestKit,SMR_CommunityOptInPack,SMR_ElevatorStationDev_20260929,SMR_RailShaftDev_20260923,SMR_TrainHubDev_20260918,SMR_TrainHubPrototype_20260918 pack_version=26 read="live registry" save="Double Hub+elev built.savegame.sav" sol=32 status=OK t=22536716 id=51
						Lua 0:10:23:962
[mod] [SMRTK] SMRTK_ACTION action=slot_1 added=0 errors=0 game_time=22536716 held=0 mark=213 phase=EMPTY removed=1266000 skipped=0 stations=14 status=OK train_cargo=0 trains_loaded=0 t=22536716 id=52
[SMRTK] SMRTK_ACTION action=slot_1 added=0 errors=0 game_time=22536716 held=0 mark=213 phase=EMPTY removed=1266000 skipped=0 stations=14 status=OK train_cargo=0 trains_loaded=0 t=22536716 id=52
						Lua 0:10:41:199
[mod] [SMRTK] SMRTK_SECTION action=section_attach attached=true dialog=ipBuilding object=SMROptInElevatorDepotDev(7985) status=OK t=22608957 id=53
						Lua 0:11:00:547
[mod] [SMRTK] SMRTK_SECTION action=section_attach attached=true dialog=ipBuilding object=Elevator(7828) status=OK t=22705632 id=54
						Lua 0:11:04:398
[TrainHubDev] lights: arm 0, flanks the reactor (red flank) = B2 "Deep blue wash" (SpotLight), 12 lights, engine bearing 0 deg
[TrainHubDev] lights: arm 1, flanks the reactor (blue flank) = B2 "Deep blue wash" (SpotLight), 12 lights, engine bearing 60 deg
						Lua 0:11:04:399
[TrainHubDev] lights: arm 2, next to the blue flank = B2 "Deep blue wash" (SpotLight), 12 lights, engine bearing 120 deg
[TrainHubDev] lights: arm 3, opposite the red flank = B2 "Deep blue wash" (SpotLight), 12 lights, engine bearing 180 deg
						Lua 0:11:04:400
[TrainHubDev] lights: arm 4, opposite the blue flank = B2 "Deep blue wash" (SpotLight), 12 lights, engine bearing 240 deg
[TrainHubDev] lights: arm 5, next to the red flank = B2 "Deep blue wash" (SpotLight), 12 lights, engine bearing 300 deg
[TrainHubDev] lights: arm tune intensity 50, side 150 cm, height 200 cm, radius 500 cm, cone 50/100, colour 0,40,255
[TrainHubDev] structure lights: portal rims ON, 30 lights (intensity 4, radius 350 cm)
[TrainHubDev] structure lights: drone pit kerb OFF, 0 lights (intensity 15, radius 300 cm)
[TrainHubDev] structure lights: ring rim strip OFF, 0 lights (intensity 12, radius 400 cm)
[TrainHubDev] structure lights: floor edge strip OFF, 0 lights (intensity 30, radius 300 cm)
[TrainHubDev] structure lights: crown floor light ON, 1 lights (intensity 150, radius 4000 cm)
[TrainHubDev] structure lights: crown floor light follows the VANILLA night schedule (OnMsg.LightmodelChange -> map.NightLightsState, NightLightObjects.lua:250-259, :22 on build 1.1.0.403908); it is NIGHT now, so it is LIT -- hanging at z 1900 cm, colour 255,214,170, cone 0/0
						Lua 0:11:04:401
[TrainHubDev] structure lights: under-deck fill ON, 18 lights (intensity 40, radius 1200 cm)
[TrainHubDev] structure lights: under-deck fill follows the VANILLA night schedule (OnMsg.LightmodelChange -> map.NightLightsState, NightLightObjects.lua:250-259, :22 on build 1.1.0.403908); it is NIGHT now, so it is LIT -- hanging at z 700 cm, colour 255,214,170, cone 0/0
[TrainHubDev] lights: 121 placed (72 arm + 49 structure); a stopped hub destroys them all
[TrainHubDev] lights: arm 0, flanks the reactor (red flank) = B2 "Deep blue wash" (SpotLight), 12 lights, engine bearing 0 deg
[TrainHubDev] lights: arm 1, flanks the reactor (blue flank) = B2 "Deep blue wash" (SpotLight), 12 lights, engine bearing 60 deg
[TrainHubDev] lights: arm 2, next to the blue flank = B2 "Deep blue wash" (SpotLight), 12 lights, engine bearing 120 deg
[TrainHubDev] lights: arm 3, opposite the red flank = B2 "Deep blue wash" (SpotLight), 12 lights, engine bearing 180 deg
						Lua 0:11:04:402
[TrainHubDev] lights: arm 4, opposite the blue flank = B2 "Deep blue wash" (SpotLight), 12 lights, engine bearing 240 deg
[TrainHubDev] lights: arm 5, next to the red flank = B2 "Deep blue wash" (SpotLight), 12 lights, engine bearing 300 deg
[TrainHubDev] lights: arm tune intensity 50, side 150 cm, height 200 cm, radius 500 cm, cone 50/100, colour 0,40,255
[TrainHubDev] structure lights: portal rims ON, 30 lights (intensity 4, radius 350 cm)
[TrainHubDev] structure lights: drone pit kerb OFF, 0 lights (intensity 15, radius 300 cm)
[TrainHubDev] structure lights: ring rim strip OFF, 0 lights (intensity 12, radius 400 cm)
[TrainHubDev] structure lights: floor edge strip OFF, 0 lights (intensity 30, radius 300 cm)
[TrainHubDev] structure lights: crown floor light ON, 1 lights (intensity 150, radius 4000 cm)
[TrainHubDev] structure lights: crown floor light follows the VANILLA night schedule (OnMsg.LightmodelChange -> map.NightLightsState, NightLightObjects.lua:250-259, :22 on build 1.1.0.403908); it is NIGHT now, so it is LIT -- hanging at z 1900 cm, colour 255,214,170, cone 0/0
[TrainHubDev] structure lights: under-deck fill ON, 18 lights (intensity 40, radius 1200 cm)
[TrainHubDev] structure lights: under-deck fill follows the VANILLA night schedule (OnMsg.LightmodelChange -> map.NightLightsState, NightLightObjects.lua:250-259, :22 on build 1.1.0.403908); it is NIGHT now, so it is LIT -- hanging at z 700 cm, colour 255,214,170, cone 0/0
[TrainHubDev] lights: 121 placed (72 arm + 49 structure); a stopped hub destroys them all
						Lua 0:11:08:123
[mod] [SMRTK] SMRTK_SECTION action=section_attach attached=true dialog=ipBuilding object=SMROptInElevatorDepotDev(7985) status=OK t=22743567 id=55
						Lua 0:11:10:528
[mod] [SMRTK] SMRTK_SECTION action=section_attach attached=true dialog=ipBuilding object=Elevator(7828) status=OK t=22755542 id=56
						Lua 0:11:22:974
[mod] [SMRTK] SMRTK_SECTION action=section_attach attached=true dialog=ipBuilding object=DroneHub(7839) status=OK t=22817792 id=57
						Lua 0:11:24:014
[mod] [SMRTK] SMRTK_SECTION action=section_attach attached=true dialog=ipBuilding object=Elevator(7828) status=OK t=22822907 id=58
						Lua 0:11:31:171
[mod] [SMRTK] SMRTK_SECTION action=section_attach attached=true dialog=ipBuilding object=DroneHub(7839) status=OK t=22858792 id=59
						Lua 0:11:35:672
[mod] [SMRTK] SMRTK_SECTION action=section_attach attached=true dialog=ipBuilding object=SMROptInElevatorDepotDev(7985) status=OK t=22881287 id=60						Lua 0:11:35:673

						Lua 0:11:54:270
[mod] [SMRTK] SMRTK_SECTION action=section_attach attached=true dialog=ipBuilding object=SMROptInTrainHub6(6430) status=OK t=22974307 id=61
						Lua 0:12:01:416
[TrainHubDev] lights: arm 0, flanks the reactor (red flank) = B2 "Deep blue wash" (SpotLight), 12 lights, engine bearing 0 deg
[TrainHubDev] lights: arm 1, flanks the reactor (blue flank) = B2 "Deep blue wash" (SpotLight), 12 lights, engine bearing 60 deg
						Lua 0:12:01:417
[TrainHubDev] lights: arm 2, next to the blue flank = B2 "Deep blue wash" (SpotLight), 12 lights, engine bearing 120 deg
[TrainHubDev] lights: arm 3, opposite the red flank = B2 "Deep blue wash" (SpotLight), 12 lights, engine bearing 180 deg
[TrainHubDev] lights: arm 4, opposite the blue flank = B2 "Deep blue wash" (SpotLight), 12 lights, engine bearing 240 deg
						Lua 0:12:01:418
[TrainHubDev] lights: arm 5, next to the red flank = B2 "Deep blue wash" (SpotLight), 12 lights, engine bearing 300 deg
[TrainHubDev] lights: arm tune intensity 50, side 150 cm, height 200 cm, radius 500 cm, cone 50/100, colour 0,40,255
[TrainHubDev] structure lights: portal rims ON, 30 lights (intensity 4, radius 350 cm)
[TrainHubDev] structure lights: drone pit kerb OFF, 0 lights (intensity 15, radius 300 cm)
[TrainHubDev] structure lights: ring rim strip OFF, 0 lights (intensity 12, radius 400 cm)
[TrainHubDev] structure lights: floor edge strip OFF, 0 lights (intensity 30, radius 300 cm)
[TrainHubDev] structure lights: crown floor light ON, 0 lights (intensity 150, radius 4000 cm)
[TrainHubDev] structure lights: crown floor light follows the VANILLA night schedule (OnMsg.LightmodelChange -> map.NightLightsState, NightLightObjects.lua:250-259, :22 on build 1.1.0.403908); it is DAY now, so it is NOT PLACED -- hanging at z 1900 cm, colour 255,214,170, cone 0/0
[TrainHubDev] structure lights: under-deck fill ON, 0 lights (intensity 40, radius 1200 cm)
[TrainHubDev] structure lights: under-deck fill follows the VANILLA night schedule (OnMsg.LightmodelChange -> map.NightLightsState, NightLightObjects.lua:250-259, :22 on build 1.1.0.403908); it is DAY now, so it is NOT PLACED -- hanging at z 700 cm, colour 255,214,170, cone 0/0
[TrainHubDev] lights: 102 placed (72 arm + 30 structure); a stopped hub destroys them all
[TrainHubDev] lights: arm 0, flanks the reactor (red flank) = B2 "Deep blue wash" (SpotLight), 12 lights, engine bearing 0 deg
						Lua 0:12:01:419
[TrainHubDev] lights: arm 1, flanks the reactor (blue flank) = B2 "Deep blue wash" (SpotLight), 12 lights, engine bearing 60 deg
[TrainHubDev] lights: arm 2, next to the blue flank = B2 "Deep blue wash" (SpotLight), 12 lights, engine bearing 120 deg
[TrainHubDev] lights: arm 3, opposite the red flank = B2 "Deep blue wash" (SpotLight), 12 lights, engine bearing 180 deg
[TrainHubDev] lights: arm 4, opposite the blue flank = B2 "Deep blue wash" (SpotLight), 12 lights, engine bearing 240 deg
[TrainHubDev] lights: arm 5, next to the red flank = B2 "Deep blue wash" (SpotLight), 12 lights, engine bearing 300 deg
[TrainHubDev] lights: arm tune intensity 50, side 150 cm, height 200 cm, radius 500 cm, cone 50/100, colour 0,40,255
[TrainHubDev] structure lights: portal rims ON, 30 lights (intensity 4, radius 350 cm)
[TrainHubDev] structure lights: drone pit kerb OFF, 0 lights (intensity 15, radius 300 cm)
[TrainHubDev] structure lights: ring rim strip OFF, 0 lights (intensity 12, radius 400 cm)
[TrainHubDev] structure lights: floor edge strip OFF, 0 lights (intensity 30, radius 300 cm)
						Lua 0:12:01:420
[TrainHubDev] structure lights: crown floor light ON, 0 lights (intensity 150, radius 4000 cm)
[TrainHubDev] structure lights: crown floor light follows the VANILLA night schedule (OnMsg.LightmodelChange -> map.NightLightsState, NightLightObjects.lua:250-259, :22 on build 1.1.0.403908); it is DAY now, so it is NOT PLACED -- hanging at z 1900 cm, colour 255,214,170, cone 0/0
[TrainHubDev] structure lights: under-deck fill ON, 0 lights (intensity 40, radius 1200 cm)
[TrainHubDev] structure lights: under-deck fill follows the VANILLA night schedule (OnMsg.LightmodelChange -> map.NightLightsState, NightLightObjects.lua:250-259, :22 on build 1.1.0.403908); it is DAY now, so it is NOT PLACED -- hanging at z 700 cm, colour 255,214,170, cone 0/0
[TrainHubDev] lights: 102 placed (72 arm + 30 structure); a stopped hub destroys them all
						Lua 0:12:06:788
[mod] [SMRTK] SMRTK_SECTION action=section_attach attached=true dialog=ipBuilding object=SMROptInElevatorDepotDev(7985) status=OK t=23036862 id=62
						Lua 0:13:28:397
[TrainHubDev] lights: arm 0, flanks the reactor (red flank) = B2 "Deep blue wash" (SpotLight), 12 lights, engine bearing 0 deg
[TrainHubDev] lights: arm 1, flanks the reactor (blue flank) = B2 "Deep blue wash" (SpotLight), 12 lights, engine bearing 60 deg
						Lua 0:13:28:398
[TrainHubDev] lights: arm 2, next to the blue flank = B2 "Deep blue wash" (SpotLight), 12 lights, engine bearing 120 deg
[TrainHubDev] lights: arm 3, opposite the red flank = B2 "Deep blue wash" (SpotLight), 12 lights, engine bearing 180 deg
[TrainHubDev] lights: arm 4, opposite the blue flank = B2 "Deep blue wash" (SpotLight), 12 lights, engine bearing 240 deg
						Lua 0:13:28:399
[TrainHubDev] lights: arm 5, next to the red flank = B2 "Deep blue wash" (SpotLight), 12 lights, engine bearing 300 deg
[TrainHubDev] lights: arm tune intensity 50, side 150 cm, height 200 cm, radius 500 cm, cone 50/100, colour 0,40,255
[TrainHubDev] structure lights: portal rims ON, 30 lights (intensity 4, radius 350 cm)
[TrainHubDev] structure lights: drone pit kerb OFF, 0 lights (intensity 15, radius 300 cm)
[TrainHubDev] structure lights: ring rim strip OFF, 0 lights (intensity 12, radius 400 cm)
[TrainHubDev] structure lights: floor edge strip OFF, 0 lights (intensity 30, radius 300 cm)
[TrainHubDev] structure lights: crown floor light ON, 1 lights (intensity 150, radius 4000 cm)
[TrainHubDev] structure lights: crown floor light follows the VANILLA night schedule (OnMsg.LightmodelChange -> map.NightLightsState, NightLightObjects.lua:250-259, :22 on build 1.1.0.403908); it is NIGHT now, so it is LIT -- hanging at z 1900 cm, colour 255,214,170, cone 0/0
[TrainHubDev] structure lights: under-deck fill ON, 18 lights (intensity 40, radius 1200 cm)
[TrainHubDev] structure lights: under-deck fill follows the VANILLA night schedule (OnMsg.LightmodelChange -> map.NightLightsState, NightLightObjects.lua:250-259, :22 on build 1.1.0.403908); it is NIGHT now, so it is LIT -- hanging at z 700 cm, colour 255,214,170, cone 0/0
[TrainHubDev] lights: 121 placed (72 arm + 49 structure); a stopped hub destroys them all
						Lua 0:13:28:400
[TrainHubDev] lights: arm 0, flanks the reactor (red flank) = B2 "Deep blue wash" (SpotLight), 12 lights, engine bearing 0 deg
[TrainHubDev] lights: arm 1, flanks the reactor (blue flank) = B2 "Deep blue wash" (SpotLight), 12 lights, engine bearing 60 deg
[TrainHubDev] lights: arm 2, next to the blue flank = B2 "Deep blue wash" (SpotLight), 12 lights, engine bearing 120 deg
[TrainHubDev] lights: arm 3, opposite the red flank = B2 "Deep blue wash" (SpotLight), 12 lights, engine bearing 180 deg
[TrainHubDev] lights: arm 4, opposite the blue flank = B2 "Deep blue wash" (SpotLight), 12 lights, engine bearing 240 deg
						Lua 0:13:28:401
[TrainHubDev] lights: arm 5, next to the red flank = B2 "Deep blue wash" (SpotLight), 12 lights, engine bearing 300 deg
[TrainHubDev] lights: arm tune intensity 50, side 150 cm, height 200 cm, radius 500 cm, cone 50/100, colour 0,40,255
[TrainHubDev] structure lights: portal rims ON, 30 lights (intensity 4, radius 350 cm)
[TrainHubDev] structure lights: drone pit kerb OFF, 0 lights (intensity 15, radius 300 cm)
[TrainHubDev] structure lights: ring rim strip OFF, 0 lights (intensity 12, radius 400 cm)
[TrainHubDev] structure lights: floor edge strip OFF, 0 lights (intensity 30, radius 300 cm)
[TrainHubDev] structure lights: crown floor light ON, 1 lights (intensity 150, radius 4000 cm)
[TrainHubDev] structure lights: crown floor light follows the VANILLA night schedule (OnMsg.LightmodelChange -> map.NightLightsState, NightLightObjects.lua:250-259, :22 on build 1.1.0.403908); it is NIGHT now, so it is LIT -- hanging at z 1900 cm, colour 255,214,170, cone 0/0
[TrainHubDev] structure lights: under-deck fill ON, 18 lights (intensity 40, radius 1200 cm)
[TrainHubDev] structure lights: under-deck fill follows the VANILLA night schedule (OnMsg.LightmodelChange -> map.NightLightsState, NightLightObjects.lua:250-259, :22 on build 1.1.0.403908); it is NIGHT now, so it is LIT -- hanging at z 700 cm, colour 255,214,170, cone 0/0
[TrainHubDev] lights: 121 placed (72 arm + 49 structure); a stopped hub destroys them all
						Lua 0:13:40:915
[mod] [SMRTK] SMRTK_COPY action=copy flushed=true from=213 lines=109 status=OK truncated=false t=23507607 id=63
[SMRTK] SMRTK_COPY action=copy flushed=true from=213 lines=109 status=OK truncated=false t=23507607 id=63
						Lua 0:14:17:518
[mod] [SMRTK] SMRTK_SECTION action=section_attach attached=true dialog=ipBuilding object=Elevator(7828) status=OK t=23690507 id=64
						Lua 0:14:25:416
[TrainHubDev] lights: arm 0, flanks the reactor (red flank) = B2 "Deep blue wash" (SpotLight), 12 lights, engine bearing 0 deg
[TrainHubDev] lights: arm 1, flanks the reactor (blue flank) = B2 "Deep blue wash" (SpotLight), 12 lights, engine bearing 60 deg
						Lua 0:14:25:417
[TrainHubDev] lights: arm 2, next to the blue flank = B2 "Deep blue wash" (SpotLight), 12 lights, engine bearing 120 deg
[TrainHubDev] lights: arm 3, opposite the red flank = B2 "Deep blue wash" (SpotLight), 12 lights, engine bearing 180 deg
[TrainHubDev] lights: arm 4, opposite the blue flank = B2 "Deep blue wash" (SpotLight), 12 lights, engine bearing 240 deg
						Lua 0:14:25:418
[TrainHubDev] lights: arm 5, next to the red flank = B2 "Deep blue wash" (SpotLight), 12 lights, engine bearing 300 deg
[TrainHubDev] lights: arm tune intensity 50, side 150 cm, height 200 cm, radius 500 cm, cone 50/100, colour 0,40,255
[TrainHubDev] structure lights: portal rims ON, 30 lights (intensity 4, radius 350 cm)
[TrainHubDev] structure lights: drone pit kerb OFF, 0 lights (intensity 15, radius 300 cm)
[TrainHubDev] structure lights: ring rim strip OFF, 0 lights (intensity 12, radius 400 cm)
[TrainHubDev] structure lights: floor edge strip OFF, 0 lights (intensity 30, radius 300 cm)
[TrainHubDev] structure lights: crown floor light ON, 0 lights (intensity 150, radius 4000 cm)
[TrainHubDev] structure lights: crown floor light follows the VANILLA night schedule (OnMsg.LightmodelChange -> map.NightLightsState, NightLightObjects.lua:250-259, :22 on build 1.1.0.403908); it is DAY now, so it is NOT PLACED -- hanging at z 1900 cm, colour 255,214,170, cone 0/0
[TrainHubDev] structure lights: under-deck fill ON, 0 lights (intensity 40, radius 1200 cm)
[TrainHubDev] structure lights: under-deck fill follows the VANILLA night schedule (OnMsg.LightmodelChange -> map.NightLightsState, NightLightObjects.lua:250-259, :22 on build 1.1.0.403908); it is DAY now, so it is NOT PLACED -- hanging at z 700 cm, colour 255,214,170, cone 0/0
[TrainHubDev] lights: 102 placed (72 arm + 30 structure); a stopped hub destroys them all
						Lua 0:14:25:419
[TrainHubDev] lights: arm 0, flanks the reactor (red flank) = B2 "Deep blue wash" (SpotLight), 12 lights, engine bearing 0 deg
[TrainHubDev] lights: arm 1, flanks the reactor (blue flank) = B2 "Deep blue wash" (SpotLight), 12 lights, engine bearing 60 deg
[TrainHubDev] lights: arm 2, next to the blue flank = B2 "Deep blue wash" (SpotLight), 12 lights, engine bearing 120 deg
[TrainHubDev] lights: arm 3, opposite the red flank = B2 "Deep blue wash" (SpotLight), 12 lights, engine bearing 180 deg
[TrainHubDev] lights: arm 4, opposite the blue flank = B2 "Deep blue wash" (SpotLight), 12 lights, engine bearing 240 deg
[TrainHubDev] lights: arm 5, next to the red flank = B2 "Deep blue wash" (SpotLight), 12 lights, engine bearing 300 deg
[TrainHubDev] lights: arm tune intensity 50, side 150 cm, height 200 cm, radius 500 cm, cone 50/100, colour 0,40,255
						Lua 0:14:25:420
[TrainHubDev] structure lights: portal rims ON, 30 lights (intensity 4, radius 350 cm)
[TrainHubDev] structure lights: drone pit kerb OFF, 0 lights (intensity 15, radius 300 cm)
[TrainHubDev] structure lights: ring rim strip OFF, 0 lights (intensity 12, radius 400 cm)
[TrainHubDev] structure lights: floor edge strip OFF, 0 lights (intensity 30, radius 300 cm)
[TrainHubDev] structure lights: crown floor light ON, 0 lights (intensity 150, radius 4000 cm)
[TrainHubDev] structure lights: crown floor light follows the VANILLA night schedule (OnMsg.LightmodelChange -> map.NightLightsState, NightLightObjects.lua:250-259, :22 on build 1.1.0.403908); it is DAY now, so it is NOT PLACED -- hanging at z 1900 cm, colour 255,214,170, cone 0/0
[TrainHubDev] structure lights: under-deck fill ON, 0 lights (intensity 40, radius 1200 cm)
[TrainHubDev] structure lights: under-deck fill follows the VANILLA night schedule (OnMsg.LightmodelChange -> map.NightLightsState, NightLightObjects.lua:250-259, :22 on build 1.1.0.403908); it is DAY now, so it is NOT PLACED -- hanging at z 700 cm, colour 255,214,170, cone 0/0
[TrainHubDev] lights: 102 placed (72 arm + 30 structure); a stopped hub destroys them all
						Lua 0:15:33:977
[mod] [SMRTK] SMRTK_ACTION action=selected_clean_fix method=CheatCleanAndFix object=Elevator(7828) status=OK valid_after=true t=24072917 id=65
[SMRTK] SMRTK_ACTION action=selected_clean_fix method=CheatCleanAndFix object=Elevator(7828) status=OK valid_after=true t=24072917 id=65
						Lua 0:15:49:400
[mod] [SMRTK] SMRTK_SECTION action=section_attach attached=true dialog=ipBuilding object=SMROptInElevatorDepotDev(7985) status=OK t=24140587 id=66
						Lua 0:15:51:752
[mod] [SMRTK] SMRTK_SECTION action=section_attach attached=true dialog=ipBuilding object=Elevator(7828) status=OK t=24152292 id=67
						Lua 0:15:52:387
[mod] [SMRTK] SMRTK_SECTION action=section_attach attached=true dialog=ipBuilding object=SMROptInElevatorDepotDev(7985) status=OK t=24155502 id=68
						Lua 0:15:54:014
[mod] [SMRTK] SMRTK_SECTION action=section_attach attached=true dialog=ipBuilding object=SMROptInElevatorDepotDev(7985) status=OK t=24163642 id=69						Lua 0:15:54:015

						Lua 0:15:54:276
[TrainHubDev] lights: arm 0, flanks the reactor (red flank) = B2 "Deep blue wash" (SpotLight), 12 lights, engine bearing 0 deg
[TrainHubDev] lights: arm 1, flanks the reactor (blue flank) = B2 "Deep blue wash" (SpotLight), 12 lights, engine bearing 60 deg
[TrainHubDev] lights: arm 2, next to the blue flank = B2 "Deep blue wash" (SpotLight), 12 lights, engine bearing 120 deg
						Lua 0:15:54:277
[TrainHubDev] lights: arm 3, opposite the red flank = B2 "Deep blue wash" (SpotLight), 12 lights, engine bearing 180 deg
[TrainHubDev] lights: arm 4, opposite the blue flank = B2 "Deep blue wash" (SpotLight), 12 lights, engine bearing 240 deg
[TrainHubDev] lights: arm 5, next to the red flank = B2 "Deep blue wash" (SpotLight), 12 lights, engine bearing 300 deg
[TrainHubDev] lights: arm tune intensity 50, side 150 cm, height 200 cm, radius 500 cm, cone 50/100, colour 0,40,255
						Lua 0:15:54:278
[TrainHubDev] structure lights: portal rims ON, 30 lights (intensity 4, radius 350 cm)
[TrainHubDev] structure lights: drone pit kerb OFF, 0 lights (intensity 15, radius 300 cm)
[TrainHubDev] structure lights: ring rim strip OFF, 0 lights (intensity 12, radius 400 cm)
[TrainHubDev] structure lights: floor edge strip OFF, 0 lights (intensity 30, radius 300 cm)
[TrainHubDev] structure lights: crown floor light ON, 1 lights (intensity 150, radius 4000 cm)
[TrainHubDev] structure lights: crown floor light follows the VANILLA night schedule (OnMsg.LightmodelChange -> map.NightLightsState, NightLightObjects.lua:250-259, :22 on build 1.1.0.403908); it is NIGHT now, so it is LIT -- hanging at z 1900 cm, colour 255,214,170, cone 0/0
[TrainHubDev] structure lights: under-deck fill ON, 18 lights (intensity 40, radius 1200 cm)
[TrainHubDev] structure lights: under-deck fill follows the VANILLA night schedule (OnMsg.LightmodelChange -> map.NightLightsState, NightLightObjects.lua:250-259, :22 on build 1.1.0.403908); it is NIGHT now, so it is LIT -- hanging at z 700 cm, colour 255,214,170, cone 0/0
[TrainHubDev] lights: 121 placed (72 arm + 49 structure); a stopped hub destroys them all
						Lua 0:15:54:279
[TrainHubDev] lights: arm 0, flanks the reactor (red flank) = B2 "Deep blue wash" (SpotLight), 12 lights, engine bearing 0 deg
[TrainHubDev] lights: arm 1, flanks the reactor (blue flank) = B2 "Deep blue wash" (SpotLight), 12 lights, engine bearing 60 deg
[TrainHubDev] lights: arm 2, next to the blue flank = B2 "Deep blue wash" (SpotLight), 12 lights, engine bearing 120 deg
[TrainHubDev] lights: arm 3, opposite the red flank = B2 "Deep blue wash" (SpotLight), 12 lights, engine bearing 180 deg
[TrainHubDev] lights: arm 4, opposite the blue flank = B2 "Deep blue wash" (SpotLight), 12 lights, engine bearing 240 deg
[TrainHubDev] lights: arm 5, next to the red flank = B2 "Deep blue wash" (SpotLight), 12 lights, engine bearing 300 deg
[TrainHubDev] lights: arm tune intensity 50, side 150 cm, height 200 cm, radius 500 cm, cone 50/100, colour 0,40,255
						Lua 0:15:54:280
[TrainHubDev] structure lights: portal rims ON, 30 lights (intensity 4, radius 350 cm)
[TrainHubDev] structure lights: drone pit kerb OFF, 0 lights (intensity 15, radius 300 cm)
[TrainHubDev] structure lights: ring rim strip OFF, 0 lights (intensity 12, radius 400 cm)
[TrainHubDev] structure lights: floor edge strip OFF, 0 lights (intensity 30, radius 300 cm)
[TrainHubDev] structure lights: crown floor light ON, 1 lights (intensity 150, radius 4000 cm)
[TrainHubDev] structure lights: crown floor light follows the VANILLA night schedule (OnMsg.LightmodelChange -> map.NightLightsState, NightLightObjects.lua:250-259, :22 on build 1.1.0.403908); it is NIGHT now, so it is LIT -- hanging at z 1900 cm, colour 255,214,170, cone 0/0
[TrainHubDev] structure lights: under-deck fill ON, 18 lights (intensity 40, radius 1200 cm)
[TrainHubDev] structure lights: under-deck fill follows the VANILLA night schedule (OnMsg.LightmodelChange -> map.NightLightsState, NightLightObjects.lua:250-259, :22 on build 1.1.0.403908); it is NIGHT now, so it is LIT -- hanging at z 700 cm, colour 255,214,170, cone 0/0
[TrainHubDev] lights: 121 placed (72 arm + 49 structure); a stopped hub destroys them all
						Lua 0:15:56:407
[mod] [SMRTK] SMRTK_SECTION action=section_attach attached=true dialog=ipBuilding object=Elevator(7828) status=OK t=24175547 id=70
						Lua 0:15:57:323
[mod] [SMRTK] SMRTK_SECTION action=section_attach attached=true dialog=ipBuilding object=SMROptInElevatorDepotDev(7985) status=OK t=24180177 id=71
						Lua 0:15:59:662
[mod] [SMRTK] SMRTK_SECTION action=section_attach attached=true dialog=ipBuilding object=Elevator(7828) status=OK t=24191842 id=72
						Lua 0:16:02:144
[mod] [SMRTK] SMRTK_SECTION action=section_attach attached=true dialog=ipBuilding object=Elevator(7828) status=OK t=24204252 id=73
						Lua 0:16:06:912
[mod] [SMRTK] SMRTK_SECTION action=section_attach attached=true dialog=ipBuilding object=Elevator(7828) status=OK t=24228087 id=74
						Lua 0:16:07:556
[mod] [SMRTK] SMRTK_SECTION action=section_attach attached=true dialog=ipBuilding object=SMROptInElevatorDepotDev(7985) status=OK t=24231292 id=75
						Lua 0:16:09:649
[mod] [SMRTK] SMRTK_SECTION action=section_attach attached=true dialog=ipBuilding object=SMROptInElevatorDepotDev(7985) status=OK t=24241782 id=76
						Lua 0:16:13:533
[mod] [SMRTK] SMRTK_SECTION action=section_attach attached=true dialog=ipBuilding object=Elevator(7828) status=OK t=24261162 id=77
						Lua 0:16:22:745
[mod] [SMRTK] SMRTK_SECTION action=section_attach attached=true dialog=ipBuilding object=SMROptInElevatorDepotDev(7985) status=OK t=24307192 id=78
						Lua 0:16:25:291
[mod] [SMRTK] SMRTK_SECTION action=section_attach attached=true dialog=ipBuilding object=SMROptInElevatorDepotDev(7985) status=OK t=24319957 id=79
						Lua 0:16:27:964
[mod] [SMRTK] SMRTK_SECTION action=section_attach attached=true dialog=ipBuilding object=SMROptInElevatorDepotDev(7985) status=OK t=24333357 id=80
						Lua 0:16:51:293
[TrainHubDev] lights: arm 0, flanks the reactor (red flank) = B2 "Deep blue wash" (SpotLight), 12 lights, engine bearing 0 deg
[TrainHubDev] lights: arm 1, flanks the reactor (blue flank) = B2 "Deep blue wash" (SpotLight), 12 lights, engine bearing 60 deg
[TrainHubDev] lights: arm 2, next to the blue flank = B2 "Deep blue wash" (SpotLight), 12 lights, engine bearing 120 deg
						Lua 0:16:51:294
[TrainHubDev] lights: arm 3, opposite the red flank = B2 "Deep blue wash" (SpotLight), 12 lights, engine bearing 180 deg
[TrainHubDev] lights: arm 4, opposite the blue flank = B2 "Deep blue wash" (SpotLight), 12 lights, engine bearing 240 deg
[TrainHubDev] lights: arm 5, next to the red flank = B2 "Deep blue wash" (SpotLight), 12 lights, engine bearing 300 deg
[TrainHubDev] lights: arm tune intensity 50, side 150 cm, height 200 cm, radius 500 cm, cone 50/100, colour 0,40,255
						Lua 0:16:51:295
[TrainHubDev] structure lights: portal rims ON, 30 lights (intensity 4, radius 350 cm)
[TrainHubDev] structure lights: drone pit kerb OFF, 0 lights (intensity 15, radius 300 cm)
[TrainHubDev] structure lights: ring rim strip OFF, 0 lights (intensity 12, radius 400 cm)
[TrainHubDev] structure lights: floor edge strip OFF, 0 lights (intensity 30, radius 300 cm)
[TrainHubDev] structure lights: crown floor light ON, 0 lights (intensity 150, radius 4000 cm)
[TrainHubDev] structure lights: crown floor light follows the VANILLA night schedule (OnMsg.LightmodelChange -> map.NightLightsState, NightLightObjects.lua:250-259, :22 on build 1.1.0.403908); it is DAY now, so it is NOT PLACED -- hanging at z 1900 cm, colour 255,214,170, cone 0/0
[TrainHubDev] structure lights: under-deck fill ON, 0 lights (intensity 40, radius 1200 cm)
[TrainHubDev] structure lights: under-deck fill follows the VANILLA night schedule (OnMsg.LightmodelChange -> map.NightLightsState, NightLightObjects.lua:250-259, :22 on build 1.1.0.403908); it is DAY now, so it is NOT PLACED -- hanging at z 700 cm, colour 255,214,170, cone 0/0
[TrainHubDev] lights: 102 placed (72 arm + 30 structure); a stopped hub destroys them all
[TrainHubDev] lights: arm 0, flanks the reactor (red flank) = B2 "Deep blue wash" (SpotLight), 12 lights, engine bearing 0 deg
[TrainHubDev] lights: arm 1, flanks the reactor (blue flank) = B2 "Deep blue wash" (SpotLight), 12 lights, engine bearing 60 deg
[TrainHubDev] lights: arm 2, next to the blue flank = B2 "Deep blue wash" (SpotLight), 12 lights, engine bearing 120 deg
						Lua 0:16:51:296
[TrainHubDev] lights: arm 3, opposite the red flank = B2 "Deep blue wash" (SpotLight), 12 lights, engine bearing 180 deg
[TrainHubDev] lights: arm 4, opposite the blue flank = B2 "Deep blue wash" (SpotLight), 12 lights, engine bearing 240 deg
[TrainHubDev] lights: arm 5, next to the red flank = B2 "Deep blue wash" (SpotLight), 12 lights, engine bearing 300 deg
[TrainHubDev] lights: arm tune intensity 50, side 150 cm, height 200 cm, radius 500 cm, cone 50/100, colour 0,40,255
[TrainHubDev] structure lights: portal rims ON, 30 lights (intensity 4, radius 350 cm)
[TrainHubDev] structure lights: drone pit kerb OFF, 0 lights (intensity 15, radius 300 cm)
[TrainHubDev] structure lights: ring rim strip OFF, 0 lights (intensity 12, radius 400 cm)
[TrainHubDev] structure lights: floor edge strip OFF, 0 lights (intensity 30, radius 300 cm)
[TrainHubDev] structure lights: crown floor light ON, 0 lights (intensity 150, radius 4000 cm)
[TrainHubDev] structure lights: crown floor light follows the VANILLA night schedule (OnMsg.LightmodelChange -> map.NightLightsState, NightLightObjects.lua:250-259, :22 on build 1.1.0.403908); it is DAY now, so it is NOT PLACED -- hanging at z 1900 cm, colour 255,214,170, cone 0/0
[TrainHubDev] structure lights: under-deck fill ON, 0 lights (intensity 40, radius 1200 cm)
[TrainHubDev] structure lights: under-deck fill follows the VANILLA night schedule (OnMsg.LightmodelChange -> map.NightLightsState, NightLightObjects.lua:250-259, :22 on build 1.1.0.403908); it is DAY now, so it is NOT PLACED -- hanging at z 700 cm, colour 255,214,170, cone 0/0
[TrainHubDev] lights: 102 placed (72 arm + 30 structure); a stopped hub destroys them all
						Lua 0:17:03:048
[mod] [SMRTK] SMRTK_SECTION action=section_attach attached=true dialog=ipBuilding object=Elevator(7828) status=OK t=24508732 id=81
						Lua 0:17:50:203
[mod] [SMRTK] SMRTK_SECTION action=section_attach attached=true dialog=ipBuilding object=SMROptInElevatorDepotDev(7985) status=OK t=24744522 id=82
						Lua 0:18:13:863
[mod] [SMRTK] SMRTK_SECTION action=section_attach attached=true dialog=ipBuilding object=StirlingGenerator(7842) status=OK t=24862917 id=83
						Lua 0:18:14:752
[mod] [SMRTK] SMRTK_SECTION action=section_attach attached=true dialog=ipBuilding object=DroneHub(7839) status=OK t=24867302 id=84
						Lua 0:18:18:276
[TrainHubDev] lights: arm 0, flanks the reactor (red flank) = B2 "Deep blue wash" (SpotLight), 12 lights, engine bearing 0 deg
[TrainHubDev] lights: arm 1, flanks the reactor (blue flank) = B2 "Deep blue wash" (SpotLight), 12 lights, engine bearing 60 deg
						Lua 0:18:18:277
[TrainHubDev] lights: arm 2, next to the blue flank = B2 "Deep blue wash" (SpotLight), 12 lights, engine bearing 120 deg
[TrainHubDev] lights: arm 3, opposite the red flank = B2 "Deep blue wash" (SpotLight), 12 lights, engine bearing 180 deg
[TrainHubDev] lights: arm 4, opposite the blue flank = B2 "Deep blue wash" (SpotLight), 12 lights, engine bearing 240 deg
						Lua 0:18:18:278
[TrainHubDev] lights: arm 5, next to the red flank = B2 "Deep blue wash" (SpotLight), 12 lights, engine bearing 300 deg
[TrainHubDev] lights: arm tune intensity 50, side 150 cm, height 200 cm, radius 500 cm, cone 50/100, colour 0,40,255
[TrainHubDev] structure lights: portal rims ON, 30 lights (intensity 4, radius 350 cm)
[TrainHubDev] structure lights: drone pit kerb OFF, 0 lights (intensity 15, radius 300 cm)
[TrainHubDev] structure lights: ring rim strip OFF, 0 lights (intensity 12, radius 400 cm)
[TrainHubDev] structure lights: floor edge strip OFF, 0 lights (intensity 30, radius 300 cm)
[TrainHubDev] structure lights: crown floor light ON, 1 lights (intensity 150, radius 4000 cm)
[TrainHubDev] structure lights: crown floor light follows the VANILLA night schedule (OnMsg.LightmodelChange -> map.NightLightsState, NightLightObjects.lua:250-259, :22 on build 1.1.0.403908); it is NIGHT now, so it is LIT -- hanging at z 1900 cm, colour 255,214,170, cone 0/0
[TrainHubDev] structure lights: under-deck fill ON, 18 lights (intensity 40, radius 1200 cm)
[TrainHubDev] structure lights: under-deck fill follows the VANILLA night schedule (OnMsg.LightmodelChange -> map.NightLightsState, NightLightObjects.lua:250-259, :22 on build 1.1.0.403908); it is NIGHT now, so it is LIT -- hanging at z 700 cm, colour 255,214,170, cone 0/0
[TrainHubDev] lights: 121 placed (72 arm + 49 structure); a stopped hub destroys them all
						Lua 0:18:18:279
[TrainHubDev] lights: arm 0, flanks the reactor (red flank) = B2 "Deep blue wash" (SpotLight), 12 lights, engine bearing 0 deg
[TrainHubDev] lights: arm 1, flanks the reactor (blue flank) = B2 "Deep blue wash" (SpotLight), 12 lights, engine bearing 60 deg
[TrainHubDev] lights: arm 2, next to the blue flank = B2 "Deep blue wash" (SpotLight), 12 lights, engine bearing 120 deg
[TrainHubDev] lights: arm 3, opposite the red flank = B2 "Deep blue wash" (SpotLight), 12 lights, engine bearing 180 deg
[TrainHubDev] lights: arm 4, opposite the blue flank = B2 "Deep blue wash" (SpotLight), 12 lights, engine bearing 240 deg
[TrainHubDev] lights: arm 5, next to the red flank = B2 "Deep blue wash" (SpotLight), 12 lights, engine bearing 300 deg
[TrainHubDev] lights: arm tune intensity 50, side 150 cm, height 200 cm, radius 500 cm, cone 50/100, colour 0,40,255
						Lua 0:18:18:280
[TrainHubDev] structure lights: portal rims ON, 30 lights (intensity 4, radius 350 cm)
[TrainHubDev] structure lights: drone pit kerb OFF, 0 lights (intensity 15, radius 300 cm)
[TrainHubDev] structure lights: ring rim strip OFF, 0 lights (intensity 12, radius 400 cm)
[TrainHubDev] structure lights: floor edge strip OFF, 0 lights (intensity 30, radius 300 cm)
[TrainHubDev] structure lights: crown floor light ON, 1 lights (intensity 150, radius 4000 cm)
[TrainHubDev] structure lights: crown floor light follows the VANILLA night schedule (OnMsg.LightmodelChange -> map.NightLightsState, NightLightObjects.lua:250-259, :22 on build 1.1.0.403908); it is NIGHT now, so it is LIT -- hanging at z 1900 cm, colour 255,214,170, cone 0/0
[TrainHubDev] structure lights: under-deck fill ON, 18 lights (intensity 40, radius 1200 cm)
[TrainHubDev] structure lights: under-deck fill follows the VANILLA night schedule (OnMsg.LightmodelChange -> map.NightLightsState, NightLightObjects.lua:250-259, :22 on build 1.1.0.403908); it is NIGHT now, so it is LIT -- hanging at z 700 cm, colour 255,214,170, cone 0/0
[TrainHubDev] lights: 121 placed (72 arm + 49 structure); a stopped hub destroys them all
						Lua 0:18:21:510
[mod] [SMRTK] SMRTK_ACTION action=selected_delete method=CheatDelete object=DroneHub(7839) status=OK valid_after=false t=24901162 id=85
[SMRTK] SMRTK_ACTION action=selected_delete method=CheatDelete object=DroneHub(7839) status=OK valid_after=false t=24901162 id=85
						Lua 0:18:22:079
[mod] [SMRTK] SMRTK_SECTION action=section_attach attached=true dialog=ipBuilding object=Elevator(7828) status=OK t=24903932 id=86
						Lua 0:18:46:000
[mod] [SMRTK] SMRTK_SECTION action=section_attach attached=true dialog=ipBuilding object=SMROptInElevatorDepotDev(7985) status=OK t=25023567 id=87
						Lua 0:19:15:288
[TrainHubDev] lights: arm 0, flanks the reactor (red flank) = B2 "Deep blue wash" (SpotLight), 12 lights, engine bearing 0 deg
[TrainHubDev] lights: arm 1, flanks the reactor (blue flank) = B2 "Deep blue wash" (SpotLight), 12 lights, engine bearing 60 deg
[TrainHubDev] lights: arm 2, next to the blue flank = B2 "Deep blue wash" (SpotLight), 12 lights, engine bearing 120 deg
						Lua 0:19:15:289
[TrainHubDev] lights: arm 3, opposite the red flank = B2 "Deep blue wash" (SpotLight), 12 lights, engine bearing 180 deg
[TrainHubDev] lights: arm 4, opposite the blue flank = B2 "Deep blue wash" (SpotLight), 12 lights, engine bearing 240 deg
[TrainHubDev] lights: arm 5, next to the red flank = B2 "Deep blue wash" (SpotLight), 12 lights, engine bearing 300 deg
[TrainHubDev] lights: arm tune intensity 50, side 150 cm, height 200 cm, radius 500 cm, cone 50/100, colour 0,40,255
						Lua 0:19:15:290
[TrainHubDev] structure lights: portal rims ON, 30 lights (intensity 4, radius 350 cm)
[TrainHubDev] structure lights: drone pit kerb OFF, 0 lights (intensity 15, radius 300 cm)
[TrainHubDev] structure lights: ring rim strip OFF, 0 lights (intensity 12, radius 400 cm)
[TrainHubDev] structure lights: floor edge strip OFF, 0 lights (intensity 30, radius 300 cm)
[TrainHubDev] structure lights: crown floor light ON, 0 lights (intensity 150, radius 4000 cm)
[TrainHubDev] structure lights: crown floor light follows the VANILLA night schedule (OnMsg.LightmodelChange -> map.NightLightsState, NightLightObjects.lua:250-259, :22 on build 1.1.0.403908); it is DAY now, so it is NOT PLACED -- hanging at z 1900 cm, colour 255,214,170, cone 0/0
[TrainHubDev] structure lights: under-deck fill ON, 0 lights (intensity 40, radius 1200 cm)
[TrainHubDev] structure lights: under-deck fill follows the VANILLA night schedule (OnMsg.LightmodelChange -> map.NightLightsState, NightLightObjects.lua:250-259, :22 on build 1.1.0.403908); it is DAY now, so it is NOT PLACED -- hanging at z 700 cm, colour 255,214,170, cone 0/0
[TrainHubDev] lights: 102 placed (72 arm + 30 structure); a stopped hub destroys them all
[TrainHubDev] lights: arm 0, flanks the reactor (red flank) = B2 "Deep blue wash" (SpotLight), 12 lights, engine bearing 0 deg
[TrainHubDev] lights: arm 1, flanks the reactor (blue flank) = B2 "Deep blue wash" (SpotLight), 12 lights, engine bearing 60 deg
[TrainHubDev] lights: arm 2, next to the blue flank = B2 "Deep blue wash" (SpotLight), 12 lights, engine bearing 120 deg
						Lua 0:19:15:291
[TrainHubDev] lights: arm 3, opposite the red flank = B2 "Deep blue wash" (SpotLight), 12 lights, engine bearing 180 deg
[TrainHubDev] lights: arm 4, opposite the blue flank = B2 "Deep blue wash" (SpotLight), 12 lights, engine bearing 240 deg
[TrainHubDev] lights: arm 5, next to the red flank = B2 "Deep blue wash" (SpotLight), 12 lights, engine bearing 300 deg
[TrainHubDev] lights: arm tune intensity 50, side 150 cm, height 200 cm, radius 500 cm, cone 50/100, colour 0,40,255
[TrainHubDev] structure lights: portal rims ON, 30 lights (intensity 4, radius 350 cm)
[TrainHubDev] structure lights: drone pit kerb OFF, 0 lights (intensity 15, radius 300 cm)
[TrainHubDev] structure lights: ring rim strip OFF, 0 lights (intensity 12, radius 400 cm)
[TrainHubDev] structure lights: floor edge strip OFF, 0 lights (intensity 30, radius 300 cm)
[TrainHubDev] structure lights: crown floor light ON, 0 lights (intensity 150, radius 4000 cm)
[TrainHubDev] structure lights: crown floor light follows the VANILLA night schedule (OnMsg.LightmodelChange -> map.NightLightsState, NightLightObjects.lua:250-259, :22 on build 1.1.0.403908); it is DAY now, so it is NOT PLACED -- hanging at z 1900 cm, colour 255,214,170, cone 0/0
[TrainHubDev] structure lights: under-deck fill ON, 0 lights (intensity 40, radius 1200 cm)
[TrainHubDev] structure lights: under-deck fill follows the VANILLA night schedule (OnMsg.LightmodelChange -> map.NightLightsState, NightLightObjects.lua:250-259, :22 on build 1.1.0.403908); it is DAY now, so it is NOT PLACED -- hanging at z 700 cm, colour 255,214,170, cone 0/0
[TrainHubDev] lights: 102 placed (72 arm + 30 structure); a stopped hub destroys them all
						Lua 0:20:03:924
[mod] [SMRTK] SMRTK_SECTION action=section_attach attached=true dialog=ipBuilding object=SMROptInElevatorDepotDev(7985) status=OK t=25410162 id=88
						Lua 0:20:20:615
[mod] [SMRTK] SMRTK_SECTION action=section_attach attached=true dialog=ipBuilding object=SMROptInTrainHub6(6430) status=OK t=25493627 id=89
						Lua 0:20:31:935
[mod] [SMRTK] SMRTK_TAB action=tab_World page=World status=OK t=25550287 id=90
						Lua 0:20:35:592
[mod] [SMRTK] SMRTK_ARM action=mute_geysers on=true status=OK stopped_loops=13 t=25568572 id=91
[SMRTK] SMRTK_ARM action=mute_geysers on=true status=OK stopped_loops=13 t=25568572 id=91
						Lua 0:20:37:433
[mod] [SMRTK] SMRTK_PANEL action=panel_toggle open=false status=OK tab=World t=25577787 id=92
						Lua 0:20:38:962
[mod] [SMRTK] SMRTK_SECTION action=section_attach attached=true dialog=ipBuilding object=SMROptInElevatorDepotDev(7985) status=OK t=25585377 id=93
						Lua 0:20:42:880
[TrainHubDev] lights: arm 0, flanks the reactor (red flank) = B2 "Deep blue wash" (SpotLight), 12 lights, engine bearing 0 deg
						Lua 0:20:42:881
[TrainHubDev] lights: arm 1, flanks the reactor (blue flank) = B2 "Deep blue wash" (SpotLight), 12 lights, engine bearing 60 deg
[TrainHubDev] lights: arm 2, next to the blue flank = B2 "Deep blue wash" (SpotLight), 12 lights, engine bearing 120 deg
[TrainHubDev] lights: arm 3, opposite the red flank = B2 "Deep blue wash" (SpotLight), 12 lights, engine bearing 180 deg
						Lua 0:20:42:882
[TrainHubDev] lights: arm 4, opposite the blue flank = B2 "Deep blue wash" (SpotLight), 12 lights, engine bearing 240 deg
[TrainHubDev] lights: arm 5, next to the red flank = B2 "Deep blue wash" (SpotLight), 12 lights, engine bearing 300 deg
[TrainHubDev] lights: arm tune intensity 50, side 150 cm, height 200 cm, radius 500 cm, cone 50/100, colour 0,40,255
						Lua 0:20:42:883
[TrainHubDev] structure lights: portal rims ON, 30 lights (intensity 4, radius 350 cm)
[TrainHubDev] structure lights: drone pit kerb OFF, 0 lights (intensity 15, radius 300 cm)
[TrainHubDev] structure lights: ring rim strip OFF, 0 lights (intensity 12, radius 400 cm)
[TrainHubDev] structure lights: floor edge strip OFF, 0 lights (intensity 30, radius 300 cm)
[TrainHubDev] structure lights: crown floor light ON, 1 lights (intensity 150, radius 4000 cm)
[TrainHubDev] structure lights: crown floor light follows the VANILLA night schedule (OnMsg.LightmodelChange -> map.NightLightsState, NightLightObjects.lua:250-259, :22 on build 1.1.0.403908); it is NIGHT now, so it is LIT -- hanging at z 1900 cm, colour 255,214,170, cone 0/0
[TrainHubDev] structure lights: under-deck fill ON, 18 lights (intensity 40, radius 1200 cm)
[TrainHubDev] structure lights: under-deck fill follows the VANILLA night schedule (OnMsg.LightmodelChange -> map.NightLightsState, NightLightObjects.lua:250-259, :22 on build 1.1.0.403908); it is NIGHT now, so it is LIT -- hanging at z 700 cm, colour 255,214,170, cone 0/0
[TrainHubDev] lights: 121 placed (72 arm + 49 structure); a stopped hub destroys them all
						Lua 0:20:54:581
[mod] [SMRTK] SMRTK_PANEL action=panel_toggle open=true status=OK tab=World t=25663527 id=94
						Lua 0:20:57:508
[mod] [SMRTK] SMRTK_TAB action=tab_Agent page=Agent status=OK t=25678162 id=95
						Lua 0:20:58:801
[mod] [SMRTK] SMRTK_MARK action=mark label=STREAM_START mark=531 status=OK t=25684617 id=96
[SMRTK] SMRTK_MARK action=mark label=STREAM_START mark=531 status=OK t=25684617 id=96
[mod] [SMRTK] SMRTK_FINGERPRINT action=fingerprint fix_pack_present=45/45 game=406343 mark_action=mark mods=SMR_CommunityFixPack,SMR_CommunityFixPackTestKit,SMR_CommunityOptInPack,SMR_ElevatorStationDev_20260929,SMR_RailShaftDev_20260923,SMR_TrainHubDev_20260918,SMR_TrainHubPrototype_20260918 pack_version=26 read="live registry" save="Double Hub+elev built.savegame.sav" sol=36 status=OK t=25684617 id=97
[SMRTK] SMRTK_FINGERPRINT action=fingerprint fix_pack_present=45/45 game=406343 mark_action=mark mods=SMR_CommunityFixPack,SMR_CommunityFixPackTestKit,SMR_CommunityOptInPack,SMR_ElevatorStationDev_20260929,SMR_RailShaftDev_20260923,SMR_TrainHubDev_20260918,SMR_TrainHubPrototype_20260918 pack_version=26 read="live registry" save="Double Hub+elev built.savegame.sav" sol=36 status=OK t=25684617 id=97
[mod] [SMRTK] SMRTK_STREAM assigned=none at_station=true cargo=none command=LoadTrain effective_speed=0 line=2012-6430 passengers=0 row=train station=6430 train=2000001844 t=25684617 id=98
[mod] [SMRTK] SMRTK_STREAM assigned=none at_station=true cargo=none command=LoadTrain effective_speed=0 line=2011-6430 passengers=0 row=train station=6430 train=2000001845 t=25684617 id=99
[mod] [SMRTK] SMRTK_STREAM assigned=none at_station=true cargo=none command=LoadTrain effective_speed=0 line=6430-7873 passengers=0 row=train station=6430 train=2000001846 t=25684617 id=100
[mod] [SMRTK] SMRTK_STREAM assigned=none at_station=true cargo=none command=LoadTrain effective_speed=0 line=6430-2008 passengers=0 row=train station=6430 train=2000001848 t=25684617 id=101
[mod] [SMRTK] SMRTK_STREAM assigned=none at_station=false cargo=none command=GotoStation effective_speed=4503 line=2012-6430 passengers=0 row=train station=2012 train=2000001849 t=25684617 id=102
[mod] [SMRTK] SMRTK_STREAM assigned=none at_station=false cargo=none command=GotoStation effective_speed=4504 line=2011-6430 passengers=0 row=train station=2011 train=2000001850 t=25684617 id=103
[mod] [SMRTK] SMRTK_STREAM assigned=none at_station=true cargo=none command=LoadTrain effective_speed=0 line=6430-2007 passengers=0 row=train station=6430 train=2000001851 t=25684617 id=104
						Lua 0:20:58:802
[mod] [SMRTK] SMRTK_STREAM assigned=none at_station=true cargo=none command=LoadTrain effective_speed=0 line=6495-6827 passengers=0 row=train station=6495 train=2000002387 t=25684617 id=105
[mod] [SMRTK] SMRTK_STREAM assigned=none at_station=true cargo=none command=LoadTrain effective_speed=0 line=7411-6495 passengers=0 row=train station=6495 train=2000002388 t=25684617 id=106
[mod] [SMRTK] SMRTK_STREAM assigned=none at_station=true cargo=none command=LoadTrain effective_speed=0 line=6883-6495 passengers=0 row=train station=6495 train=2000002389 t=25684617 id=107
[mod] [SMRTK] SMRTK_STREAM assigned=none at_station=true cargo=none command=LoadTrain effective_speed=0 line=6951-6495 passengers=0 row=train station=6495 train=2000002390 t=25684617 id=108
[mod] [SMRTK] SMRTK_STREAM assigned=none at_station=true cargo=none command=LoadTrain effective_speed=0 line=7411-6495 passengers=0 row=train station=7411 train=2000002391 t=25684617 id=109
[mod] [SMRTK] SMRTK_STREAM assigned=none at_station=true cargo=none command=LoadTrain effective_speed=0 line=6951-6495 passengers=0 row=train station=6951 train=2000002392 t=25684617 id=110
[mod] [SMRTK] SMRTK_STREAM assigned=none at_station=true cargo=none command=LoadTrain effective_speed=0 line=7873-2007 passengers=0 row=train station=7873 train=2000002658 t=25684617 id=111
[mod] [SMRTK] SMRTK_STREAM assigned=none at_station=true cargo=none command=LoadTrain effective_speed=0 line=7985-7873 passengers=0 row=train station=7873 train=2000002659 t=25684617 id=112
						Lua 0:20:58:812
[mod] [SMRTK] SMRTK_STREAM before=start calls=188 cubes=none expected_cubes=none hub=false res=Herbs row=stock station=2007 stock=10000 target=10000 t=25684617 id=113
[mod] [SMRTK] SMRTK_STREAM before=start calls=188 cubes=none expected_cubes=none hub=false res=Metals row=stock station=2007 stock=9300 target=10000 t=25684617 id=114
[mod] [SMRTK] SMRTK_STREAM before=start calls=188 cubes=none expected_cubes=none hub=false res=Concrete row=stock station=2007 stock=10000 target=10000 t=25684617 id=115
[mod] [SMRTK] SMRTK_STREAM before=start calls=188 cubes=none expected_cubes=none hub=false res=Spices row=stock station=2007 stock=10000 target=10000 t=25684617 id=116
[mod] [SMRTK] SMRTK_STREAM before=start calls=188 cubes=none expected_cubes=none hub=false res=Food row=stock station=2007 stock=10000 target=10000 t=25684617 id=117
[mod] [SMRTK] SMRTK_STREAM before=start calls=188 cubes=none expected_cubes=none hub=false res=Sugar row=stock station=2007 stock=10000 target=10000 t=25684617 id=118
[mod] [SMRTK] SMRTK_STREAM before=start calls=188 cubes=none expected_cubes=none hub=false res=Butter row=stock station=2007 stock=10000 target=10000 t=25684617 id=119
[mod] [SMRTK] SMRTK_STREAM before=start calls=188 cubes=none expected_cubes=none hub=false res=PreciousMetals row=stock station=2007 stock=10000 target=10000 t=25684617 id=120
[mod] [SMRTK] SMRTK_STREAM before=start calls=188 cubes=none expected_cubes=none hub=false res=Bread row=stock station=2007 stock=10000 target=10000 t=25684617 id=121
[mod] [SMRTK] SMRTK_STREAM before=start calls=188 cubes=none expected_cubes=none hub=false res=PreciousMinerals row=stock station=2007 stock=10000 target=10000 t=25684617 id=122
[mod] [SMRTK] SMRTK_STREAM before=start calls=188 cubes=none expected_cubes=none hub=false res=Cheese row=stock station=2007 stock=10000 target=10000 t=25684617 id=123
[mod] [SMRTK] SMRTK_STREAM before=start calls=188 cubes=none expected_cubes=none hub=false res=Polymers row=stock station=2007 stock=10000 target=10000 t=25684617 id=124
[mod] [SMRTK] SMRTK_STREAM before=start calls=188 cubes=none expected_cubes=none hub=false res=Coffee row=stock station=2007 stock=10000 target=10000 t=25684617 id=125
[mod] [SMRTK] SMRTK_STREAM before=start calls=188 cubes=none expected_cubes=none hub=false res=MachineParts row=stock station=2007 stock=10000 target=10000 t=25684617 id=126
[mod] [SMRTK] SMRTK_STREAM before=start calls=188 cubes=none expected_cubes=none hub=false res=Electronics row=stock station=2007 stock=10000 target=10000 t=25684617 id=127
[mod] [SMRTK] SMRTK_STREAM before=start calls=188 cubes=none expected_cubes=none hub=false res=Meat row=stock station=2007 stock=10000 target=10000 t=25684617 id=128
[mod] [SMRTK] SMRTK_STREAM before=start calls=188 cubes=none expected_cubes=none hub=false res=Fuel row=stock station=2007 stock=10000 target=10000 t=25684617 id=129
[mod] [SMRTK] SMRTK_STREAM before=start calls=188 cubes=none expected_cubes=none hub=false res=Seeds row=stock station=2007 stock=10000 target=10000 t=25684617 id=130
[mod] [SMRTK] SMRTK_STREAM before=start calls=188 cubes=none expected_cubes=none hub=false res=WasteRock row=stock station=2007 stock=10000 target=10000 t=25684617 id=131
						Lua 0:20:58:813
[mod] [SMRTK] SMRTK_STREAM before=start calls=102 cubes=none expected_cubes=none hub=false res=Herbs row=stock station=2008 stock=10000 target=10000 t=25684617 id=132
[mod] [SMRTK] SMRTK_STREAM before=start calls=102 cubes=none expected_cubes=none hub=false res=Metals row=stock station=2008 stock=9300 target=10000 t=25684617 id=133
[mod] [SMRTK] SMRTK_STREAM before=start calls=102 cubes=none expected_cubes=none hub=false res=Concrete row=stock station=2008 stock=10000 target=10000 t=25684617 id=134
[mod] [SMRTK] SMRTK_STREAM before=start calls=102 cubes=none expected_cubes=none hub=false res=Spices row=stock station=2008 stock=10000 target=10000 t=25684617 id=135
[mod] [SMRTK] SMRTK_STREAM before=start calls=102 cubes=none expected_cubes=none hub=false res=Food row=stock station=2008 stock=10000 target=10000 t=25684617 id=136
[mod] [SMRTK] SMRTK_STREAM before=start calls=102 cubes=none expected_cubes=none hub=false res=Sugar row=stock station=2008 stock=10000 target=10000 t=25684617 id=137
[mod] [SMRTK] SMRTK_STREAM before=start calls=102 cubes=none expected_cubes=none hub=false res=Butter row=stock station=2008 stock=10000 target=10000 t=25684617 id=138
[mod] [SMRTK] SMRTK_STREAM before=start calls=102 cubes=none expected_cubes=none hub=false res=PreciousMetals row=stock station=2008 stock=10000 target=10000 t=25684617 id=139
[mod] [SMRTK] SMRTK_STREAM before=start calls=102 cubes=none expected_cubes=none hub=false res=Bread row=stock station=2008 stock=10000 target=10000 t=25684617 id=140
[mod] [SMRTK] SMRTK_STREAM before=start calls=102 cubes=none expected_cubes=none hub=false res=PreciousMinerals row=stock station=2008 stock=10000 target=10000 t=25684617 id=141
[mod] [SMRTK] SMRTK_STREAM before=start calls=102 cubes=none expected_cubes=none hub=false res=Cheese row=stock station=2008 stock=10000 target=10000 t=25684617 id=142
[mod] [SMRTK] SMRTK_STREAM before=start calls=102 cubes=none expected_cubes=none hub=false res=Polymers row=stock station=2008 stock=10000 target=10000 t=25684617 id=143
[mod] [SMRTK] SMRTK_STREAM before=start calls=102 cubes=none expected_cubes=none hub=false res=Coffee row=stock station=2008 stock=10000 target=10000 t=25684617 id=144
[mod] [SMRTK] SMRTK_STREAM before=start calls=102 cubes=none expected_cubes=none hub=false res=MachineParts row=stock station=2008 stock=10000 target=10000 t=25684617 id=145
[mod] [SMRTK] SMRTK_STREAM before=start calls=102 cubes=none expected_cubes=none hub=false res=Electronics row=stock station=2008 stock=10000 target=10000 t=25684617 id=146
[mod] [SMRTK] SMRTK_STREAM before=start calls=102 cubes=none expected_cubes=none hub=false res=Meat row=stock station=2008 stock=10000 target=10000 t=25684617 id=147
[mod] [SMRTK] SMRTK_STREAM before=start calls=102 cubes=none expected_cubes=none hub=false res=Fuel row=stock station=2008 stock=10000 target=10000 t=25684617 id=148
[mod] [SMRTK] SMRTK_STREAM before=start calls=102 cubes=none expected_cubes=none hub=false res=Seeds row=stock station=2008 stock=10000 target=10000 t=25684617 id=149
[mod] [SMRTK] SMRTK_STREAM before=start calls=102 cubes=none expected_cubes=none hub=false res=WasteRock row=stock station=2008 stock=10000 target=10000 t=25684617 id=150
[mod] [SMRTK] SMRTK_STREAM before=start calls=142 cubes=none expected_cubes=none hub=false res=Herbs row=stock station=2009 stock=10000 target=10000 t=25684617 id=151
[mod] [SMRTK] SMRTK_STREAM before=start calls=142 cubes=none expected_cubes=none hub=false res=Metals row=stock station=2009 stock=9500 target=10000 t=25684617 id=152
[mod] [SMRTK] SMRTK_STREAM before=start calls=142 cubes=none expected_cubes=none hub=false res=Concrete row=stock station=2009 stock=10000 target=10000 t=25684617 id=153
[mod] [SMRTK] SMRTK_STREAM before=start calls=142 cubes=none expected_cubes=none hub=false res=Spices row=stock station=2009 stock=10000 target=10000 t=25684617 id=154
[mod] [SMRTK] SMRTK_STREAM before=start calls=142 cubes=none expected_cubes=none hub=false res=Food row=stock station=2009 stock=10000 target=10000 t=25684617 id=155
[mod] [SMRTK] SMRTK_STREAM before=start calls=142 cubes=none expected_cubes=none hub=false res=Sugar row=stock station=2009 stock=10000 target=10000 t=25684617 id=156
[mod] [SMRTK] SMRTK_STREAM before=start calls=142 cubes=none expected_cubes=none hub=false res=Butter row=stock station=2009 stock=10000 target=10000 t=25684617 id=157
[mod] [SMRTK] SMRTK_STREAM before=start calls=142 cubes=none expected_cubes=none hub=false res=PreciousMetals row=stock station=2009 stock=10000 target=10000 t=25684617 id=158
[mod] [SMRTK] SMRTK_STREAM before=start calls=142 cubes=none expected_cubes=none hub=false res=Bread row=stock station=2009 stock=10000 target=10000 t=25684617 id=159
[mod] [SMRTK] SMRTK_STREAM before=start calls=142 cubes=none expected_cubes=none hub=false res=PreciousMinerals row=stock station=2009 stock=10000 target=10000 t=25684617 id=160
[mod] [SMRTK] SMRTK_STREAM before=start calls=142 cubes=none expected_cubes=none hub=false res=Cheese row=stock station=2009 stock=10000 target=10000 t=25684617 id=161
						Lua 0:20:58:814
[mod] [SMRTK] SMRTK_STREAM before=start calls=142 cubes=none expected_cubes=none hub=false res=Polymers row=stock station=2009 stock=10000 target=10000 t=25684617 id=162
[mod] [SMRTK] SMRTK_STREAM before=start calls=142 cubes=none expected_cubes=none hub=false res=Coffee row=stock station=2009 stock=10000 target=10000 t=25684617 id=163
[mod] [SMRTK] SMRTK_STREAM before=start calls=142 cubes=none expected_cubes=none hub=false res=MachineParts row=stock station=2009 stock=10000 target=10000 t=25684617 id=164
[mod] [SMRTK] SMRTK_STREAM before=start calls=142 cubes=none expected_cubes=none hub=false res=Electronics row=stock station=2009 stock=10000 target=10000 t=25684617 id=165
[mod] [SMRTK] SMRTK_STREAM before=start calls=142 cubes=none expected_cubes=none hub=false res=Meat row=stock station=2009 stock=10000 target=10000 t=25684617 id=166
[mod] [SMRTK] SMRTK_STREAM before=start calls=142 cubes=none expected_cubes=none hub=false res=Fuel row=stock station=2009 stock=10000 target=10000 t=25684617 id=167
[mod] [SMRTK] SMRTK_STREAM before=start calls=142 cubes=none expected_cubes=none hub=false res=Seeds row=stock station=2009 stock=10000 target=10000 t=25684617 id=168
[mod] [SMRTK] SMRTK_STREAM before=start calls=142 cubes=none expected_cubes=none hub=false res=WasteRock row=stock station=2009 stock=10000 target=10000 t=25684617 id=169
[mod] [SMRTK] SMRTK_STREAM before=start calls=135 cubes=none expected_cubes=none hub=false res=Herbs row=stock station=2011 stock=10000 target=10000 t=25684617 id=170
[mod] [SMRTK] SMRTK_STREAM before=start calls=135 cubes=none expected_cubes=none hub=false res=Metals row=stock station=2011 stock=9300 target=10000 t=25684617 id=171
[mod] [SMRTK] SMRTK_STREAM before=start calls=135 cubes=none expected_cubes=none hub=false res=Concrete row=stock station=2011 stock=10000 target=10000 t=25684617 id=172
[mod] [SMRTK] SMRTK_STREAM before=start calls=135 cubes=none expected_cubes=none hub=false res=Spices row=stock station=2011 stock=10000 target=10000 t=25684617 id=173
[mod] [SMRTK] SMRTK_STREAM before=start calls=135 cubes=none expected_cubes=none hub=false res=Food row=stock station=2011 stock=10000 target=10000 t=25684617 id=174
[mod] [SMRTK] SMRTK_STREAM before=start calls=135 cubes=none expected_cubes=none hub=false res=Sugar row=stock station=2011 stock=10000 target=10000 t=25684617 id=175
[mod] [SMRTK] SMRTK_STREAM before=start calls=135 cubes=none expected_cubes=none hub=false res=Butter row=stock station=2011 stock=10000 target=10000 t=25684617 id=176
[mod] [SMRTK] SMRTK_STREAM before=start calls=135 cubes=none expected_cubes=none hub=false res=PreciousMetals row=stock station=2011 stock=10000 target=10000 t=25684617 id=177
[mod] [SMRTK] SMRTK_STREAM before=start calls=135 cubes=none expected_cubes=none hub=false res=Bread row=stock station=2011 stock=10000 target=10000 t=25684617 id=178
[mod] [SMRTK] SMRTK_STREAM before=start calls=135 cubes=none expected_cubes=none hub=false res=PreciousMinerals row=stock station=2011 stock=10000 target=10000 t=25684617 id=179
[mod] [SMRTK] SMRTK_STREAM before=start calls=135 cubes=none expected_cubes=none hub=false res=Cheese row=stock station=2011 stock=10000 target=10000 t=25684617 id=180
[mod] [SMRTK] SMRTK_STREAM before=start calls=135 cubes=none expected_cubes=none hub=false res=Polymers row=stock station=2011 stock=10000 target=10000 t=25684617 id=181
[mod] [SMRTK] SMRTK_STREAM before=start calls=135 cubes=none expected_cubes=none hub=false res=Coffee row=stock station=2011 stock=10000 target=10000 t=25684617 id=182
[mod] [SMRTK] SMRTK_STREAM before=start calls=135 cubes=none expected_cubes=none hub=false res=MachineParts row=stock station=2011 stock=10000 target=10000 t=25684617 id=183
[mod] [SMRTK] SMRTK_STREAM before=start calls=135 cubes=none expected_cubes=none hub=false res=Electronics row=stock station=2011 stock=10000 target=10000 t=25684617 id=184
[mod] [SMRTK] SMRTK_STREAM before=start calls=135 cubes=none expected_cubes=none hub=false res=Meat row=stock station=2011 stock=10000 target=10000 t=25684617 id=185
[mod] [SMRTK] SMRTK_STREAM before=start calls=135 cubes=none expected_cubes=none hub=false res=Fuel row=stock station=2011 stock=10000 target=10000 t=25684617 id=186
[mod] [SMRTK] SMRTK_STREAM before=start calls=135 cubes=none expected_cubes=none hub=false res=Seeds row=stock station=2011 stock=10000 target=10000 t=25684617 id=187
[mod] [SMRTK] SMRTK_STREAM before=start calls=135 cubes=none expected_cubes=none hub=false res=WasteRock row=stock station=2011 stock=10000 target=10000 t=25684617 id=188
[mod] [SMRTK] SMRTK_STREAM before=start calls=65 cubes=none expected_cubes=none hub=false res=Herbs row=stock station=2012 stock=10000 target=10000 t=25684617 id=189
[mod] [SMRTK] SMRTK_STREAM before=start calls=65 cubes=none expected_cubes=none hub=false res=Metals row=stock station=2012 stock=9300 target=10000 t=25684617 id=190
[mod] [SMRTK] SMRTK_STREAM before=start calls=65 cubes=none expected_cubes=none hub=false res=Concrete row=stock station=2012 stock=10000 target=10000 t=25684617 id=191
						Lua 0:20:58:815
[mod] [SMRTK] SMRTK_STREAM before=start calls=65 cubes=none expected_cubes=none hub=false res=Spices row=stock station=2012 stock=10000 target=10000 t=25684617 id=192
[mod] [SMRTK] SMRTK_STREAM before=start calls=65 cubes=none expected_cubes=none hub=false res=Food row=stock station=2012 stock=10000 target=10000 t=25684617 id=193
[mod] [SMRTK] SMRTK_STREAM before=start calls=65 cubes=none expected_cubes=none hub=false res=Sugar row=stock station=2012 stock=10000 target=10000 t=25684617 id=194
[mod] [SMRTK] SMRTK_STREAM before=start calls=65 cubes=none expected_cubes=none hub=false res=Butter row=stock station=2012 stock=10000 target=10000 t=25684617 id=195
[mod] [SMRTK] SMRTK_STREAM before=start calls=65 cubes=none expected_cubes=none hub=false res=PreciousMetals row=stock station=2012 stock=10000 target=10000 t=25684617 id=196
[mod] [SMRTK] SMRTK_STREAM before=start calls=65 cubes=none expected_cubes=none hub=false res=Bread row=stock station=2012 stock=10000 target=10000 t=25684617 id=197
[mod] [SMRTK] SMRTK_STREAM before=start calls=65 cubes=none expected_cubes=none hub=false res=PreciousMinerals row=stock station=2012 stock=10000 target=10000 t=25684617 id=198
[mod] [SMRTK] SMRTK_STREAM before=start calls=65 cubes=none expected_cubes=none hub=false res=Cheese row=stock station=2012 stock=10000 target=10000 t=25684617 id=199
[mod] [SMRTK] SMRTK_STREAM before=start calls=65 cubes=none expected_cubes=none hub=false res=Polymers row=stock station=2012 stock=10000 target=10000 t=25684617 id=200
[mod] [SMRTK] SMRTK_STREAM before=start calls=65 cubes=none expected_cubes=none hub=false res=Coffee row=stock station=2012 stock=10000 target=10000 t=25684617 id=201
[mod] [SMRTK] SMRTK_STREAM before=start calls=65 cubes=none expected_cubes=none hub=false res=MachineParts row=stock station=2012 stock=10000 target=10000 t=25684617 id=202
[mod] [SMRTK] SMRTK_STREAM before=start calls=65 cubes=none expected_cubes=none hub=false res=Electronics row=stock station=2012 stock=10000 target=10000 t=25684617 id=203
[mod] [SMRTK] SMRTK_STREAM before=start calls=65 cubes=none expected_cubes=none hub=false res=Meat row=stock station=2012 stock=10000 target=10000 t=25684617 id=204
[mod] [SMRTK] SMRTK_STREAM before=start calls=65 cubes=none expected_cubes=none hub=false res=Fuel row=stock station=2012 stock=10000 target=10000 t=25684617 id=205
[mod] [SMRTK] SMRTK_STREAM before=start calls=65 cubes=none expected_cubes=none hub=false res=Seeds row=stock station=2012 stock=10000 target=10000 t=25684617 id=206
[mod] [SMRTK] SMRTK_STREAM before=start calls=65 cubes=none expected_cubes=none hub=false res=WasteRock row=stock station=2012 stock=10000 target=10000 t=25684617 id=207
[mod] [SMRTK] SMRTK_STREAM before=start calls=68 cubes=none expected_cubes=none hub=false res=Herbs row=stock station=6243 stock=10000 target=10000 t=25684617 id=208
[mod] [SMRTK] SMRTK_STREAM before=start calls=68 cubes=none expected_cubes=none hub=false res=Metals row=stock station=6243 stock=9300 target=10000 t=25684617 id=209
[mod] [SMRTK] SMRTK_STREAM before=start calls=68 cubes=none expected_cubes=none hub=false res=Concrete row=stock station=6243 stock=10000 target=10000 t=25684617 id=210
[mod] [SMRTK] SMRTK_STREAM before=start calls=68 cubes=none expected_cubes=none hub=false res=Spices row=stock station=6243 stock=10000 target=10000 t=25684617 id=211
[mod] [SMRTK] SMRTK_STREAM before=start calls=68 cubes=none expected_cubes=none hub=false res=Food row=stock station=6243 stock=10000 target=10000 t=25684617 id=212
[mod] [SMRTK] SMRTK_STREAM before=start calls=68 cubes=none expected_cubes=none hub=false res=Sugar row=stock station=6243 stock=10000 target=10000 t=25684617 id=213
[mod] [SMRTK] SMRTK_STREAM before=start calls=68 cubes=none expected_cubes=none hub=false res=Butter row=stock station=6243 stock=10000 target=10000 t=25684617 id=214
[mod] [SMRTK] SMRTK_STREAM before=start calls=68 cubes=none expected_cubes=none hub=false res=PreciousMetals row=stock station=6243 stock=10000 target=10000 t=25684617 id=215
[mod] [SMRTK] SMRTK_STREAM before=start calls=68 cubes=none expected_cubes=none hub=false res=Bread row=stock station=6243 stock=10000 target=10000 t=25684617 id=216
[mod] [SMRTK] SMRTK_STREAM before=start calls=68 cubes=none expected_cubes=none hub=false res=PreciousMinerals row=stock station=6243 stock=10000 target=10000 t=25684617 id=217
[mod] [SMRTK] SMRTK_STREAM before=start calls=68 cubes=none expected_cubes=none hub=false res=Cheese row=stock station=6243 stock=10000 target=10000 t=25684617 id=218
[mod] [SMRTK] SMRTK_STREAM before=start calls=68 cubes=none expected_cubes=none hub=false res=Polymers row=stock station=6243 stock=10000 target=10000 t=25684617 id=219
[mod] [SMRTK] SMRTK_STREAM before=start calls=68 cubes=none expected_cubes=none hub=false res=Coffee row=stock station=6243 stock=10000 target=10000 t=25684617 id=220
[mod] [SMRTK] SMRTK_STREAM before=start calls=68 cubes=none expected_cubes=none hub=false res=MachineParts row=stock station=6243 stock=10000 target=10000 t=25684617 id=221
						Lua 0:20:58:816
[mod] [SMRTK] SMRTK_STREAM before=start calls=68 cubes=none expected_cubes=none hub=false res=Electronics row=stock station=6243 stock=10000 target=10000 t=25684617 id=222
[mod] [SMRTK] SMRTK_STREAM before=start calls=68 cubes=none expected_cubes=none hub=false res=Meat row=stock station=6243 stock=10000 target=10000 t=25684617 id=223
[mod] [SMRTK] SMRTK_STREAM before=start calls=68 cubes=none expected_cubes=none hub=false res=Fuel row=stock station=6243 stock=10000 target=10000 t=25684617 id=224
[mod] [SMRTK] SMRTK_STREAM before=start calls=68 cubes=none expected_cubes=none hub=false res=Seeds row=stock station=6243 stock=10000 target=10000 t=25684617 id=225
[mod] [SMRTK] SMRTK_STREAM before=start calls=68 cubes=none expected_cubes=none hub=false res=WasteRock row=stock station=6243 stock=10000 target=10000 t=25684617 id=226
[mod] [SMRTK] SMRTK_STREAM before=start calls=491 cubes=171 expected_cubes=171 hub=true res=Herbs row=stock station=6430 stock=1513000 target=none t=25684617 id=227
[mod] [SMRTK] SMRTK_STREAM before=start calls=491 cubes=171 expected_cubes=171 hub=true res=Metals row=stock station=6430 stock=1866000 target=none t=25684617 id=228
[mod] [SMRTK] SMRTK_STREAM before=start calls=491 cubes=171 expected_cubes=171 hub=true res=Concrete row=stock station=6430 stock=1868000 target=none t=25684617 id=229
[mod] [SMRTK] SMRTK_STREAM before=start calls=491 cubes=171 expected_cubes=171 hub=true res=Spices row=stock station=6430 stock=1514000 target=none t=25684617 id=230
[mod] [SMRTK] SMRTK_STREAM before=start calls=491 cubes=171 expected_cubes=171 hub=true res=Food row=stock station=6430 stock=1504000 target=none t=25684617 id=231
[mod] [SMRTK] SMRTK_STREAM before=start calls=491 cubes=171 expected_cubes=171 hub=true res=Sugar row=stock station=6430 stock=1516000 target=none t=25684617 id=232
[mod] [SMRTK] SMRTK_STREAM before=start calls=491 cubes=171 expected_cubes=171 hub=true res=Butter row=stock station=6430 stock=1516000 target=none t=25684617 id=233
[mod] [SMRTK] SMRTK_STREAM before=start calls=491 cubes=171 expected_cubes=171 hub=true res=PreciousMetals row=stock station=6430 stock=1870000 target=none t=25684617 id=234
[mod] [SMRTK] SMRTK_STREAM before=start calls=491 cubes=171 expected_cubes=171 hub=true res=Bread row=stock station=6430 stock=1514000 target=none t=25684617 id=235
						Lua 0:20:58:817
[mod] [SMRTK] SMRTK_STREAM before=start calls=491 cubes=171 expected_cubes=171 hub=true res=PreciousMinerals row=stock station=6430 stock=1870000 target=none t=25684617 id=236
[mod] [SMRTK] SMRTK_STREAM before=start calls=491 cubes=171 expected_cubes=171 hub=true res=Cheese row=stock station=6430 stock=1514000 target=none t=25684617 id=237
[mod] [SMRTK] SMRTK_STREAM before=start calls=491 cubes=171 expected_cubes=171 hub=true res=Polymers row=stock station=6430 stock=1870000 target=none t=25684617 id=238
[mod] [SMRTK] SMRTK_STREAM before=start calls=491 cubes=171 expected_cubes=171 hub=true res=Coffee row=stock station=6430 stock=1514000 target=none t=25684617 id=239
[mod] [SMRTK] SMRTK_STREAM before=start calls=491 cubes=171 expected_cubes=171 hub=true res=MachineParts row=stock station=6430 stock=1870000 target=none t=25684617 id=240
[mod] [SMRTK] SMRTK_STREAM before=start calls=491 cubes=171 expected_cubes=171 hub=true res=Electronics row=stock station=6430 stock=1868600 target=none t=25684617 id=241
[mod] [SMRTK] SMRTK_STREAM before=start calls=491 cubes=171 expected_cubes=171 hub=true res=Meat row=stock station=6430 stock=1515000 target=none t=25684617 id=242
[mod] [SMRTK] SMRTK_STREAM before=start calls=491 cubes=171 expected_cubes=171 hub=true res=Fuel row=stock station=6430 stock=1870000 target=none t=25684617 id=243
[mod] [SMRTK] SMRTK_STREAM before=start calls=491 cubes=171 expected_cubes=171 hub=true res=Seeds row=stock station=6430 stock=1870000 target=none t=25684617 id=244
[mod] [SMRTK] SMRTK_STREAM before=start calls=491 cubes=162 expected_cubes=162 hub=true res=WasteRock row=stock station=6430 stock=1870000 target=none t=25684617 id=245
						Lua 0:20:58:818
[mod] [SMRTK] SMRTK_STREAM before=start calls=678 cubes=0 expected_cubes=0 hub=true res=Herbs row=stock station=6495 stock=0 target=none t=25684617 id=246
[mod] [SMRTK] SMRTK_STREAM before=start calls=678 cubes=0 expected_cubes=0 hub=true res=Metals row=stock station=6495 stock=0 target=none t=25684617 id=247
[mod] [SMRTK] SMRTK_STREAM before=start calls=678 cubes=0 expected_cubes=0 hub=true res=Concrete row=stock station=6495 stock=0 target=none t=25684617 id=248
[mod] [SMRTK] SMRTK_STREAM before=start calls=678 cubes=0 expected_cubes=0 hub=true res=Spices row=stock station=6495 stock=0 target=none t=25684617 id=249
[mod] [SMRTK] SMRTK_STREAM before=start calls=678 cubes=0 expected_cubes=0 hub=true res=Food row=stock station=6495 stock=0 target=none t=25684617 id=250
[mod] [SMRTK] SMRTK_STREAM before=start calls=678 cubes=0 expected_cubes=0 hub=true res=Sugar row=stock station=6495 stock=0 target=none t=25684617 id=251
[mod] [SMRTK] SMRTK_STREAM before=start calls=678 cubes=0 expected_cubes=0 hub=true res=Butter row=stock station=6495 stock=0 target=none t=25684617 id=252
[mod] [SMRTK] SMRTK_STREAM before=start calls=678 cubes=0 expected_cubes=0 hub=true res=PreciousMetals row=stock station=6495 stock=0 target=none t=25684617 id=253
[mod] [SMRTK] SMRTK_STREAM before=start calls=678 cubes=0 expected_cubes=0 hub=true res=Bread row=stock station=6495 stock=0 target=none t=25684617 id=254
[mod] [SMRTK] SMRTK_STREAM before=start calls=678 cubes=0 expected_cubes=0 hub=true res=PreciousMinerals row=stock station=6495 stock=0 target=none t=25684617 id=255
[mod] [SMRTK] SMRTK_STREAM before=start calls=678 cubes=0 expected_cubes=0 hub=true res=Cheese row=stock station=6495 stock=0 target=none t=25684617 id=256
[mod] [SMRTK] SMRTK_STREAM before=start calls=678 cubes=0 expected_cubes=0 hub=true res=Polymers row=stock station=6495 stock=0 target=none t=25684617 id=257
[mod] [SMRTK] SMRTK_STREAM before=start calls=678 cubes=0 expected_cubes=0 hub=true res=Coffee row=stock station=6495 stock=0 target=none t=25684617 id=258
[mod] [SMRTK] SMRTK_STREAM before=start calls=678 cubes=0 expected_cubes=0 hub=true res=MachineParts row=stock station=6495 stock=0 target=none t=25684617 id=259
[mod] [SMRTK] SMRTK_STREAM before=start calls=678 cubes=0 expected_cubes=0 hub=true res=Electronics row=stock station=6495 stock=0 target=none t=25684617 id=260
[mod] [SMRTK] SMRTK_STREAM before=start calls=678 cubes=0 expected_cubes=0 hub=true res=Meat row=stock station=6495 stock=0 target=none t=25684617 id=261
[mod] [SMRTK] SMRTK_STREAM before=start calls=678 cubes=0 expected_cubes=0 hub=true res=Fuel row=stock station=6495 stock=0 target=none t=25684617 id=262
[mod] [SMRTK] SMRTK_STREAM before=start calls=678 cubes=0 expected_cubes=0 hub=true res=Seeds row=stock station=6495 stock=0 target=none t=25684617 id=263
[mod] [SMRTK] SMRTK_STREAM before=start calls=678 cubes=0 expected_cubes=0 hub=true res=WasteRock row=stock station=6495 stock=0 target=none t=25684617 id=264
[mod] [SMRTK] SMRTK_STREAM before=start calls=0 cubes=none expected_cubes=none hub=false res=Herbs row=stock station=6827 stock=0 target=10000 t=25684617 id=265
[mod] [SMRTK] SMRTK_STREAM before=start calls=0 cubes=none expected_cubes=none hub=false res=Metals row=stock station=6827 stock=0 target=10000 t=25684617 id=266
[mod] [SMRTK] SMRTK_STREAM before=start calls=0 cubes=none expected_cubes=none hub=false res=Concrete row=stock station=6827 stock=0 target=10000 t=25684617 id=267
[mod] [SMRTK] SMRTK_STREAM before=start calls=0 cubes=none expected_cubes=none hub=false res=Spices row=stock station=6827 stock=0 target=10000 t=25684617 id=268
[mod] [SMRTK] SMRTK_STREAM before=start calls=0 cubes=none expected_cubes=none hub=false res=Food row=stock station=6827 stock=0 target=10000 t=25684617 id=269
[mod] [SMRTK] SMRTK_STREAM before=start calls=0 cubes=none expected_cubes=none hub=false res=Sugar row=stock station=6827 stock=0 target=10000 t=25684617 id=270
[mod] [SMRTK] SMRTK_STREAM before=start calls=0 cubes=none expected_cubes=none hub=false res=Butter row=stock station=6827 stock=0 target=10000 t=25684617 id=271
[mod] [SMRTK] SMRTK_STREAM before=start calls=0 cubes=none expected_cubes=none hub=false res=PreciousMetals row=stock station=6827 stock=0 target=10000 t=25684617 id=272
[mod] [SMRTK] SMRTK_STREAM before=start calls=0 cubes=none expected_cubes=none hub=false res=Bread row=stock station=6827 stock=0 target=10000 t=25684617 id=273
[mod] [SMRTK] SMRTK_STREAM before=start calls=0 cubes=none expected_cubes=none hub=false res=PreciousMinerals row=stock station=6827 stock=0 target=10000 t=25684617 id=274
						Lua 0:20:58:819
[mod] [SMRTK] SMRTK_STREAM before=start calls=0 cubes=none expected_cubes=none hub=false res=Cheese row=stock station=6827 stock=0 target=10000 t=25684617 id=275
[mod] [SMRTK] SMRTK_STREAM before=start calls=0 cubes=none expected_cubes=none hub=false res=Polymers row=stock station=6827 stock=0 target=10000 t=25684617 id=276
[mod] [SMRTK] SMRTK_STREAM before=start calls=0 cubes=none expected_cubes=none hub=false res=Coffee row=stock station=6827 stock=0 target=10000 t=25684617 id=277
[mod] [SMRTK] SMRTK_STREAM before=start calls=0 cubes=none expected_cubes=none hub=false res=MachineParts row=stock station=6827 stock=0 target=10000 t=25684617 id=278
[mod] [SMRTK] SMRTK_STREAM before=start calls=0 cubes=none expected_cubes=none hub=false res=Electronics row=stock station=6827 stock=0 target=10000 t=25684617 id=279
[mod] [SMRTK] SMRTK_STREAM before=start calls=0 cubes=none expected_cubes=none hub=false res=Meat row=stock station=6827 stock=0 target=10000 t=25684617 id=280
[mod] [SMRTK] SMRTK_STREAM before=start calls=0 cubes=none expected_cubes=none hub=false res=Fuel row=stock station=6827 stock=0 target=10000 t=25684617 id=281
[mod] [SMRTK] SMRTK_STREAM before=start calls=0 cubes=none expected_cubes=none hub=false res=Seeds row=stock station=6827 stock=0 target=10000 t=25684617 id=282
[mod] [SMRTK] SMRTK_STREAM before=start calls=0 cubes=none expected_cubes=none hub=false res=WasteRock row=stock station=6827 stock=0 target=10000 t=25684617 id=283
[mod] [SMRTK] SMRTK_STREAM before=start calls=0 cubes=none expected_cubes=none hub=false res=Herbs row=stock station=6883 stock=0 target=10000 t=25684617 id=284
[mod] [SMRTK] SMRTK_STREAM before=start calls=0 cubes=none expected_cubes=none hub=false res=Metals row=stock station=6883 stock=0 target=10000 t=25684617 id=285
[mod] [SMRTK] SMRTK_STREAM before=start calls=0 cubes=none expected_cubes=none hub=false res=Concrete row=stock station=6883 stock=0 target=10000 t=25684617 id=286
[mod] [SMRTK] SMRTK_STREAM before=start calls=0 cubes=none expected_cubes=none hub=false res=Spices row=stock station=6883 stock=0 target=10000 t=25684617 id=287
[mod] [SMRTK] SMRTK_STREAM before=start calls=0 cubes=none expected_cubes=none hub=false res=Food row=stock station=6883 stock=0 target=10000 t=25684617 id=288
[mod] [SMRTK] SMRTK_STREAM before=start calls=0 cubes=none expected_cubes=none hub=false res=Sugar row=stock station=6883 stock=0 target=10000 t=25684617 id=289
[mod] [SMRTK] SMRTK_STREAM before=start calls=0 cubes=none expected_cubes=none hub=false res=Butter row=stock station=6883 stock=0 target=10000 t=25684617 id=290
[mod] [SMRTK] SMRTK_STREAM before=start calls=0 cubes=none expected_cubes=none hub=false res=PreciousMetals row=stock station=6883 stock=0 target=10000 t=25684617 id=291
[mod] [SMRTK] SMRTK_STREAM before=start calls=0 cubes=none expected_cubes=none hub=false res=Bread row=stock station=6883 stock=0 target=10000 t=25684617 id=292
[mod] [SMRTK] SMRTK_STREAM before=start calls=0 cubes=none expected_cubes=none hub=false res=PreciousMinerals row=stock station=6883 stock=0 target=10000 t=25684617 id=293
[mod] [SMRTK] SMRTK_STREAM before=start calls=0 cubes=none expected_cubes=none hub=false res=Cheese row=stock station=6883 stock=0 target=10000 t=25684617 id=294
[mod] [SMRTK] SMRTK_STREAM before=start calls=0 cubes=none expected_cubes=none hub=false res=Polymers row=stock station=6883 stock=0 target=10000 t=25684617 id=295
[mod] [SMRTK] SMRTK_STREAM before=start calls=0 cubes=none expected_cubes=none hub=false res=Coffee row=stock station=6883 stock=0 target=10000 t=25684617 id=296
[mod] [SMRTK] SMRTK_STREAM before=start calls=0 cubes=none expected_cubes=none hub=false res=MachineParts row=stock station=6883 stock=0 target=10000 t=25684617 id=297
[mod] [SMRTK] SMRTK_STREAM before=start calls=0 cubes=none expected_cubes=none hub=false res=Electronics row=stock station=6883 stock=0 target=10000 t=25684617 id=298
[mod] [SMRTK] SMRTK_STREAM before=start calls=0 cubes=none expected_cubes=none hub=false res=Meat row=stock station=6883 stock=0 target=10000 t=25684617 id=299
[mod] [SMRTK] SMRTK_STREAM before=start calls=0 cubes=none expected_cubes=none hub=false res=Fuel row=stock station=6883 stock=0 target=10000 t=25684617 id=300
[mod] [SMRTK] SMRTK_STREAM before=start calls=0 cubes=none expected_cubes=none hub=false res=Seeds row=stock station=6883 stock=0 target=10000 t=25684617 id=301
[mod] [SMRTK] SMRTK_STREAM before=start calls=0 cubes=none expected_cubes=none hub=false res=WasteRock row=stock station=6883 stock=0 target=10000 t=25684617 id=302
[mod] [SMRTK] SMRTK_STREAM before=start calls=226 cubes=none expected_cubes=none hub=false res=Herbs row=stock station=6951 stock=0 target=10000 t=25684617 id=303
[mod] [SMRTK] SMRTK_STREAM before=start calls=226 cubes=none expected_cubes=none hub=false res=Metals row=stock station=6951 stock=0 target=10000 t=25684617 id=304
						Lua 0:20:58:820
[mod] [SMRTK] SMRTK_STREAM before=start calls=226 cubes=none expected_cubes=none hub=false res=Concrete row=stock station=6951 stock=0 target=10000 t=25684617 id=305
[mod] [SMRTK] SMRTK_STREAM before=start calls=226 cubes=none expected_cubes=none hub=false res=Spices row=stock station=6951 stock=0 target=10000 t=25684617 id=306
[mod] [SMRTK] SMRTK_STREAM before=start calls=226 cubes=none expected_cubes=none hub=false res=Food row=stock station=6951 stock=0 target=10000 t=25684617 id=307
[mod] [SMRTK] SMRTK_STREAM before=start calls=226 cubes=none expected_cubes=none hub=false res=Sugar row=stock station=6951 stock=0 target=10000 t=25684617 id=308
[mod] [SMRTK] SMRTK_STREAM before=start calls=226 cubes=none expected_cubes=none hub=false res=Butter row=stock station=6951 stock=0 target=10000 t=25684617 id=309
[mod] [SMRTK] SMRTK_STREAM before=start calls=226 cubes=none expected_cubes=none hub=false res=PreciousMetals row=stock station=6951 stock=0 target=10000 t=25684617 id=310
[mod] [SMRTK] SMRTK_STREAM before=start calls=226 cubes=none expected_cubes=none hub=false res=Bread row=stock station=6951 stock=0 target=10000 t=25684617 id=311
[mod] [SMRTK] SMRTK_STREAM before=start calls=226 cubes=none expected_cubes=none hub=false res=PreciousMinerals row=stock station=6951 stock=0 target=10000 t=25684617 id=312
[mod] [SMRTK] SMRTK_STREAM before=start calls=226 cubes=none expected_cubes=none hub=false res=Cheese row=stock station=6951 stock=0 target=10000 t=25684617 id=313
[mod] [SMRTK] SMRTK_STREAM before=start calls=226 cubes=none expected_cubes=none hub=false res=Polymers row=stock station=6951 stock=0 target=10000 t=25684617 id=314
[mod] [SMRTK] SMRTK_STREAM before=start calls=226 cubes=none expected_cubes=none hub=false res=Coffee row=stock station=6951 stock=0 target=10000 t=25684617 id=315
[mod] [SMRTK] SMRTK_STREAM before=start calls=226 cubes=none expected_cubes=none hub=false res=MachineParts row=stock station=6951 stock=0 target=10000 t=25684617 id=316
[mod] [SMRTK] SMRTK_STREAM before=start calls=226 cubes=none expected_cubes=none hub=false res=Electronics row=stock station=6951 stock=0 target=10000 t=25684617 id=317
[mod] [SMRTK] SMRTK_STREAM before=start calls=226 cubes=none expected_cubes=none hub=false res=Meat row=stock station=6951 stock=0 target=10000 t=25684617 id=318
[mod] [SMRTK] SMRTK_STREAM before=start calls=226 cubes=none expected_cubes=none hub=false res=Fuel row=stock station=6951 stock=0 target=10000 t=25684617 id=319
[mod] [SMRTK] SMRTK_STREAM before=start calls=226 cubes=none expected_cubes=none hub=false res=Seeds row=stock station=6951 stock=0 target=10000 t=25684617 id=320
[mod] [SMRTK] SMRTK_STREAM before=start calls=226 cubes=none expected_cubes=none hub=false res=WasteRock row=stock station=6951 stock=0 target=10000 t=25684617 id=321
[mod] [SMRTK] SMRTK_STREAM before=start calls=113 cubes=none expected_cubes=none hub=false res=Herbs row=stock station=7411 stock=0 target=10000 t=25684617 id=322
[mod] [SMRTK] SMRTK_STREAM before=start calls=113 cubes=none expected_cubes=none hub=false res=Metals row=stock station=7411 stock=0 target=10000 t=25684617 id=323
[mod] [SMRTK] SMRTK_STREAM before=start calls=113 cubes=none expected_cubes=none hub=false res=Concrete row=stock station=7411 stock=0 target=10000 t=25684617 id=324
[mod] [SMRTK] SMRTK_STREAM before=start calls=113 cubes=none expected_cubes=none hub=false res=Spices row=stock station=7411 stock=0 target=10000 t=25684617 id=325
[mod] [SMRTK] SMRTK_STREAM before=start calls=113 cubes=none expected_cubes=none hub=false res=Food row=stock station=7411 stock=0 target=10000 t=25684617 id=326
[mod] [SMRTK] SMRTK_STREAM before=start calls=113 cubes=none expected_cubes=none hub=false res=Sugar row=stock station=7411 stock=0 target=10000 t=25684617 id=327
[mod] [SMRTK] SMRTK_STREAM before=start calls=113 cubes=none expected_cubes=none hub=false res=Butter row=stock station=7411 stock=0 target=10000 t=25684617 id=328
[mod] [SMRTK] SMRTK_STREAM before=start calls=113 cubes=none expected_cubes=none hub=false res=PreciousMetals row=stock station=7411 stock=0 target=10000 t=25684617 id=329
[mod] [SMRTK] SMRTK_STREAM before=start calls=113 cubes=none expected_cubes=none hub=false res=Bread row=stock station=7411 stock=0 target=10000 t=25684617 id=330
[mod] [SMRTK] SMRTK_STREAM before=start calls=113 cubes=none expected_cubes=none hub=false res=PreciousMinerals row=stock station=7411 stock=0 target=10000 t=25684617 id=331
[mod] [SMRTK] SMRTK_STREAM before=start calls=113 cubes=none expected_cubes=none hub=false res=Cheese row=stock station=7411 stock=0 target=10000 t=25684617 id=332
[mod] [SMRTK] SMRTK_STREAM before=start calls=113 cubes=none expected_cubes=none hub=false res=Polymers row=stock station=7411 stock=0 target=10000 t=25684617 id=333
[mod] [SMRTK] SMRTK_STREAM before=start calls=113 cubes=none expected_cubes=none hub=false res=Coffee row=stock station=7411 stock=0 target=10000 t=25684617 id=334
						Lua 0:20:58:821
[mod] [SMRTK] SMRTK_STREAM before=start calls=113 cubes=none expected_cubes=none hub=false res=MachineParts row=stock station=7411 stock=0 target=10000 t=25684617 id=335
[mod] [SMRTK] SMRTK_STREAM before=start calls=113 cubes=none expected_cubes=none hub=false res=Electronics row=stock station=7411 stock=0 target=10000 t=25684617 id=336
[mod] [SMRTK] SMRTK_STREAM before=start calls=113 cubes=none expected_cubes=none hub=false res=Meat row=stock station=7411 stock=0 target=10000 t=25684617 id=337
[mod] [SMRTK] SMRTK_STREAM before=start calls=113 cubes=none expected_cubes=none hub=false res=Fuel row=stock station=7411 stock=0 target=10000 t=25684617 id=338
[mod] [SMRTK] SMRTK_STREAM before=start calls=113 cubes=none expected_cubes=none hub=false res=Seeds row=stock station=7411 stock=0 target=10000 t=25684617 id=339
[mod] [SMRTK] SMRTK_STREAM before=start calls=113 cubes=none expected_cubes=none hub=false res=WasteRock row=stock station=7411 stock=0 target=10000 t=25684617 id=340
[mod] [SMRTK] SMRTK_STREAM before=start calls=0 cubes=none expected_cubes=none hub=false res=Herbs row=stock station=7861 stock=0 target=none t=25684617 id=341
[mod] [SMRTK] SMRTK_STREAM before=start calls=0 cubes=none expected_cubes=none hub=false res=Metals row=stock station=7861 stock=11300 target=none t=25684617 id=342
[mod] [SMRTK] SMRTK_STREAM before=start calls=0 cubes=none expected_cubes=none hub=false res=Concrete row=stock station=7861 stock=12000 target=none t=25684617 id=343
[mod] [SMRTK] SMRTK_STREAM before=start calls=0 cubes=none expected_cubes=none hub=false res=Spices row=stock station=7861 stock=0 target=none t=25684617 id=344
[mod] [SMRTK] SMRTK_STREAM before=start calls=0 cubes=none expected_cubes=none hub=false res=Food row=stock station=7861 stock=12000 target=none t=25684617 id=345
[mod] [SMRTK] SMRTK_STREAM before=start calls=0 cubes=none expected_cubes=none hub=false res=Sugar row=stock station=7861 stock=0 target=none t=25684617 id=346
[mod] [SMRTK] SMRTK_STREAM before=start calls=0 cubes=none expected_cubes=none hub=false res=Butter row=stock station=7861 stock=0 target=none t=25684617 id=347
[mod] [SMRTK] SMRTK_STREAM before=start calls=0 cubes=none expected_cubes=none hub=false res=PreciousMetals row=stock station=7861 stock=12000 target=none t=25684617 id=348
[mod] [SMRTK] SMRTK_STREAM before=start calls=0 cubes=none expected_cubes=none hub=false res=Bread row=stock station=7861 stock=0 target=none t=25684617 id=349
[mod] [SMRTK] SMRTK_STREAM before=start calls=0 cubes=none expected_cubes=none hub=false res=PreciousMinerals row=stock station=7861 stock=12000 target=none t=25684617 id=350
[mod] [SMRTK] SMRTK_STREAM before=start calls=0 cubes=none expected_cubes=none hub=false res=Cheese row=stock station=7861 stock=0 target=none t=25684617 id=351
[mod] [SMRTK] SMRTK_STREAM before=start calls=0 cubes=none expected_cubes=none hub=false res=Polymers row=stock station=7861 stock=12000 target=none t=25684617 id=352
[mod] [SMRTK] SMRTK_STREAM before=start calls=0 cubes=none expected_cubes=none hub=false res=Coffee row=stock station=7861 stock=0 target=none t=25684617 id=353
[mod] [SMRTK] SMRTK_STREAM before=start calls=0 cubes=none expected_cubes=none hub=false res=MachineParts row=stock station=7861 stock=12000 target=none t=25684617 id=354
[mod] [SMRTK] SMRTK_STREAM before=start calls=0 cubes=none expected_cubes=none hub=false res=Electronics row=stock station=7861 stock=12000 target=none t=25684617 id=355
[mod] [SMRTK] SMRTK_STREAM before=start calls=0 cubes=none expected_cubes=none hub=false res=Meat row=stock station=7861 stock=0 target=none t=25684617 id=356
[mod] [SMRTK] SMRTK_STREAM before=start calls=0 cubes=none expected_cubes=none hub=false res=Fuel row=stock station=7861 stock=12000 target=none t=25684617 id=357
[mod] [SMRTK] SMRTK_STREAM before=start calls=0 cubes=none expected_cubes=none hub=false res=Seeds row=stock station=7861 stock=12000 target=none t=25684617 id=358
[mod] [SMRTK] SMRTK_STREAM before=start calls=0 cubes=none expected_cubes=none hub=false res=WasteRock row=stock station=7861 stock=0 target=none t=25684617 id=359
[mod] [SMRTK] SMRTK_STREAM before=start calls=334 cubes=none expected_cubes=none hub=false res=Herbs row=stock station=7873 stock=10000 target=10000 t=25684617 id=360
[mod] [SMRTK] SMRTK_STREAM before=start calls=334 cubes=none expected_cubes=none hub=false res=Metals row=stock station=7873 stock=10000 target=10000 t=25684617 id=361
[mod] [SMRTK] SMRTK_STREAM before=start calls=334 cubes=none expected_cubes=none hub=false res=Concrete row=stock station=7873 stock=10000 target=10000 t=25684617 id=362
[mod] [SMRTK] SMRTK_STREAM before=start calls=334 cubes=none expected_cubes=none hub=false res=Spices row=stock station=7873 stock=10000 target=10000 t=25684617 id=363
[mod] [SMRTK] SMRTK_STREAM before=start calls=334 cubes=none expected_cubes=none hub=false res=Food row=stock station=7873 stock=10000 target=10000 t=25684617 id=364
[mod] [SMRTK] SMRTK_STREAM before=start calls=334 cubes=none expected_cubes=none hub=false res=Sugar row=stock station=7873 stock=10000 target=10000 t=25684617 id=365
						Lua 0:20:58:822
[mod] [SMRTK] SMRTK_STREAM before=start calls=334 cubes=none expected_cubes=none hub=false res=Butter row=stock station=7873 stock=10000 target=10000 t=25684617 id=366
[mod] [SMRTK] SMRTK_STREAM before=start calls=334 cubes=none expected_cubes=none hub=false res=PreciousMetals row=stock station=7873 stock=10000 target=10000 t=25684617 id=367
[mod] [SMRTK] SMRTK_STREAM before=start calls=334 cubes=none expected_cubes=none hub=false res=Bread row=stock station=7873 stock=10000 target=10000 t=25684617 id=368
[mod] [SMRTK] SMRTK_STREAM before=start calls=334 cubes=none expected_cubes=none hub=false res=PreciousMinerals row=stock station=7873 stock=10000 target=10000 t=25684617 id=369
[mod] [SMRTK] SMRTK_STREAM before=start calls=334 cubes=none expected_cubes=none hub=false res=Cheese row=stock station=7873 stock=10000 target=10000 t=25684617 id=370
[mod] [SMRTK] SMRTK_STREAM before=start calls=334 cubes=none expected_cubes=none hub=false res=Polymers row=stock station=7873 stock=10000 target=10000 t=25684617 id=371
[mod] [SMRTK] SMRTK_STREAM before=start calls=334 cubes=none expected_cubes=none hub=false res=Coffee row=stock station=7873 stock=10000 target=10000 t=25684617 id=372
[mod] [SMRTK] SMRTK_STREAM before=start calls=334 cubes=none expected_cubes=none hub=false res=MachineParts row=stock station=7873 stock=10000 target=10000 t=25684617 id=373
[mod] [SMRTK] SMRTK_STREAM before=start calls=334 cubes=none expected_cubes=none hub=false res=Electronics row=stock station=7873 stock=10000 target=10000 t=25684617 id=374
[mod] [SMRTK] SMRTK_STREAM before=start calls=334 cubes=none expected_cubes=none hub=false res=Meat row=stock station=7873 stock=10000 target=10000 t=25684617 id=375
[mod] [SMRTK] SMRTK_STREAM before=start calls=334 cubes=none expected_cubes=none hub=false res=Fuel row=stock station=7873 stock=10000 target=10000 t=25684617 id=376
[mod] [SMRTK] SMRTK_STREAM before=start calls=334 cubes=none expected_cubes=none hub=false res=Seeds row=stock station=7873 stock=10000 target=10000 t=25684617 id=377
[mod] [SMRTK] SMRTK_STREAM before=start calls=334 cubes=none expected_cubes=none hub=false res=WasteRock row=stock station=7873 stock=10000 target=10000 t=25684617 id=378
[mod] [SMRTK] SMRTK_STREAM before=start calls=11 cubes=none expected_cubes=none hub=false res=Herbs row=stock station=7985 stock=59428 target=60000 t=25684617 id=379
[mod] [SMRTK] SMRTK_STREAM before=start calls=11 cubes=none expected_cubes=none hub=false res=Metals row=stock station=7985 stock=59168 target=60000 t=25684617 id=380
[mod] [SMRTK] SMRTK_STREAM before=start calls=11 cubes=none expected_cubes=none hub=false res=Concrete row=stock station=7985 stock=59195 target=60000 t=25684617 id=381
[mod] [SMRTK] SMRTK_STREAM before=start calls=11 cubes=none expected_cubes=none hub=false res=Spices row=stock station=7985 stock=57000 target=57600 t=25684617 id=382
[mod] [SMRTK] SMRTK_STREAM before=start calls=11 cubes=none expected_cubes=none hub=false res=Food row=stock station=7985 stock=59032 target=60000 t=25684617 id=383
[mod] [SMRTK] SMRTK_STREAM before=start calls=11 cubes=none expected_cubes=none hub=false res=Sugar row=stock station=7985 stock=58000 target=58800 t=25684617 id=384
[mod] [SMRTK] SMRTK_STREAM before=start calls=11 cubes=none expected_cubes=none hub=false res=Butter row=stock station=7985 stock=60000 target=60000 t=25684617 id=385
[mod] [SMRTK] SMRTK_STREAM before=start calls=11 cubes=none expected_cubes=none hub=false res=PreciousMetals row=stock station=7985 stock=60000 target=60000 t=25684617 id=386
[mod] [SMRTK] SMRTK_STREAM before=start calls=11 cubes=none expected_cubes=none hub=false res=Bread row=stock station=7985 stock=60000 target=60000 t=25684617 id=387
[mod] [SMRTK] SMRTK_STREAM before=start calls=11 cubes=none expected_cubes=none hub=false res=PreciousMinerals row=stock station=7985 stock=60000 target=60000 t=25684617 id=388
[mod] [SMRTK] SMRTK_STREAM before=start calls=11 cubes=none expected_cubes=none hub=false res=Cheese row=stock station=7985 stock=60000 target=60000 t=25684617 id=389
[mod] [SMRTK] SMRTK_STREAM before=start calls=11 cubes=none expected_cubes=none hub=false res=Polymers row=stock station=7985 stock=60000 target=60000 t=25684617 id=390
[mod] [SMRTK] SMRTK_STREAM before=start calls=11 cubes=none expected_cubes=none hub=false res=Coffee row=stock station=7985 stock=60000 target=60000 t=25684617 id=391
[mod] [SMRTK] SMRTK_STREAM before=start calls=11 cubes=none expected_cubes=none hub=false res=MachineParts row=stock station=7985 stock=60000 target=60000 t=25684617 id=392
[mod] [SMRTK] SMRTK_STREAM before=start calls=11 cubes=none expected_cubes=none hub=false res=Electronics row=stock station=7985 stock=60000 target=60000 t=25684617 id=393
						Lua 0:20:58:823
[mod] [SMRTK] SMRTK_STREAM before=start calls=11 cubes=none expected_cubes=none hub=false res=Meat row=stock station=7985 stock=58000 target=58800 t=25684617 id=394
[mod] [SMRTK] SMRTK_STREAM before=start calls=11 cubes=none expected_cubes=none hub=false res=Fuel row=stock station=7985 stock=60000 target=60000 t=25684617 id=395
[mod] [SMRTK] SMRTK_STREAM before=start calls=11 cubes=none expected_cubes=none hub=false res=Seeds row=stock station=7985 stock=60000 target=60000 t=25684617 id=396
[mod] [SMRTK] SMRTK_STREAM before=start calls=11 cubes=none expected_cubes=none hub=false res=WasteRock row=stock station=7985 stock=60000 target=60000 t=25684617 id=397
[mod] [SMRTK] SMRTK_STREAM before=start calls=0 cubes=none expected_cubes=none hub=false res=Herbs row=stock station=8404 stock=0 target=none t=25684617 id=398
[mod] [SMRTK] SMRTK_STREAM before=start calls=0 cubes=none expected_cubes=none hub=false res=Metals row=stock station=8404 stock=0 target=none t=25684617 id=399
[mod] [SMRTK] SMRTK_STREAM before=start calls=0 cubes=none expected_cubes=none hub=false res=Concrete row=stock station=8404 stock=0 target=none t=25684617 id=400
[mod] [SMRTK] SMRTK_STREAM before=start calls=0 cubes=none expected_cubes=none hub=false res=Spices row=stock station=8404 stock=0 target=none t=25684617 id=401
[mod] [SMRTK] SMRTK_STREAM before=start calls=0 cubes=none expected_cubes=none hub=false res=Food row=stock station=8404 stock=0 target=none t=25684617 id=402
[mod] [SMRTK] SMRTK_STREAM before=start calls=0 cubes=none expected_cubes=none hub=false res=Sugar row=stock station=8404 stock=0 target=none t=25684617 id=403
[mod] [SMRTK] SMRTK_STREAM before=start calls=0 cubes=none expected_cubes=none hub=false res=Butter row=stock station=8404 stock=0 target=none t=25684617 id=404
[mod] [SMRTK] SMRTK_STREAM before=start calls=0 cubes=none expected_cubes=none hub=false res=PreciousMetals row=stock station=8404 stock=0 target=none t=25684617 id=405
[mod] [SMRTK] SMRTK_STREAM before=start calls=0 cubes=none expected_cubes=none hub=false res=Bread row=stock station=8404 stock=0 target=none t=25684617 id=406
[mod] [SMRTK] SMRTK_STREAM before=start calls=0 cubes=none expected_cubes=none hub=false res=PreciousMinerals row=stock station=8404 stock=0 target=none t=25684617 id=407
[mod] [SMRTK] SMRTK_STREAM before=start calls=0 cubes=none expected_cubes=none hub=false res=Cheese row=stock station=8404 stock=0 target=none t=25684617 id=408
[mod] [SMRTK] SMRTK_STREAM before=start calls=0 cubes=none expected_cubes=none hub=false res=Polymers row=stock station=8404 stock=0 target=none t=25684617 id=409
[mod] [SMRTK] SMRTK_STREAM before=start calls=0 cubes=none expected_cubes=none hub=false res=Coffee row=stock station=8404 stock=0 target=none t=25684617 id=410
[mod] [SMRTK] SMRTK_STREAM before=start calls=0 cubes=none expected_cubes=none hub=false res=MachineParts row=stock station=8404 stock=0 target=none t=25684617 id=411
[mod] [SMRTK] SMRTK_STREAM before=start calls=0 cubes=none expected_cubes=none hub=false res=Electronics row=stock station=8404 stock=0 target=none t=25684617 id=412
[mod] [SMRTK] SMRTK_STREAM before=start calls=0 cubes=none expected_cubes=none hub=false res=Meat row=stock station=8404 stock=0 target=none t=25684617 id=413
[mod] [SMRTK] SMRTK_STREAM before=start calls=0 cubes=none expected_cubes=none hub=false res=Fuel row=stock station=8404 stock=0 target=none t=25684617 id=414
[mod] [SMRTK] SMRTK_STREAM before=start calls=0 cubes=none expected_cubes=none hub=false res=Seeds row=stock station=8404 stock=0 target=none t=25684617 id=415
[mod] [SMRTK] SMRTK_STREAM before=start calls=0 cubes=none expected_cubes=none hub=false res=WasteRock row=stock station=8404 stock=0 target=none t=25684617 id=416
[mod] [SMRTK] SMRTK_ARM action=slot_6 baseline=319 cadence=1000 distribution=true game_time=25684617 mark=531 rows=319 status=OK t=25684617 id=417
[SMRTK] SMRTK_ARM action=slot_6 baseline=319 cadence=1000 distribution=true game_time=25684617 mark=531 rows=319 status=OK t=25684617 id=417
						Lua 0:20:59:198
[mod] [SMRTK] SMRTK_STREAM assigned=none at_station=true cargo=none command=GotoStation effective_speed=0 line=6430-2008 passengers=0 row=train station=6430 train=2000001844 t=25686617 id=418
[mod] [SMRTK] SMRTK_STREAM assigned=none at_station=false cargo=none command=GotoStation effective_speed=3877 line=6430-2007 passengers=0 row=train station=6430 train=2000001845 t=25686617 id=419
[mod] [SMRTK] SMRTK_STREAM assigned=none at_station=true cargo=none command=false effective_speed=0 line=6430-7873 passengers=0 row=train station=6430 train=2000001846 t=25686617 id=420
[mod] [SMRTK] SMRTK_STREAM assigned=none at_station=true cargo=none command=false effective_speed=0 line=6430-2008 passengers=0 row=train station=6430 train=2000001848 t=25686617 id=421
[mod] [SMRTK] SMRTK_STREAM assigned=none at_station=false cargo=none command=GotoStation effective_speed=4507 line=2012-6430 passengers=0 row=train station=2012 train=2000001849 t=25686617 id=422
[mod] [SMRTK] SMRTK_STREAM assigned=none at_station=true cargo=none command=false effective_speed=0 line=6430-2007 passengers=0 row=train station=6430 train=2000001851 t=25686617 id=423
[mod] [SMRTK] SMRTK_STREAM assigned=none at_station=true cargo=none command=false effective_speed=0 line=6495-6827 passengers=0 row=train station=6495 train=2000002387 t=25686617 id=424
[mod] [SMRTK] SMRTK_STREAM assigned=none at_station=true cargo=none command=false effective_speed=0 line=7411-6495 passengers=0 row=train station=6495 train=2000002388 t=25686617 id=425
[mod] [SMRTK] SMRTK_STREAM assigned=none at_station=true cargo=none command=false effective_speed=0 line=6883-6495 passengers=0 row=train station=6495 train=2000002389 t=25686617 id=426
[mod] [SMRTK] SMRTK_STREAM assigned=none at_station=true cargo=none command=false effective_speed=0 line=6951-6495 passengers=0 row=train station=6495 train=2000002390 t=25686617 id=427
[mod] [SMRTK] SMRTK_STREAM assigned=none at_station=true cargo=none command=false effective_speed=0 line=7411-6495 passengers=0 row=train station=7411 train=2000002391 t=25686617 id=428
[mod] [SMRTK] SMRTK_STREAM assigned=none at_station=true cargo=none command=false effective_speed=0 line=6951-6495 passengers=0 row=train station=6951 train=2000002392 t=25686617 id=429
[mod] [SMRTK] SMRTK_STREAM assigned=none at_station=true cargo=none command=false effective_speed=0 line=7873-2007 passengers=0 row=train station=7873 train=2000002658 t=25686617 id=430
[mod] [SMRTK] SMRTK_STREAM assigned=none at_station=true cargo=none command=false effective_speed=0 line=7985-7873 passengers=0 row=train station=7873 train=2000002659 t=25686617 id=431
						Lua 0:20:59:400
[mod] [SMRTK] SMRTK_STREAM assigned=none at_station=false cargo=none command=GotoStation effective_speed=1910 line=6430-2007 passengers=0 row=train station=6430 train=2000001845 t=25687617 id=432
[mod] [SMRTK] SMRTK_STREAM assigned=none at_station=false cargo=none command=GotoStation effective_speed=4500 line=2012-6430 passengers=0 row=train station=2012 train=2000001849 t=25687617 id=433
						Lua 0:20:59:600
[mod] [SMRTK] SMRTK_STREAM assigned=none at_station=false cargo=none command=GotoStation effective_speed=83 line=6430-2007 passengers=0 row=train station=6430 train=2000001845 t=25688617 id=434
						Lua 0:20:59:798
[mod] [SMRTK] SMRTK_STREAM assigned=none at_station=false cargo=none command=GotoStation effective_speed=214 line=6430-2007 passengers=0 row=train station=6430 train=2000001845 t=25689617 id=435
[mod] [SMRTK] SMRTK_STREAM assigned=none at_station=false cargo=none command=GotoStation effective_speed=0 line=2012-6430 passengers=0 row=train station=2012 train=2000001849 t=25689617 id=436
						Lua 0:20:59:999
[mod] [SMRTK] SMRTK_STREAM assigned=none at_station=false cargo=none command=GotoStation effective_speed=2971 line=6430-2007 passengers=0 row=train station=6430 train=2000001845 t=25690617 id=437
						Lua 0:21:00:198
[mod] [SMRTK] SMRTK_STREAM assigned=none at_station=false cargo=none command=GotoStation effective_speed=3456 line=6430-2008 passengers=0 row=train station=6430 train=2000001844 t=25691617 id=438
[mod] [SMRTK] SMRTK_STREAM assigned=none at_station=false cargo=none command=GotoStation effective_speed=4503 line=6430-2007 passengers=0 row=train station=6430 train=2000001845 t=25691617 id=439
						Lua 0:21:00:402
[mod] [SMRTK] SMRTK_STREAM assigned=none at_station=false cargo=none command=GotoStation effective_speed=1489 line=6430-2008 passengers=0 row=train station=6430 train=2000001844 t=25692617 id=440
[mod] [SMRTK] SMRTK_STREAM assigned=none at_station=false cargo=none command=GotoStation effective_speed=3964 line=2011-6430 passengers=0 row=train station=2011 train=2000001850 t=25692617 id=441
						Lua 0:21:00:598
[mod] [SMRTK] SMRTK_STREAM assigned=none at_station=false cargo=none command=GotoStation effective_speed=217 line=6430-2008 passengers=0 row=train station=6430 train=2000001844 t=25693617 id=442
[mod] [SMRTK] SMRTK_STREAM assigned=none at_station=false cargo=none command=GotoStation effective_speed=4503 line=2011-6430 passengers=0 row=train station=2011 train=2000001850 t=25693617 id=443
						Lua 0:21:00:798
[mod] [SMRTK] SMRTK_STREAM assigned=none at_station=false cargo=none command=GotoStation effective_speed=1499 line=6430-2008 passengers=0 row=train station=6430 train=2000001844 t=25694617 id=444
						Lua 0:21:01:005
[mod] [SMRTK] SMRTK_STREAM assigned=none at_station=false cargo=none command=GotoStation effective_speed=449 line=6430-2008 passengers=0 row=train station=6430 train=2000001844 t=25695617 id=445
[mod] [SMRTK] SMRTK_STREAM assigned=none at_station=false cargo=none command=GotoStation effective_speed=4131 line=2012-6430 passengers=0 row=train station=2012 train=2000001849 t=25695617 id=446
[mod] [SMRTK] SMRTK_STREAM assigned=none at_station=false cargo=none command=GotoStation effective_speed=0 line=2011-6430 passengers=0 row=train station=2011 train=2000001850 t=25695617 id=447
						Lua 0:21:01:199
[mod] [SMRTK] SMRTK_STREAM assigned=none at_station=false cargo=none command=GotoStation effective_speed=4507 line=6430-2008 passengers=0 row=train station=6430 train=2000001844 t=25696617 id=448
[mod] [SMRTK] SMRTK_STREAM assigned=none at_station=false cargo=none command=GotoStation effective_speed=351 line=2012-6430 passengers=0 row=train station=2012 train=2000001849 t=25696617 id=449
						Lua 0:21:01:398
[mod] [SMRTK] SMRTK_STREAM assigned=none at_station=false cargo=none command=GotoStation effective_speed=4503 line=6430-2008 passengers=0 row=train station=6430 train=2000001844 t=25697617 id=450
[mod] [SMRTK] SMRTK_STREAM assigned=none at_station=false cargo=none command=GotoStation effective_speed=3497 line=2012-6430 passengers=0 row=train station=2012 train=2000001849 t=25697617 id=451
						Lua 0:21:01:484
[mod] [SMRTK] SMRTK_SECTION action=section_attach attached=true dialog=ipBuilding object=Elevator(7828) status=OK t=25697932 id=452
						Lua 0:21:01:598
[mod] [SMRTK] SMRTK_STREAM assigned=none at_station=false cargo=none command=GotoStation effective_speed=4500 line=6430-2008 passengers=0 row=train station=6430 train=2000001844 t=25698617 id=453
[mod] [SMRTK] SMRTK_STREAM assigned=none at_station=false cargo=none command=GotoStation effective_speed=3800 line=6430-2007 passengers=0 row=train station=6430 train=2000001845 t=25698617 id=454
[mod] [SMRTK] SMRTK_STREAM assigned=none at_station=false cargo=none command=GotoStation effective_speed=3631 line=2012-6430 passengers=0 row=train station=2012 train=2000001849 t=25698617 id=455
						Lua 0:21:01:798
[mod] [SMRTK] SMRTK_STREAM assigned=none at_station=false cargo=none command=GotoStation effective_speed=4507 line=6430-2008 passengers=0 row=train station=6430 train=2000001844 t=25699617 id=456
[mod] [SMRTK] SMRTK_STREAM assigned=none at_station=false cargo=none command=GotoStation effective_speed=3964 line=6430-2007 passengers=0 row=train station=6430 train=2000001845 t=25699617 id=457
[mod] [SMRTK] SMRTK_STREAM assigned=none at_station=false cargo=none command=GotoStation effective_speed=359 line=2012-6430 passengers=0 row=train station=2012 train=2000001849 t=25699617 id=458
						Lua 0:21:01:999
[mod] [SMRTK] SMRTK_STREAM assigned=none at_station=false cargo=none command=GotoStation effective_speed=4497 line=6430-2008 passengers=0 row=train station=6430 train=2000001844 t=25700617 id=459
[mod] [SMRTK] SMRTK_STREAM assigned=none at_station=false cargo=none command=GotoStation effective_speed=4503 line=6430-2007 passengers=0 row=train station=6430 train=2000001845 t=25700617 id=460
[mod] [SMRTK] SMRTK_STREAM assigned=none at_station=true cargo=none command=UnloadTrain effective_speed=0 line=2012-6430 passengers=0 row=train station=6430 train=2000001849 t=25700617 id=461
[mod] [SMRTK] SMRTK_STREAM assigned=none at_station=false cargo=none command=GotoStation effective_speed=310 line=2011-6430 passengers=0 row=train station=2011 train=2000001850 t=25700617 id=462
						Lua 0:21:02:198
[mod] [SMRTK] SMRTK_STREAM assigned=none at_station=false cargo=none command=GotoStation effective_speed=4503 line=6430-2008 passengers=0 row=train station=6430 train=2000001844 t=25701617 id=463
[mod] [SMRTK] SMRTK_STREAM assigned=none at_station=false cargo=none command=GotoStation effective_speed=4056 line=2011-6430 passengers=0 row=train station=2011 train=2000001850 t=25701617 id=464
						Lua 0:21:02:399
[mod] [SMRTK] SMRTK_STREAM assigned=none at_station=false cargo=none command=GotoStation effective_speed=827 line=2011-6430 passengers=0 row=train station=2011 train=2000001850 t=25702617 id=465
						Lua 0:21:02:598
[mod] [SMRTK] SMRTK_STREAM assigned=none at_station=false cargo=none command=GotoStation effective_speed=3857 line=6430-2008 passengers=0 row=train station=6430 train=2000001844 t=25703617 id=466
[mod] [SMRTK] SMRTK_STREAM assigned=none at_station=false cargo=none command=GotoStation effective_speed=966 line=2011-6430 passengers=0 row=train station=2011 train=2000001850 t=25703617 id=467
						Lua 0:21:02:798
[mod] [SMRTK] SMRTK_STREAM assigned=none at_station=false cargo=none command=GotoStation effective_speed=1894 line=6430-2008 passengers=0 row=train station=6430 train=2000001844 t=25704617 id=468
[mod] [SMRTK] SMRTK_STREAM assigned=none at_station=false cargo=none command=GotoStation effective_speed=4500 line=6430-2007 passengers=0 row=train station=6430 train=2000001845 t=25704617 id=469
[mod] [SMRTK] SMRTK_STREAM assigned=none at_station=true cargo=none command=UnloadTrain effective_speed=0 line=2011-6430 passengers=0 row=train station=6430 train=2000001850 t=25704617 id=470
						Lua 0:21:02:970
[mod] [SMRTK] SMRTK_PANEL action=panel_toggle open=false status=OK tab=Agent t=25705477 id=471
						Lua 0:21:02:999
[mod] [SMRTK] SMRTK_STREAM assigned=none at_station=false cargo=none command=GotoStation effective_speed=242 line=6430-2008 passengers=0 row=train station=6430 train=2000001844 t=25705617 id=472
[mod] [SMRTK] SMRTK_STREAM assigned=none at_station=false cargo=none command=GotoStation effective_speed=4504 line=6430-2007 passengers=0 row=train station=6430 train=2000001845 t=25705617 id=473
						Lua 0:21:03:198
[mod] [SMRTK] SMRTK_STREAM assigned=none at_station=true cargo=none command=UnloadTrain effective_speed=0 line=6430-2008 passengers=0 row=train station=2008 train=2000001844 t=25706617 id=474
[mod] [SMRTK] SMRTK_STREAM assigned=none at_station=true cargo=none command=LoadTrain effective_speed=0 line=2012-6430 passengers=0 row=train station=6430 train=2000001849 t=25706617 id=475
						Lua 0:21:03:602
[mod] [SMRTK] SMRTK_SECTION action=section_attach attached=true dialog=ipBuilding object=SMROptInElevatorDepotDev(7985) status=OK t=25708557 id=476
						Lua 0:21:03:999
[mod] [SMRTK] SMRTK_STREAM assigned=none at_station=true cargo=none command=LoadTrain effective_speed=0 line=6430-7873 passengers=0 row=train station=6430 train=2000001846 t=25710617 id=477
[mod] [SMRTK] SMRTK_STREAM assigned=none at_station=true cargo=none command=LoadTrain effective_speed=0 line=6430-2008 passengers=0 row=train station=6430 train=2000001848 t=25710617 id=478
[mod] [SMRTK] SMRTK_STREAM assigned=none at_station=true cargo=none command=LoadTrain effective_speed=0 line=2011-6430 passengers=0 row=train station=6430 train=2000001850 t=25710617 id=479
[mod] [SMRTK] SMRTK_STREAM assigned=none at_station=true cargo=none command=LoadTrain effective_speed=0 line=6430-2007 passengers=0 row=train station=6430 train=2000001851 t=25710617 id=480
[mod] [SMRTK] SMRTK_STREAM assigned=none at_station=true cargo=none command=LoadTrain effective_speed=0 line=6495-6827 passengers=0 row=train station=6495 train=2000002387 t=25710617 id=481
[mod] [SMRTK] SMRTK_STREAM assigned=none at_station=true cargo=none command=LoadTrain effective_speed=0 line=7411-6495 passengers=0 row=train station=6495 train=2000002388 t=25710617 id=482
[mod] [SMRTK] SMRTK_STREAM assigned=none at_station=true cargo=none command=LoadTrain effective_speed=0 line=6883-6495 passengers=0 row=train station=6495 train=2000002389 t=25710617 id=483
[mod] [SMRTK] SMRTK_STREAM assigned=none at_station=true cargo=none command=LoadTrain effective_speed=0 line=6951-6495 passengers=0 row=train station=6495 train=2000002390 t=25710617 id=484
[mod] [SMRTK] SMRTK_STREAM assigned=none at_station=true cargo=none command=LoadTrain effective_speed=0 line=7411-6495 passengers=0 row=train station=7411 train=2000002391 t=25710617 id=485
[mod] [SMRTK] SMRTK_STREAM assigned=none at_station=true cargo=none command=LoadTrain effective_speed=0 line=6951-6495 passengers=0 row=train station=6951 train=2000002392 t=25710617 id=486
[mod] [SMRTK] SMRTK_STREAM assigned=none at_station=true cargo=none command=LoadTrain effective_speed=0 line=7873-2007 passengers=0 row=train station=7873 train=2000002658 t=25710617 id=487
						Lua 0:21:04:000
[mod] [SMRTK] SMRTK_STREAM assigned=none at_station=true cargo=none command=LoadTrain effective_speed=0 line=7985-7873 passengers=0 row=train station=7873 train=2000002659 t=25710617 id=488
						Lua 0:21:04:398
[mod] [SMRTK] SMRTK_STREAM assigned=none at_station=true cargo=none command=LoadTrain effective_speed=0 line=6430-2008 passengers=0 row=train station=2008 train=2000001844 t=25712617 id=489
[mod] [SMRTK] SMRTK_STREAM assigned=none at_station=false cargo=none command=GotoStation effective_speed=3185 line=6430-2007 passengers=0 row=train station=6430 train=2000001845 t=25712617 id=490
						Lua 0:21:04:399
[mod] [SMRTK] SMRTK_STREAM assigned=none at_station=true cargo=none command=false effective_speed=0 line=2012-6430 passengers=0 row=train station=6430 train=2000001849 t=25712617 id=491
						Lua 0:21:04:599
[mod] [SMRTK] SMRTK_STREAM assigned=none at_station=false cargo=none command=GotoStation effective_speed=1530 line=6430-2007 passengers=0 row=train station=6430 train=2000001845 t=25713617 id=492
						Lua 0:21:04:803
[mod] [SMRTK] SMRTK_STREAM assigned=none at_station=true cargo=none command=UnloadTrain effective_speed=0 line=6430-2007 passengers=0 row=train station=2007 train=2000001845 t=25714617 id=493
						Lua 0:21:05:200
[mod] [SMRTK] SMRTK_STREAM assigned=none at_station=true cargo=none command=false effective_speed=0 line=6430-7873 passengers=0 row=train station=6430 train=2000001846 t=25716617 id=494
[mod] [SMRTK] SMRTK_STREAM assigned=none at_station=true cargo=none command=false effective_speed=0 line=6430-2008 passengers=0 row=train station=6430 train=2000001848 t=25716617 id=495
[mod] [SMRTK] SMRTK_STREAM assigned=none at_station=true cargo=none command=false effective_speed=0 line=2011-6430 passengers=0 row=train station=6430 train=2000001850 t=25716617 id=496
[mod] [SMRTK] SMRTK_STREAM assigned=none at_station=true cargo=none command=false effective_speed=0 line=6430-2007 passengers=0 row=train station=6430 train=2000001851 t=25716617 id=497
[mod] [SMRTK] SMRTK_STREAM assigned=none at_station=true cargo=none command=false effective_speed=0 line=6495-6827 passengers=0 row=train station=6495 train=2000002387 t=25716617 id=498
						Lua 0:21:05:201
[mod] [SMRTK] SMRTK_STREAM assigned=none at_station=true cargo=none command=false effective_speed=0 line=7411-6495 passengers=0 row=train station=6495 train=2000002388 t=25716617 id=499
[mod] [SMRTK] SMRTK_STREAM assigned=none at_station=true cargo=none command=false effective_speed=0 line=6883-6495 passengers=0 row=train station=6495 train=2000002389 t=25716617 id=500
[mod] [SMRTK] SMRTK_STREAM assigned=none at_station=true cargo=none command=false effective_speed=0 line=6951-6495 passengers=0 row=train station=6495 train=2000002390 t=25716617 id=501
[mod] [SMRTK] SMRTK_STREAM assigned=none at_station=true cargo=none command=false effective_speed=0 line=7411-6495 passengers=0 row=train station=7411 train=2000002391 t=25716617 id=502
[mod] [SMRTK] SMRTK_STREAM assigned=none at_station=true cargo=none command=false effective_speed=0 line=6951-6495 passengers=0 row=train station=6951 train=2000002392 t=25716617 id=503
[mod] [SMRTK] SMRTK_STREAM assigned=none at_station=true cargo=none command=false effective_speed=0 line=7873-2007 passengers=0 row=train station=7873 train=2000002658 t=25716617 id=504
[mod] [SMRTK] SMRTK_STREAM assigned=none at_station=true cargo=none command=false effective_speed=0 line=7985-7873 passengers=0 row=train station=7873 train=2000002659 t=25716617 id=505
						Lua 0:21:05:598
[mod] [SMRTK] SMRTK_STREAM assigned=none at_station=false cargo=none command=GotoStation effective_speed=1127 line=6430-2008 passengers=0 row=train station=2008 train=2000001844 t=25718617 id=506
						Lua 0:21:05:798
[mod] [SMRTK] SMRTK_STREAM assigned=none at_station=false cargo=none command=GotoStation effective_speed=1284 line=6430-2008 passengers=0 row=train station=2008 train=2000001844 t=25719617 id=507
						Lua 0:21:05:942
[mod] [SMRTK] SMRTK_ACTION action=selected_empty after=0 before=1129823 method=CheatEmpty object=SMROptInElevatorDepotDev(7985) resource=multiple resources=21 status=OK valid_after=true t=25720322 id=508
[SMRTK] SMRTK_ACTION action=selected_empty after=0 before=1129823 method=CheatEmpty object=SMROptInElevatorDepotDev(7985) resource=multiple resources=21 status=OK valid_after=true t=25720322 id=508
						Lua 0:21:05:998
[mod] [SMRTK] SMRTK_STREAM assigned=none at_station=false cargo=none command=GotoStation effective_speed=1439 line=6430-2008 passengers=0 row=train station=2008 train=2000001844 t=25720617 id=509
[mod] [SMRTK] SMRTK_STREAM assigned=none at_station=true cargo=none command=LoadTrain effective_speed=0 line=6430-2007 passengers=0 row=train station=2007 train=2000001845 t=25720617 id=510
						Lua 0:21:05:999
[mod] [SMRTK] SMRTK_STREAM before=59428 calls=11 cubes=none expected_cubes=none hub=false res=Herbs row=stock station=7985 stock=0 target=60000 t=25720617 id=511
[mod] [SMRTK] SMRTK_STREAM before=59168 calls=11 cubes=none expected_cubes=none hub=false res=Metals row=stock station=7985 stock=0 target=60000 t=25720617 id=512
[mod] [SMRTK] SMRTK_STREAM before=59195 calls=11 cubes=none expected_cubes=none hub=false res=Concrete row=stock station=7985 stock=0 target=60000 t=25720617 id=513
[mod] [SMRTK] SMRTK_STREAM before=57000 calls=11 cubes=none expected_cubes=none hub=false res=Spices row=stock station=7985 stock=0 target=57600 t=25720617 id=514
[mod] [SMRTK] SMRTK_STREAM before=59032 calls=11 cubes=none expected_cubes=none hub=false res=Food row=stock station=7985 stock=0 target=60000 t=25720617 id=515
[mod] [SMRTK] SMRTK_STREAM before=58000 calls=11 cubes=none expected_cubes=none hub=false res=Sugar row=stock station=7985 stock=0 target=58800 t=25720617 id=516
						Lua 0:21:06:000
[mod] [SMRTK] SMRTK_STREAM before=60000 calls=11 cubes=none expected_cubes=none hub=false res=Butter row=stock station=7985 stock=0 target=60000 t=25720617 id=517
[mod] [SMRTK] SMRTK_STREAM before=60000 calls=11 cubes=none expected_cubes=none hub=false res=PreciousMetals row=stock station=7985 stock=0 target=60000 t=25720617 id=518
[mod] [SMRTK] SMRTK_STREAM before=60000 calls=11 cubes=none expected_cubes=none hub=false res=Bread row=stock station=7985 stock=0 target=60000 t=25720617 id=519
[mod] [SMRTK] SMRTK_STREAM before=60000 calls=11 cubes=none expected_cubes=none hub=false res=PreciousMinerals row=stock station=7985 stock=0 target=60000 t=25720617 id=520
[mod] [SMRTK] SMRTK_STREAM before=60000 calls=11 cubes=none expected_cubes=none hub=false res=Cheese row=stock station=7985 stock=0 target=60000 t=25720617 id=521
[mod] [SMRTK] SMRTK_STREAM before=60000 calls=11 cubes=none expected_cubes=none hub=false res=Polymers row=stock station=7985 stock=0 target=60000 t=25720617 id=522
[mod] [SMRTK] SMRTK_STREAM before=60000 calls=11 cubes=none expected_cubes=none hub=false res=Coffee row=stock station=7985 stock=0 target=60000 t=25720617 id=523
[mod] [SMRTK] SMRTK_STREAM before=60000 calls=11 cubes=none expected_cubes=none hub=false res=MachineParts row=stock station=7985 stock=0 target=60000 t=25720617 id=524
[mod] [SMRTK] SMRTK_STREAM before=60000 calls=11 cubes=none expected_cubes=none hub=false res=Electronics row=stock station=7985 stock=0 target=60000 t=25720617 id=525
[mod] [SMRTK] SMRTK_STREAM before=58000 calls=11 cubes=none expected_cubes=none hub=false res=Meat row=stock station=7985 stock=0 target=58800 t=25720617 id=526
[mod] [SMRTK] SMRTK_STREAM before=60000 calls=11 cubes=none expected_cubes=none hub=false res=Fuel row=stock station=7985 stock=0 target=60000 t=25720617 id=527
[mod] [SMRTK] SMRTK_STREAM before=60000 calls=11 cubes=none expected_cubes=none hub=false res=Seeds row=stock station=7985 stock=0 target=60000 t=25720617 id=528
[mod] [SMRTK] SMRTK_STREAM before=60000 calls=11 cubes=none expected_cubes=none hub=false res=WasteRock row=stock station=7985 stock=0 target=60000 t=25720617 id=529
						Lua 0:21:06:200
[mod] [SMRTK] SMRTK_STREAM assigned=none at_station=false cargo=none command=GotoStation effective_speed=4503 line=6430-2008 passengers=0 row=train station=2008 train=2000001844 t=25721617 id=530
						Lua 0:21:06:398
[mod] [SMRTK] SMRTK_STREAM assigned=none at_station=false cargo=none command=GotoStation effective_speed=4500 line=6430-2008 passengers=0 row=train station=2008 train=2000001844 t=25722617 id=531
						Lua 0:21:06:599
[mod] [SMRTK] SMRTK_STREAM assigned=none at_station=false cargo=none command=GotoStation effective_speed=4503 line=6430-2008 passengers=0 row=train station=2008 train=2000001844 t=25723617 id=532
						Lua 0:21:07:199
[mod] [SMRTK] SMRTK_STREAM assigned=none at_station=false cargo=none command=GotoStation effective_speed=101 line=6430-2007 passengers=0 row=train station=2007 train=2000001845 t=25726617 id=533
						Lua 0:21:07:371
[mod] [SMRTK] SMRTK_SECTION action=section_attach attached=true dialog=ipBuilding object=SMROptInElevatorDepotDev(7985) status=OK t=25727352 id=534
						Lua 0:21:07:410
[mod] [SMRTK] SMRTK_STREAM assigned=none at_station=false cargo=none command=GotoStation effective_speed=1161 line=6430-2007 passengers=0 row=train station=2007 train=2000001845 t=25727617 id=535
						Lua 0:21:07:598
[mod] [SMRTK] SMRTK_STREAM assigned=none at_station=false cargo=none command=GotoStation effective_speed=1317 line=6430-2007 passengers=0 row=train station=2007 train=2000001845 t=25728617 id=536
						Lua 0:21:07:799
[mod] [SMRTK] SMRTK_STREAM assigned=none at_station=false cargo=none command=GotoStation effective_speed=0 line=6430-2008 passengers=0 row=train station=2008 train=2000001844 t=25729617 id=537
[mod] [SMRTK] SMRTK_STREAM assigned=none at_station=false cargo=none command=GotoStation effective_speed=1474 line=6430-2007 passengers=0 row=train station=2007 train=2000001845 t=25729617 id=538
						Lua 0:21:07:998
[mod] [SMRTK] SMRTK_STREAM assigned=none at_station=false cargo=none command=GotoStation effective_speed=4504 line=6430-2007 passengers=0 row=train station=2007 train=2000001845 t=25730617 id=539
						Lua 0:21:09:398
[mod] [SMRTK] SMRTK_STREAM assigned=none at_station=false cargo=none command=GotoStation effective_speed=4479 line=6430-2007 passengers=0 row=train station=2007 train=2000001845 t=25737617 id=540
						Lua 0:21:09:598
[mod] [SMRTK] SMRTK_STREAM assigned=none at_station=false cargo=none command=GotoStation effective_speed=4503 line=6430-2007 passengers=0 row=train station=2007 train=2000001845 t=25738617 id=541
						Lua 0:21:10:002
[mod] [SMRTK] SMRTK_STREAM assigned=7985:Herbs:60000,7985:Metals:45000 at_station=true cargo=Herbs:60000,Metals:45000 command=LoadTrain effective_speed=0 line=6430-7873 passengers=0 row=train station=6430 train=2000001846 t=25740617 id=542
[mod] [SMRTK] SMRTK_STREAM assigned=none at_station=true cargo=none command=LoadTrain effective_speed=0 line=6430-2008 passengers=0 row=train station=6430 train=2000001848 t=25740617 id=543
[mod] [SMRTK] SMRTK_STREAM assigned=none at_station=true cargo=none command=LoadTrain effective_speed=0 line=2012-6430 passengers=0 row=train station=6430 train=2000001849 t=25740617 id=544
[mod] [SMRTK] SMRTK_STREAM assigned=none at_station=true cargo=none command=LoadTrain effective_speed=0 line=2011-6430 passengers=0 row=train station=6430 train=2000001850 t=25740617 id=545
[mod] [SMRTK] SMRTK_STREAM assigned=none at_station=true cargo=none command=LoadTrain effective_speed=0 line=6430-2007 passengers=0 row=train station=6430 train=2000001851 t=25740617 id=546
[mod] [SMRTK] SMRTK_STREAM assigned=none at_station=true cargo=none command=LoadTrain effective_speed=0 line=6495-6827 passengers=0 row=train station=6495 train=2000002387 t=25740617 id=547
						Lua 0:21:10:003
[mod] [SMRTK] SMRTK_STREAM assigned=none at_station=true cargo=none command=LoadTrain effective_speed=0 line=7411-6495 passengers=0 row=train station=6495 train=2000002388 t=25740617 id=548
[mod] [SMRTK] SMRTK_STREAM assigned=none at_station=true cargo=none command=LoadTrain effective_speed=0 line=6883-6495 passengers=0 row=train station=6495 train=2000002389 t=25740617 id=549
[mod] [SMRTK] SMRTK_STREAM assigned=none at_station=true cargo=none command=LoadTrain effective_speed=0 line=6951-6495 passengers=0 row=train station=6495 train=2000002390 t=25740617 id=550
[mod] [SMRTK] SMRTK_STREAM assigned=none at_station=true cargo=none command=LoadTrain effective_speed=0 line=7411-6495 passengers=0 row=train station=7411 train=2000002391 t=25740617 id=551
[mod] [SMRTK] SMRTK_STREAM assigned=none at_station=true cargo=none command=LoadTrain effective_speed=0 line=6951-6495 passengers=0 row=train station=6951 train=2000002392 t=25740617 id=552
[mod] [SMRTK] SMRTK_STREAM assigned=none at_station=true cargo=none command=LoadTrain effective_speed=0 line=7873-2007 passengers=0 row=train station=7873 train=2000002658 t=25740617 id=553
[mod] [SMRTK] SMRTK_STREAM assigned=none at_station=true cargo=none command=LoadTrain effective_speed=0 line=7985-7873 passengers=0 row=train station=7873 train=2000002659 t=25740617 id=554
[mod] [SMRTK] SMRTK_STREAM before=1513000 calls=509 cubes=171 expected_cubes=171 hub=true res=Herbs row=stock station=6430 stock=1453000 target=none t=25740617 id=555
[mod] [SMRTK] SMRTK_STREAM before=1866000 calls=509 cubes=171 expected_cubes=171 hub=true res=Metals row=stock station=6430 stock=1821000 target=none t=25740617 id=556
						Lua 0:21:10:199
[mod] [SMRTK] SMRTK_STREAM assigned=none at_station=false cargo=none command=GotoStation effective_speed=4500 line=6430-2007 passengers=0 row=train station=2007 train=2000001845 t=25741617 id=557
[mod] [SMRTK] SMRTK_STREAM before=1453000 calls=509 cubes=171 expected_cubes=171 hub=true res=Herbs row=stock station=6430 stock=1395000 target=none t=25741617 id=558
[mod] [SMRTK] SMRTK_STREAM before=1514000 calls=509 cubes=171 expected_cubes=171 hub=true res=Spices row=stock station=6430 stock=1453000 target=none t=25741617 id=559
[mod] [SMRTK] SMRTK_STREAM before=1504000 calls=509 cubes=171 expected_cubes=171 hub=true res=Food row=stock station=6430 stock=1443000 target=none t=25741617 id=560
[mod] [SMRTK] SMRTK_STREAM before=1516000 calls=509 cubes=171 expected_cubes=171 hub=true res=Sugar row=stock station=6430 stock=1455000 target=none t=25741617 id=561
[mod] [SMRTK] SMRTK_STREAM before=1516000 calls=509 cubes=171 expected_cubes=171 hub=true res=Butter row=stock station=6430 stock=1455000 target=none t=25741617 id=562
						Lua 0:21:10:200
[mod] [SMRTK] SMRTK_STREAM before=1514000 calls=509 cubes=171 expected_cubes=171 hub=true res=Bread row=stock station=6430 stock=1453000 target=none t=25741617 id=563
[mod] [SMRTK] SMRTK_STREAM before=1514000 calls=509 cubes=171 expected_cubes=171 hub=true res=Cheese row=stock station=6430 stock=1453000 target=none t=25741617 id=564
[mod] [SMRTK] SMRTK_STREAM before=1514000 calls=509 cubes=171 expected_cubes=171 hub=true res=Coffee row=stock station=6430 stock=1454000 target=none t=25741617 id=565
[mod] [SMRTK] SMRTK_STREAM before=1515000 calls=509 cubes=171 expected_cubes=171 hub=true res=Meat row=stock station=6430 stock=1455000 target=none t=25741617 id=566
						Lua 0:21:10:398
[mod] [SMRTK] SMRTK_STREAM assigned=none at_station=false cargo=none command=GotoStation effective_speed=3965 line=6430-2007 passengers=0 row=train station=2007 train=2000001845 t=25742617 id=567
						Lua 0:21:10:603
[mod] [SMRTK] SMRTK_STREAM assigned=none at_station=false cargo=none command=GotoStation effective_speed=4495 line=6430-2007 passengers=0 row=train station=2007 train=2000001845 t=25743617 id=568
						Lua 0:21:10:798
[mod] [SMRTK] SMRTK_STREAM assigned=none at_station=false cargo=none command=GotoStation effective_speed=4503 line=6430-2007 passengers=0 row=train station=2007 train=2000001845 t=25744617 id=569
						Lua 0:21:10:998
[mod] [SMRTK] SMRTK_STREAM assigned=none at_station=false cargo=none command=GotoStation effective_speed=4500 line=6430-2007 passengers=0 row=train station=2007 train=2000001845 t=25745617 id=570
						Lua 0:21:10:999
[mod] [SMRTK] SMRTK_STREAM before=1443000 calls=509 cubes=171 expected_cubes=171 hub=true res=Food row=stock station=6430 stock=1442000 target=none t=25745617 id=571
						Lua 0:21:11:198
[mod] [SMRTK] SMRTK_STREAM assigned=none at_station=false cargo=none command=GotoStation effective_speed=4503 line=6430-2007 passengers=0 row=train station=2007 train=2000001845 t=25746617 id=572
[mod] [SMRTK] SMRTK_STREAM assigned=7985:Herbs:60000,7985:Metals:45000 at_station=true cargo=Herbs:60000,Metals:45000 command=GotoStation effective_speed=0 line=6430-7873 passengers=0 row=train station=6430 train=2000001846 t=25746617 id=573
[mod] [SMRTK] SMRTK_STREAM assigned=none at_station=true cargo=none command=GotoStation effective_speed=0 line=2012-6430 passengers=0 row=train station=6430 train=2000001848 t=25746617 id=574
[mod] [SMRTK] SMRTK_STREAM assigned=none at_station=true cargo=none command=false effective_speed=0 line=2012-6430 passengers=0 row=train station=6430 train=2000001849 t=25746617 id=575
[mod] [SMRTK] SMRTK_STREAM assigned=none at_station=true cargo=none command=false effective_speed=0 line=2011-6430 passengers=0 row=train station=6430 train=2000001850 t=25746617 id=576
[mod] [SMRTK] SMRTK_STREAM assigned=none at_station=false cargo=none command=GotoStation effective_speed=3877 line=2011-6430 passengers=0 row=train station=6430 train=2000001851 t=25746617 id=577
[mod] [SMRTK] SMRTK_STREAM assigned=none at_station=true cargo=none command=false effective_speed=0 line=6495-6827 passengers=0 row=train station=6495 train=2000002387 t=25746617 id=578
[mod] [SMRTK] SMRTK_STREAM assigned=none at_station=true cargo=none command=false effective_speed=0 line=7411-6495 passengers=0 row=train station=6495 train=2000002388 t=25746617 id=579
[mod] [SMRTK] SMRTK_STREAM assigned=none at_station=true cargo=none command=false effective_speed=0 line=6883-6495 passengers=0 row=train station=6495 train=2000002389 t=25746617 id=580
[mod] [SMRTK] SMRTK_STREAM assigned=none at_station=true cargo=none command=false effective_speed=0 line=6951-6495 passengers=0 row=train station=6495 train=2000002390 t=25746617 id=581
[mod] [SMRTK] SMRTK_STREAM assigned=none at_station=true cargo=none command=false effective_speed=0 line=7411-6495 passengers=0 row=train station=7411 train=2000002391 t=25746617 id=582
[mod] [SMRTK] SMRTK_STREAM assigned=none at_station=true cargo=none command=false effective_speed=0 line=6951-6495 passengers=0 row=train station=6951 train=2000002392 t=25746617 id=583
[mod] [SMRTK] SMRTK_STREAM assigned=none at_station=true cargo=none command=false effective_speed=0 line=7873-2007 passengers=0 row=train station=7873 train=2000002658 t=25746617 id=584
[mod] [SMRTK] SMRTK_STREAM assigned=none at_station=true cargo=none command=false effective_speed=0 line=7985-7873 passengers=0 row=train station=7873 train=2000002659 t=25746617 id=585
						Lua 0:21:11:400
[mod] [SMRTK] SMRTK_STREAM assigned=none at_station=false cargo=none command=GotoStation effective_speed=4507 line=6430-2007 passengers=0 row=train station=2007 train=2000001845 t=25747617 id=586
						Lua 0:21:11:401
[mod] [SMRTK] SMRTK_STREAM assigned=none at_station=false cargo=none command=GotoStation effective_speed=1910 line=2011-6430 passengers=0 row=train station=6430 train=2000001851 t=25747617 id=587
						Lua 0:21:11:599
[mod] [SMRTK] SMRTK_STREAM assigned=none at_station=false cargo=none command=GotoStation effective_speed=4500 line=6430-2007 passengers=0 row=train station=2007 train=2000001845 t=25748617 id=588
[mod] [SMRTK] SMRTK_STREAM assigned=none at_station=false cargo=none command=GotoStation effective_speed=83 line=2011-6430 passengers=0 row=train station=6430 train=2000001851 t=25748617 id=589
						Lua 0:21:11:798
[mod] [SMRTK] SMRTK_STREAM assigned=none at_station=false cargo=none command=GotoStation effective_speed=214 line=2011-6430 passengers=0 row=train station=6430 train=2000001851 t=25749617 id=590
						Lua 0:21:11:998
[mod] [SMRTK] SMRTK_STREAM assigned=none at_station=false cargo=none command=GotoStation effective_speed=4507 line=6430-2007 passengers=0 row=train station=2007 train=2000001845 t=25750617 id=591
[mod] [SMRTK] SMRTK_STREAM assigned=none at_station=false cargo=none command=GotoStation effective_speed=2971 line=2011-6430 passengers=0 row=train station=6430 train=2000001851 t=25750617 id=592
						Lua 0:21:12:199
[mod] [SMRTK] SMRTK_STREAM assigned=none at_station=false cargo=none command=GotoStation effective_speed=0 line=6430-2007 passengers=0 row=train station=2007 train=2000001845 t=25751617 id=593
[mod] [SMRTK] SMRTK_STREAM assigned=none at_station=false cargo=none command=GotoStation effective_speed=3456 line=2012-6430 passengers=0 row=train station=6430 train=2000001848 t=25751617 id=594
[mod] [SMRTK] SMRTK_STREAM assigned=none at_station=false cargo=none command=GotoStation effective_speed=4503 line=2011-6430 passengers=0 row=train station=6430 train=2000001851 t=25751617 id=595
						Lua 0:21:12:401
[mod] [SMRTK] SMRTK_STREAM assigned=none at_station=false cargo=none command=GotoStation effective_speed=1489 line=2012-6430 passengers=0 row=train station=6430 train=2000001848 t=25752617 id=596
[mod] [SMRTK] SMRTK_STREAM assigned=none at_station=false cargo=none command=GotoStation effective_speed=4507 line=2011-6430 passengers=0 row=train station=6430 train=2000001851 t=25752617 id=597
						Lua 0:21:12:599
[mod] [SMRTK] SMRTK_STREAM assigned=none at_station=false cargo=none command=GotoStation effective_speed=214 line=2012-6430 passengers=0 row=train station=6430 train=2000001848 t=25753617 id=598
[mod] [SMRTK] SMRTK_STREAM assigned=none at_station=false cargo=none command=GotoStation effective_speed=4504 line=2011-6430 passengers=0 row=train station=6430 train=2000001851 t=25753617 id=599
						Lua 0:21:12:799
[mod] [SMRTK] SMRTK_STREAM assigned=none at_station=false cargo=none command=GotoStation effective_speed=1499 line=2012-6430 passengers=0 row=train station=6430 train=2000001848 t=25754617 id=600
						Lua 0:21:12:998
[mod] [SMRTK] SMRTK_STREAM assigned=none at_station=false cargo=none command=GotoStation effective_speed=4131 line=6430-2008 passengers=0 row=train station=2008 train=2000001844 t=25755617 id=601
[mod] [SMRTK] SMRTK_STREAM assigned=none at_station=false cargo=none command=GotoStation effective_speed=444 line=2012-6430 passengers=0 row=train station=6430 train=2000001848 t=25755617 id=602
						Lua 0:21:13:198
[mod] [SMRTK] SMRTK_STREAM assigned=none at_station=false cargo=none command=GotoStation effective_speed=351 line=6430-2008 passengers=0 row=train station=2008 train=2000001844 t=25756617 id=603
[mod] [SMRTK] SMRTK_STREAM assigned=none at_station=false cargo=none command=GotoStation effective_speed=4503 line=2012-6430 passengers=0 row=train station=6430 train=2000001848 t=25756617 id=604
						Lua 0:21:13:399
[mod] [SMRTK] SMRTK_STREAM assigned=none at_station=false cargo=none command=GotoStation effective_speed=3497 line=6430-2008 passengers=0 row=train station=2008 train=2000001844 t=25757617 id=605
						Lua 0:21:13:599
[mod] [SMRTK] SMRTK_STREAM assigned=none at_station=false cargo=none command=GotoStation effective_speed=3631 line=6430-2008 passengers=0 row=train station=2008 train=2000001844 t=25758617 id=606
[mod] [SMRTK] SMRTK_STREAM assigned=none at_station=false cargo=none command=GotoStation effective_speed=4512 line=2012-6430 passengers=0 row=train station=6430 train=2000001848 t=25758617 id=607
						Lua 0:21:13:799
[mod] [SMRTK] SMRTK_STREAM assigned=none at_station=false cargo=none command=GotoStation effective_speed=359 line=6430-2008 passengers=0 row=train station=2008 train=2000001844 t=25759617 id=608
[mod] [SMRTK] SMRTK_STREAM assigned=none at_station=false cargo=none command=GotoStation effective_speed=4503 line=2012-6430 passengers=0 row=train station=6430 train=2000001848 t=25759617 id=609
						Lua 0:21:13:998
[mod] [SMRTK] SMRTK_STREAM assigned=none at_station=true cargo=none command=UnloadTrain effective_speed=0 line=6430-2008 passengers=0 row=train station=6430 train=2000001844 t=25760617 id=610
[mod] [SMRTK] SMRTK_STREAM assigned=none at_station=false cargo=none command=GotoStation effective_speed=306 line=6430-2007 passengers=0 row=train station=2007 train=2000001845 t=25760617 id=611
[mod] [SMRTK] SMRTK_STREAM assigned=none at_station=false cargo=none command=GotoStation effective_speed=4507 line=2012-6430 passengers=0 row=train station=6430 train=2000001848 t=25760617 id=612
						Lua 0:21:14:244
[mod] [SMRTK] SMRTK_STREAM assigned=none at_station=false cargo=none command=GotoStation effective_speed=4056 line=6430-2007 passengers=0 row=train station=2007 train=2000001845 t=25761617 id=613
						Lua 0:21:14:398
[mod] [SMRTK] SMRTK_STREAM assigned=none at_station=false cargo=none command=GotoStation effective_speed=827 line=6430-2007 passengers=0 row=train station=2007 train=2000001845 t=25762617 id=614
[mod] [SMRTK] SMRTK_STREAM assigned=none at_station=false cargo=none command=GotoStation effective_speed=3965 line=2012-6430 passengers=0 row=train station=6430 train=2000001848 t=25762617 id=615
						Lua 0:21:14:598
[mod] [SMRTK] SMRTK_STREAM assigned=none at_station=false cargo=none command=GotoStation effective_speed=966 line=6430-2007 passengers=0 row=train station=2007 train=2000001845 t=25763617 id=616
[mod] [SMRTK] SMRTK_STREAM assigned=none at_station=false cargo=none command=GotoStation effective_speed=4489 line=2012-6430 passengers=0 row=train station=6430 train=2000001848 t=25763617 id=617
						Lua 0:21:14:798
[mod] [SMRTK] SMRTK_STREAM assigned=none at_station=true cargo=none command=UnloadTrain effective_speed=0 line=6430-2007 passengers=0 row=train station=6430 train=2000001845 t=25764617 id=618
[mod] [SMRTK] SMRTK_STREAM assigned=7985:Herbs:60000,7985:Metals:45000 at_station=false cargo=Herbs:60000,Metals:45000 command=GotoStation effective_speed=3251 line=6430-7873 passengers=0 row=train station=6430 train=2000001846 t=25764617 id=619
[mod] [SMRTK] SMRTK_STREAM assigned=none at_station=false cargo=none command=GotoStation effective_speed=3965 line=2012-6430 passengers=0 row=train station=6430 train=2000001848 t=25764617 id=620
						Lua 0:21:15:000
[mod] [SMRTK] SMRTK_STREAM assigned=7985:Herbs:60000,7985:Metals:45000 at_station=false cargo=Herbs:60000,Metals:45000 command=GotoStation effective_speed=80 line=6430-7873 passengers=0 row=train station=6430 train=2000001846 t=25765617 id=621
[mod] [SMRTK] SMRTK_STREAM assigned=none at_station=false cargo=none command=GotoStation effective_speed=4504 line=2012-6430 passengers=0 row=train station=6430 train=2000001848 t=25765617 id=622
						Lua 0:21:15:199
[mod] [SMRTK] SMRTK_STREAM assigned=none at_station=true cargo=none command=LoadTrain effective_speed=0 line=6430-2008 passengers=0 row=train station=6430 train=2000001844 t=25766617 id=623
						Lua 0:21:15:398
[mod] [SMRTK] SMRTK_STREAM assigned=7985:Herbs:60000,7985:Metals:45000 at_station=false cargo=Herbs:60000,Metals:45000 command=GotoStation effective_speed=3908 line=6430-7873 passengers=0 row=train station=6430 train=2000001846 t=25767617 id=624
						Lua 0:21:15:599
[mod] [SMRTK] SMRTK_STREAM assigned=7985:Herbs:60000,7985:Metals:45000 at_station=false cargo=Herbs:60000,Metals:45000 command=GotoStation effective_speed=4504 line=6430-7873 passengers=0 row=train station=6430 train=2000001846 t=25768617 id=625
						Lua 0:21:15:798
[mod] [SMRTK] SMRTK_STREAM assigned=none at_station=false cargo=none command=GotoStation effective_speed=3877 line=2011-6430 passengers=0 row=train station=6430 train=2000001851 t=25769617 id=626
						Lua 0:21:15:998
[mod] [SMRTK] SMRTK_STREAM assigned=none at_station=true cargo=none command=LoadTrain effective_speed=0 line=6430-2007 passengers=0 row=train station=6430 train=2000001845 t=25770617 id=627
[mod] [SMRTK] SMRTK_STREAM assigned=none at_station=true cargo=none command=LoadTrain effective_speed=0 line=2012-6430 passengers=0 row=train station=6430 train=2000001849 t=25770617 id=628
[mod] [SMRTK] SMRTK_STREAM assigned=none at_station=true cargo=none command=LoadTrain effective_speed=0 line=2011-6430 passengers=0 row=train station=6430 train=2000001850 t=25770617 id=629
[mod] [SMRTK] SMRTK_STREAM assigned=none at_station=false cargo=none command=GotoStation effective_speed=4507 line=2011-6430 passengers=0 row=train station=6430 train=2000001851 t=25770617 id=630
[mod] [SMRTK] SMRTK_STREAM assigned=none at_station=true cargo=none command=LoadTrain effective_speed=0 line=6495-6827 passengers=0 row=train station=6495 train=2000002387 t=25770617 id=631
[mod] [SMRTK] SMRTK_STREAM assigned=none at_station=true cargo=none command=LoadTrain effective_speed=0 line=7411-6495 passengers=0 row=train station=6495 train=2000002388 t=25770617 id=632
[mod] [SMRTK] SMRTK_STREAM assigned=none at_station=true cargo=none command=LoadTrain effective_speed=0 line=6883-6495 passengers=0 row=train station=6495 train=2000002389 t=25770617 id=633
[mod] [SMRTK] SMRTK_STREAM assigned=none at_station=true cargo=none command=LoadTrain effective_speed=0 line=6951-6495 passengers=0 row=train station=6495 train=2000002390 t=25770617 id=634
[mod] [SMRTK] SMRTK_STREAM assigned=none at_station=true cargo=none command=LoadTrain effective_speed=0 line=7411-6495 passengers=0 row=train station=7411 train=2000002391 t=25770617 id=635
[mod] [SMRTK] SMRTK_STREAM assigned=none at_station=true cargo=none command=LoadTrain effective_speed=0 line=6951-6495 passengers=0 row=train station=6951 train=2000002392 t=25770617 id=636
[mod] [SMRTK] SMRTK_STREAM assigned=none at_station=true cargo=none command=LoadTrain effective_speed=0 line=7873-2007 passengers=0 row=train station=7873 train=2000002658 t=25770617 id=637
[mod] [SMRTK] SMRTK_STREAM assigned=none at_station=true cargo=none command=LoadTrain effective_speed=0 line=7985-7873 passengers=0 row=train station=7873 train=2000002659 t=25770617 id=638
						Lua 0:21:16:110
[mod] [SMRTK] SMRTK_SECTION action=section_attach attached=true dialog=ipBuilding object=SMROptInTrainHub6(6430) status=OK t=25771102 id=639
						Lua 0:21:16:199
[mod] [SMRTK] SMRTK_STREAM assigned=7985:Herbs:60000,7985:Metals:45000 at_station=false cargo=Herbs:60000,Metals:45000 command=GotoStation effective_speed=3964 line=6430-7873 passengers=0 row=train station=6430 train=2000001846 t=25771617 id=640
[mod] [SMRTK] SMRTK_STREAM assigned=none at_station=false cargo=none command=GotoStation effective_speed=4500 line=2011-6430 passengers=0 row=train station=6430 train=2000001851 t=25771617 id=641
						Lua 0:21:16:398
[mod] [SMRTK] SMRTK_STREAM assigned=none at_station=true cargo=none command=false effective_speed=0 line=6430-2008 passengers=0 row=train station=6430 train=2000001844 t=25772617 id=642
[mod] [SMRTK] SMRTK_STREAM assigned=7985:Herbs:60000,7985:Metals:45000 at_station=false cargo=Herbs:60000,Metals:45000 command=GotoStation effective_speed=3800 line=6430-7873 passengers=0 row=train station=6430 train=2000001846 t=25772617 id=643
[mod] [SMRTK] SMRTK_STREAM assigned=none at_station=false cargo=none command=GotoStation effective_speed=4501 line=2012-6430 passengers=0 row=train station=6430 train=2000001848 t=25772617 id=644
[mod] [SMRTK] SMRTK_STREAM assigned=none at_station=false cargo=none command=GotoStation effective_speed=4504 line=2011-6430 passengers=0 row=train station=6430 train=2000001851 t=25772617 id=645
						Lua 0:21:16:598
[mod] [SMRTK] SMRTK_STREAM assigned=7985:Herbs:60000,7985:Metals:45000 at_station=false cargo=Herbs:60000,Metals:45000 command=GotoStation effective_speed=4504 line=6430-7873 passengers=0 row=train station=6430 train=2000001846 t=25773617 id=646
						Lua 0:21:16:599
[mod] [SMRTK] SMRTK_STREAM assigned=none at_station=false cargo=none command=GotoStation effective_speed=4503 line=2012-6430 passengers=0 row=train station=6430 train=2000001848 t=25773617 id=647
						Lua 0:21:16:798
[mod] [SMRTK] SMRTK_STREAM assigned=none at_station=false cargo=none command=GotoStation effective_speed=4489 line=2012-6430 passengers=0 row=train station=6430 train=2000001848 t=25774617 id=648
						Lua 0:21:16:799
[mod] [SMRTK] SMRTK_STREAM assigned=none at_station=false cargo=none command=GotoStation effective_speed=4503 line=2011-6430 passengers=0 row=train station=6430 train=2000001851 t=25774617 id=649
						Lua 0:21:16:999
[mod] [SMRTK] SMRTK_STREAM assigned=none at_station=false cargo=none command=GotoStation effective_speed=4504 line=2012-6430 passengers=0 row=train station=6430 train=2000001848 t=25775617 id=650
						Lua 0:21:17:198
[mod] [SMRTK] SMRTK_STREAM assigned=none at_station=true cargo=none command=false effective_speed=0 line=6430-2007 passengers=0 row=train station=6430 train=2000001845 t=25776617 id=651
[mod] [SMRTK] SMRTK_STREAM assigned=7985:Herbs:60000,7985:Metals:45000 at_station=false cargo=Herbs:60000,Metals:45000 command=GotoStation effective_speed=3964 line=6430-7873 passengers=0 row=train station=6430 train=2000001846 t=25776617 id=652
[mod] [SMRTK] SMRTK_STREAM assigned=none at_station=true cargo=none command=false effective_speed=0 line=2012-6430 passengers=0 row=train station=6430 train=2000001849 t=25776617 id=653
[mod] [SMRTK] SMRTK_STREAM assigned=none at_station=true cargo=none command=false effective_speed=0 line=2011-6430 passengers=0 row=train station=6430 train=2000001850 t=25776617 id=654
[mod] [SMRTK] SMRTK_STREAM assigned=none at_station=false cargo=none command=GotoStation effective_speed=4504 line=2011-6430 passengers=0 row=train station=6430 train=2000001851 t=25776617 id=655
[mod] [SMRTK] SMRTK_STREAM assigned=none at_station=true cargo=none command=false effective_speed=0 line=6495-6827 passengers=0 row=train station=6495 train=2000002387 t=25776617 id=656
[mod] [SMRTK] SMRTK_STREAM assigned=none at_station=true cargo=none command=false effective_speed=0 line=7411-6495 passengers=0 row=train station=6495 train=2000002388 t=25776617 id=657
[mod] [SMRTK] SMRTK_STREAM assigned=none at_station=true cargo=none command=false effective_speed=0 line=6883-6495 passengers=0 row=train station=6495 train=2000002389 t=25776617 id=658
[mod] [SMRTK] SMRTK_STREAM assigned=none at_station=true cargo=none command=false effective_speed=0 line=6951-6495 passengers=0 row=train station=6495 train=2000002390 t=25776617 id=659
[mod] [SMRTK] SMRTK_STREAM assigned=none at_station=true cargo=none command=false effective_speed=0 line=7411-6495 passengers=0 row=train station=7411 train=2000002391 t=25776617 id=660
[mod] [SMRTK] SMRTK_STREAM assigned=none at_station=true cargo=none command=false effective_speed=0 line=6951-6495 passengers=0 row=train station=6951 train=2000002392 t=25776617 id=661
						Lua 0:21:17:199
[mod] [SMRTK] SMRTK_STREAM assigned=none at_station=true cargo=none command=false effective_speed=0 line=7873-2007 passengers=0 row=train station=7873 train=2000002658 t=25776617 id=662
[mod] [SMRTK] SMRTK_STREAM assigned=none at_station=true cargo=none command=false effective_speed=0 line=7985-7873 passengers=0 row=train station=7873 train=2000002659 t=25776617 id=663
						Lua 0:21:17:398
[mod] [SMRTK] SMRTK_STREAM assigned=7985:Herbs:60000,7985:Metals:45000 at_station=false cargo=Herbs:60000,Metals:45000 command=GotoStation effective_speed=4504 line=6430-7873 passengers=0 row=train station=6430 train=2000001846 t=25777617 id=664
						Lua 0:21:17:603
[mod] [SMRTK] SMRTK_STREAM assigned=none at_station=false cargo=none command=GotoStation effective_speed=3877 line=2011-6430 passengers=0 row=train station=6430 train=2000001851 t=25778617 id=665
						Lua 0:21:17:798
[mod] [SMRTK] SMRTK_STREAM assigned=none at_station=false cargo=none command=GotoStation effective_speed=4504 line=2011-6430 passengers=0 row=train station=6430 train=2000001851 t=25779617 id=666
						Lua 0:21:18:199
[mod] [SMRTK] SMRTK_STREAM assigned=7985:Herbs:60000,7985:Metals:45000 at_station=false cargo=Herbs:60000,Metals:45000 command=GotoStation effective_speed=3800 line=6430-7873 passengers=0 row=train station=6430 train=2000001846 t=25781617 id=667
						Lua 0:21:18:399
[mod] [SMRTK] SMRTK_STREAM assigned=7985:Herbs:60000,7985:Metals:45000 at_station=false cargo=Herbs:60000,Metals:45000 command=GotoStation effective_speed=4503 line=6430-7873 passengers=0 row=train station=6430 train=2000001846 t=25782617 id=668
						Lua 0:21:18:798
[mod] [SMRTK] SMRTK_STREAM assigned=7985:Herbs:60000,7985:Metals:45000 at_station=false cargo=Herbs:60000,Metals:45000 command=GotoStation effective_speed=3965 line=6430-7873 passengers=0 row=train station=6430 train=2000001846 t=25784617 id=669
[mod] [SMRTK] SMRTK_STREAM assigned=none at_station=false cargo=none command=GotoStation effective_speed=3877 line=2012-6430 passengers=0 row=train station=6430 train=2000001848 t=25784617 id=670
						Lua 0:21:18:999
[mod] [SMRTK] SMRTK_STREAM assigned=7985:Herbs:60000,7985:Metals:45000 at_station=false cargo=Herbs:60000,Metals:45000 command=GotoStation effective_speed=4503 line=6430-7873 passengers=0 row=train station=6430 train=2000001846 t=25785617 id=671
[mod] [SMRTK] SMRTK_STREAM assigned=none at_station=false cargo=none command=GotoStation effective_speed=4503 line=2012-6430 passengers=0 row=train station=6430 train=2000001848 t=25785617 id=672
[mod] [SMRTK] SMRTK_STREAM assigned=none at_station=false cargo=none command=GotoStation effective_speed=3964 line=2011-6430 passengers=0 row=train station=6430 train=2000001851 t=25785617 id=673
						Lua 0:21:19:198
[mod] [SMRTK] SMRTK_STREAM assigned=none at_station=false cargo=none command=GotoStation effective_speed=4500 line=2011-6430 passengers=0 row=train station=6430 train=2000001851 t=25786617 id=674
						Lua 0:21:19:400
[mod] [SMRTK] SMRTK_STREAM assigned=none at_station=false cargo=none command=GotoStation effective_speed=4507 line=2012-6430 passengers=0 row=train station=6430 train=2000001848 t=25787617 id=675
[mod] [SMRTK] SMRTK_STREAM assigned=none at_station=false cargo=none command=GotoStation effective_speed=4507 line=2011-6430 passengers=0 row=train station=6430 train=2000001851 t=25787617 id=676
						Lua 0:21:19:600
[mod] [SMRTK] SMRTK_STREAM assigned=7985:Herbs:60000,7985:Metals:45000 at_station=false cargo=Herbs:60000,Metals:45000 command=GotoStation effective_speed=4504 line=6430-7873 passengers=0 row=train station=6430 train=2000001846 t=25788617 id=677
[mod] [SMRTK] SMRTK_STREAM assigned=none at_station=false cargo=none command=GotoStation effective_speed=4043 line=2012-6430 passengers=0 row=train station=6430 train=2000001848 t=25788617 id=678
[mod] [SMRTK] SMRTK_STREAM assigned=none at_station=false cargo=none command=GotoStation effective_speed=4503 line=2011-6430 passengers=0 row=train station=6430 train=2000001851 t=25788617 id=679
						Lua 0:21:19:798
[mod] [SMRTK] SMRTK_STREAM assigned=none at_station=false cargo=none command=GotoStation effective_speed=1989 line=2012-6430 passengers=0 row=train station=6430 train=2000001848 t=25789617 id=680
[mod] [SMRTK] SMRTK_STREAM assigned=none at_station=false cargo=none command=GotoStation effective_speed=3134 line=2011-6430 passengers=0 row=train station=6430 train=2000001851 t=25789617 id=681
						Lua 0:21:19:998
[mod] [SMRTK] SMRTK_STREAM assigned=7985:Herbs:60000,7985:Metals:45000 at_station=false cargo=Herbs:60000,Metals:45000 command=GotoStation effective_speed=4501 line=6430-7873 passengers=0 row=train station=6430 train=2000001846 t=25790617 id=682
[mod] [SMRTK] SMRTK_STREAM assigned=none at_station=false cargo=none command=GotoStation effective_speed=399 line=2012-6430 passengers=0 row=train station=6430 train=2000001848 t=25790617 id=683
[mod] [SMRTK] SMRTK_STREAM assigned=none at_station=false cargo=none command=GotoStation effective_speed=1479 line=2011-6430 passengers=0 row=train station=6430 train=2000001851 t=25790617 id=684
						Lua 0:21:20:199
[mod] [SMRTK] SMRTK_STREAM assigned=7985:Herbs:60000,7985:Metals:45000 at_station=false cargo=Herbs:60000,Metals:45000 command=GotoStation effective_speed=874 line=7985-7873 passengers=0 row=train station=7873 train=2000001846 t=25791617 id=685
[mod] [SMRTK] SMRTK_STREAM assigned=none at_station=true cargo=none command=UnloadTrain effective_speed=0 line=2012-6430 passengers=0 row=train station=2012 train=2000001848 t=25791617 id=686
[mod] [SMRTK] SMRTK_STREAM assigned=none at_station=true cargo=none command=UnloadTrain effective_speed=0 line=2011-6430 passengers=0 row=train station=2011 train=2000001851 t=25791617 id=687
						Lua 0:21:20:399
[mod] [SMRTK] SMRTK_STREAM assigned=7985:Herbs:60000,7985:Metals:45000 at_station=false cargo=Herbs:60000,Metals:45000 command=GotoStation effective_speed=3964 line=7985-7873 passengers=0 row=train station=7873 train=2000001846 t=25792617 id=688
						Lua 0:21:20:598
[mod] [SMRTK] SMRTK_STREAM assigned=7985:Herbs:60000,7985:Metals:45000 at_station=false cargo=Herbs:60000,Metals:45000 command=GotoStation effective_speed=4503 line=7985-7873 passengers=0 row=train station=7873 train=2000001846 t=25793617 id=689
						Lua 0:21:20:798
[mod] [SMRTK] SMRTK_STREAM before=1821000 calls=517 cubes=171 expected_cubes=171 hub=true res=Metals row=stock station=6430 stock=1817000 target=none t=25794617 id=690
						Lua 0:21:21:001
[mod] [SMRTK] SMRTK_STREAM before=1870000 calls=517 cubes=171 expected_cubes=171 hub=true res=Polymers row=stock station=6430 stock=1866000 target=none t=25795617 id=691
						Lua 0:21:21:198
[mod] [SMRTK] SMRTK_STREAM assigned=7985:Herbs:60000,7985:Metals:45000 at_station=false cargo=Herbs:60000,Metals:45000 command=GotoStation effective_speed=4500 line=7985-7873 passengers=0 row=train station=7873 train=2000001846 t=25796617 id=692
						Lua 0:21:21:199
[mod] [SMRTK] SMRTK_STREAM before=1866000 calls=517 cubes=171 expected_cubes=171 hub=true res=Polymers row=stock station=6430 stock=1862000 target=none t=25796617 id=693
[mod] [SMRTK] SMRTK_STREAM before=1868600 calls=517 cubes=171 expected_cubes=171 hub=true res=Electronics row=stock station=6430 stock=1864600 target=none t=25796617 id=694
						Lua 0:21:21:398
[mod] [SMRTK] SMRTK_STREAM assigned=7985:Herbs:60000,7985:Metals:45000 at_station=false cargo=Herbs:60000,Metals:45000 command=GotoStation effective_speed=4507 line=7985-7873 passengers=0 row=train station=7873 train=2000001846 t=25797617 id=695
[mod] [SMRTK] SMRTK_STREAM assigned=none at_station=true cargo=none command=LoadTrain effective_speed=0 line=2012-6430 passengers=0 row=train station=2012 train=2000001848 t=25797617 id=696
[mod] [SMRTK] SMRTK_STREAM assigned=none at_station=true cargo=none command=LoadTrain effective_speed=0 line=2011-6430 passengers=0 row=train station=2011 train=2000001851 t=25797617 id=697
[mod] [SMRTK] SMRTK_STREAM before=1817000 calls=517 cubes=171 expected_cubes=171 hub=true res=Metals row=stock station=6430 stock=1813000 target=none t=25797617 id=698
						Lua 0:21:21:399
[mod] [SMRTK] SMRTK_STREAM before=1864600 calls=517 cubes=171 expected_cubes=171 hub=true res=Electronics row=stock station=6430 stock=1860600 target=none t=25797617 id=699
						Lua 0:21:21:598
[mod] [SMRTK] SMRTK_STREAM assigned=7985:Herbs:60000,7985:Metals:45000 at_station=false cargo=Herbs:60000,Metals:45000 command=GotoStation effective_speed=4503 line=7985-7873 passengers=0 row=train station=7873 train=2000001846 t=25798617 id=700
						Lua 0:21:21:599
[mod] [SMRTK] SMRTK_STREAM before=1813000 calls=517 cubes=171 expected_cubes=171 hub=true res=Metals row=stock station=6430 stock=1809000 target=none t=25798617 id=701
[mod] [SMRTK] SMRTK_STREAM before=1862000 calls=517 cubes=171 expected_cubes=171 hub=true res=Polymers row=stock station=6430 stock=1858000 target=none t=25798617 id=702
						Lua 0:21:21:600
[mod] [SMRTK] SMRTK_STREAM before=1860600 calls=517 cubes=171 expected_cubes=171 hub=true res=Electronics row=stock station=6430 stock=1856600 target=none t=25798617 id=703
						Lua 0:21:21:798
[mod] [SMRTK] SMRTK_STREAM before=1809000 calls=517 cubes=171 expected_cubes=171 hub=true res=Metals row=stock station=6430 stock=1805000 target=none t=25799617 id=704
						Lua 0:21:21:998
[mod] [SMRTK] SMRTK_STREAM assigned=none at_station=true cargo=none command=LoadTrain effective_speed=0 line=6430-2008 passengers=0 row=train station=6430 train=2000001844 t=25800617 id=705
						Lua 0:21:21:999
[mod] [SMRTK] SMRTK_STREAM assigned=none at_station=true cargo=none command=LoadTrain effective_speed=0 line=6430-2007 passengers=0 row=train station=6430 train=2000001845 t=25800617 id=706
[mod] [SMRTK] SMRTK_STREAM assigned=7985:Herbs:60000,7985:Metals:45000 at_station=false cargo=Herbs:60000,Metals:45000 command=GotoStation effective_speed=4500 line=7985-7873 passengers=0 row=train station=7873 train=2000001846 t=25800617 id=707
[mod] [SMRTK] SMRTK_STREAM assigned=none at_station=true cargo=none command=LoadTrain effective_speed=0 line=2012-6430 passengers=0 row=train station=6430 train=2000001849 t=25800617 id=708
[mod] [SMRTK] SMRTK_STREAM assigned=none at_station=true cargo=none command=LoadTrain effective_speed=0 line=2011-6430 passengers=0 row=train station=6430 train=2000001850 t=25800617 id=709
[mod] [SMRTK] SMRTK_STREAM assigned=none at_station=true cargo=none command=LoadTrain effective_speed=0 line=6495-6827 passengers=0 row=train station=6495 train=2000002387 t=25800617 id=710
[mod] [SMRTK] SMRTK_STREAM assigned=none at_station=true cargo=none command=LoadTrain effective_speed=0 line=7411-6495 passengers=0 row=train station=6495 train=2000002388 t=25800617 id=711
[mod] [SMRTK] SMRTK_STREAM assigned=none at_station=true cargo=none command=LoadTrain effective_speed=0 line=6883-6495 passengers=0 row=train station=6495 train=2000002389 t=25800617 id=712
[mod] [SMRTK] SMRTK_STREAM assigned=none at_station=true cargo=none command=LoadTrain effective_speed=0 line=6951-6495 passengers=0 row=train station=6495 train=2000002390 t=25800617 id=713
[mod] [SMRTK] SMRTK_STREAM assigned=none at_station=true cargo=none command=LoadTrain effective_speed=0 line=7411-6495 passengers=0 row=train station=7411 train=2000002391 t=25800617 id=714
[mod] [SMRTK] SMRTK_STREAM assigned=none at_station=true cargo=none command=LoadTrain effective_speed=0 line=6951-6495 passengers=0 row=train station=6951 train=2000002392 t=25800617 id=715
[mod] [SMRTK] SMRTK_STREAM assigned=none at_station=true cargo=none command=LoadTrain effective_speed=0 line=7873-2007 passengers=0 row=train station=7873 train=2000002658 t=25800617 id=716
[mod] [SMRTK] SMRTK_STREAM assigned=none at_station=true cargo=none command=LoadTrain effective_speed=0 line=7985-7873 passengers=0 row=train station=7873 train=2000002659 t=25800617 id=717
						Lua 0:21:22:000
[mod] [SMRTK] SMRTK_STREAM before=1858000 calls=525 cubes=171 expected_cubes=171 hub=true res=Polymers row=stock station=6430 stock=1854000 target=none t=25800617 id=718
[mod] [SMRTK] SMRTK_STREAM before=1856600 calls=525 cubes=171 expected_cubes=171 hub=true res=Electronics row=stock station=6430 stock=1852600 target=none t=25800617 id=719
						Lua 0:21:22:199
[mod] [SMRTK] SMRTK_STREAM assigned=7985:Herbs:60000,7985:Metals:45000 at_station=false cargo=Herbs:60000,Metals:45000 command=GotoStation effective_speed=4503 line=7985-7873 passengers=0 row=train station=7873 train=2000001846 t=25801617 id=720
[mod] [SMRTK] SMRTK_STREAM before=1805000 calls=525 cubes=171 expected_cubes=171 hub=true res=Metals row=stock station=6430 stock=1801000 target=none t=25801617 id=721
						Lua 0:21:22:200
[mod] [SMRTK] SMRTK_STREAM before=1854000 calls=525 cubes=171 expected_cubes=171 hub=true res=Polymers row=stock station=6430 stock=1850000 target=none t=25801617 id=722
						Lua 0:21:22:598
[mod] [SMRTK] SMRTK_STREAM assigned=none at_station=false cargo=none command=GotoStation effective_speed=880 line=2012-6430 passengers=0 row=train station=2012 train=2000001848 t=25803617 id=723
[mod] [SMRTK] SMRTK_STREAM assigned=none at_station=false cargo=none command=GotoStation effective_speed=142 line=2011-6430 passengers=0 row=train station=2011 train=2000001851 t=25803617 id=724
						Lua 0:21:22:800
[mod] [SMRTK] SMRTK_STREAM assigned=7985:Herbs:60000,7985:Metals:45000 at_station=false cargo=Herbs:60000,Metals:45000 command=GotoStation effective_speed=4518 line=7985-7873 passengers=0 row=train station=7873 train=2000001846 t=25804617 id=725
[mod] [SMRTK] SMRTK_STREAM assigned=none at_station=false cargo=none command=GotoStation effective_speed=1251 line=2012-6430 passengers=0 row=train station=2012 train=2000001848 t=25804617 id=726
[mod] [SMRTK] SMRTK_STREAM assigned=none at_station=false cargo=none command=GotoStation effective_speed=1166 line=2011-6430 passengers=0 row=train station=2011 train=2000001851 t=25804617 id=727
						Lua 0:21:22:998
[mod] [SMRTK] SMRTK_STREAM assigned=7985:Herbs:60000,7985:Metals:45000 at_station=false cargo=Herbs:60000,Metals:45000 command=GotoStation effective_speed=4507 line=7985-7873 passengers=0 row=train station=7873 train=2000001846 t=25805617 id=728
[mod] [SMRTK] SMRTK_STREAM assigned=none at_station=false cargo=none command=GotoStation effective_speed=1410 line=2012-6430 passengers=0 row=train station=2012 train=2000001848 t=25805617 id=729
[mod] [SMRTK] SMRTK_STREAM assigned=none at_station=false cargo=none command=GotoStation effective_speed=1321 line=2011-6430 passengers=0 row=train station=2011 train=2000001851 t=25805617 id=730
						Lua 0:21:22:999
[mod] [SMRTK] SMRTK_STREAM before=1852600 calls=525 cubes=171 expected_cubes=171 hub=true res=Electronics row=stock station=6430 stock=1848600 target=none t=25805617 id=731
						Lua 0:21:23:199
[mod] [SMRTK] SMRTK_STREAM assigned=none at_station=true cargo=none command=false effective_speed=0 line=6430-2008 passengers=0 row=train station=6430 train=2000001844 t=25806617 id=732
[mod] [SMRTK] SMRTK_STREAM assigned=none at_station=true cargo=none command=false effective_speed=0 line=6430-2007 passengers=0 row=train station=6430 train=2000001845 t=25806617 id=733
[mod] [SMRTK] SMRTK_STREAM assigned=7985:Herbs:60000,7985:Metals:45000 at_station=false cargo=Herbs:60000,Metals:45000 command=GotoStation effective_speed=4500 line=7985-7873 passengers=0 row=train station=7873 train=2000001846 t=25806617 id=734
[mod] [SMRTK] SMRTK_STREAM assigned=none at_station=false cargo=none command=GotoStation effective_speed=4503 line=2012-6430 passengers=0 row=train station=2012 train=2000001848 t=25806617 id=735
[mod] [SMRTK] SMRTK_STREAM assigned=none at_station=true cargo=none command=false effective_speed=0 line=2012-6430 passengers=0 row=train station=6430 train=2000001849 t=25806617 id=736
						Lua 0:21:23:200
[mod] [SMRTK] SMRTK_STREAM assigned=none at_station=true cargo=none command=false effective_speed=0 line=2011-6430 passengers=0 row=train station=6430 train=2000001850 t=25806617 id=737
[mod] [SMRTK] SMRTK_STREAM assigned=none at_station=false cargo=none command=GotoStation effective_speed=1479 line=2011-6430 passengers=0 row=train station=2011 train=2000001851 t=25806617 id=738
[mod] [SMRTK] SMRTK_STREAM assigned=none at_station=true cargo=none command=false effective_speed=0 line=6495-6827 passengers=0 row=train station=6495 train=2000002387 t=25806617 id=739
[mod] [SMRTK] SMRTK_STREAM assigned=none at_station=true cargo=none command=false effective_speed=0 line=7411-6495 passengers=0 row=train station=6495 train=2000002388 t=25806617 id=740
[mod] [SMRTK] SMRTK_STREAM assigned=none at_station=true cargo=none command=false effective_speed=0 line=6883-6495 passengers=0 row=train station=6495 train=2000002389 t=25806617 id=741
[mod] [SMRTK] SMRTK_STREAM assigned=none at_station=true cargo=none command=false effective_speed=0 line=6951-6495 passengers=0 row=train station=6495 train=2000002390 t=25806617 id=742
[mod] [SMRTK] SMRTK_STREAM assigned=none at_station=true cargo=none command=false effective_speed=0 line=7411-6495 passengers=0 row=train station=7411 train=2000002391 t=25806617 id=743
[mod] [SMRTK] SMRTK_STREAM assigned=none at_station=true cargo=none command=false effective_speed=0 line=6951-6495 passengers=0 row=train station=6951 train=2000002392 t=25806617 id=744
[mod] [SMRTK] SMRTK_STREAM assigned=none at_station=true cargo=none command=false effective_speed=0 line=7873-2007 passengers=0 row=train station=7873 train=2000002658 t=25806617 id=745
[mod] [SMRTK] SMRTK_STREAM assigned=none at_station=true cargo=none command=false effective_speed=0 line=7985-7873 passengers=0 row=train station=7873 train=2000002659 t=25806617 id=746
[mod] [SMRTK] SMRTK_STREAM before=1801000 calls=525 cubes=171 expected_cubes=171 hub=true res=Metals row=stock station=6430 stock=1793000 target=none t=25806617 id=747
						Lua 0:21:23:398
[mod] [SMRTK] SMRTK_STREAM assigned=none at_station=false cargo=none command=GotoStation effective_speed=4500 line=2012-6430 passengers=0 row=train station=2012 train=2000001848 t=25807617 id=748
[mod] [SMRTK] SMRTK_STREAM assigned=none at_station=false cargo=none command=GotoStation effective_speed=4503 line=2011-6430 passengers=0 row=train station=2011 train=2000001851 t=25807617 id=749
						Lua 0:21:23:399
[mod] [SMRTK] SMRTK_STREAM before=1793000 calls=525 cubes=171 expected_cubes=171 hub=true res=Metals row=stock station=6430 stock=1785000 target=none t=25807617 id=750
						Lua 0:21:23:554
[TrainHubDev] lights: arm 0, flanks the reactor (red flank) = B2 "Deep blue wash" (SpotLight), 12 lights, engine bearing 0 deg
						Lua 0:21:23:555
[TrainHubDev] lights: arm 1, flanks the reactor (blue flank) = B2 "Deep blue wash" (SpotLight), 12 lights, engine bearing 60 deg
						Lua 0:21:23:556
[TrainHubDev] lights: arm 2, next to the blue flank = B2 "Deep blue wash" (SpotLight), 12 lights, engine bearing 120 deg
[TrainHubDev] lights: arm 3, opposite the red flank = B2 "Deep blue wash" (SpotLight), 12 lights, engine bearing 180 deg
						Lua 0:21:23:557
[TrainHubDev] lights: arm 4, opposite the blue flank = B2 "Deep blue wash" (SpotLight), 12 lights, engine bearing 240 deg
						Lua 0:21:23:558
[TrainHubDev] lights: arm 5, next to the red flank = B2 "Deep blue wash" (SpotLight), 12 lights, engine bearing 300 deg
[TrainHubDev] lights: arm tune intensity 50, side 150 cm, height 200 cm, radius 500 cm, cone 50/100, colour 0,40,255
						Lua 0:21:23:559
[TrainHubDev] structure lights: portal rims ON, 30 lights (intensity 4, radius 350 cm)
[TrainHubDev] structure lights: drone pit kerb OFF, 0 lights (intensity 15, radius 300 cm)
[TrainHubDev] structure lights: ring rim strip OFF, 0 lights (intensity 12, radius 400 cm)
[TrainHubDev] structure lights: floor edge strip OFF, 0 lights (intensity 30, radius 300 cm)
[TrainHubDev] structure lights: crown floor light ON, 1 lights (intensity 150, radius 4000 cm)
[TrainHubDev] structure lights: crown floor light follows the VANILLA night schedule (OnMsg.LightmodelChange -> map.NightLightsState, NightLightObjects.lua:250-259, :22 on build 1.1.0.403908); it is NIGHT now, so it is LIT -- hanging at z 1900 cm, colour 255,214,170, cone 0/0
						Lua 0:21:23:560
[TrainHubDev] structure lights: under-deck fill ON, 18 lights (intensity 40, radius 1200 cm)
[TrainHubDev] structure lights: under-deck fill follows the VANILLA night schedule (OnMsg.LightmodelChange -> map.NightLightsState, NightLightObjects.lua:250-259, :22 on build 1.1.0.403908); it is NIGHT now, so it is LIT -- hanging at z 700 cm, colour 255,214,170, cone 0/0
[TrainHubDev] lights: 121 placed (72 arm + 49 structure); a stopped hub destroys them all
						Lua 0:21:23:599
[mod] [SMRTK] SMRTK_STREAM assigned=7985:Herbs:60000,7985:Metals:45000 at_station=false cargo=Herbs:60000,Metals:45000 command=GotoStation effective_speed=4503 line=7985-7873 passengers=0 row=train station=7873 train=2000001846 t=25808617 id=751
[mod] [SMRTK] SMRTK_STREAM before=1785000 calls=525 cubes=171 expected_cubes=171 hub=true res=Metals row=stock station=6430 stock=1769000 target=none t=25808617 id=752
						Lua 0:21:23:798
[mod] [SMRTK] SMRTK_STREAM assigned=7985:Herbs:60000,7985:Metals:45000 at_station=false cargo=Herbs:60000,Metals:45000 command=GotoStation effective_speed=4500 line=7985-7873 passengers=0 row=train station=7873 train=2000001846 t=25809617 id=753
[mod] [SMRTK] SMRTK_STREAM assigned=none at_station=false cargo=none command=GotoStation effective_speed=3800 line=2012-6430 passengers=0 row=train station=2012 train=2000001848 t=25809617 id=754
						Lua 0:21:23:799
[mod] [SMRTK] SMRTK_STREAM before=1769000 calls=525 cubes=171 expected_cubes=171 hub=true res=Metals row=stock station=6430 stock=1765000 target=none t=25809617 id=755
						Lua 0:21:23:933
[TrainHubDev] lights: arm 0, flanks the reactor (red flank) = B2 "Deep blue wash" (SpotLight), 12 lights, engine bearing 0 deg
[TrainHubDev] lights: arm 1, flanks the reactor (blue flank) = B2 "Deep blue wash" (SpotLight), 12 lights, engine bearing 60 deg
						Lua 0:21:23:934
[TrainHubDev] lights: arm 2, next to the blue flank = B2 "Deep blue wash" (SpotLight), 12 lights, engine bearing 120 deg
						Lua 0:21:23:935
[TrainHubDev] lights: arm 3, opposite the red flank = B2 "Deep blue wash" (SpotLight), 12 lights, engine bearing 180 deg
						Lua 0:21:23:936
[TrainHubDev] lights: arm 4, opposite the blue flank = B2 "Deep blue wash" (SpotLight), 12 lights, engine bearing 240 deg
[TrainHubDev] lights: arm 5, next to the red flank = B2 "Deep blue wash" (SpotLight), 12 lights, engine bearing 300 deg
[TrainHubDev] lights: arm tune intensity 50, side 150 cm, height 200 cm, radius 500 cm, cone 50/100, colour 0,40,255
						Lua 0:21:23:937
[TrainHubDev] structure lights: portal rims ON, 30 lights (intensity 4, radius 350 cm)
[TrainHubDev] structure lights: drone pit kerb OFF, 0 lights (intensity 15, radius 300 cm)
[TrainHubDev] structure lights: ring rim strip OFF, 0 lights (intensity 12, radius 400 cm)
[TrainHubDev] structure lights: floor edge strip OFF, 0 lights (intensity 30, radius 300 cm)
[TrainHubDev] structure lights: crown floor light ON, 1 lights (intensity 150, radius 4000 cm)
[TrainHubDev] structure lights: crown floor light follows the VANILLA night schedule (OnMsg.LightmodelChange -> map.NightLightsState, NightLightObjects.lua:250-259, :22 on build 1.1.0.403908); it is NIGHT now, so it is LIT -- hanging at z 1900 cm, colour 255,214,170, cone 0/0
[TrainHubDev] structure lights: under-deck fill ON, 18 lights (intensity 40, radius 1200 cm)
						Lua 0:21:23:938
[TrainHubDev] structure lights: under-deck fill follows the VANILLA night schedule (OnMsg.LightmodelChange -> map.NightLightsState, NightLightObjects.lua:250-259, :22 on build 1.1.0.403908); it is NIGHT now, so it is LIT -- hanging at z 700 cm, colour 255,214,170, cone 0/0
[TrainHubDev] lights: 121 placed (72 arm + 49 structure); a stopped hub destroys them all
						Lua 0:21:23:999
[mod] [SMRTK] SMRTK_STREAM assigned=7985:Herbs:60000,7985:Metals:45000 at_station=false cargo=Herbs:60000,Metals:45000 command=GotoStation effective_speed=5621 line=7985-7873 passengers=0 row=train station=7873 train=2000001846 t=25810617 id=756
[mod] [SMRTK] SMRTK_STREAM assigned=none at_station=false cargo=none command=GotoStation effective_speed=4772 line=2012-6430 passengers=0 row=train station=2012 train=2000001848 t=25810617 id=757
[mod] [SMRTK] SMRTK_STREAM assigned=none at_station=false cargo=none command=GotoStation effective_speed=4956 line=2011-6430 passengers=0 row=train station=2011 train=2000001851 t=25810617 id=758
[mod] [SMRTK] SMRTK_STREAM before=1765000 calls=525 cubes=171 expected_cubes=171 hub=true res=Metals row=stock station=6430 stock=1753000 target=none t=25810617 id=759
						Lua 0:21:24:198
[mod] [SMRTK] SMRTK_STREAM assigned=none at_station=false cargo=none command=GotoStation effective_speed=5617 line=2012-6430 passengers=0 row=train station=2012 train=2000001848 t=25811617 id=760
[mod] [SMRTK] SMRTK_STREAM assigned=none at_station=false cargo=none command=GotoStation effective_speed=5617 line=2011-6430 passengers=0 row=train station=2011 train=2000001851 t=25811617 id=761
[mod] [SMRTK] SMRTK_STREAM before=1753000 calls=525 cubes=171 expected_cubes=171 hub=true res=Metals row=stock station=6430 stock=1751000 target=none t=25811617 id=762
						Lua 0:21:24:399
[mod] [SMRTK] SMRTK_STREAM assigned=7985:Herbs:60000,7985:Metals:45000 at_station=false cargo=Herbs:60000,Metals:45000 command=GotoStation effective_speed=5617 line=7985-7873 passengers=0 row=train station=7873 train=2000001846 t=25812617 id=763
						Lua 0:21:24:598
[mod] [SMRTK] SMRTK_STREAM assigned=7985:Herbs:60000,7985:Metals:45000 at_station=false cargo=Herbs:60000,Metals:45000 command=GotoStation effective_speed=5621 line=7985-7873 passengers=0 row=train station=7873 train=2000001846 t=25813617 id=764
						Lua 0:21:24:798
[mod] [SMRTK] SMRTK_STREAM assigned=7985:Herbs:60000,7985:Metals:45000 at_station=false cargo=Herbs:60000,Metals:45000 command=GotoStation effective_speed=5617 line=7985-7873 passengers=0 row=train station=7873 train=2000001846 t=25814617 id=765
						Lua 0:21:24:999
[mod] [SMRTK] SMRTK_STREAM assigned=7985:Herbs:60000,7985:Metals:45000 at_station=false cargo=Herbs:60000,Metals:45000 command=GotoStation effective_speed=5621 line=7985-7873 passengers=0 row=train station=7873 train=2000001846 t=25815617 id=766
[mod] [SMRTK] SMRTK_STREAM assigned=none at_station=false cargo=none command=GotoStation effective_speed=4956 line=2011-6430 passengers=0 row=train station=2011 train=2000001851 t=25815617 id=767
						Lua 0:21:25:198
[mod] [SMRTK] SMRTK_STREAM assigned=none at_station=false cargo=none command=GotoStation effective_speed=5617 line=2011-6430 passengers=0 row=train station=2011 train=2000001851 t=25816617 id=768
						Lua 0:21:25:400
[mod] [SMRTK] SMRTK_STREAM assigned=7985:Herbs:60000,7985:Metals:45000 at_station=false cargo=Herbs:60000,Metals:45000 command=GotoStation effective_speed=3898 line=7985-7873 passengers=0 row=train station=7873 train=2000001846 t=25817617 id=769
						Lua 0:21:25:598
[mod] [SMRTK] SMRTK_STREAM assigned=7985:Herbs:60000,7985:Metals:45000 at_station=false cargo=Herbs:60000,Metals:45000 command=GotoStation effective_speed=1902 line=7985-7873 passengers=0 row=train station=7873 train=2000001846 t=25818617 id=770
[mod] [SMRTK] SMRTK_STREAM assigned=none at_station=false cargo=none command=GotoStation effective_speed=5624 line=2012-6430 passengers=0 row=train station=2012 train=2000001848 t=25818617 id=771
						Lua 0:21:25:798
[mod] [SMRTK] SMRTK_STREAM assigned=7985:Herbs:60000,7985:Metals:45000 at_station=false cargo=Herbs:60000,Metals:45000 command=GotoStation effective_speed=864 line=7985-7873 passengers=0 row=train station=7873 train=2000001846 t=25819617 id=772
[mod] [SMRTK] SMRTK_STREAM assigned=none at_station=false cargo=none command=GotoStation effective_speed=5617 line=2012-6430 passengers=0 row=train station=2012 train=2000001848 t=25819617 id=773
[mod] [SMRTK] SMRTK_STREAM assigned=none at_station=false cargo=none command=GotoStation effective_speed=4751 line=2011-6430 passengers=0 row=train station=2011 train=2000001851 t=25819617 id=774
						Lua 0:21:25:998
[mod] [SMRTK] SMRTK_STREAM assigned=7985:Herbs:60000,7985:Metals:45000 at_station=true cargo=Herbs:60000,Metals:45000 command=UnloadTrain effective_speed=0 line=7985-7873 passengers=0 row=train station=7985 train=2000001846 t=25820617 id=775
[mod] [SMRTK] SMRTK_STREAM assigned=none at_station=false cargo=none command=GotoStation effective_speed=4956 line=2012-6430 passengers=0 row=train station=2012 train=2000001848 t=25820617 id=776
[mod] [SMRTK] SMRTK_STREAM assigned=none at_station=false cargo=none command=GotoStation effective_speed=5617 line=2011-6430 passengers=0 row=train station=2011 train=2000001851 t=25820617 id=777
						Lua 0:21:26:199
[mod] [SMRTK] SMRTK_STREAM assigned=none at_station=false cargo=none command=GotoStation effective_speed=5617 line=2012-6430 passengers=0 row=train station=2012 train=2000001848 t=25821617 id=778
[mod] [SMRTK] SMRTK_STREAM assigned=none at_station=false cargo=none command=GotoStation effective_speed=4956 line=2011-6430 passengers=0 row=train station=2011 train=2000001851 t=25821617 id=779
						Lua 0:21:26:400
[mod] [SMRTK] SMRTK_STREAM assigned=none at_station=false cargo=none command=GotoStation effective_speed=5617 line=2011-6430 passengers=0 row=train station=2011 train=2000001851 t=25822617 id=780
						Lua 0:21:26:428
[mod] [SMRTK] SMRTK_PANEL action=panel_toggle open=true status=OK tab=Agent t=25822762 id=781
						Lua 0:21:27:200
[mod] [SMRTK] SMRTK_STREAM assigned=none at_station=true cargo=none command=LoadTrain effective_speed=0 line=7985-7873 passengers=0 row=train station=7985 train=2000001846 t=25826617 id=782
[mod] [SMRTK] SMRTK_STREAM assigned=none at_station=false cargo=none command=GotoStation effective_speed=4956 line=2012-6430 passengers=0 row=train station=2012 train=2000001848 t=25826617 id=783
						Lua 0:21:27:201
[mod] [SMRTK] SMRTK_STREAM before=0 calls=12 cubes=none expected_cubes=none hub=false res=Herbs row=stock station=7985 stock=60000 target=60000 t=25826617 id=784
[mod] [SMRTK] SMRTK_STREAM before=0 calls=12 cubes=none expected_cubes=none hub=false res=Metals row=stock station=7985 stock=45000 target=60000 t=25826617 id=785						Lua 0:21:27:202

						Lua 0:21:27:398
[mod] [SMRTK] SMRTK_STREAM assigned=none at_station=false cargo=none command=GotoStation effective_speed=4751 line=2012-6430 passengers=0 row=train station=2012 train=2000001848 t=25827617 id=786
						Lua 0:21:27:598
[mod] [SMRTK] SMRTK_STREAM assigned=none at_station=false cargo=none command=GotoStation effective_speed=5617 line=2012-6430 passengers=0 row=train station=2012 train=2000001848 t=25828617 id=787
						Lua 0:21:28:000
[mod] [SMRTK] SMRTK_STREAM assigned=none at_station=true cargo=none command=LoadTrain effective_speed=0 line=6430-2008 passengers=0 row=train station=6430 train=2000001844 t=25830617 id=788
[mod] [SMRTK] SMRTK_STREAM assigned=none at_station=true cargo=none command=LoadTrain effective_speed=0 line=6430-2007 passengers=0 row=train station=6430 train=2000001845 t=25830617 id=789
[mod] [SMRTK] SMRTK_STREAM assigned=none at_station=true cargo=none command=LoadTrain effective_speed=0 line=2012-6430 passengers=0 row=train station=6430 train=2000001849 t=25830617 id=790
[mod] [SMRTK] SMRTK_STREAM assigned=none at_station=true cargo=none command=LoadTrain effective_speed=0 line=2011-6430 passengers=0 row=train station=6430 train=2000001850 t=25830617 id=791
[mod] [SMRTK] SMRTK_STREAM assigned=none at_station=true cargo=none command=LoadTrain effective_speed=0 line=6495-6827 passengers=0 row=train station=6495 train=2000002387 t=25830617 id=792
[mod] [SMRTK] SMRTK_STREAM assigned=none at_station=true cargo=none command=LoadTrain effective_speed=0 line=7411-6495 passengers=0 row=train station=6495 train=2000002388 t=25830617 id=793
[mod] [SMRTK] SMRTK_STREAM assigned=none at_station=true cargo=none command=LoadTrain effective_speed=0 line=6883-6495 passengers=0 row=train station=6495 train=2000002389 t=25830617 id=794
[mod] [SMRTK] SMRTK_STREAM assigned=none at_station=true cargo=none command=LoadTrain effective_speed=0 line=6951-6495 passengers=0 row=train station=6495 train=2000002390 t=25830617 id=795
[mod] [SMRTK] SMRTK_STREAM assigned=none at_station=true cargo=none command=LoadTrain effective_speed=0 line=7411-6495 passengers=0 row=train station=7411 train=2000002391 t=25830617 id=796
[mod] [SMRTK] SMRTK_STREAM assigned=none at_station=true cargo=none command=LoadTrain effective_speed=0 line=6951-6495 passengers=0 row=train station=6951 train=2000002392 t=25830617 id=797
[mod] [SMRTK] SMRTK_STREAM assigned=none at_station=true cargo=none command=LoadTrain effective_speed=0 line=7873-2007 passengers=0 row=train station=7873 train=2000002658 t=25830617 id=798
[mod] [SMRTK] SMRTK_STREAM assigned=none at_station=true cargo=none command=LoadTrain effective_speed=0 line=7985-7873 passengers=0 row=train station=7873 train=2000002659 t=25830617 id=799
						Lua 0:21:28:398
[mod] [SMRTK] SMRTK_STREAM assigned=none at_station=false cargo=none command=GotoStation effective_speed=336 line=7985-7873 passengers=0 row=train station=7985 train=2000001846 t=25832617 id=800
[mod] [SMRTK] SMRTK_STREAM assigned=none at_station=false cargo=none command=GotoStation effective_speed=5621 line=2012-6430 passengers=0 row=train station=2012 train=2000001848 t=25832617 id=801
						Lua 0:21:28:598
[mod] [SMRTK] SMRTK_STREAM assigned=none at_station=false cargo=none command=GotoStation effective_speed=1472 line=7985-7873 passengers=0 row=train station=7985 train=2000001846 t=25833617 id=802
[mod] [SMRTK] SMRTK_STREAM assigned=none at_station=false cargo=none command=GotoStation effective_speed=0 line=2012-6430 passengers=0 row=train station=2012 train=2000001848 t=25833617 id=803
						Lua 0:21:28:799
[mod] [SMRTK] SMRTK_STREAM assigned=none at_station=false cargo=none command=GotoStation effective_speed=1613 line=7985-7873 passengers=0 row=train station=7985 train=2000001846 t=25834617 id=804
						Lua 0:21:28:999
[mod] [SMRTK] SMRTK_STREAM assigned=none at_station=false cargo=none command=GotoStation effective_speed=1752 line=7985-7873 passengers=0 row=train station=7985 train=2000001846 t=25835617 id=805
						Lua 0:21:29:198
[mod] [SMRTK] SMRTK_STREAM assigned=none at_station=true cargo=none command=false effective_speed=0 line=6430-2008 passengers=0 row=train station=6430 train=2000001844 t=25836617 id=806
[mod] [SMRTK] SMRTK_STREAM assigned=none at_station=true cargo=none command=false effective_speed=0 line=6430-2007 passengers=0 row=train station=6430 train=2000001845 t=25836617 id=807
[mod] [SMRTK] SMRTK_STREAM assigned=none at_station=false cargo=none command=GotoStation effective_speed=2126 line=7985-7873 passengers=0 row=train station=7985 train=2000001846 t=25836617 id=808
[mod] [SMRTK] SMRTK_STREAM assigned=none at_station=true cargo=none command=GotoStation effective_speed=0 line=6430-2008 passengers=0 row=train station=6430 train=2000001849 t=25836617 id=809
[mod] [SMRTK] SMRTK_STREAM assigned=none at_station=false cargo=none command=GotoStation effective_speed=3875 line=6430-2007 passengers=0 row=train station=6430 train=2000001850 t=25836617 id=810
[mod] [SMRTK] SMRTK_STREAM assigned=none at_station=true cargo=none command=false effective_speed=0 line=6495-6827 passengers=0 row=train station=6495 train=2000002387 t=25836617 id=811
[mod] [SMRTK] SMRTK_STREAM assigned=none at_station=true cargo=none command=false effective_speed=0 line=7411-6495 passengers=0 row=train station=6495 train=2000002388 t=25836617 id=812
[mod] [SMRTK] SMRTK_STREAM assigned=none at_station=true cargo=none command=false effective_speed=0 line=6883-6495 passengers=0 row=train station=6495 train=2000002389 t=25836617 id=813
[mod] [SMRTK] SMRTK_STREAM assigned=none at_station=true cargo=none command=false effective_speed=0 line=6951-6495 passengers=0 row=train station=6495 train=2000002390 t=25836617 id=814
[mod] [SMRTK] SMRTK_STREAM assigned=none at_station=true cargo=none command=false effective_speed=0 line=7411-6495 passengers=0 row=train station=7411 train=2000002391 t=25836617 id=815
[mod] [SMRTK] SMRTK_STREAM assigned=none at_station=true cargo=none command=false effective_speed=0 line=6951-6495 passengers=0 row=train station=6951 train=2000002392 t=25836617 id=816
[mod] [SMRTK] SMRTK_STREAM assigned=none at_station=true cargo=none command=false effective_speed=0 line=7873-2007 passengers=0 row=train station=7873 train=2000002658 t=25836617 id=817
[mod] [SMRTK] SMRTK_STREAM assigned=none at_station=true cargo=none command=false effective_speed=0 line=7985-7873 passengers=0 row=train station=7873 train=2000002659 t=25836617 id=818
						Lua 0:21:29:398
[mod] [SMRTK] SMRTK_STREAM assigned=none at_station=false cargo=none command=GotoStation effective_speed=5617 line=7985-7873 passengers=0 row=train station=7985 train=2000001846 t=25837617 id=819
[mod] [SMRTK] SMRTK_STREAM assigned=none at_station=false cargo=none command=GotoStation effective_speed=1908 line=6430-2007 passengers=0 row=train station=6430 train=2000001850 t=25837617 id=820
						Lua 0:21:29:598
[mod] [SMRTK] SMRTK_STREAM assigned=none at_station=false cargo=none command=GotoStation effective_speed=83 line=6430-2007 passengers=0 row=train station=6430 train=2000001850 t=25838617 id=821
[mod] [SMRTK] SMRTK_STREAM assigned=none at_station=false cargo=none command=GotoStation effective_speed=0 line=2011-6430 passengers=0 row=train station=2011 train=2000001851 t=25838617 id=822
						Lua 0:21:29:798
[mod] [SMRTK] SMRTK_STREAM assigned=none at_station=false cargo=none command=GotoStation effective_speed=214 line=6430-2007 passengers=0 row=train station=6430 train=2000001850 t=25839617 id=823
						Lua 0:21:29:999
[mod] [SMRTK] SMRTK_STREAM assigned=none at_station=false cargo=none command=GotoStation effective_speed=491 line=6430-2007 passengers=0 row=train station=6430 train=2000001850 t=25840617 id=824
[mod] [SMRTK] SMRTK_STREAM assigned=none at_station=false cargo=none command=GotoStation effective_speed=5220 line=2011-6430 passengers=0 row=train station=2011 train=2000001851 t=25840617 id=825
						Lua 0:21:30:199
[mod] [SMRTK] SMRTK_STREAM assigned=none at_station=false cargo=none command=GotoStation effective_speed=5617 line=6430-2007 passengers=0 row=train station=6430 train=2000001850 t=25841617 id=826
[mod] [SMRTK] SMRTK_STREAM assigned=none at_station=false cargo=none command=GotoStation effective_speed=351 line=2011-6430 passengers=0 row=train station=2011 train=2000001851 t=25841617 id=827
						Lua 0:21:30:400
[mod] [SMRTK] SMRTK_STREAM assigned=none at_station=false cargo=none command=GotoStation effective_speed=3582 line=2011-6430 passengers=0 row=train station=2011 train=2000001851 t=25842617 id=828
						Lua 0:21:30:598
[mod] [SMRTK] SMRTK_STREAM assigned=none at_station=false cargo=none command=GotoStation effective_speed=985 line=2011-6430 passengers=0 row=train station=2011 train=2000001851 t=25843617 id=829
						Lua 0:21:30:766
[mod] [SMRTK] SMRTK_SPEED action=speed_fastest before=5000 factor=20000 requested=20 status=OK t=25844447 id=830
[SMRTK] SMRTK_SPEED action=speed_fastest before=5000 factor=20000 requested=20 status=OK t=25844447 id=830
						Lua 0:21:30:773
[mod] [SMRTK] SMRTK_STREAM assigned=none at_station=false cargo=none command=GotoStation effective_speed=4262 line=6430-2008 passengers=0 row=train station=6430 train=2000001849 t=25844617 id=831
[mod] [SMRTK] SMRTK_STREAM assigned=none at_station=true cargo=none command=UnloadTrain effective_speed=0 line=2011-6430 passengers=0 row=train station=6430 train=2000001851 t=25844617 id=832
						Lua 0:21:30:823
[mod] [SMRTK] SMRTK_STREAM assigned=none at_station=false cargo=none command=GotoStation effective_speed=2698 line=6430-2008 passengers=0 row=train station=6430 train=2000001849 t=25845617 id=833
						Lua 0:21:30:876
[mod] [SMRTK] SMRTK_STREAM assigned=none at_station=false cargo=none command=GotoStation effective_speed=731 line=6430-2008 passengers=0 row=train station=6430 train=2000001849 t=25846617 id=834
						Lua 0:21:30:924
[mod] [SMRTK] SMRTK_STREAM assigned=none at_station=false cargo=none command=GotoStation effective_speed=351 line=6430-2008 passengers=0 row=train station=6430 train=2000001849 t=25847617 id=835
[mod] [SMRTK] SMRTK_STREAM assigned=none at_station=false cargo=none command=GotoStation effective_speed=4956 line=6430-2007 passengers=0 row=train station=6430 train=2000001850 t=25847617 id=836
						Lua 0:21:30:974
[mod] [SMRTK] SMRTK_STREAM assigned=none at_station=false cargo=none command=GotoStation effective_speed=4750 line=7985-7873 passengers=0 row=train station=7985 train=2000001846 t=25848617 id=837
[mod] [SMRTK] SMRTK_STREAM assigned=none at_station=false cargo=none command=GotoStation effective_speed=1873 line=6430-2008 passengers=0 row=train station=6430 train=2000001849 t=25848617 id=838
[mod] [SMRTK] SMRTK_STREAM assigned=none at_station=false cargo=none command=GotoStation effective_speed=5617 line=6430-2007 passengers=0 row=train station=6430 train=2000001850 t=25848617 id=839
						Lua 0:21:31:023
[mod] [SMRTK] SMRTK_STREAM assigned=none at_station=false cargo=none command=GotoStation effective_speed=5612 line=7985-7873 passengers=0 row=train station=7985 train=2000001846 t=25849617 id=840
[mod] [SMRTK] SMRTK_STREAM assigned=none at_station=false cargo=none command=GotoStation effective_speed=214 line=2012-6430 passengers=0 row=train station=2012 train=2000001848 t=25849617 id=841
[mod] [SMRTK] SMRTK_STREAM assigned=none at_station=false cargo=none command=GotoStation effective_speed=5612 line=6430-2008 passengers=0 row=train station=6430 train=2000001849 t=25849617 id=842
						Lua 0:21:31:074
[mod] [SMRTK] SMRTK_STREAM assigned=none at_station=false cargo=none command=GotoStation effective_speed=5611 line=2012-6430 passengers=0 row=train station=2012 train=2000001848 t=25850617 id=843
[mod] [SMRTK] SMRTK_STREAM assigned=none at_station=false cargo=none command=GotoStation effective_speed=5617 line=6430-2008 passengers=0 row=train station=6430 train=2000001849 t=25850617 id=844
[mod] [SMRTK] SMRTK_STREAM assigned=none at_station=true cargo=none command=LoadTrain effective_speed=0 line=2011-6430 passengers=0 row=train station=6430 train=2000001851 t=25850617 id=845
						Lua 0:21:31:124
[mod] [SMRTK] SMRTK_STREAM assigned=none at_station=false cargo=none command=GotoStation effective_speed=4494 line=2012-6430 passengers=0 row=train station=2012 train=2000001848 t=25851617 id=846
[mod] [SMRTK] SMRTK_STREAM assigned=none at_station=false cargo=none command=GotoStation effective_speed=5631 line=6430-2007 passengers=0 row=train station=6430 train=2000001850 t=25851617 id=847
						Lua 0:21:31:173
[mod] [SMRTK] SMRTK_STREAM assigned=none at_station=false cargo=none command=GotoStation effective_speed=1084 line=2012-6430 passengers=0 row=train station=2012 train=2000001848 t=25852617 id=848
						Lua 0:21:31:174
[mod] [SMRTK] SMRTK_STREAM assigned=none at_station=false cargo=none command=GotoStation effective_speed=5624 line=6430-2008 passengers=0 row=train station=6430 train=2000001849 t=25852617 id=849
[mod] [SMRTK] SMRTK_STREAM assigned=none at_station=false cargo=none command=GotoStation effective_speed=5617 line=6430-2007 passengers=0 row=train station=6430 train=2000001850 t=25852617 id=850
						Lua 0:21:31:230
[mod] [SMRTK] SMRTK_STREAM assigned=none at_station=true cargo=none command=UnloadTrain effective_speed=0 line=2012-6430 passengers=0 row=train station=6430 train=2000001848 t=25853617 id=851
[mod] [SMRTK] SMRTK_STREAM assigned=none at_station=false cargo=none command=GotoStation effective_speed=5617 line=6430-2008 passengers=0 row=train station=6430 train=2000001849 t=25853617 id=852
						Lua 0:21:31:275
[mod] [SMRTK] SMRTK_STREAM assigned=none at_station=false cargo=none command=GotoStation effective_speed=5617 line=7985-7873 passengers=0 row=train station=7985 train=2000001846 t=25854617 id=853
						Lua 0:21:31:323
[mod] [SMRTK] SMRTK_STREAM assigned=none at_station=false cargo=none command=GotoStation effective_speed=5621 line=7985-7873 passengers=0 row=train station=7985 train=2000001846 t=25855617 id=854
[mod] [SMRTK] SMRTK_STREAM assigned=none at_station=false cargo=none command=GotoStation effective_speed=3915 line=6430-2008 passengers=0 row=train station=6430 train=2000001849 t=25855617 id=855
						Lua 0:21:31:375
[mod] [SMRTK] SMRTK_STREAM assigned=none at_station=false cargo=none command=GotoStation effective_speed=5612 line=7985-7873 passengers=0 row=train station=7985 train=2000001846 t=25856617 id=856
[mod] [SMRTK] SMRTK_STREAM assigned=none at_station=false cargo=none command=GotoStation effective_speed=1402 line=6430-2008 passengers=0 row=train station=6430 train=2000001849 t=25856617 id=857
[mod] [SMRTK] SMRTK_STREAM assigned=none at_station=true cargo=none command=false effective_speed=0 line=2011-6430 passengers=0 row=train station=6430 train=2000001851 t=25856617 id=858
						Lua 0:21:31:423
[mod] [SMRTK] SMRTK_STREAM assigned=none at_station=false cargo=none command=GotoStation effective_speed=5621 line=7985-7873 passengers=0 row=train station=7985 train=2000001846 t=25857617 id=859
[mod] [SMRTK] SMRTK_STREAM assigned=none at_station=true cargo=none command=UnloadTrain effective_speed=0 line=6430-2008 passengers=0 row=train station=2008 train=2000001849 t=25857617 id=860
						Lua 0:21:31:474
[mod] [SMRTK] SMRTK_STREAM assigned=none at_station=false cargo=none command=GotoStation effective_speed=0 line=7985-7873 passengers=0 row=train station=7985 train=2000001846 t=25858617 id=861
[mod] [SMRTK] SMRTK_STREAM assigned=none at_station=false cargo=none command=GotoStation effective_speed=2589 line=6430-2007 passengers=0 row=train station=6430 train=2000001850 t=25858617 id=862
						Lua 0:21:31:523
[mod] [SMRTK] SMRTK_STREAM assigned=none at_station=true cargo=none command=LoadTrain effective_speed=0 line=2012-6430 passengers=0 row=train station=6430 train=2000001848 t=25859617 id=863
[mod] [SMRTK] SMRTK_STREAM assigned=none at_station=false cargo=none command=GotoStation effective_speed=76 line=6430-2007 passengers=0 row=train station=6430 train=2000001850 t=25859617 id=864
						Lua 0:21:31:573
[mod] [SMRTK] SMRTK_STREAM assigned=none at_station=true cargo=none command=LoadTrain effective_speed=0 line=6430-2008 passengers=0 row=train station=6430 train=2000001844 t=25860617 id=865
[mod] [SMRTK] SMRTK_STREAM assigned=none at_station=true cargo=none command=LoadTrain effective_speed=0 line=6430-2007 passengers=0 row=train station=6430 train=2000001845 t=25860617 id=866
[mod] [SMRTK] SMRTK_STREAM assigned=none at_station=true cargo=none command=UnloadTrain effective_speed=0 line=6430-2007 passengers=0 row=train station=2007 train=2000001850 t=25860617 id=867
[mod] [SMRTK] SMRTK_STREAM assigned=none at_station=true cargo=none command=LoadTrain effective_speed=0 line=2011-6430 passengers=0 row=train station=6430 train=2000001851 t=25860617 id=868
[mod] [SMRTK] SMRTK_STREAM assigned=none at_station=true cargo=none command=LoadTrain effective_speed=0 line=6495-6827 passengers=0 row=train station=6495 train=2000002387 t=25860617 id=869
[mod] [SMRTK] SMRTK_STREAM assigned=none at_station=true cargo=none command=LoadTrain effective_speed=0 line=7411-6495 passengers=0 row=train station=6495 train=2000002388 t=25860617 id=870
[mod] [SMRTK] SMRTK_STREAM assigned=none at_station=true cargo=none command=LoadTrain effective_speed=0 line=6883-6495 passengers=0 row=train station=6495 train=2000002389 t=25860617 id=871
[mod] [SMRTK] SMRTK_STREAM assigned=none at_station=true cargo=none command=LoadTrain effective_speed=0 line=6951-6495 passengers=0 row=train station=6495 train=2000002390 t=25860617 id=872
						Lua 0:21:31:574
[mod] [SMRTK] SMRTK_STREAM assigned=none at_station=true cargo=none command=LoadTrain effective_speed=0 line=7411-6495 passengers=0 row=train station=7411 train=2000002391 t=25860617 id=873
[mod] [SMRTK] SMRTK_STREAM assigned=none at_station=true cargo=none command=LoadTrain effective_speed=0 line=6951-6495 passengers=0 row=train station=6951 train=2000002392 t=25860617 id=874
[mod] [SMRTK] SMRTK_STREAM assigned=none at_station=true cargo=none command=LoadTrain effective_speed=0 line=7873-2007 passengers=0 row=train station=7873 train=2000002658 t=25860617 id=875
[mod] [SMRTK] SMRTK_STREAM assigned=none at_station=true cargo=none command=LoadTrain effective_speed=0 line=7985-7873 passengers=0 row=train station=7873 train=2000002659 t=25860617 id=876
						Lua 0:21:31:723
[mod] [SMRTK] SMRTK_STREAM assigned=none at_station=true cargo=none command=LoadTrain effective_speed=0 line=6430-2008 passengers=0 row=train station=2008 train=2000001849 t=25863617 id=877
						Lua 0:21:31:824
[mod] [SMRTK] SMRTK_STREAM assigned=none at_station=true cargo=none command=false effective_speed=0 line=2012-6430 passengers=0 row=train station=6430 train=2000001848 t=25865617 id=878
						Lua 0:21:31:877
[mod] [SMRTK] SMRTK_STREAM assigned=none at_station=true cargo=none command=false effective_speed=0 line=6430-2008 passengers=0 row=train station=6430 train=2000001844 t=25866617 id=879
						Lua 0:21:31:878
[mod] [SMRTK] SMRTK_STREAM assigned=none at_station=true cargo=none command=false effective_speed=0 line=6430-2007 passengers=0 row=train station=6430 train=2000001845 t=25866617 id=880
[mod] [SMRTK] SMRTK_STREAM assigned=none at_station=true cargo=none command=LoadTrain effective_speed=0 line=6430-2007 passengers=0 row=train station=2007 train=2000001850 t=25866617 id=881
[mod] [SMRTK] SMRTK_STREAM assigned=none at_station=true cargo=none command=false effective_speed=0 line=2011-6430 passengers=0 row=train station=6430 train=2000001851 t=25866617 id=882
[mod] [SMRTK] SMRTK_STREAM assigned=none at_station=true cargo=none command=false effective_speed=0 line=6495-6827 passengers=0 row=train station=6495 train=2000002387 t=25866617 id=883
[mod] [SMRTK] SMRTK_STREAM assigned=none at_station=true cargo=none command=false effective_speed=0 line=7411-6495 passengers=0 row=train station=6495 train=2000002388 t=25866617 id=884
[mod] [SMRTK] SMRTK_STREAM assigned=none at_station=true cargo=none command=false effective_speed=0 line=6883-6495 passengers=0 row=train station=6495 train=2000002389 t=25866617 id=885
[mod] [SMRTK] SMRTK_STREAM assigned=none at_station=true cargo=none command=false effective_speed=0 line=6951-6495 passengers=0 row=train station=6495 train=2000002390 t=25866617 id=886
[mod] [SMRTK] SMRTK_STREAM assigned=none at_station=true cargo=none command=false effective_speed=0 line=7411-6495 passengers=0 row=train station=7411 train=2000002391 t=25866617 id=887
[mod] [SMRTK] SMRTK_STREAM assigned=none at_station=true cargo=none command=false effective_speed=0 line=6951-6495 passengers=0 row=train station=6951 train=2000002392 t=25866617 id=888
[mod] [SMRTK] SMRTK_STREAM assigned=none at_station=true cargo=none command=false effective_speed=0 line=7873-2007 passengers=0 row=train station=7873 train=2000002658 t=25866617 id=889
[mod] [SMRTK] SMRTK_STREAM assigned=none at_station=false cargo=none command=GotoStation effective_speed=744 line=6430-7873 passengers=0 row=train station=7873 train=2000002659 t=25866617 id=890
						Lua 0:21:31:923
[mod] [SMRTK] SMRTK_STREAM assigned=none at_station=false cargo=none command=GotoStation effective_speed=1232 line=6430-7873 passengers=0 row=train station=7873 train=2000002659 t=25867617 id=891
						Lua 0:21:31:974
[mod] [SMRTK] SMRTK_STREAM assigned=none at_station=false cargo=none command=GotoStation effective_speed=1390 line=6430-7873 passengers=0 row=train station=7873 train=2000002659 t=25868617 id=892
						Lua 0:21:32:023
[mod] [SMRTK] SMRTK_STREAM assigned=none at_station=false cargo=none command=GotoStation effective_speed=3916 line=7985-7873 passengers=0 row=train station=7985 train=2000001846 t=25869617 id=893
[mod] [SMRTK] SMRTK_STREAM assigned=none at_station=false cargo=none command=GotoStation effective_speed=927 line=6430-2008 passengers=0 row=train station=2008 train=2000001849 t=25869617 id=894
[mod] [SMRTK] SMRTK_STREAM assigned=none at_station=false cargo=none command=GotoStation effective_speed=5056 line=6430-7873 passengers=0 row=train station=7873 train=2000002659 t=25869617 id=895
						Lua 0:21:32:073
[mod] [SMRTK] SMRTK_STREAM assigned=none at_station=false cargo=none command=GotoStation effective_speed=1427 line=7985-7873 passengers=0 row=train station=7985 train=2000001846 t=25870617 id=896
[mod] [SMRTK] SMRTK_STREAM assigned=none at_station=false cargo=none command=GotoStation effective_speed=1596 line=6430-2008 passengers=0 row=train station=2008 train=2000001849 t=25870617 id=897
[mod] [SMRTK] SMRTK_STREAM assigned=none at_station=false cargo=none command=GotoStation effective_speed=5618 line=6430-7873 passengers=0 row=train station=7873 train=2000002659 t=25870617 id=898
						Lua 0:21:32:126
[mod] [SMRTK] SMRTK_STREAM assigned=none at_station=true cargo=none command=UnloadTrain effective_speed=0 line=7985-7873 passengers=0 row=train station=7873 train=2000001846 t=25871617 id=899
[mod] [SMRTK] SMRTK_STREAM assigned=none at_station=false cargo=none command=GotoStation effective_speed=1841 line=6430-2008 passengers=0 row=train station=2008 train=2000001849 t=25871617 id=900
[mod] [SMRTK] SMRTK_STREAM assigned=none at_station=false cargo=none command=GotoStation effective_speed=5612 line=6430-7873 passengers=0 row=train station=7873 train=2000002659 t=25871617 id=901
						Lua 0:21:32:173
[mod] [SMRTK] SMRTK_STREAM assigned=none at_station=false cargo=none command=GotoStation effective_speed=5617 line=6430-2008 passengers=0 row=train station=2008 train=2000001849 t=25872617 id=902
[mod] [SMRTK] SMRTK_STREAM assigned=none at_station=false cargo=none command=GotoStation effective_speed=1478 line=6430-2007 passengers=0 row=train station=2007 train=2000001850 t=25872617 id=903
						Lua 0:21:32:174
[mod] [SMRTK] SMRTK_STREAM assigned=none at_station=false cargo=none command=GotoStation effective_speed=5617 line=6430-7873 passengers=0 row=train station=7873 train=2000002659 t=25872617 id=904
						Lua 0:21:32:225
[mod] [SMRTK] SMRTK_STREAM assigned=none at_station=false cargo=none command=GotoStation effective_speed=5612 line=6430-2008 passengers=0 row=train station=2008 train=2000001849 t=25873617 id=905
[mod] [SMRTK] SMRTK_STREAM assigned=none at_station=false cargo=none command=GotoStation effective_speed=1723 line=6430-2007 passengers=0 row=train station=2007 train=2000001850 t=25873617 id=906
[mod] [SMRTK] SMRTK_STREAM assigned=none at_station=false cargo=none command=GotoStation effective_speed=4956 line=6430-7873 passengers=0 row=train station=7873 train=2000002659 t=25873617 id=907
						Lua 0:21:32:273
[mod] [SMRTK] SMRTK_STREAM assigned=none at_station=false cargo=none command=GotoStation effective_speed=5617 line=6430-2008 passengers=0 row=train station=2008 train=2000001849 t=25874617 id=908
[mod] [SMRTK] SMRTK_STREAM assigned=none at_station=false cargo=none command=GotoStation effective_speed=5617 line=6430-2007 passengers=0 row=train station=2007 train=2000001850 t=25874617 id=909
[mod] [SMRTK] SMRTK_STREAM assigned=none at_station=false cargo=none command=GotoStation effective_speed=5612 line=6430-7873 passengers=0 row=train station=7873 train=2000002659 t=25874617 id=910
						Lua 0:21:32:323
[mod] [SMRTK] SMRTK_STREAM assigned=none at_station=false cargo=none command=GotoStation effective_speed=5617 line=6430-7873 passengers=0 row=train station=7873 train=2000002659 t=25875617 id=911
						Lua 0:21:32:423
[mod] [SMRTK] SMRTK_STREAM assigned=none at_station=true cargo=none command=LoadTrain effective_speed=0 line=7985-7873 passengers=0 row=train station=7873 train=2000001846 t=25877617 id=912
						Lua 0:21:32:475
[mod] [SMRTK] SMRTK_STREAM assigned=none at_station=false cargo=none command=GotoStation effective_speed=0 line=6430-2008 passengers=0 row=train station=2008 train=2000001849 t=25878617 id=913
						Lua 0:21:32:523
[mod] [SMRTK] SMRTK_STREAM assigned=none at_station=false cargo=none command=GotoStation effective_speed=4847 line=6430-7873 passengers=0 row=train station=7873 train=2000002659 t=25879617 id=914
						Lua 0:21:32:573
[mod] [SMRTK] SMRTK_STREAM assigned=none at_station=false cargo=none command=GotoStation effective_speed=4847 line=6430-2007 passengers=0 row=train station=2007 train=2000001850 t=25880617 id=915
[mod] [SMRTK] SMRTK_STREAM assigned=none at_station=false cargo=none command=GotoStation effective_speed=5617 line=6430-7873 passengers=0 row=train station=7873 train=2000002659 t=25880617 id=916
						Lua 0:21:32:626
[mod] [SMRTK] SMRTK_STREAM assigned=none at_station=false cargo=none command=GotoStation effective_speed=5617 line=6430-2007 passengers=0 row=train station=2007 train=2000001850 t=25881617 id=917
						Lua 0:21:32:725
[mod] [SMRTK] SMRTK_STREAM assigned=none at_station=true cargo=none command=false effective_speed=0 line=7985-7873 passengers=0 row=train station=7873 train=2000001846 t=25883617 id=918						Lua 0:21:32:726

[mod] [SMRTK] SMRTK_STREAM assigned=none at_station=false cargo=none command=GotoStation effective_speed=5612 line=6430-2007 passengers=0 row=train station=2007 train=2000001850 t=25883617 id=919
[mod] [SMRTK] SMRTK_STREAM assigned=none at_station=false cargo=none command=GotoStation effective_speed=5622 line=6430-7873 passengers=0 row=train station=7873 train=2000002659 t=25883617 id=920
						Lua 0:21:32:773
[mod] [SMRTK] SMRTK_STREAM assigned=none at_station=false cargo=none command=GotoStation effective_speed=5631 line=6430-2007 passengers=0 row=train station=2007 train=2000001850 t=25884617 id=921
[mod] [SMRTK] SMRTK_STREAM assigned=none at_station=false cargo=none command=GotoStation effective_speed=5617 line=6430-7873 passengers=0 row=train station=7873 train=2000002659 t=25884617 id=922
						Lua 0:21:32:823
[mod] [SMRTK] SMRTK_STREAM assigned=none at_station=false cargo=none command=GotoStation effective_speed=5612 line=6430-2007 passengers=0 row=train station=2007 train=2000001850 t=25885617 id=923
						Lua 0:21:32:877
[mod] [SMRTK] SMRTK_STREAM assigned=none at_station=false cargo=none command=GotoStation effective_speed=5621 line=6430-2007 passengers=0 row=train station=2007 train=2000001850 t=25886617 id=924
						Lua 0:21:32:923
[mod] [SMRTK] SMRTK_STREAM assigned=none at_station=false cargo=none command=GotoStation effective_speed=5612 line=6430-2007 passengers=0 row=train station=2007 train=2000001850 t=25887617 id=925
[mod] [SMRTK] SMRTK_STREAM assigned=none at_station=false cargo=none command=GotoStation effective_speed=220 line=6430-7873 passengers=0 row=train station=7873 train=2000002659 t=25887617 id=926
						Lua 0:21:32:982
[mod] [SMRTK] SMRTK_STREAM assigned=none at_station=false cargo=none command=GotoStation effective_speed=5617 line=6430-2007 passengers=0 row=train station=2007 train=2000001850 t=25888617 id=927
[mod] [SMRTK] SMRTK_STREAM assigned=none at_station=false cargo=none command=GotoStation effective_speed=5471 line=6430-7873 passengers=0 row=train station=7873 train=2000002659 t=25888617 id=928
						Lua 0:21:33:028
[mod] [SMRTK] SMRTK_STREAM assigned=none at_station=false cargo=none command=GotoStation effective_speed=4494 line=6430-7873 passengers=0 row=train station=7873 train=2000002659 t=25889617 id=929
						Lua 0:21:33:062
[TrainHubDev] lights: arm 0, flanks the reactor (red flank) = B2 "Deep blue wash" (SpotLight), 12 lights, engine bearing 0 deg
[TrainHubDev] lights: arm 1, flanks the reactor (blue flank) = B2 "Deep blue wash" (SpotLight), 12 lights, engine bearing 60 deg
						Lua 0:21:33:063
[TrainHubDev] lights: arm 2, next to the blue flank = B2 "Deep blue wash" (SpotLight), 12 lights, engine bearing 120 deg
[TrainHubDev] lights: arm 3, opposite the red flank = B2 "Deep blue wash" (SpotLight), 12 lights, engine bearing 180 deg
[TrainHubDev] lights: arm 4, opposite the blue flank = B2 "Deep blue wash" (SpotLight), 12 lights, engine bearing 240 deg
						Lua 0:21:33:064
[TrainHubDev] lights: arm 5, next to the red flank = B2 "Deep blue wash" (SpotLight), 12 lights, engine bearing 300 deg
[TrainHubDev] lights: arm tune intensity 50, side 150 cm, height 200 cm, radius 500 cm, cone 50/100, colour 0,40,255
[TrainHubDev] structure lights: portal rims ON, 30 lights (intensity 4, radius 350 cm)
[TrainHubDev] structure lights: drone pit kerb OFF, 0 lights (intensity 15, radius 300 cm)
[TrainHubDev] structure lights: ring rim strip OFF, 0 lights (intensity 12, radius 400 cm)
[TrainHubDev] structure lights: floor edge strip OFF, 0 lights (intensity 30, radius 300 cm)
[TrainHubDev] structure lights: crown floor light ON, 0 lights (intensity 150, radius 4000 cm)
[TrainHubDev] structure lights: crown floor light follows the VANILLA night schedule (OnMsg.LightmodelChange -> map.NightLightsState, NightLightObjects.lua:250-259, :22 on build 1.1.0.403908); it is DAY now, so it is NOT PLACED -- hanging at z 1900 cm, colour 255,214,170, cone 0/0
[TrainHubDev] structure lights: under-deck fill ON, 0 lights (intensity 40, radius 1200 cm)
[TrainHubDev] structure lights: under-deck fill follows the VANILLA night schedule (OnMsg.LightmodelChange -> map.NightLightsState, NightLightObjects.lua:250-259, :22 on build 1.1.0.403908); it is DAY now, so it is NOT PLACED -- hanging at z 700 cm, colour 255,214,170, cone 0/0
[TrainHubDev] lights: 102 placed (72 arm + 30 structure); a stopped hub destroys them all
						Lua 0:21:33:074
[mod] [SMRTK] SMRTK_STREAM assigned=none at_station=true cargo=none command=LoadTrain effective_speed=0 line=6430-2008 passengers=0 row=train station=6430 train=2000001844 t=25890617 id=930
[mod] [SMRTK] SMRTK_STREAM assigned=none at_station=true cargo=none command=LoadTrain effective_speed=0 line=6430-2007 passengers=0 row=train station=6430 train=2000001845 t=25890617 id=931
[mod] [SMRTK] SMRTK_STREAM assigned=none at_station=true cargo=none command=LoadTrain effective_speed=0 line=7985-7873 passengers=0 row=train station=7873 train=2000001846 t=25890617 id=932
[mod] [SMRTK] SMRTK_STREAM assigned=none at_station=true cargo=none command=LoadTrain effective_speed=0 line=2012-6430 passengers=0 row=train station=6430 train=2000001848 t=25890617 id=933
[mod] [SMRTK] SMRTK_STREAM assigned=none at_station=false cargo=none command=GotoStation effective_speed=5612 line=6430-2007 passengers=0 row=train station=2007 train=2000001850 t=25890617 id=934
[mod] [SMRTK] SMRTK_STREAM assigned=none at_station=true cargo=none command=LoadTrain effective_speed=0 line=2011-6430 passengers=0 row=train station=6430 train=2000001851 t=25890617 id=935
[mod] [SMRTK] SMRTK_STREAM assigned=none at_station=true cargo=none command=LoadTrain effective_speed=0 line=6495-6827 passengers=0 row=train station=6495 train=2000002387 t=25890617 id=936
[mod] [SMRTK] SMRTK_STREAM assigned=none at_station=true cargo=none command=LoadTrain effective_speed=0 line=7411-6495 passengers=0 row=train station=6495 train=2000002388 t=25890617 id=937
[mod] [SMRTK] SMRTK_STREAM assigned=none at_station=true cargo=none command=LoadTrain effective_speed=0 line=6883-6495 passengers=0 row=train station=6495 train=2000002389 t=25890617 id=938
[mod] [SMRTK] SMRTK_STREAM assigned=none at_station=true cargo=none command=LoadTrain effective_speed=0 line=6951-6495 passengers=0 row=train station=6495 train=2000002390 t=25890617 id=939
[mod] [SMRTK] SMRTK_STREAM assigned=none at_station=true cargo=none command=LoadTrain effective_speed=0 line=7411-6495 passengers=0 row=train station=7411 train=2000002391 t=25890617 id=940
[mod] [SMRTK] SMRTK_STREAM assigned=none at_station=true cargo=none command=LoadTrain effective_speed=0 line=6951-6495 passengers=0 row=train station=6951 train=2000002392 t=25890617 id=941
[mod] [SMRTK] SMRTK_STREAM assigned=none at_station=true cargo=none command=LoadTrain effective_speed=0 line=7873-2007 passengers=0 row=train station=7873 train=2000002658 t=25890617 id=942
[mod] [SMRTK] SMRTK_STREAM assigned=none at_station=false cargo=none command=GotoStation effective_speed=1080 line=6430-7873 passengers=0 row=train station=7873 train=2000002659 t=25890617 id=943
						Lua 0:21:33:127
[mod] [SMRTK] SMRTK_STREAM assigned=none at_station=false cargo=none command=GotoStation effective_speed=0 line=6430-2007 passengers=0 row=train station=2007 train=2000001850 t=25891617 id=944
[mod] [SMRTK] SMRTK_STREAM assigned=none at_station=true cargo=none command=UnloadTrain effective_speed=0 line=6430-7873 passengers=0 row=train station=6430 train=2000002659 t=25891617 id=945
						Lua 0:21:33:377
[mod] [SMRTK] SMRTK_STREAM assigned=none at_station=true cargo=none command=GotoStation effective_speed=0 line=2012-6430 passengers=0 row=train station=6430 train=2000001844 t=25896617 id=946
[mod] [SMRTK] SMRTK_STREAM assigned=none at_station=false cargo=none command=GotoStation effective_speed=3875 line=2011-6430 passengers=0 row=train station=6430 train=2000001845 t=25896617 id=947
[mod] [SMRTK] SMRTK_STREAM assigned=none at_station=true cargo=none command=false effective_speed=0 line=7985-7873 passengers=0 row=train station=7873 train=2000001846 t=25896617 id=948
[mod] [SMRTK] SMRTK_STREAM assigned=none at_station=true cargo=none command=false effective_speed=0 line=2012-6430 passengers=0 row=train station=6430 train=2000001848 t=25896617 id=949
[mod] [SMRTK] SMRTK_STREAM assigned=none at_station=true cargo=none command=false effective_speed=0 line=2011-6430 passengers=0 row=train station=6430 train=2000001851 t=25896617 id=950
[mod] [SMRTK] SMRTK_STREAM assigned=none at_station=true cargo=none command=false effective_speed=0 line=6495-6827 passengers=0 row=train station=6495 train=2000002387 t=25896617 id=951
[mod] [SMRTK] SMRTK_STREAM assigned=none at_station=true cargo=none command=false effective_speed=0 line=7411-6495 passengers=0 row=train station=6495 train=2000002388 t=25896617 id=952
[mod] [SMRTK] SMRTK_STREAM assigned=none at_station=true cargo=none command=false effective_speed=0 line=6883-6495 passengers=0 row=train station=6495 train=2000002389 t=25896617 id=953
[mod] [SMRTK] SMRTK_STREAM assigned=none at_station=true cargo=none command=false effective_speed=0 line=6951-6495 passengers=0 row=train station=6495 train=2000002390 t=25896617 id=954
[mod] [SMRTK] SMRTK_STREAM assigned=none at_station=true cargo=none command=false effective_speed=0 line=7411-6495 passengers=0 row=train station=7411 train=2000002391 t=25896617 id=955
[mod] [SMRTK] SMRTK_STREAM assigned=none at_station=true cargo=none command=false effective_speed=0 line=6951-6495 passengers=0 row=train station=6951 train=2000002392 t=25896617 id=956
[mod] [SMRTK] SMRTK_STREAM assigned=none at_station=true cargo=none command=false effective_speed=0 line=7873-2007 passengers=0 row=train station=7873 train=2000002658 t=25896617 id=957
						Lua 0:21:33:423
[mod] [SMRTK] SMRTK_STREAM assigned=none at_station=false cargo=none command=GotoStation effective_speed=1908 line=2011-6430 passengers=0 row=train station=6430 train=2000001845 t=25897617 id=958
						Lua 0:21:33:424
[mod] [SMRTK] SMRTK_STREAM assigned=7985:Butter:27000,7985:Concrete:60000,7985:Food:60000 at_station=true cargo=Butter:27000,Concrete:60000,Food:60000 command=LoadTrain effective_speed=0 line=6430-7873 passengers=0 row=train station=6430 train=2000002659 t=25897617 id=959
[mod] [SMRTK] SMRTK_STREAM before=1868000 calls=549 cubes=171 expected_cubes=171 hub=true res=Concrete row=stock station=6430 stock=1808000 target=none t=25897617 id=960
[mod] [SMRTK] SMRTK_STREAM before=1442000 calls=549 cubes=171 expected_cubes=171 hub=true res=Food row=stock station=6430 stock=1382000 target=none t=25897617 id=961
[mod] [SMRTK] SMRTK_STREAM before=1455000 calls=549 cubes=171 expected_cubes=171 hub=true res=Butter row=stock station=6430 stock=1428000 target=none t=25897617 id=962
						Lua 0:21:33:474
[mod] [SMRTK] SMRTK_STREAM assigned=none at_station=false cargo=none command=GotoStation effective_speed=83 line=2011-6430 passengers=0 row=train station=6430 train=2000001845 t=25898617 id=963
						Lua 0:21:33:523
[mod] [SMRTK] SMRTK_STREAM assigned=none at_station=false cargo=none command=GotoStation effective_speed=214 line=2011-6430 passengers=0 row=train station=6430 train=2000001845 t=25899617 id=964
						Lua 0:21:33:573
[mod] [SMRTK] SMRTK_STREAM assigned=none at_station=false cargo=none command=GotoStation effective_speed=497 line=2011-6430 passengers=0 row=train station=6430 train=2000001845 t=25900617 id=965
						Lua 0:21:33:574
[mod] [SMRTK] SMRTK_STREAM assigned=none at_station=false cargo=none command=GotoStation effective_speed=5220 line=6430-2007 passengers=0 row=train station=2007 train=2000001850 t=25900617 id=966
						Lua 0:21:33:625
[mod] [SMRTK] SMRTK_STREAM assigned=none at_station=false cargo=none command=GotoStation effective_speed=5617 line=2011-6430 passengers=0 row=train station=6430 train=2000001845 t=25901617 id=967
[mod] [SMRTK] SMRTK_STREAM assigned=none at_station=false cargo=none command=GotoStation effective_speed=351 line=6430-2007 passengers=0 row=train station=2007 train=2000001850 t=25901617 id=968
						Lua 0:21:33:674
[mod] [SMRTK] SMRTK_STREAM assigned=none at_station=false cargo=none command=GotoStation effective_speed=5631 line=2011-6430 passengers=0 row=train station=6430 train=2000001845 t=25902617 id=969
[mod] [SMRTK] SMRTK_STREAM assigned=none at_station=false cargo=none command=GotoStation effective_speed=3582 line=6430-2007 passengers=0 row=train station=2007 train=2000001850 t=25902617 id=970
						Lua 0:21:33:724
[mod] [SMRTK] SMRTK_STREAM assigned=none at_station=false cargo=none command=GotoStation effective_speed=5617 line=2011-6430 passengers=0 row=train station=6430 train=2000001845 t=25903617 id=971
[mod] [SMRTK] SMRTK_STREAM assigned=none at_station=false cargo=none command=GotoStation effective_speed=985 line=6430-2007 passengers=0 row=train station=2007 train=2000001850 t=25903617 id=972
[mod] [SMRTK] SMRTK_STREAM assigned=7985:Butter:27000,7985:Concrete:60000,7985:Food:60000 at_station=true cargo=Butter:27000,Concrete:60000,Food:60000 command=GotoStation effective_speed=0 line=6430-7873 passengers=0 row=train station=6430 train=2000002659 t=25903617 id=973
						Lua 0:21:33:774
[mod] [SMRTK] SMRTK_STREAM assigned=none at_station=false cargo=none command=GotoStation effective_speed=4262 line=2012-6430 passengers=0 row=train station=6430 train=2000001844 t=25904617 id=974
[mod] [SMRTK] SMRTK_STREAM assigned=none at_station=true cargo=none command=UnloadTrain effective_speed=0 line=6430-2007 passengers=0 row=train station=6430 train=2000001850 t=25904617 id=975
						Lua 0:21:33:823
[mod] [SMRTK] SMRTK_STREAM assigned=none at_station=false cargo=none command=GotoStation effective_speed=2698 line=2012-6430 passengers=0 row=train station=6430 train=2000001844 t=25905617 id=976
						Lua 0:21:33:875
[mod] [SMRTK] SMRTK_STREAM assigned=none at_station=false cargo=none command=GotoStation effective_speed=731 line=2012-6430 passengers=0 row=train station=6430 train=2000001844 t=25906617 id=977
						Lua 0:21:33:923
[mod] [SMRTK] SMRTK_STREAM assigned=none at_station=false cargo=none command=GotoStation effective_speed=351 line=2012-6430 passengers=0 row=train station=6430 train=2000001844 t=25907617 id=978
						Lua 0:21:33:976
[mod] [SMRTK] SMRTK_STREAM assigned=none at_station=false cargo=none command=GotoStation effective_speed=1873 line=2012-6430 passengers=0 row=train station=6430 train=2000001844 t=25908617 id=979
						Lua 0:21:34:023
[mod] [SMRTK] SMRTK_STREAM assigned=none at_station=false cargo=none command=GotoStation effective_speed=5617 line=2012-6430 passengers=0 row=train station=6430 train=2000001844 t=25909617 id=980
[mod] [SMRTK] SMRTK_STREAM assigned=none at_station=false cargo=none command=GotoStation effective_speed=214 line=6430-2008 passengers=0 row=train station=2008 train=2000001849 t=25909617 id=981
						Lua 0:21:34:073
[mod] [SMRTK] SMRTK_STREAM assigned=none at_station=false cargo=none command=GotoStation effective_speed=5611 line=6430-2008 passengers=0 row=train station=2008 train=2000001849 t=25910617 id=982
[mod] [SMRTK] SMRTK_STREAM assigned=none at_station=true cargo=none command=LoadTrain effective_speed=0 line=6430-2007 passengers=0 row=train station=6430 train=2000001850 t=25910617 id=983
						Lua 0:21:34:124
[mod] [SMRTK] SMRTK_STREAM assigned=none at_station=false cargo=none command=GotoStation effective_speed=4954 line=2012-6430 passengers=0 row=train station=6430 train=2000001844 t=25911617 id=984
[mod] [SMRTK] SMRTK_STREAM assigned=none at_station=false cargo=none command=GotoStation effective_speed=4494 line=6430-2008 passengers=0 row=train station=2008 train=2000001849 t=25911617 id=985
						Lua 0:21:34:173
[mod] [SMRTK] SMRTK_STREAM assigned=none at_station=false cargo=none command=GotoStation effective_speed=5612 line=2012-6430 passengers=0 row=train station=6430 train=2000001844 t=25912617 id=986
[mod] [SMRTK] SMRTK_STREAM assigned=none at_station=false cargo=none command=GotoStation effective_speed=1084 line=6430-2008 passengers=0 row=train station=2008 train=2000001849 t=25912617 id=987
						Lua 0:21:34:225
[mod] [SMRTK] SMRTK_STREAM assigned=none at_station=false cargo=none command=GotoStation effective_speed=5617 line=2012-6430 passengers=0 row=train station=6430 train=2000001844 t=25913617 id=988
[mod] [SMRTK] SMRTK_STREAM assigned=none at_station=true cargo=none command=UnloadTrain effective_speed=0 line=6430-2008 passengers=0 row=train station=6430 train=2000001849 t=25913617 id=989
[mod] [SMRTK] SMRTK_STREAM assigned=7985:Butter:27000,7985:Concrete:60000,7985:Food:60000 at_station=false cargo=Butter:27000,Concrete:60000,Food:60000 command=GotoStation effective_speed=2590 line=6430-7873 passengers=0 row=train station=6430 train=2000002659 t=25913617 id=990
						Lua 0:21:34:273
[mod] [SMRTK] SMRTK_STREAM assigned=none at_station=false cargo=none command=GotoStation effective_speed=4955 line=2012-6430 passengers=0 row=train station=6430 train=2000001844 t=25914617 id=991
[mod] [SMRTK] SMRTK_STREAM assigned=7985:Butter:27000,7985:Concrete:60000,7985:Food:60000 at_station=false cargo=Butter:27000,Concrete:60000,Food:60000 command=GotoStation effective_speed=360 line=6430-7873 passengers=0 row=train station=6430 train=2000002659 t=25914617 id=992
						Lua 0:21:34:323
[mod] [SMRTK] SMRTK_STREAM assigned=none at_station=false cargo=none command=GotoStation effective_speed=5621 line=2012-6430 passengers=0 row=train station=6430 train=2000001844 t=25915617 id=993
[mod] [SMRTK] SMRTK_STREAM assigned=none at_station=false cargo=none command=GotoStation effective_speed=4847 line=2011-6430 passengers=0 row=train station=6430 train=2000001845 t=25915617 id=994
						Lua 0:21:34:324
[mod] [SMRTK] SMRTK_STREAM assigned=7985:Butter:27000,7985:Concrete:60000,7985:Food:60000 at_station=false cargo=Butter:27000,Concrete:60000,Food:60000 command=GotoStation effective_speed=1876 line=6430-7873 passengers=0 row=train station=6430 train=2000002659 t=25915617 id=995
						Lua 0:21:34:379
[mod] [SMRTK] SMRTK_STREAM assigned=none at_station=false cargo=none command=GotoStation effective_speed=5617 line=2012-6430 passengers=0 row=train station=6430 train=2000001844 t=25916617 id=996
[mod] [SMRTK] SMRTK_STREAM assigned=none at_station=false cargo=none command=GotoStation effective_speed=5612 line=2011-6430 passengers=0 row=train station=6430 train=2000001845 t=25916617 id=997
[mod] [SMRTK] SMRTK_STREAM assigned=none at_station=true cargo=none command=false effective_speed=0 line=6430-2007 passengers=0 row=train station=6430 train=2000001850 t=25916617 id=998
						Lua 0:21:34:380
[mod] [SMRTK] SMRTK_STREAM assigned=7985:Butter:27000,7985:Concrete:60000,7985:Food:60000 at_station=false cargo=Butter:27000,Concrete:60000,Food:60000 command=GotoStation effective_speed=5617 line=6430-7873 passengers=0 row=train station=6430 train=2000002659 t=25916617 id=999
						Lua 0:21:34:426
[mod] [SMRTK] SMRTK_STREAM assigned=none at_station=false cargo=none command=GotoStation effective_speed=5617 line=2011-6430 passengers=0 row=train station=6430 train=2000001845 t=25917617 id=1000
						Lua 0:21:34:523
[mod] [SMRTK] SMRTK_STREAM assigned=none at_station=false cargo=none command=GotoStation effective_speed=5612 line=2011-6430 passengers=0 row=train station=6430 train=2000001845 t=25919617 id=1001
[mod] [SMRTK] SMRTK_STREAM assigned=none at_station=true cargo=none command=LoadTrain effective_speed=0 line=6430-2008 passengers=0 row=train station=6430 train=2000001849 t=25919617 id=1002
						Lua 0:21:34:574
[mod] [SMRTK] SMRTK_STREAM assigned=none at_station=false cargo=none command=GotoStation effective_speed=5622 line=2011-6430 passengers=0 row=train station=6430 train=2000001845 t=25920617 id=1003
[mod] [SMRTK] SMRTK_STREAM assigned=none at_station=true cargo=none command=LoadTrain effective_speed=0 line=7985-7873 passengers=0 row=train station=7873 train=2000001846 t=25920617 id=1004
[mod] [SMRTK] SMRTK_STREAM assigned=none at_station=true cargo=none command=LoadTrain effective_speed=0 line=2012-6430 passengers=0 row=train station=6430 train=2000001848 t=25920617 id=1005
[mod] [SMRTK] SMRTK_STREAM assigned=none at_station=true cargo=none command=LoadTrain effective_speed=0 line=6430-2007 passengers=0 row=train station=6430 train=2000001850 t=25920617 id=1006
[mod] [SMRTK] SMRTK_STREAM assigned=none at_station=true cargo=none command=LoadTrain effective_speed=0 line=2011-6430 passengers=0 row=train station=6430 train=2000001851 t=25920617 id=1007
[mod] [SMRTK] SMRTK_STREAM assigned=none at_station=true cargo=none command=LoadTrain effective_speed=0 line=6495-6827 passengers=0 row=train station=6495 train=2000002387 t=25920617 id=1008
[mod] [SMRTK] SMRTK_STREAM assigned=none at_station=true cargo=none command=LoadTrain effective_speed=0 line=7411-6495 passengers=0 row=train station=6495 train=2000002388 t=25920617 id=1009
[mod] [SMRTK] SMRTK_STREAM assigned=none at_station=true cargo=none command=LoadTrain effective_speed=0 line=6883-6495 passengers=0 row=train station=6495 train=2000002389 t=25920617 id=1010
[mod] [SMRTK] SMRTK_STREAM assigned=none at_station=true cargo=none command=LoadTrain effective_speed=0 line=6951-6495 passengers=0 row=train station=6495 train=2000002390 t=25920617 id=1011
[mod] [SMRTK] SMRTK_STREAM assigned=none at_station=true cargo=none command=LoadTrain effective_speed=0 line=7411-6495 passengers=0 row=train station=7411 train=2000002391 t=25920617 id=1012
[mod] [SMRTK] SMRTK_STREAM assigned=none at_station=true cargo=none command=LoadTrain effective_speed=0 line=6951-6495 passengers=0 row=train station=6951 train=2000002392 t=25920617 id=1013
[mod] [SMRTK] SMRTK_STREAM assigned=none at_station=true cargo=none command=LoadTrain effective_speed=0 line=7873-2007 passengers=0 row=train station=7873 train=2000002658 t=25920617 id=1014
						Lua 0:21:34:627
[mod] [SMRTK] SMRTK_STREAM assigned=none at_station=false cargo=none command=GotoStation effective_speed=5617 line=2011-6430 passengers=0 row=train station=6430 train=2000001845 t=25921617 id=1015
						Lua 0:21:34:674
[mod] [SMRTK] SMRTK_STREAM assigned=none at_station=false cargo=none command=GotoStation effective_speed=5634 line=2012-6430 passengers=0 row=train station=6430 train=2000001844 t=25922617 id=1016
[mod] [SMRTK] SMRTK_STREAM assigned=none at_station=false cargo=none command=GotoStation effective_speed=5599 line=2011-6430 passengers=0 row=train station=6430 train=2000001845 t=25922617 id=1017
						Lua 0:21:34:725
[mod] [SMRTK] SMRTK_STREAM assigned=none at_station=false cargo=none command=GotoStation effective_speed=5621 line=2012-6430 passengers=0 row=train station=6430 train=2000001844 t=25923617 id=1018
[mod] [SMRTK] SMRTK_STREAM assigned=none at_station=false cargo=none command=GotoStation effective_speed=5617 line=2011-6430 passengers=0 row=train station=6430 train=2000001845 t=25923617 id=1019
						Lua 0:21:34:726
[mod] [SMRTK] SMRTK_STREAM assigned=7985:Butter:27000,7985:Concrete:60000,7985:Food:60000 at_station=false cargo=Butter:27000,Concrete:60000,Food:60000 command=GotoStation effective_speed=4751 line=6430-7873 passengers=0 row=train station=6430 train=2000002659 t=25923617 id=1020
						Lua 0:21:34:773
[mod] [SMRTK] SMRTK_STREAM assigned=none at_station=false cargo=none command=GotoStation effective_speed=5617 line=2012-6430 passengers=0 row=train station=6430 train=2000001844 t=25924617 id=1021
[mod] [SMRTK] SMRTK_STREAM assigned=7985:Butter:27000,7985:Concrete:60000,7985:Food:60000 at_station=false cargo=Butter:27000,Concrete:60000,Food:60000 command=GotoStation effective_speed=5617 line=6430-7873 passengers=0 row=train station=6430 train=2000002659 t=25924617 id=1022
						Lua 0:21:34:823
[mod] [SMRTK] SMRTK_STREAM assigned=none at_station=true cargo=none command=false effective_speed=0 line=6430-2008 passengers=0 row=train station=6430 train=2000001849 t=25925617 id=1023
						Lua 0:21:34:874
[mod] [SMRTK] SMRTK_STREAM assigned=none at_station=true cargo=none command=false effective_speed=0 line=7985-7873 passengers=0 row=train station=7873 train=2000001846 t=25926617 id=1024
[mod] [SMRTK] SMRTK_STREAM assigned=none at_station=true cargo=none command=false effective_speed=0 line=2012-6430 passengers=0 row=train station=6430 train=2000001848 t=25926617 id=1025
[mod] [SMRTK] SMRTK_STREAM assigned=none at_station=true cargo=none command=false effective_speed=0 line=6430-2007 passengers=0 row=train station=6430 train=2000001850 t=25926617 id=1026
						Lua 0:21:34:875
[mod] [SMRTK] SMRTK_STREAM assigned=none at_station=true cargo=none command=false effective_speed=0 line=2011-6430 passengers=0 row=train station=6430 train=2000001851 t=25926617 id=1027
[mod] [SMRTK] SMRTK_STREAM assigned=none at_station=true cargo=none command=false effective_speed=0 line=6495-6827 passengers=0 row=train station=6495 train=2000002387 t=25926617 id=1028
[mod] [SMRTK] SMRTK_STREAM assigned=none at_station=true cargo=none command=false effective_speed=0 line=7411-6495 passengers=0 row=train station=6495 train=2000002388 t=25926617 id=1029
[mod] [SMRTK] SMRTK_STREAM assigned=none at_station=true cargo=none command=false effective_speed=0 line=6883-6495 passengers=0 row=train station=6495 train=2000002389 t=25926617 id=1030
[mod] [SMRTK] SMRTK_STREAM assigned=none at_station=true cargo=none command=false effective_speed=0 line=6951-6495 passengers=0 row=train station=6495 train=2000002390 t=25926617 id=1031
[mod] [SMRTK] SMRTK_STREAM assigned=none at_station=true cargo=none command=false effective_speed=0 line=7411-6495 passengers=0 row=train station=7411 train=2000002391 t=25926617 id=1032
[mod] [SMRTK] SMRTK_STREAM assigned=none at_station=true cargo=none command=false effective_speed=0 line=6951-6495 passengers=0 row=train station=6951 train=2000002392 t=25926617 id=1033
[mod] [SMRTK] SMRTK_STREAM assigned=none at_station=true cargo=none command=false effective_speed=0 line=7873-2007 passengers=0 row=train station=7873 train=2000002658 t=25926617 id=1034
						Lua 0:21:34:974
[mod] [SMRTK] SMRTK_STREAM assigned=none at_station=false cargo=none command=GotoStation effective_speed=5629 line=2011-6430 passengers=0 row=train station=6430 train=2000001845 t=25928617 id=1035
						Lua 0:21:35:023
[mod] [SMRTK] SMRTK_STREAM assigned=none at_station=false cargo=none command=GotoStation effective_speed=5617 line=2011-6430 passengers=0 row=train station=6430 train=2000001845 t=25929617 id=1036
[mod] [SMRTK] SMRTK_STREAM assigned=7985:Butter:27000,7985:Concrete:60000,7985:Food:60000 at_station=false cargo=Butter:27000,Concrete:60000,Food:60000 command=GotoStation effective_speed=4956 line=6430-7873 passengers=0 row=train station=6430 train=2000002659 t=25929617 id=1037
						Lua 0:21:35:073
[mod] [SMRTK] SMRTK_STREAM assigned=none at_station=false cargo=none command=GotoStation effective_speed=5612 line=2011-6430 passengers=0 row=train station=6430 train=2000001845 t=25930617 id=1038
[mod] [SMRTK] SMRTK_STREAM assigned=7985:Butter:27000,7985:Concrete:60000,7985:Food:60000 at_station=false cargo=Butter:27000,Concrete:60000,Food:60000 command=GotoStation effective_speed=5617 line=6430-7873 passengers=0 row=train station=6430 train=2000002659 t=25930617 id=1039
						Lua 0:21:35:127
[mod] [SMRTK] SMRTK_STREAM assigned=none at_station=false cargo=none command=GotoStation effective_speed=4223 line=2011-6430 passengers=0 row=train station=6430 train=2000001845 t=25931617 id=1040
						Lua 0:21:35:173
[mod] [SMRTK] SMRTK_STREAM assigned=none at_station=false cargo=none command=GotoStation effective_speed=5674 line=2012-6430 passengers=0 row=train station=6430 train=2000001844 t=25932617 id=1041
[mod] [SMRTK] SMRTK_STREAM assigned=none at_station=false cargo=none command=GotoStation effective_speed=1584 line=2011-6430 passengers=0 row=train station=6430 train=2000001845 t=25932617 id=1042
						Lua 0:21:35:174
[mod] [SMRTK] SMRTK_STREAM assigned=7985:Butter:27000,7985:Concrete:60000,7985:Food:60000 at_station=false cargo=Butter:27000,Concrete:60000,Food:60000 command=GotoStation effective_speed=5607 line=6430-7873 passengers=0 row=train station=6430 train=2000002659 t=25932617 id=1043
						Lua 0:21:35:225
[mod] [SMRTK] SMRTK_STREAM assigned=none at_station=false cargo=none command=GotoStation effective_speed=5617 line=2012-6430 passengers=0 row=train station=6430 train=2000001844 t=25933617 id=1044
[mod] [SMRTK] SMRTK_STREAM assigned=none at_station=true cargo=none command=UnloadTrain effective_speed=0 line=2011-6430 passengers=0 row=train station=2011 train=2000001845 t=25933617 id=1045
[mod] [SMRTK] SMRTK_STREAM assigned=7985:Butter:27000,7985:Concrete:60000,7985:Food:60000 at_station=false cargo=Butter:27000,Concrete:60000,Food:60000 command=GotoStation effective_speed=5617 line=6430-7873 passengers=0 row=train station=6430 train=2000002659 t=25933617 id=1046
						Lua 0:21:35:273
[mod] [SMRTK] SMRTK_STREAM assigned=none at_station=false cargo=none command=GotoStation effective_speed=5612 line=2012-6430 passengers=0 row=train station=6430 train=2000001844 t=25934617 id=1047
[mod] [SMRTK] SMRTK_STREAM assigned=7985:Butter:27000,7985:Concrete:60000,7985:Food:60000 at_station=false cargo=Butter:27000,Concrete:60000,Food:60000 command=GotoStation effective_speed=5622 line=6430-7873 passengers=0 row=train station=6430 train=2000002659 t=25934617 id=1048
						Lua 0:21:35:323
[mod] [SMRTK] SMRTK_STREAM assigned=none at_station=false cargo=none command=GotoStation effective_speed=4215 line=2012-6430 passengers=0 row=train station=6430 train=2000001844 t=25935617 id=1049
[mod] [SMRTK] SMRTK_STREAM assigned=7985:Butter:27000,7985:Concrete:60000,7985:Food:60000 at_station=false cargo=Butter:27000,Concrete:60000,Food:60000 command=GotoStation effective_speed=5617 line=7985-7873 passengers=0 row=train station=7873 train=2000002659 t=25935617 id=1050
						Lua 0:21:35:375
[mod] [SMRTK] SMRTK_STREAM assigned=none at_station=false cargo=none command=GotoStation effective_speed=1600 line=2012-6430 passengers=0 row=train station=6430 train=2000001844 t=25936617 id=1051
						Lua 0:21:35:423
[mod] [SMRTK] SMRTK_STREAM assigned=none at_station=true cargo=none command=UnloadTrain effective_speed=0 line=2012-6430 passengers=0 row=train station=2012 train=2000001844 t=25937617 id=1052
						Lua 0:21:35:523
[mod] [SMRTK] SMRTK_STREAM assigned=none at_station=true cargo=none command=LoadTrain effective_speed=0 line=2011-6430 passengers=0 row=train station=2011 train=2000001845 t=25939617 id=1053
[mod] [SMRTK] SMRTK_STREAM assigned=7985:Butter:27000,7985:Concrete:60000,7985:Food:60000 at_station=false cargo=Butter:27000,Concrete:60000,Food:60000 command=GotoStation effective_speed=5612 line=7985-7873 passengers=0 row=train station=7873 train=2000002659 t=25939617 id=1054
						Lua 0:21:35:625
[mod] [SMRTK] SMRTK_STREAM assigned=7985:Butter:27000,7985:Concrete:60000,7985:Food:60000 at_station=false cargo=Butter:27000,Concrete:60000,Food:60000 command=GotoStation effective_speed=5617 line=7985-7873 passengers=0 row=train station=7873 train=2000002659 t=25941617 id=1055
						Lua 0:21:35:673
[mod] [SMRTK] SMRTK_STREAM assigned=7985:Butter:27000,7985:Concrete:60000,7985:Food:60000 at_station=false cargo=Butter:27000,Concrete:60000,Food:60000 command=GotoStation effective_speed=5621 line=7985-7873 passengers=0 row=train station=7873 train=2000002659 t=25942617 id=1056
						Lua 0:21:35:723
[mod] [SMRTK] SMRTK_STREAM assigned=none at_station=true cargo=none command=LoadTrain effective_speed=0 line=2012-6430 passengers=0 row=train station=2012 train=2000001844 t=25943617 id=1057
[mod] [SMRTK] SMRTK_STREAM assigned=7985:Butter:27000,7985:Concrete:60000,7985:Food:60000 at_station=false cargo=Butter:27000,Concrete:60000,Food:60000 command=GotoStation effective_speed=5617 line=7985-7873 passengers=0 row=train station=7873 train=2000002659 t=25943617 id=1058
						Lua 0:21:35:824
[mod] [SMRTK] SMRTK_STREAM assigned=none at_station=false cargo=none command=GotoStation effective_speed=777 line=2011-6430 passengers=0 row=train station=2011 train=2000001845 t=25945617 id=1059
[mod] [SMRTK] SMRTK_STREAM assigned=7985:Butter:27000,7985:Concrete:60000,7985:Food:60000 at_station=false cargo=Butter:27000,Concrete:60000,Food:60000 command=GotoStation effective_speed=4846 line=7985-7873 passengers=0 row=train station=7873 train=2000002659 t=25945617 id=1060
						Lua 0:21:35:875
[mod] [SMRTK] SMRTK_STREAM assigned=none at_station=false cargo=none command=GotoStation effective_speed=1580 line=2011-6430 passengers=0 row=train station=2011 train=2000001845 t=25946617 id=1061
[mod] [SMRTK] SMRTK_STREAM assigned=7985:Butter:27000,7985:Concrete:60000,7985:Food:60000 at_station=false cargo=Butter:27000,Concrete:60000,Food:60000 command=GotoStation effective_speed=5621 line=7985-7873 passengers=0 row=train station=7873 train=2000002659 t=25946617 id=1062
						Lua 0:21:35:923
[mod] [SMRTK] SMRTK_STREAM assigned=none at_station=false cargo=none command=GotoStation effective_speed=1823 line=2011-6430 passengers=0 row=train station=2011 train=2000001845 t=25947617 id=1063
						Lua 0:21:35:924
[mod] [SMRTK] SMRTK_STREAM assigned=7985:Butter:27000,7985:Concrete:60000,7985:Food:60000 at_station=false cargo=Butter:27000,Concrete:60000,Food:60000 command=GotoStation effective_speed=5612 line=7985-7873 passengers=0 row=train station=7873 train=2000002659 t=25947617 id=1064
						Lua 0:21:35:975
[mod] [SMRTK] SMRTK_STREAM assigned=none at_station=false cargo=none command=GotoStation effective_speed=5617 line=2011-6430 passengers=0 row=train station=2011 train=2000001845 t=25948617 id=1065
						Lua 0:21:36:023
[mod] [SMRTK] SMRTK_STREAM assigned=none at_station=false cargo=none command=GotoStation effective_speed=708 line=2012-6430 passengers=0 row=train station=2012 train=2000001844 t=25949617 id=1066
						Lua 0:21:36:024
[mod] [SMRTK] SMRTK_STREAM assigned=7985:Butter:27000,7985:Concrete:60000,7985:Food:60000 at_station=false cargo=Butter:27000,Concrete:60000,Food:60000 command=GotoStation effective_speed=5621 line=7985-7873 passengers=0 row=train station=7873 train=2000002659 t=25949617 id=1067
						Lua 0:21:36:073
[mod] [SMRTK] SMRTK_STREAM assigned=none at_station=false cargo=none command=GotoStation effective_speed=1560 line=2012-6430 passengers=0 row=train station=2012 train=2000001844 t=25950617 id=1068
[mod] [SMRTK] SMRTK_STREAM assigned=none at_station=true cargo=none command=LoadTrain effective_speed=0 line=7985-7873 passengers=0 row=train station=7873 train=2000001846 t=25950617 id=1069
[mod] [SMRTK] SMRTK_STREAM assigned=none at_station=true cargo=none command=LoadTrain effective_speed=0 line=2012-6430 passengers=0 row=train station=6430 train=2000001848 t=25950617 id=1070
[mod] [SMRTK] SMRTK_STREAM assigned=none at_station=true cargo=none command=LoadTrain effective_speed=0 line=6430-2008 passengers=0 row=train station=6430 train=2000001849 t=25950617 id=1071
[mod] [SMRTK] SMRTK_STREAM assigned=none at_station=true cargo=none command=LoadTrain effective_speed=0 line=6430-2007 passengers=0 row=train station=6430 train=2000001850 t=25950617 id=1072
[mod] [SMRTK] SMRTK_STREAM assigned=none at_station=true cargo=none command=LoadTrain effective_speed=0 line=2011-6430 passengers=0 row=train station=6430 train=2000001851 t=25950617 id=1073
[mod] [SMRTK] SMRTK_STREAM assigned=none at_station=true cargo=none command=LoadTrain effective_speed=0 line=6495-6827 passengers=0 row=train station=6495 train=2000002387 t=25950617 id=1074
[mod] [SMRTK] SMRTK_STREAM assigned=none at_station=true cargo=none command=LoadTrain effective_speed=0 line=7411-6495 passengers=0 row=train station=6495 train=2000002388 t=25950617 id=1075
[mod] [SMRTK] SMRTK_STREAM assigned=none at_station=true cargo=none command=LoadTrain effective_speed=0 line=6883-6495 passengers=0 row=train station=6495 train=2000002389 t=25950617 id=1076
[mod] [SMRTK] SMRTK_STREAM assigned=none at_station=true cargo=none command=LoadTrain effective_speed=0 line=6951-6495 passengers=0 row=train station=6495 train=2000002390 t=25950617 id=1077
[mod] [SMRTK] SMRTK_STREAM assigned=none at_station=true cargo=none command=LoadTrain effective_speed=0 line=7411-6495 passengers=0 row=train station=7411 train=2000002391 t=25950617 id=1078
[mod] [SMRTK] SMRTK_STREAM assigned=none at_station=true cargo=none command=LoadTrain effective_speed=0 line=6951-6495 passengers=0 row=train station=6951 train=2000002392 t=25950617 id=1079
[mod] [SMRTK] SMRTK_STREAM assigned=none at_station=true cargo=none command=LoadTrain effective_speed=0 line=7873-2007 passengers=0 row=train station=7873 train=2000002658 t=25950617 id=1080
[mod] [SMRTK] SMRTK_STREAM assigned=7985:Butter:27000,7985:Concrete:60000,7985:Food:60000 at_station=false cargo=Butter:27000,Concrete:60000,Food:60000 command=GotoStation effective_speed=5612 line=7985-7873 passengers=0 row=train station=7873 train=2000002659 t=25950617 id=1081
						Lua 0:21:36:126
[mod] [SMRTK] SMRTK_STREAM assigned=none at_station=false cargo=none command=GotoStation effective_speed=1811 line=2012-6430 passengers=0 row=train station=2012 train=2000001844 t=25951617 id=1082
[mod] [SMRTK] SMRTK_STREAM assigned=7985:Butter:27000,7985:Concrete:60000,7985:Food:60000 at_station=false cargo=Butter:27000,Concrete:60000,Food:60000 command=GotoStation effective_speed=5621 line=7985-7873 passengers=0 row=train station=7873 train=2000002659 t=25951617 id=1083
						Lua 0:21:36:173
[mod] [SMRTK] SMRTK_STREAM assigned=none at_station=false cargo=none command=GotoStation effective_speed=5617 line=2012-6430 passengers=0 row=train station=2012 train=2000001844 t=25952617 id=1084
[mod] [SMRTK] SMRTK_STREAM assigned=7985:Butter:27000,7985:Concrete:60000,7985:Food:60000 at_station=false cargo=Butter:27000,Concrete:60000,Food:60000 command=GotoStation effective_speed=5617 line=7985-7873 passengers=0 row=train station=7873 train=2000002659 t=25952617 id=1085
						Lua 0:21:36:226
[mod] [SMRTK] SMRTK_STREAM assigned=none at_station=false cargo=none command=GotoStation effective_speed=5621 line=2012-6430 passengers=0 row=train station=2012 train=2000001844 t=25953617 id=1086
						Lua 0:21:36:273
[mod] [SMRTK] SMRTK_STREAM assigned=none at_station=false cargo=none command=GotoStation effective_speed=4750 line=2012-6430 passengers=0 row=train station=2012 train=2000001844 t=25954617 id=1087
						Lua 0:21:36:323
[mod] [SMRTK] SMRTK_STREAM assigned=none at_station=false cargo=none command=GotoStation effective_speed=5617 line=2012-6430 passengers=0 row=train station=2012 train=2000001844 t=25955617 id=1088
						Lua 0:21:36:377
[mod] [SMRTK] SMRTK_STREAM assigned=none at_station=false cargo=none command=GotoStation effective_speed=5631 line=2011-6430 passengers=0 row=train station=2011 train=2000001845 t=25956617 id=1089
[mod] [SMRTK] SMRTK_STREAM assigned=none at_station=true cargo=none command=false effective_speed=0 line=7985-7873 passengers=0 row=train station=7873 train=2000001846 t=25956617 id=1090
[mod] [SMRTK] SMRTK_STREAM assigned=none at_station=true cargo=none command=GotoStation effective_speed=0 line=6430-2008 passengers=0 row=train station=6430 train=2000001848 t=25956617 id=1091
[mod] [SMRTK] SMRTK_STREAM assigned=none at_station=true cargo=none command=false effective_speed=0 line=6430-2008 passengers=0 row=train station=6430 train=2000001849 t=25956617 id=1092
[mod] [SMRTK] SMRTK_STREAM assigned=none at_station=true cargo=none command=false effective_speed=0 line=6430-2007 passengers=0 row=train station=6430 train=2000001850 t=25956617 id=1093
[mod] [SMRTK] SMRTK_STREAM assigned=none at_station=false cargo=none command=GotoStation effective_speed=4470 line=6430-2007 passengers=0 row=train station=6430 train=2000001851 t=25956617 id=1094
[mod] [SMRTK] SMRTK_STREAM assigned=none at_station=true cargo=none command=false effective_speed=0 line=6495-6827 passengers=0 row=train station=6495 train=2000002387 t=25956617 id=1095
[mod] [SMRTK] SMRTK_STREAM assigned=none at_station=true cargo=none command=false effective_speed=0 line=7411-6495 passengers=0 row=train station=6495 train=2000002388 t=25956617 id=1096
[mod] [SMRTK] SMRTK_STREAM assigned=none at_station=true cargo=none command=false effective_speed=0 line=6883-6495 passengers=0 row=train station=6495 train=2000002389 t=25956617 id=1097
[mod] [SMRTK] SMRTK_STREAM assigned=none at_station=true cargo=none command=false effective_speed=0 line=6951-6495 passengers=0 row=train station=6495 train=2000002390 t=25956617 id=1098
[mod] [SMRTK] SMRTK_STREAM assigned=none at_station=true cargo=none command=false effective_speed=0 line=7411-6495 passengers=0 row=train station=7411 train=2000002391 t=25956617 id=1099
[mod] [SMRTK] SMRTK_STREAM assigned=none at_station=true cargo=none command=false effective_speed=0 line=6951-6495 passengers=0 row=train station=6951 train=2000002392 t=25956617 id=1100
[mod] [SMRTK] SMRTK_STREAM assigned=none at_station=true cargo=none command=false effective_speed=0 line=7873-2007 passengers=0 row=train station=7873 train=2000002658 t=25956617 id=1101
[mod] [SMRTK] SMRTK_STREAM assigned=7985:Butter:27000,7985:Concrete:60000,7985:Food:60000 at_station=false cargo=Butter:27000,Concrete:60000,Food:60000 command=GotoStation effective_speed=5612 line=7985-7873 passengers=0 row=train station=7873 train=2000002659 t=25956617 id=1102
						Lua 0:21:36:424
[mod] [SMRTK] SMRTK_STREAM assigned=none at_station=false cargo=none command=GotoStation effective_speed=5617 line=2011-6430 passengers=0 row=train station=2011 train=2000001845 t=25957617 id=1103
[mod] [SMRTK] SMRTK_STREAM assigned=none at_station=false cargo=none command=GotoStation effective_speed=1397 line=6430-2007 passengers=0 row=train station=6430 train=2000001851 t=25957617 id=1104
[mod] [SMRTK] SMRTK_STREAM assigned=7985:Butter:27000,7985:Concrete:60000,7985:Food:60000 at_station=false cargo=Butter:27000,Concrete:60000,Food:60000 command=GotoStation effective_speed=3051 line=7985-7873 passengers=0 row=train station=7873 train=2000002659 t=25957617 id=1105
						Lua 0:21:36:477
[mod] [SMRTK] SMRTK_STREAM assigned=none at_station=false cargo=none command=GotoStation effective_speed=351 line=6430-2007 passengers=0 row=train station=6430 train=2000001851 t=25958617 id=1106
[mod] [SMRTK] SMRTK_STREAM assigned=7985:Butter:27000,7985:Concrete:60000,7985:Food:60000 at_station=false cargo=Butter:27000,Concrete:60000,Food:60000 command=GotoStation effective_speed=1798 line=7985-7873 passengers=0 row=train station=7873 train=2000002659 t=25958617 id=1107
						Lua 0:21:36:523
[mod] [SMRTK] SMRTK_STREAM assigned=none at_station=false cargo=none command=GotoStation effective_speed=1873 line=6430-2007 passengers=0 row=train station=6430 train=2000001851 t=25959617 id=1108
[mod] [SMRTK] SMRTK_STREAM assigned=7985:Butter:27000,7985:Concrete:60000,7985:Food:60000 at_station=false cargo=Butter:27000,Concrete:60000,Food:60000 command=GotoStation effective_speed=760 line=7985-7873 passengers=0 row=train station=7873 train=2000002659 t=25959617 id=1109
						Lua 0:21:36:573
[mod] [SMRTK] SMRTK_STREAM assigned=none at_station=false cargo=none command=GotoStation effective_speed=4683 line=6430-2008 passengers=0 row=train station=6430 train=2000001848 t=25960617 id=1110
[mod] [SMRTK] SMRTK_STREAM assigned=none at_station=false cargo=none command=GotoStation effective_speed=5617 line=6430-2007 passengers=0 row=train station=6430 train=2000001851 t=25960617 id=1111
[mod] [SMRTK] SMRTK_STREAM assigned=7985:Butter:27000,7985:Concrete:60000,7985:Food:60000 at_station=true cargo=Butter:27000,Concrete:60000,Food:60000 command=UnloadTrain effective_speed=0 line=7985-7873 passengers=0 row=train station=7985 train=2000002659 t=25960617 id=1112
						Lua 0:21:36:625
[mod] [SMRTK] SMRTK_STREAM assigned=none at_station=false cargo=none command=GotoStation effective_speed=1608 line=6430-2008 passengers=0 row=train station=6430 train=2000001848 t=25961617 id=1113
						Lua 0:21:36:673
[mod] [SMRTK] SMRTK_STREAM assigned=none at_station=false cargo=none command=GotoStation effective_speed=355 line=6430-2008 passengers=0 row=train station=6430 train=2000001848 t=25962617 id=1114
						Lua 0:21:36:726
[mod] [SMRTK] SMRTK_STREAM assigned=none at_station=false cargo=none command=GotoStation effective_speed=4750 line=2012-6430 passengers=0 row=train station=2012 train=2000001844 t=25963617 id=1115
[mod] [SMRTK] SMRTK_STREAM assigned=none at_station=false cargo=none command=GotoStation effective_speed=4751 line=2011-6430 passengers=0 row=train station=2011 train=2000001845 t=25963617 id=1116
[mod] [SMRTK] SMRTK_STREAM assigned=none at_station=false cargo=none command=GotoStation effective_speed=1873 line=6430-2008 passengers=0 row=train station=6430 train=2000001848 t=25963617 id=1117
						Lua 0:21:36:774
[mod] [SMRTK] SMRTK_STREAM assigned=none at_station=false cargo=none command=GotoStation effective_speed=5617 line=2012-6430 passengers=0 row=train station=2012 train=2000001844 t=25964617 id=1118
[mod] [SMRTK] SMRTK_STREAM assigned=none at_station=false cargo=none command=GotoStation effective_speed=5617 line=2011-6430 passengers=0 row=train station=2011 train=2000001845 t=25964617 id=1119
[mod] [SMRTK] SMRTK_STREAM assigned=none at_station=false cargo=none command=GotoStation effective_speed=5617 line=6430-2008 passengers=0 row=train station=6430 train=2000001848 t=25964617 id=1120
						Lua 0:21:36:823
[mod] [SMRTK] SMRTK_STREAM assigned=none at_station=false cargo=none command=GotoStation effective_speed=5621 line=6430-2008 passengers=0 row=train station=6430 train=2000001848 t=25965617 id=1121
						Lua 0:21:36:882
[mod] [SMRTK] SMRTK_STREAM assigned=none at_station=false cargo=none command=GotoStation effective_speed=5612 line=6430-2008 passengers=0 row=train station=6430 train=2000001848 t=25966617 id=1122
[mod] [SMRTK] SMRTK_STREAM assigned=none at_station=false cargo=none command=GotoStation effective_speed=5631 line=6430-2007 passengers=0 row=train station=6430 train=2000001851 t=25966617 id=1123
[mod] [SMRTK] SMRTK_STREAM assigned=none at_station=true cargo=none command=LoadTrain effective_speed=0 line=7985-7873 passengers=0 row=train station=7985 train=2000002659 t=25966617 id=1124
						Lua 0:21:36:884
[mod] [SMRTK] SMRTK_STREAM before=0 calls=13 cubes=none expected_cubes=none hub=false res=Concrete row=stock station=7985 stock=60000 target=60000 t=25966617 id=1125
[mod] [SMRTK] SMRTK_STREAM before=0 calls=13 cubes=none expected_cubes=none hub=false res=Food row=stock station=7985 stock=60000 target=60000 t=25966617 id=1126
[mod] [SMRTK] SMRTK_STREAM before=0 calls=13 cubes=none expected_cubes=none hub=false res=Butter row=stock station=7985 stock=27000 target=60000 t=25966617 id=1127
						Lua 0:21:36:924
[mod] [SMRTK] SMRTK_STREAM assigned=none at_station=false cargo=none command=GotoStation effective_speed=5617 line=6430-2008 passengers=0 row=train station=6430 train=2000001848 t=25967617 id=1128
[mod] [SMRTK] SMRTK_STREAM assigned=none at_station=false cargo=none command=GotoStation effective_speed=5617 line=6430-2007 passengers=0 row=train station=6430 train=2000001851 t=25967617 id=1129
						Lua 0:21:37:074
[mod] [SMRTK] SMRTK_STREAM assigned=none at_station=false cargo=none command=GotoStation effective_speed=4655 line=6430-2008 passengers=0 row=train station=6430 train=2000001848 t=25970617 id=1130
[mod] [SMRTK] SMRTK_STREAM assigned=none at_station=false cargo=none command=GotoStation effective_speed=5628 line=6430-2007 passengers=0 row=train station=6430 train=2000001851 t=25970617 id=1131
						Lua 0:21:37:127
[mod] [SMRTK] SMRTK_STREAM assigned=none at_station=false cargo=none command=GotoStation effective_speed=1783 line=6430-2008 passengers=0 row=train station=6430 train=2000001848 t=25971617 id=1132
[mod] [SMRTK] SMRTK_STREAM assigned=none at_station=false cargo=none command=GotoStation effective_speed=5617 line=6430-2007 passengers=0 row=train station=6430 train=2000001851 t=25971617 id=1133
						Lua 0:21:37:173
[mod] [SMRTK] SMRTK_STREAM assigned=none at_station=false cargo=none command=GotoStation effective_speed=5631 line=2012-6430 passengers=0 row=train station=2012 train=2000001844 t=25972617 id=1134
[mod] [SMRTK] SMRTK_STREAM assigned=none at_station=true cargo=none command=UnloadTrain effective_speed=0 line=6430-2008 passengers=0 row=train station=2008 train=2000001848 t=25972617 id=1135
[mod] [SMRTK] SMRTK_STREAM assigned=none at_station=false cargo=none command=GotoStation effective_speed=534 line=7985-7873 passengers=0 row=train station=7985 train=2000002659 t=25972617 id=1136
						Lua 0:21:37:224
[mod] [SMRTK] SMRTK_STREAM assigned=none at_station=false cargo=none command=GotoStation effective_speed=5617 line=2012-6430 passengers=0 row=train station=2012 train=2000001844 t=25973617 id=1137
[mod] [SMRTK] SMRTK_STREAM assigned=none at_station=false cargo=none command=GotoStation effective_speed=1486 line=7985-7873 passengers=0 row=train station=7985 train=2000002659 t=25973617 id=1138
						Lua 0:21:37:273
[mod] [SMRTK] SMRTK_STREAM assigned=none at_station=false cargo=none command=GotoStation effective_speed=1627 line=7985-7873 passengers=0 row=train station=7985 train=2000002659 t=25974617 id=1139
						Lua 0:21:37:323
[mod] [SMRTK] SMRTK_STREAM assigned=none at_station=false cargo=none command=GotoStation effective_speed=1766 line=7985-7873 passengers=0 row=train station=7985 train=2000002659 t=25975617 id=1140
						Lua 0:21:37:375
[mod] [SMRTK] SMRTK_STREAM assigned=none at_station=false cargo=none command=GotoStation effective_speed=5612 line=2012-6430 passengers=0 row=train station=2012 train=2000001844 t=25976617 id=1141						Lua 0:21:37:376

[mod] [SMRTK] SMRTK_STREAM assigned=none at_station=false cargo=none command=GotoStation effective_speed=4956 line=2011-6430 passengers=0 row=train station=2011 train=2000001845 t=25976617 id=1142
[mod] [SMRTK] SMRTK_STREAM assigned=none at_station=false cargo=none command=GotoStation effective_speed=3712 line=7985-7873 passengers=0 row=train station=7985 train=2000002659 t=25976617 id=1143
						Lua 0:21:37:423
[mod] [SMRTK] SMRTK_STREAM assigned=none at_station=false cargo=none command=GotoStation effective_speed=5617 line=2012-6430 passengers=0 row=train station=2012 train=2000001844 t=25977617 id=1144
[mod] [SMRTK] SMRTK_STREAM assigned=none at_station=false cargo=none command=GotoStation effective_speed=5617 line=2011-6430 passengers=0 row=train station=2011 train=2000001845 t=25977617 id=1145
[mod] [SMRTK] SMRTK_STREAM assigned=none at_station=false cargo=none command=GotoStation effective_speed=3805 line=6430-2007 passengers=0 row=train station=6430 train=2000001851 t=25977617 id=1146
						Lua 0:21:37:424
[mod] [SMRTK] SMRTK_STREAM assigned=none at_station=false cargo=none command=GotoStation effective_speed=5617 line=7985-7873 passengers=0 row=train station=7985 train=2000002659 t=25977617 id=1147
						Lua 0:21:37:473
[mod] [SMRTK] SMRTK_STREAM assigned=none at_station=false cargo=none command=GotoStation effective_speed=1137 line=2012-6430 passengers=0 row=train station=2012 train=2000001844 t=25978617 id=1148
[mod] [SMRTK] SMRTK_STREAM assigned=none at_station=false cargo=none command=GotoStation effective_speed=0 line=2011-6430 passengers=0 row=train station=2011 train=2000001845 t=25978617 id=1149
[mod] [SMRTK] SMRTK_STREAM assigned=none at_station=true cargo=none command=LoadTrain effective_speed=0 line=6430-2008 passengers=0 row=train station=2008 train=2000001848 t=25978617 id=1150
[mod] [SMRTK] SMRTK_STREAM assigned=none at_station=false cargo=none command=GotoStation effective_speed=1293 line=6430-2007 passengers=0 row=train station=6430 train=2000001851 t=25978617 id=1151
						Lua 0:21:37:523
[mod] [SMRTK] SMRTK_STREAM assigned=none at_station=false cargo=none command=GotoStation effective_speed=214 line=2012-6430 passengers=0 row=train station=2012 train=2000001844 t=25979617 id=1152
[mod] [SMRTK] SMRTK_STREAM assigned=none at_station=true cargo=none command=UnloadTrain effective_speed=0 line=6430-2007 passengers=0 row=train station=2007 train=2000001851 t=25979617 id=1153
						Lua 0:21:37:573
[mod] [SMRTK] SMRTK_STREAM assigned=none at_station=false cargo=none command=GotoStation effective_speed=2025 line=2012-6430 passengers=0 row=train station=2012 train=2000001844 t=25980617 id=1154
[mod] [SMRTK] SMRTK_STREAM assigned=none at_station=true cargo=none command=LoadTrain effective_speed=0 line=7985-7873 passengers=0 row=train station=7873 train=2000001846 t=25980617 id=1155
[mod] [SMRTK] SMRTK_STREAM assigned=none at_station=true cargo=none command=LoadTrain effective_speed=0 line=6430-2008 passengers=0 row=train station=6430 train=2000001849 t=25980617 id=1156
[mod] [SMRTK] SMRTK_STREAM assigned=none at_station=true cargo=none command=LoadTrain effective_speed=0 line=6430-2007 passengers=0 row=train station=6430 train=2000001850 t=25980617 id=1157
[mod] [SMRTK] SMRTK_STREAM assigned=none at_station=true cargo=none command=LoadTrain effective_speed=0 line=6495-6827 passengers=0 row=train station=6495 train=2000002387 t=25980617 id=1158
[mod] [SMRTK] SMRTK_STREAM assigned=none at_station=true cargo=none command=LoadTrain effective_speed=0 line=7411-6495 passengers=0 row=train station=6495 train=2000002388 t=25980617 id=1159
[mod] [SMRTK] SMRTK_STREAM assigned=none at_station=true cargo=none command=LoadTrain effective_speed=0 line=6883-6495 passengers=0 row=train station=6495 train=2000002389 t=25980617 id=1160
[mod] [SMRTK] SMRTK_STREAM assigned=none at_station=true cargo=none command=LoadTrain effective_speed=0 line=6951-6495 passengers=0 row=train station=6495 train=2000002390 t=25980617 id=1161
[mod] [SMRTK] SMRTK_STREAM assigned=none at_station=true cargo=none command=LoadTrain effective_speed=0 line=7411-6495 passengers=0 row=train station=7411 train=2000002391 t=25980617 id=1162
[mod] [SMRTK] SMRTK_STREAM assigned=none at_station=true cargo=none command=LoadTrain effective_speed=0 line=6951-6495 passengers=0 row=train station=6951 train=2000002392 t=25980617 id=1163
[mod] [SMRTK] SMRTK_STREAM assigned=none at_station=true cargo=none command=LoadTrain effective_speed=0 line=7873-2007 passengers=0 row=train station=7873 train=2000002658 t=25980617 id=1164
						Lua 0:21:37:626
[mod] [SMRTK] SMRTK_STREAM assigned=none at_station=false cargo=none command=GotoStation effective_speed=1082 line=2012-6430 passengers=0 row=train station=2012 train=2000001844 t=25981617 id=1165
						Lua 0:21:37:627
[mod] [SMRTK] SMRTK_STREAM assigned=none at_station=false cargo=none command=GotoStation effective_speed=5621 line=7985-7873 passengers=0 row=train station=7985 train=2000002659 t=25981617 id=1166
						Lua 0:21:37:673
[mod] [SMRTK] SMRTK_STREAM assigned=none at_station=true cargo=none command=UnloadTrain effective_speed=0 line=2012-6430 passengers=0 row=train station=6430 train=2000001844 t=25982617 id=1167
[mod] [SMRTK] SMRTK_STREAM assigned=none at_station=false cargo=none command=GotoStation effective_speed=83 line=2011-6430 passengers=0 row=train station=2011 train=2000001845 t=25982617 id=1168
[mod] [SMRTK] SMRTK_STREAM assigned=none at_station=false cargo=none command=GotoStation effective_speed=5617 line=7985-7873 passengers=0 row=train station=7985 train=2000002659 t=25982617 id=1169
						Lua 0:21:37:773
[mod] [SMRTK] SMRTK_STREAM assigned=none at_station=false cargo=none command=GotoStation effective_speed=1106 line=2011-6430 passengers=0 row=train station=2011 train=2000001845 t=25984617 id=1170
[mod] [SMRTK] SMRTK_STREAM assigned=none at_station=false cargo=none command=GotoStation effective_speed=610 line=6430-2008 passengers=0 row=train station=2008 train=2000001848 t=25984617 id=1171
						Lua 0:21:37:823
[mod] [SMRTK] SMRTK_STREAM assigned=none at_station=false cargo=none command=GotoStation effective_speed=1088 line=2011-6430 passengers=0 row=train station=2011 train=2000001845 t=25985617 id=1172
[mod] [SMRTK] SMRTK_STREAM assigned=none at_station=false cargo=none command=GotoStation effective_speed=1559 line=6430-2008 passengers=0 row=train station=2008 train=2000001848 t=25985617 id=1173
[mod] [SMRTK] SMRTK_STREAM assigned=none at_station=true cargo=none command=LoadTrain effective_speed=0 line=6430-2007 passengers=0 row=train station=2007 train=2000001851 t=25985617 id=1174
						Lua 0:21:37:876
[mod] [SMRTK] SMRTK_STREAM assigned=none at_station=true cargo=none command=UnloadTrain effective_speed=0 line=2011-6430 passengers=0 row=train station=6430 train=2000001845 t=25986617 id=1175						Lua 0:21:37:877

[mod] [SMRTK] SMRTK_STREAM assigned=none at_station=false cargo=none command=GotoStation effective_speed=1164 line=6430-7873 passengers=0 row=train station=7873 train=2000001846 t=25986617 id=1176
[mod] [SMRTK] SMRTK_STREAM assigned=none at_station=false cargo=none command=GotoStation effective_speed=1803 line=6430-2008 passengers=0 row=train station=2008 train=2000001848 t=25986617 id=1177
[mod] [SMRTK] SMRTK_STREAM assigned=none at_station=true cargo=none command=false effective_speed=0 line=6430-2008 passengers=0 row=train station=6430 train=2000001849 t=25986617 id=1178
[mod] [SMRTK] SMRTK_STREAM assigned=none at_station=true cargo=none command=false effective_speed=0 line=6430-2007 passengers=0 row=train station=6430 train=2000001850 t=25986617 id=1179
[mod] [SMRTK] SMRTK_STREAM assigned=none at_station=true cargo=none command=false effective_speed=0 line=6495-6827 passengers=0 row=train station=6495 train=2000002387 t=25986617 id=1180
[mod] [SMRTK] SMRTK_STREAM assigned=none at_station=true cargo=none command=false effective_speed=0 line=7411-6495 passengers=0 row=train station=6495 train=2000002388 t=25986617 id=1181
[mod] [SMRTK] SMRTK_STREAM assigned=none at_station=true cargo=none command=false effective_speed=0 line=6883-6495 passengers=0 row=train station=6495 train=2000002389 t=25986617 id=1182
[mod] [SMRTK] SMRTK_STREAM assigned=none at_station=true cargo=none command=false effective_speed=0 line=6951-6495 passengers=0 row=train station=6495 train=2000002390 t=25986617 id=1183
[mod] [SMRTK] SMRTK_STREAM assigned=none at_station=true cargo=none command=false effective_speed=0 line=7411-6495 passengers=0 row=train station=7411 train=2000002391 t=25986617 id=1184
[mod] [SMRTK] SMRTK_STREAM assigned=none at_station=true cargo=none command=false effective_speed=0 line=6951-6495 passengers=0 row=train station=6951 train=2000002392 t=25986617 id=1185
[mod] [SMRTK] SMRTK_STREAM assigned=none at_station=true cargo=none command=false effective_speed=0 line=7873-2007 passengers=0 row=train station=7873 train=2000002658 t=25986617 id=1186
[mod] [SMRTK] SMRTK_STREAM assigned=none at_station=false cargo=none command=GotoStation effective_speed=5621 line=7985-7873 passengers=0 row=train station=7985 train=2000002659 t=25986617 id=1187
						Lua 0:21:37:923
[mod] [SMRTK] SMRTK_STREAM assigned=none at_station=false cargo=none command=GotoStation effective_speed=1622 line=6430-7873 passengers=0 row=train station=7873 train=2000001846 t=25987617 id=1188
[mod] [SMRTK] SMRTK_STREAM assigned=none at_station=false cargo=none command=GotoStation effective_speed=5612 line=6430-2008 passengers=0 row=train station=2008 train=2000001848 t=25987617 id=1189
[mod] [SMRTK] SMRTK_STREAM assigned=none at_station=false cargo=none command=GotoStation effective_speed=5617 line=7985-7873 passengers=0 row=train station=7985 train=2000002659 t=25987617 id=1190
						Lua 0:21:37:973
[mod] [SMRTK] SMRTK_STREAM assigned=none at_station=true cargo=none command=LoadTrain effective_speed=0 line=2012-6430 passengers=0 row=train station=6430 train=2000001844 t=25988617 id=1191
[mod] [SMRTK] SMRTK_STREAM assigned=none at_station=false cargo=none command=GotoStation effective_speed=1869 line=6430-7873 passengers=0 row=train station=7873 train=2000001846 t=25988617 id=1192
[mod] [SMRTK] SMRTK_STREAM assigned=none at_station=false cargo=none command=GotoStation effective_speed=5617 line=6430-2008 passengers=0 row=train station=2008 train=2000001848 t=25988617 id=1193
[mod] [SMRTK] SMRTK_STREAM assigned=none at_station=false cargo=none command=GotoStation effective_speed=5633 line=7985-7873 passengers=0 row=train station=7985 train=2000002659 t=25988617 id=1194
						Lua 0:21:38:024
[mod] [SMRTK] SMRTK_STREAM assigned=none at_station=false cargo=none command=GotoStation effective_speed=5617 line=6430-7873 passengers=0 row=train station=7873 train=2000001846 t=25989617 id=1195
[mod] [SMRTK] SMRTK_STREAM assigned=none at_station=false cargo=none command=GotoStation effective_speed=5654 line=6430-2008 passengers=0 row=train station=2008 train=2000001848 t=25989617 id=1196
[mod] [SMRTK] SMRTK_STREAM assigned=none at_station=false cargo=none command=GotoStation effective_speed=5612 line=7985-7873 passengers=0 row=train station=7985 train=2000002659 t=25989617 id=1197
						Lua 0:21:38:073
[mod] [SMRTK] SMRTK_STREAM assigned=none at_station=false cargo=none command=GotoStation effective_speed=5621 line=6430-7873 passengers=0 row=train station=7873 train=2000001846 t=25990617 id=1198
[mod] [SMRTK] SMRTK_STREAM assigned=none at_station=false cargo=none command=GotoStation effective_speed=5617 line=6430-2008 passengers=0 row=train station=2008 train=2000001848 t=25990617 id=1199
						Lua 0:21:38:126
[mod] [SMRTK] SMRTK_STREAM assigned=none at_station=false cargo=none command=GotoStation effective_speed=5617 line=6430-7873 passengers=0 row=train station=7873 train=2000001846 t=25991617 id=1200
						Lua 0:21:38:127
[mod] [SMRTK] SMRTK_STREAM assigned=none at_station=false cargo=none command=GotoStation effective_speed=1019 line=6430-2007 passengers=0 row=train station=2007 train=2000001851 t=25991617 id=1201
[mod] [SMRTK] SMRTK_STREAM assigned=none at_station=false cargo=none command=GotoStation effective_speed=5621 line=7985-7873 passengers=0 row=train station=7985 train=2000002659 t=25991617 id=1202
						Lua 0:21:38:173
[mod] [SMRTK] SMRTK_STREAM assigned=none at_station=true cargo=none command=LoadTrain effective_speed=0 line=2011-6430 passengers=0 row=train station=6430 train=2000001845 t=25992617 id=1203
						Lua 0:21:38:174
[mod] [SMRTK] SMRTK_STREAM assigned=none at_station=false cargo=none command=GotoStation effective_speed=4849 line=6430-7873 passengers=0 row=train station=7873 train=2000001846 t=25992617 id=1204
[mod] [SMRTK] SMRTK_STREAM assigned=none at_station=false cargo=none command=GotoStation effective_speed=1606 line=6430-2007 passengers=0 row=train station=2007 train=2000001851 t=25992617 id=1205
[mod] [SMRTK] SMRTK_STREAM assigned=none at_station=false cargo=none command=GotoStation effective_speed=5612 line=7985-7873 passengers=0 row=train station=7985 train=2000002659 t=25992617 id=1206
						Lua 0:21:38:224
[mod] [SMRTK] SMRTK_STREAM assigned=none at_station=false cargo=none command=GotoStation effective_speed=5621 line=6430-7873 passengers=0 row=train station=7873 train=2000001846 t=25993617 id=1207
						Lua 0:21:38:225
[mod] [SMRTK] SMRTK_STREAM assigned=none at_station=false cargo=none command=GotoStation effective_speed=0 line=6430-2008 passengers=0 row=train station=2008 train=2000001848 t=25993617 id=1208
[mod] [SMRTK] SMRTK_STREAM assigned=none at_station=false cargo=none command=GotoStation effective_speed=1851 line=6430-2007 passengers=0 row=train station=2007 train=2000001851 t=25993617 id=1209
[mod] [SMRTK] SMRTK_STREAM assigned=none at_station=false cargo=none command=GotoStation effective_speed=5617 line=7985-7873 passengers=0 row=train station=7985 train=2000002659 t=25993617 id=1210
						Lua 0:21:38:274
[mod] [SMRTK] SMRTK_STREAM assigned=none at_station=true cargo=none command=false effective_speed=0 line=2012-6430 passengers=0 row=train station=6430 train=2000001844 t=25994617 id=1211
[mod] [SMRTK] SMRTK_STREAM assigned=none at_station=false cargo=none command=GotoStation effective_speed=5612 line=6430-7873 passengers=0 row=train station=7873 train=2000001846 t=25994617 id=1212
[mod] [SMRTK] SMRTK_STREAM assigned=none at_station=false cargo=none command=GotoStation effective_speed=5617 line=6430-2007 passengers=0 row=train station=2007 train=2000001851 t=25994617 id=1213
[mod] [SMRTK] SMRTK_STREAM assigned=none at_station=false cargo=none command=GotoStation effective_speed=5642 line=7985-7873 passengers=0 row=train station=7985 train=2000002659 t=25994617 id=1214
						Lua 0:21:38:323
[mod] [SMRTK] SMRTK_STREAM assigned=none at_station=false cargo=none command=GotoStation effective_speed=5617 line=6430-7873 passengers=0 row=train station=7873 train=2000001846 t=25995617 id=1215
[mod] [SMRTK] SMRTK_STREAM assigned=none at_station=false cargo=none command=GotoStation effective_speed=5621 line=7985-7873 passengers=0 row=train station=7985 train=2000002659 t=25995617 id=1216
						Lua 0:21:38:377
[mod] [SMRTK] SMRTK_STREAM assigned=none at_station=false cargo=none command=GotoStation effective_speed=5612 line=7985-7873 passengers=0 row=train station=7985 train=2000002659 t=25996617 id=1217
						Lua 0:21:38:424
[mod] [SMRTK] SMRTK_STREAM assigned=none at_station=false cargo=none command=GotoStation effective_speed=5631 line=7985-7873 passengers=0 row=train station=7985 train=2000002659 t=25997617 id=1218
						Lua 0:21:38:476
[mod] [SMRTK] SMRTK_STREAM assigned=none at_station=true cargo=none command=false effective_speed=0 line=2011-6430 passengers=0 row=train station=6430 train=2000001845 t=25998617 id=1219
[mod] [SMRTK] SMRTK_STREAM assigned=none at_station=false cargo=none command=GotoStation effective_speed=4514 line=7985-7873 passengers=0 row=train station=7985 train=2000002659 t=25998617 id=1220
						Lua 0:21:38:523
[mod] [SMRTK] SMRTK_STREAM assigned=none at_station=false cargo=none command=GotoStation effective_speed=1721 line=7985-7873 passengers=0 row=train station=7985 train=2000002659 t=25999617 id=1221
						Lua 0:21:38:573
[mod] [SMRTK] SMRTK_STREAM assigned=none at_station=false cargo=none command=GotoStation effective_speed=5612 line=6430-2007 passengers=0 row=train station=2007 train=2000001851 t=26000617 id=1222
[mod] [SMRTK] SMRTK_STREAM assigned=none at_station=true cargo=none command=UnloadTrain effective_speed=0 line=7985-7873 passengers=0 row=train station=7873 train=2000002659 t=26000617 id=1223
						Lua 0:21:38:626
[mod] [SMRTK] SMRTK_STREAM assigned=none at_station=false cargo=none command=GotoStation effective_speed=5617 line=6430-2007 passengers=0 row=train station=2007 train=2000001851 t=26001617 id=1224
						Lua 0:21:38:676
[mod] [SMRTK] SMRTK_STREAM assigned=none at_station=false cargo=none command=GotoStation effective_speed=5651 line=6430-7873 passengers=0 row=train station=7873 train=2000001846 t=26002617 id=1225
						Lua 0:21:38:725
[mod] [SMRTK] SMRTK_STREAM assigned=none at_station=false cargo=none command=GotoStation effective_speed=5617 line=6430-7873 passengers=0 row=train station=7873 train=2000001846 t=26003617 id=1226
						Lua 0:21:38:773
[mod] [SMRTK] SMRTK_STREAM assigned=none at_station=false cargo=none command=GotoStation effective_speed=4847 line=6430-2007 passengers=0 row=train station=2007 train=2000001851 t=26004617 id=1227
						Lua 0:21:38:823
[mod] [SMRTK] SMRTK_STREAM assigned=none at_station=false cargo=none command=GotoStation effective_speed=5617 line=6430-2007 passengers=0 row=train station=2007 train=2000001851 t=26005617 id=1228
						Lua 0:21:38:879
[mod] [SMRTK] SMRTK_STREAM assigned=none at_station=false cargo=none command=GotoStation effective_speed=1431 line=6430-7873 passengers=0 row=train station=7873 train=2000001846 t=26006617 id=1229
						Lua 0:21:38:880
[mod] [SMRTK] SMRTK_STREAM assigned=none at_station=true cargo=none command=LoadTrain effective_speed=0 line=7985-7873 passengers=0 row=train station=7873 train=2000002659 t=26006617 id=1230
						Lua 0:21:38:923
[mod] [SMRTK] SMRTK_STREAM assigned=none at_station=false cargo=none command=GotoStation effective_speed=306 line=6430-7873 passengers=0 row=train station=7873 train=2000001846 t=26007617 id=1231
[mod] [SMRTK] SMRTK_STREAM assigned=none at_station=false cargo=none command=GotoStation effective_speed=5612 line=6430-2007 passengers=0 row=train station=2007 train=2000001851 t=26007617 id=1232
						Lua 0:21:38:975
[mod] [SMRTK] SMRTK_STREAM assigned=none at_station=false cargo=none command=GotoStation effective_speed=2136 line=6430-7873 passengers=0 row=train station=7873 train=2000001846 t=26008617 id=1233
[mod] [SMRTK] SMRTK_STREAM assigned=none at_station=false cargo=none command=GotoStation effective_speed=5617 line=6430-2007 passengers=0 row=train station=2007 train=2000001851 t=26008617 id=1234
						Lua 0:21:39:023
[mod] [SMRTK] SMRTK_STREAM assigned=none at_station=false cargo=none command=GotoStation effective_speed=1084 line=6430-7873 passengers=0 row=train station=7873 train=2000001846 t=26009617 id=1235
[mod] [SMRTK] SMRTK_STREAM assigned=none at_station=false cargo=none command=GotoStation effective_speed=5612 line=6430-2007 passengers=0 row=train station=2007 train=2000001851 t=26009617 id=1236
						Lua 0:21:39:073
[mod] [SMRTK] SMRTK_STREAM assigned=none at_station=true cargo=none command=LoadTrain effective_speed=0 line=2012-6430 passengers=0 row=train station=6430 train=2000001844 t=26010617 id=1237
[mod] [SMRTK] SMRTK_STREAM assigned=none at_station=true cargo=none command=LoadTrain effective_speed=0 line=2011-6430 passengers=0 row=train station=6430 train=2000001845 t=26010617 id=1238
[mod] [SMRTK] SMRTK_STREAM assigned=none at_station=true cargo=none command=UnloadTrain effective_speed=0 line=6430-7873 passengers=0 row=train station=6430 train=2000001846 t=26010617 id=1239
[mod] [SMRTK] SMRTK_STREAM assigned=none at_station=true cargo=none command=LoadTrain effective_speed=0 line=6430-2008 passengers=0 row=train station=6430 train=2000001849 t=26010617 id=1240
[mod] [SMRTK] SMRTK_STREAM assigned=none at_station=true cargo=none command=LoadTrain effective_speed=0 line=6430-2007 passengers=0 row=train station=6430 train=2000001850 t=26010617 id=1241
[mod] [SMRTK] SMRTK_STREAM assigned=none at_station=false cargo=none command=GotoStation effective_speed=5617 line=6430-2007 passengers=0 row=train station=2007 train=2000001851 t=26010617 id=1242
[mod] [SMRTK] SMRTK_STREAM assigned=none at_station=true cargo=none command=LoadTrain effective_speed=0 line=6495-6827 passengers=0 row=train station=6495 train=2000002387 t=26010617 id=1243
[mod] [SMRTK] SMRTK_STREAM assigned=none at_station=true cargo=none command=LoadTrain effective_speed=0 line=7411-6495 passengers=0 row=train station=6495 train=2000002388 t=26010617 id=1244
[mod] [SMRTK] SMRTK_STREAM assigned=none at_station=true cargo=none command=LoadTrain effective_speed=0 line=6883-6495 passengers=0 row=train station=6495 train=2000002389 t=26010617 id=1245
						Lua 0:21:39:074
[mod] [SMRTK] SMRTK_STREAM assigned=none at_station=true cargo=none command=LoadTrain effective_speed=0 line=6951-6495 passengers=0 row=train station=6495 train=2000002390 t=26010617 id=1246
[mod] [SMRTK] SMRTK_STREAM assigned=none at_station=true cargo=none command=LoadTrain effective_speed=0 line=7411-6495 passengers=0 row=train station=7411 train=2000002391 t=26010617 id=1247
[mod] [SMRTK] SMRTK_STREAM assigned=none at_station=true cargo=none command=LoadTrain effective_speed=0 line=6951-6495 passengers=0 row=train station=6951 train=2000002392 t=26010617 id=1248
[mod] [SMRTK] SMRTK_STREAM assigned=none at_station=true cargo=none command=LoadTrain effective_speed=0 line=7873-2007 passengers=0 row=train station=7873 train=2000002658 t=26010617 id=1249
						Lua 0:21:39:127
[mod] [SMRTK] SMRTK_STREAM assigned=none at_station=false cargo=none command=GotoStation effective_speed=0 line=6430-2007 passengers=0 row=train station=2007 train=2000001851 t=26011617 id=1250
						Lua 0:21:39:175
[mod] [SMRTK] SMRTK_STREAM assigned=none at_station=true cargo=none command=false effective_speed=0 line=7985-7873 passengers=0 row=train station=7873 train=2000002659 t=26012617 id=1251
						Lua 0:21:39:376
[mod] [SMRTK] SMRTK_STREAM assigned=none at_station=true cargo=none command=false effective_speed=0 line=2012-6430 passengers=0 row=train station=6430 train=2000001844 t=26016617 id=1252
[mod] [SMRTK] SMRTK_STREAM assigned=none at_station=true cargo=none command=false effective_speed=0 line=2011-6430 passengers=0 row=train station=6430 train=2000001845 t=26016617 id=1253
[mod] [SMRTK] SMRTK_STREAM assigned=7985:Bread:60000,7985:PreciousMetals:60000,7985:PreciousMinerals:27000 at_station=true cargo=Bread:60000,PreciousMetals:60000,PreciousMinerals:27000 command=LoadTrain effective_speed=0 line=6430-7873 passengers=0 row=train station=6430 train=2000001846 t=26016617 id=1254
[mod] [SMRTK] SMRTK_STREAM assigned=none at_station=true cargo=none command=GotoStation effective_speed=0 line=2012-6430 passengers=0 row=train station=6430 train=2000001849 t=26016617 id=1255
[mod] [SMRTK] SMRTK_STREAM assigned=none at_station=false cargo=none command=GotoStation effective_speed=4470 line=2011-6430 passengers=0 row=train station=6430 train=2000001850 t=26016617 id=1256
[mod] [SMRTK] SMRTK_STREAM assigned=none at_station=true cargo=none command=false effective_speed=0 line=6495-6827 passengers=0 row=train station=6495 train=2000002387 t=26016617 id=1257
[mod] [SMRTK] SMRTK_STREAM assigned=none at_station=true cargo=none command=false effective_speed=0 line=7411-6495 passengers=0 row=train station=6495 train=2000002388 t=26016617 id=1258
[mod] [SMRTK] SMRTK_STREAM assigned=none at_station=true cargo=none command=false effective_speed=0 line=6883-6495 passengers=0 row=train station=6495 train=2000002389 t=26016617 id=1259
[mod] [SMRTK] SMRTK_STREAM assigned=none at_station=true cargo=none command=false effective_speed=0 line=6951-6495 passengers=0 row=train station=6495 train=2000002390 t=26016617 id=1260
[mod] [SMRTK] SMRTK_STREAM assigned=none at_station=true cargo=none command=false effective_speed=0 line=7411-6495 passengers=0 row=train station=7411 train=2000002391 t=26016617 id=1261
[mod] [SMRTK] SMRTK_STREAM assigned=none at_station=true cargo=none command=false effective_speed=0 line=6951-6495 passengers=0 row=train station=6951 train=2000002392 t=26016617 id=1262
[mod] [SMRTK] SMRTK_STREAM assigned=none at_station=true cargo=none command=false effective_speed=0 line=7873-2007 passengers=0 row=train station=7873 train=2000002658 t=26016617 id=1263
						Lua 0:21:39:377
[mod] [SMRTK] SMRTK_STREAM before=1870000 calls=581 cubes=171 expected_cubes=171 hub=true res=PreciousMetals row=stock station=6430 stock=1810000 target=none t=26016617 id=1264
[mod] [SMRTK] SMRTK_STREAM before=1453000 calls=581 cubes=171 expected_cubes=171 hub=true res=Bread row=stock station=6430 stock=1393000 target=none t=26016617 id=1265
[mod] [SMRTK] SMRTK_STREAM before=1870000 calls=581 cubes=171 expected_cubes=171 hub=true res=PreciousMinerals row=stock station=6430 stock=1843000 target=none t=26016617 id=1266
						Lua 0:21:39:427
[mod] [SMRTK] SMRTK_STREAM assigned=none at_station=false cargo=none command=GotoStation effective_speed=1397 line=2011-6430 passengers=0 row=train station=6430 train=2000001850 t=26017617 id=1267
						Lua 0:21:39:478
[mod] [SMRTK] SMRTK_STREAM assigned=none at_station=false cargo=none command=GotoStation effective_speed=351 line=2011-6430 passengers=0 row=train station=6430 train=2000001850 t=26018617 id=1268
						Lua 0:21:39:523
[mod] [SMRTK] SMRTK_STREAM assigned=none at_station=false cargo=none command=GotoStation effective_speed=1873 line=2011-6430 passengers=0 row=train station=6430 train=2000001850 t=26019617 id=1269
						Lua 0:21:39:573
[mod] [SMRTK] SMRTK_STREAM assigned=none at_station=false cargo=none command=GotoStation effective_speed=5617 line=2011-6430 passengers=0 row=train station=6430 train=2000001850 t=26020617 id=1270
[mod] [SMRTK] SMRTK_STREAM assigned=none at_station=false cargo=none command=GotoStation effective_speed=83 line=6430-2007 passengers=0 row=train station=2007 train=2000001851 t=26020617 id=1271
						Lua 0:21:39:624
[mod] [SMRTK] SMRTK_STREAM assigned=none at_station=false cargo=none command=GotoStation effective_speed=5621 line=2011-6430 passengers=0 row=train station=6430 train=2000001850 t=26021617 id=1272
						Lua 0:21:39:673
[mod] [SMRTK] SMRTK_STREAM assigned=7985:Bread:60000,7985:PreciousMetals:60000,7985:PreciousMinerals:27000 at_station=true cargo=Bread:60000,PreciousMetals:60000,PreciousMinerals:27000 command=GotoStation effective_speed=0 line=6430-7873 passengers=0 row=train station=6430 train=2000001846 t=26022617 id=1273
[mod] [SMRTK] SMRTK_STREAM assigned=none at_station=false cargo=none command=GotoStation effective_speed=5617 line=2011-6430 passengers=0 row=train station=6430 train=2000001850 t=26022617 id=1274
[mod] [SMRTK] SMRTK_STREAM assigned=none at_station=false cargo=none command=GotoStation effective_speed=980 line=6430-2007 passengers=0 row=train station=2007 train=2000001851 t=26022617 id=1275
						Lua 0:21:39:727
[mod] [SMRTK] SMRTK_STREAM assigned=none at_station=false cargo=none command=GotoStation effective_speed=1088 line=6430-2007 passengers=0 row=train station=2007 train=2000001851 t=26023617 id=1276
						Lua 0:21:39:773
[mod] [SMRTK] SMRTK_STREAM assigned=none at_station=false cargo=none command=GotoStation effective_speed=4123 line=2012-6430 passengers=0 row=train station=6430 train=2000001849 t=26024617 id=1277
[mod] [SMRTK] SMRTK_STREAM assigned=none at_station=true cargo=none command=UnloadTrain effective_speed=0 line=6430-2007 passengers=0 row=train station=6430 train=2000001851 t=26024617 id=1278
						Lua 0:21:39:823
[mod] [SMRTK] SMRTK_STREAM assigned=none at_station=false cargo=none command=GotoStation effective_speed=1049 line=2012-6430 passengers=0 row=train station=6430 train=2000001849 t=26025617 id=1279
						Lua 0:21:39:876
[mod] [SMRTK] SMRTK_STREAM assigned=none at_station=false cargo=none command=GotoStation effective_speed=351 line=2012-6430 passengers=0 row=train station=6430 train=2000001849 t=26026617 id=1280
						Lua 0:21:39:923
[mod] [SMRTK] SMRTK_STREAM assigned=none at_station=false cargo=none command=GotoStation effective_speed=1873 line=2012-6430 passengers=0 row=train station=6430 train=2000001849 t=26027617 id=1281
						Lua 0:21:39:976
[mod] [SMRTK] SMRTK_STREAM assigned=none at_station=false cargo=none command=GotoStation effective_speed=214 line=6430-2008 passengers=0 row=train station=2008 train=2000001848 t=26028617 id=1282
[mod] [SMRTK] SMRTK_STREAM assigned=none at_station=false cargo=none command=GotoStation effective_speed=5617 line=2012-6430 passengers=0 row=train station=6430 train=2000001849 t=26028617 id=1283
						Lua 0:21:40:023
[mod] [SMRTK] SMRTK_STREAM assigned=none at_station=false cargo=none command=GotoStation effective_speed=5455 line=6430-2008 passengers=0 row=train station=2008 train=2000001848 t=26029617 id=1284
						Lua 0:21:40:073
[mod] [SMRTK] SMRTK_STREAM assigned=none at_station=false cargo=none command=GotoStation effective_speed=4494 line=6430-2008 passengers=0 row=train station=2008 train=2000001848 t=26030617 id=1285
[mod] [SMRTK] SMRTK_STREAM assigned=none at_station=false cargo=none command=GotoStation effective_speed=4954 line=2012-6430 passengers=0 row=train station=6430 train=2000001849 t=26030617 id=1286
[mod] [SMRTK] SMRTK_STREAM assigned=none at_station=true cargo=none command=LoadTrain effective_speed=0 line=6430-2007 passengers=0 row=train station=6430 train=2000001851 t=26030617 id=1287
						Lua 0:21:40:124
[mod] [SMRTK] SMRTK_STREAM assigned=none at_station=false cargo=none command=GotoStation effective_speed=1084 line=6430-2008 passengers=0 row=train station=2008 train=2000001848 t=26031617 id=1288
[mod] [SMRTK] SMRTK_STREAM assigned=none at_station=false cargo=none command=GotoStation effective_speed=5612 line=2012-6430 passengers=0 row=train station=6430 train=2000001849 t=26031617 id=1289
						Lua 0:21:40:173
[mod] [SMRTK] SMRTK_STREAM assigned=7985:Bread:60000,7985:PreciousMetals:60000,7985:PreciousMinerals:27000 at_station=false cargo=Bread:60000,PreciousMetals:60000,PreciousMinerals:27000 command=GotoStation effective_speed=2408 line=6430-7873 passengers=0 row=train station=6430 train=2000001846 t=26032617 id=1290
[mod] [SMRTK] SMRTK_STREAM assigned=none at_station=true cargo=none command=UnloadTrain effective_speed=0 line=6430-2008 passengers=0 row=train station=6430 train=2000001848 t=26032617 id=1291
[mod] [SMRTK] SMRTK_STREAM assigned=none at_station=false cargo=none command=GotoStation effective_speed=5617 line=2012-6430 passengers=0 row=train station=6430 train=2000001849 t=26032617 id=1292
						Lua 0:21:40:226
[mod] [SMRTK] SMRTK_STREAM assigned=7985:Bread:60000,7985:PreciousMetals:60000,7985:PreciousMinerals:27000 at_station=false cargo=Bread:60000,PreciousMetals:60000,PreciousMinerals:27000 command=GotoStation effective_speed=360 line=6430-7873 passengers=0 row=train station=6430 train=2000001846 t=26033617 id=1293
[mod] [SMRTK] SMRTK_STREAM assigned=none at_station=false cargo=none command=GotoStation effective_speed=4955 line=2012-6430 passengers=0 row=train station=6430 train=2000001849 t=26033617 id=1294
						Lua 0:21:40:274
[mod] [SMRTK] SMRTK_STREAM assigned=7985:Bread:60000,7985:PreciousMetals:60000,7985:PreciousMinerals:27000 at_station=false cargo=Bread:60000,PreciousMetals:60000,PreciousMinerals:27000 command=GotoStation effective_speed=1876 line=6430-7873 passengers=0 row=train station=6430 train=2000001846 t=26034617 id=1295
[mod] [SMRTK] SMRTK_STREAM assigned=none at_station=false cargo=none command=GotoStation effective_speed=5612 line=2012-6430 passengers=0 row=train station=6430 train=2000001849 t=26034617 id=1296
						Lua 0:21:40:324
[mod] [SMRTK] SMRTK_STREAM assigned=7985:Bread:60000,7985:PreciousMetals:60000,7985:PreciousMinerals:27000 at_station=false cargo=Bread:60000,PreciousMetals:60000,PreciousMinerals:27000 command=GotoStation effective_speed=5617 line=6430-7873 passengers=0 row=train station=6430 train=2000001846 t=26035617 id=1297
[mod] [SMRTK] SMRTK_STREAM assigned=none at_station=false cargo=none command=GotoStation effective_speed=5617 line=2012-6430 passengers=0 row=train station=6430 train=2000001849 t=26035617 id=1298
[mod] [SMRTK] SMRTK_STREAM assigned=none at_station=false cargo=none command=GotoStation effective_speed=5612 line=2011-6430 passengers=0 row=train station=6430 train=2000001850 t=26035617 id=1299
						Lua 0:21:40:376
[mod] [SMRTK] SMRTK_STREAM assigned=none at_station=false cargo=none command=GotoStation effective_speed=4955 line=2011-6430 passengers=0 row=train station=6430 train=2000001850 t=26036617 id=1300
[mod] [SMRTK] SMRTK_STREAM assigned=none at_station=true cargo=none command=false effective_speed=0 line=6430-2007 passengers=0 row=train station=6430 train=2000001851 t=26036617 id=1301
						Lua 0:21:40:423
[mod] [SMRTK] SMRTK_STREAM assigned=none at_station=false cargo=none command=GotoStation effective_speed=5617 line=2011-6430 passengers=0 row=train station=6430 train=2000001850 t=26037617 id=1302
						Lua 0:21:40:473
[mod] [SMRTK] SMRTK_STREAM assigned=none at_station=true cargo=none command=LoadTrain effective_speed=0 line=6430-2008 passengers=0 row=train station=6430 train=2000001848 t=26038617 id=1303
[mod] [SMRTK] SMRTK_STREAM assigned=none at_station=false cargo=none command=GotoStation effective_speed=4847 line=2011-6430 passengers=0 row=train station=6430 train=2000001850 t=26038617 id=1304
						Lua 0:21:40:523
[mod] [SMRTK] SMRTK_STREAM assigned=none at_station=false cargo=none command=GotoStation effective_speed=5612 line=2011-6430 passengers=0 row=train station=6430 train=2000001850 t=26039617 id=1305
						Lua 0:21:40:574
[mod] [SMRTK] SMRTK_STREAM assigned=none at_station=true cargo=none command=LoadTrain effective_speed=0 line=2012-6430 passengers=0 row=train station=6430 train=2000001844 t=26040617 id=1306
[mod] [SMRTK] SMRTK_STREAM assigned=none at_station=true cargo=none command=LoadTrain effective_speed=0 line=2011-6430 passengers=0 row=train station=6430 train=2000001845 t=26040617 id=1307
[mod] [SMRTK] SMRTK_STREAM assigned=none at_station=false cargo=none command=GotoStation effective_speed=5631 line=2011-6430 passengers=0 row=train station=6430 train=2000001850 t=26040617 id=1308
[mod] [SMRTK] SMRTK_STREAM assigned=none at_station=true cargo=none command=LoadTrain effective_speed=0 line=6430-2007 passengers=0 row=train station=6430 train=2000001851 t=26040617 id=1309
[mod] [SMRTK] SMRTK_STREAM assigned=none at_station=true cargo=none command=LoadTrain effective_speed=0 line=6495-6827 passengers=0 row=train station=6495 train=2000002387 t=26040617 id=1310
[mod] [SMRTK] SMRTK_STREAM assigned=none at_station=true cargo=none command=LoadTrain effective_speed=0 line=7411-6495 passengers=0 row=train station=6495 train=2000002388 t=26040617 id=1311
[mod] [SMRTK] SMRTK_STREAM assigned=none at_station=true cargo=none command=LoadTrain effective_speed=0 line=6883-6495 passengers=0 row=train station=6495 train=2000002389 t=26040617 id=1312
[mod] [SMRTK] SMRTK_STREAM assigned=none at_station=true cargo=none command=LoadTrain effective_speed=0 line=6951-6495 passengers=0 row=train station=6495 train=2000002390 t=26040617 id=1313
[mod] [SMRTK] SMRTK_STREAM assigned=none at_station=true cargo=none command=LoadTrain effective_speed=0 line=7411-6495 passengers=0 row=train station=7411 train=2000002391 t=26040617 id=1314
[mod] [SMRTK] SMRTK_STREAM assigned=none at_station=true cargo=none command=LoadTrain effective_speed=0 line=6951-6495 passengers=0 row=train station=6951 train=2000002392 t=26040617 id=1315
[mod] [SMRTK] SMRTK_STREAM assigned=none at_station=true cargo=none command=LoadTrain effective_speed=0 line=7873-2007 passengers=0 row=train station=7873 train=2000002658 t=26040617 id=1316
[mod] [SMRTK] SMRTK_STREAM assigned=none at_station=true cargo=none command=LoadTrain effective_speed=0 line=7985-7873 passengers=0 row=train station=7873 train=2000002659 t=26040617 id=1317
						Lua 0:21:40:628
[mod] [SMRTK] SMRTK_STREAM assigned=none at_station=false cargo=none command=GotoStation effective_speed=5634 line=2012-6430 passengers=0 row=train station=6430 train=2000001849 t=26041617 id=1318
[mod] [SMRTK] SMRTK_STREAM assigned=none at_station=false cargo=none command=GotoStation effective_speed=5617 line=2011-6430 passengers=0 row=train station=6430 train=2000001850 t=26041617 id=1319
						Lua 0:21:40:673
[mod] [SMRTK] SMRTK_STREAM assigned=7985:Bread:60000,7985:PreciousMetals:60000,7985:PreciousMinerals:27000 at_station=false cargo=Bread:60000,PreciousMetals:60000,PreciousMinerals:27000 command=GotoStation effective_speed=4751 line=6430-7873 passengers=0 row=train station=6430 train=2000001846 t=26042617 id=1320
[mod] [SMRTK] SMRTK_STREAM assigned=none at_station=false cargo=none command=GotoStation effective_speed=5621 line=2012-6430 passengers=0 row=train station=6430 train=2000001849 t=26042617 id=1321
[mod] [SMRTK] SMRTK_STREAM assigned=none at_station=false cargo=none command=GotoStation effective_speed=4955 line=2011-6430 passengers=0 row=train station=6430 train=2000001850 t=26042617 id=1322
						Lua 0:21:40:739
[mod] [SMRTK] SMRTK_STREAM assigned=7985:Bread:60000,7985:PreciousMetals:60000,7985:PreciousMinerals:27000 at_station=false cargo=Bread:60000,PreciousMetals:60000,PreciousMinerals:27000 command=GotoStation effective_speed=5617 line=6430-7873 passengers=0 row=train station=6430 train=2000001846 t=26043617 id=1323
[mod] [SMRTK] SMRTK_STREAM assigned=none at_station=false cargo=none command=GotoStation effective_speed=5617 line=2012-6430 passengers=0 row=train station=6430 train=2000001849 t=26043617 id=1324
[mod] [SMRTK] SMRTK_STREAM assigned=none at_station=false cargo=none command=GotoStation effective_speed=5617 line=2011-6430 passengers=0 row=train station=6430 train=2000001850 t=26043617 id=1325
						Lua 0:21:40:773
[mod] [SMRTK] SMRTK_STREAM assigned=none at_station=true cargo=none command=false effective_speed=0 line=6430-2008 passengers=0 row=train station=6430 train=2000001848 t=26044617 id=1326
						Lua 0:21:40:874
[mod] [SMRTK] SMRTK_STREAM assigned=none at_station=true cargo=none command=false effective_speed=0 line=2012-6430 passengers=0 row=train station=6430 train=2000001844 t=26046617 id=1327
[mod] [SMRTK] SMRTK_STREAM assigned=none at_station=true cargo=none command=false effective_speed=0 line=2011-6430 passengers=0 row=train station=6430 train=2000001845 t=26046617 id=1328
						Lua 0:21:40:875
[mod] [SMRTK] SMRTK_STREAM assigned=none at_station=true cargo=none command=false effective_speed=0 line=6430-2007 passengers=0 row=train station=6430 train=2000001851 t=26046617 id=1329
[mod] [SMRTK] SMRTK_STREAM assigned=none at_station=true cargo=none command=false effective_speed=0 line=6495-6827 passengers=0 row=train station=6495 train=2000002387 t=26046617 id=1330
[mod] [SMRTK] SMRTK_STREAM assigned=none at_station=true cargo=none command=false effective_speed=0 line=7411-6495 passengers=0 row=train station=6495 train=2000002388 t=26046617 id=1331
[mod] [SMRTK] SMRTK_STREAM assigned=none at_station=true cargo=none command=false effective_speed=0 line=6883-6495 passengers=0 row=train station=6495 train=2000002389 t=26046617 id=1332
[mod] [SMRTK] SMRTK_STREAM assigned=none at_station=true cargo=none command=false effective_speed=0 line=6951-6495 passengers=0 row=train station=6495 train=2000002390 t=26046617 id=1333
[mod] [SMRTK] SMRTK_STREAM assigned=none at_station=true cargo=none command=false effective_speed=0 line=7411-6495 passengers=0 row=train station=7411 train=2000002391 t=26046617 id=1334
[mod] [SMRTK] SMRTK_STREAM assigned=none at_station=true cargo=none command=false effective_speed=0 line=6951-6495 passengers=0 row=train station=6951 train=2000002392 t=26046617 id=1335
[mod] [SMRTK] SMRTK_STREAM assigned=none at_station=true cargo=none command=false effective_speed=0 line=7873-2007 passengers=0 row=train station=7873 train=2000002658 t=26046617 id=1336
[mod] [SMRTK] SMRTK_STREAM assigned=none at_station=true cargo=none command=false effective_speed=0 line=7985-7873 passengers=0 row=train station=7873 train=2000002659 t=26046617 id=1337
						Lua 0:21:40:923
[mod] [SMRTK] SMRTK_STREAM assigned=none at_station=false cargo=none command=GotoStation effective_speed=5618 line=2011-6430 passengers=0 row=train station=6430 train=2000001850 t=26047617 id=1338
						Lua 0:21:40:975
[mod] [SMRTK] SMRTK_STREAM assigned=7985:Bread:60000,7985:PreciousMetals:60000,7985:PreciousMinerals:27000 at_station=false cargo=Bread:60000,PreciousMetals:60000,PreciousMinerals:27000 command=GotoStation effective_speed=4956 line=6430-7873 passengers=0 row=train station=6430 train=2000001846 t=26048617 id=1339
[mod] [SMRTK] SMRTK_STREAM assigned=none at_station=false cargo=none command=GotoStation effective_speed=5617 line=2011-6430 passengers=0 row=train station=6430 train=2000001850 t=26048617 id=1340
						Lua 0:21:41:024
[mod] [SMRTK] SMRTK_STREAM assigned=7985:Bread:60000,7985:PreciousMetals:60000,7985:PreciousMinerals:27000 at_station=false cargo=Bread:60000,PreciousMetals:60000,PreciousMinerals:27000 command=GotoStation effective_speed=5617 line=6430-7873 passengers=0 row=train station=6430 train=2000001846 t=26049617 id=1341
						Lua 0:21:41:073
[mod] [SMRTK] SMRTK_STREAM assigned=none at_station=false cargo=none command=GotoStation effective_speed=5612 line=2011-6430 passengers=0 row=train station=6430 train=2000001850 t=26050617 id=1342
						Lua 0:21:41:125
[mod] [SMRTK] SMRTK_STREAM assigned=7985:Bread:60000,7985:PreciousMetals:60000,7985:PreciousMinerals:27000 at_station=false cargo=Bread:60000,PreciousMetals:60000,PreciousMinerals:27000 command=GotoStation effective_speed=5607 line=6430-7873 passengers=0 row=train station=6430 train=2000001846 t=26051617 id=1343
[mod] [SMRTK] SMRTK_STREAM assigned=none at_station=false cargo=none command=GotoStation effective_speed=5674 line=2012-6430 passengers=0 row=train station=6430 train=2000001849 t=26051617 id=1344
[mod] [SMRTK] SMRTK_STREAM assigned=none at_station=false cargo=none command=GotoStation effective_speed=2798 line=2011-6430 passengers=0 row=train station=6430 train=2000001850 t=26051617 id=1345
						Lua 0:21:41:173
[mod] [SMRTK] SMRTK_STREAM assigned=7985:Bread:60000,7985:PreciousMetals:60000,7985:PreciousMinerals:27000 at_station=false cargo=Bread:60000,PreciousMetals:60000,PreciousMinerals:27000 command=GotoStation effective_speed=5617 line=6430-7873 passengers=0 row=train station=6430 train=2000001846 t=26052617 id=1346
[mod] [SMRTK] SMRTK_STREAM assigned=none at_station=false cargo=none command=GotoStation effective_speed=5617 line=2012-6430 passengers=0 row=train station=6430 train=2000001849 t=26052617 id=1347
[mod] [SMRTK] SMRTK_STREAM assigned=none at_station=false cargo=none command=GotoStation effective_speed=287 line=2011-6430 passengers=0 row=train station=6430 train=2000001850 t=26052617 id=1348
						Lua 0:21:41:225
[mod] [SMRTK] SMRTK_STREAM assigned=7985:Bread:60000,7985:PreciousMetals:60000,7985:PreciousMinerals:27000 at_station=false cargo=Bread:60000,PreciousMetals:60000,PreciousMinerals:27000 command=GotoStation effective_speed=5622 line=6430-7873 passengers=0 row=train station=6430 train=2000001846 t=26053617 id=1349
[mod] [SMRTK] SMRTK_STREAM assigned=none at_station=false cargo=none command=GotoStation effective_speed=5612 line=2012-6430 passengers=0 row=train station=6430 train=2000001849 t=26053617 id=1350
[mod] [SMRTK] SMRTK_STREAM assigned=none at_station=true cargo=none command=UnloadTrain effective_speed=0 line=2011-6430 passengers=0 row=train station=2011 train=2000001850 t=26053617 id=1351
						Lua 0:21:41:273
[mod] [SMRTK] SMRTK_STREAM assigned=7985:Bread:60000,7985:PreciousMetals:60000,7985:PreciousMinerals:27000 at_station=false cargo=Bread:60000,PreciousMetals:60000,PreciousMinerals:27000 command=GotoStation effective_speed=5617 line=7985-7873 passengers=0 row=train station=7873 train=2000001846 t=26054617 id=1352
[mod] [SMRTK] SMRTK_STREAM assigned=none at_station=false cargo=none command=GotoStation effective_speed=4124 line=2012-6430 passengers=0 row=train station=6430 train=2000001849 t=26054617 id=1353
						Lua 0:21:41:323
[mod] [SMRTK] SMRTK_STREAM assigned=none at_station=false cargo=none command=GotoStation effective_speed=1520 line=2012-6430 passengers=0 row=train station=6430 train=2000001849 t=26055617 id=1354
						Lua 0:21:41:366
[mod] [SMRTK] SMRTK_SECTION action=section_attach attached=true dialog=ipBuilding object=SMROptInElevatorDepotDev(7985) status=OK t=26055987 id=1355
						Lua 0:21:41:393
[mod] [SMRTK] SMRTK_STREAM assigned=none at_station=true cargo=none command=UnloadTrain effective_speed=0 line=2012-6430 passengers=0 row=train station=2012 train=2000001849 t=26056617 id=1356
						Lua 0:21:41:476
[mod] [SMRTK] SMRTK_STREAM assigned=7985:Bread:60000,7985:PreciousMetals:60000,7985:PreciousMinerals:27000 at_station=false cargo=Bread:60000,PreciousMetals:60000,PreciousMinerals:27000 command=GotoStation effective_speed=5612 line=7985-7873 passengers=0 row=train station=7873 train=2000001846 t=26058617 id=1357
						Lua 0:21:41:524
[mod] [SMRTK] SMRTK_STREAM assigned=7985:Bread:60000,7985:PreciousMetals:60000,7985:PreciousMinerals:27000 at_station=false cargo=Bread:60000,PreciousMetals:60000,PreciousMinerals:27000 command=GotoStation effective_speed=5621 line=7985-7873 passengers=0 row=train station=7873 train=2000001846 t=26059617 id=1358
[mod] [SMRTK] SMRTK_STREAM assigned=none at_station=true cargo=none command=LoadTrain effective_speed=0 line=2011-6430 passengers=0 row=train station=2011 train=2000001850 t=26059617 id=1359
						Lua 0:21:41:574
[mod] [SMRTK] SMRTK_STREAM assigned=7985:Bread:60000,7985:PreciousMetals:60000,7985:PreciousMinerals:27000 at_station=false cargo=Bread:60000,PreciousMetals:60000,PreciousMinerals:27000 command=GotoStation effective_speed=5617 line=7985-7873 passengers=0 row=train station=7873 train=2000001846 t=26060617 id=1360
						Lua 0:21:41:623
[mod] [SMRTK] SMRTK_STREAM assigned=7985:Bread:60000,7985:PreciousMetals:60000,7985:PreciousMinerals:27000 at_station=false cargo=Bread:60000,PreciousMetals:60000,PreciousMinerals:27000 command=GotoStation effective_speed=5621 line=7985-7873 passengers=0 row=train station=7873 train=2000001846 t=26061617 id=1361
						Lua 0:21:41:673
[mod] [SMRTK] SMRTK_STREAM assigned=7985:Bread:60000,7985:PreciousMetals:60000,7985:PreciousMinerals:27000 at_station=false cargo=Bread:60000,PreciousMetals:60000,PreciousMinerals:27000 command=GotoStation effective_speed=5617 line=7985-7873 passengers=0 row=train station=7873 train=2000001846 t=26062617 id=1362
[mod] [SMRTK] SMRTK_STREAM assigned=none at_station=true cargo=none command=LoadTrain effective_speed=0 line=2012-6430 passengers=0 row=train station=2012 train=2000001849 t=26062617 id=1363
						Lua 0:21:41:775
[mod] [SMRTK] SMRTK_STREAM assigned=7985:Bread:60000,7985:PreciousMetals:60000,7985:PreciousMinerals:27000 at_station=false cargo=Bread:60000,PreciousMetals:60000,PreciousMinerals:27000 command=GotoStation effective_speed=5647 line=7985-7873 passengers=0 row=train station=7873 train=2000001846 t=26064617 id=1364
						Lua 0:21:41:823
[mod] [SMRTK] SMRTK_STREAM assigned=7985:Bread:60000,7985:PreciousMetals:60000,7985:PreciousMinerals:27000 at_station=false cargo=Bread:60000,PreciousMetals:60000,PreciousMinerals:27000 command=GotoStation effective_speed=5612 line=7985-7873 passengers=0 row=train station=7873 train=2000001846 t=26065617 id=1365
[mod] [SMRTK] SMRTK_STREAM assigned=none at_station=false cargo=none command=GotoStation effective_speed=1461 line=2011-6430 passengers=0 row=train station=2011 train=2000001850 t=26065617 id=1366
						Lua 0:21:41:873
[mod] [SMRTK] SMRTK_STREAM assigned=none at_station=false cargo=none command=GotoStation effective_speed=1705 line=2011-6430 passengers=0 row=train station=2011 train=2000001850 t=26066617 id=1367
						Lua 0:21:41:923
[mod] [SMRTK] SMRTK_STREAM assigned=none at_station=false cargo=none command=GotoStation effective_speed=4854 line=2011-6430 passengers=0 row=train station=2011 train=2000001850 t=26067617 id=1368
						Lua 0:21:41:976
[mod] [SMRTK] SMRTK_STREAM assigned=7985:Bread:60000,7985:PreciousMetals:60000,7985:PreciousMinerals:27000 at_station=false cargo=Bread:60000,PreciousMetals:60000,PreciousMinerals:27000 command=GotoStation effective_speed=5621 line=7985-7873 passengers=0 row=train station=7873 train=2000001846 t=26068617 id=1369
[mod] [SMRTK] SMRTK_STREAM assigned=none at_station=false cargo=none command=GotoStation effective_speed=765 line=2012-6430 passengers=0 row=train station=2012 train=2000001849 t=26068617 id=1370
[mod] [SMRTK] SMRTK_STREAM assigned=none at_station=false cargo=none command=GotoStation effective_speed=5617 line=2011-6430 passengers=0 row=train station=2011 train=2000001850 t=26068617 id=1371
						Lua 0:21:42:023
[mod] [SMRTK] SMRTK_STREAM assigned=7985:Bread:60000,7985:PreciousMetals:60000,7985:PreciousMinerals:27000 at_station=false cargo=Bread:60000,PreciousMetals:60000,PreciousMinerals:27000 command=GotoStation effective_speed=5612 line=7985-7873 passengers=0 row=train station=7873 train=2000001846 t=26069617 id=1372
[mod] [SMRTK] SMRTK_STREAM assigned=none at_station=false cargo=none command=GotoStation effective_speed=1569 line=2012-6430 passengers=0 row=train station=2012 train=2000001849 t=26069617 id=1373
						Lua 0:21:42:078
[mod] [SMRTK] SMRTK_STREAM assigned=none at_station=true cargo=none command=LoadTrain effective_speed=0 line=2012-6430 passengers=0 row=train station=6430 train=2000001844 t=26070617 id=1374
[mod] [SMRTK] SMRTK_STREAM assigned=none at_station=true cargo=none command=LoadTrain effective_speed=0 line=2011-6430 passengers=0 row=train station=6430 train=2000001845 t=26070617 id=1375
[mod] [SMRTK] SMRTK_STREAM assigned=none at_station=true cargo=none command=LoadTrain effective_speed=0 line=6430-2008 passengers=0 row=train station=6430 train=2000001848 t=26070617 id=1376
[mod] [SMRTK] SMRTK_STREAM assigned=none at_station=false cargo=none command=GotoStation effective_speed=1819 line=2012-6430 passengers=0 row=train station=2012 train=2000001849 t=26070617 id=1377
[mod] [SMRTK] SMRTK_STREAM assigned=none at_station=false cargo=none command=GotoStation effective_speed=5607 line=2011-6430 passengers=0 row=train station=2011 train=2000001850 t=26070617 id=1378
[mod] [SMRTK] SMRTK_STREAM assigned=none at_station=true cargo=none command=LoadTrain effective_speed=0 line=6430-2007 passengers=0 row=train station=6430 train=2000001851 t=26070617 id=1379
[mod] [SMRTK] SMRTK_STREAM assigned=none at_station=true cargo=none command=LoadTrain effective_speed=0 line=6495-6827 passengers=0 row=train station=6495 train=2000002387 t=26070617 id=1380
[mod] [SMRTK] SMRTK_STREAM assigned=none at_station=true cargo=none command=LoadTrain effective_speed=0 line=7411-6495 passengers=0 row=train station=6495 train=2000002388 t=26070617 id=1381
[mod] [SMRTK] SMRTK_STREAM assigned=none at_station=true cargo=none command=LoadTrain effective_speed=0 line=6883-6495 passengers=0 row=train station=6495 train=2000002389 t=26070617 id=1382
[mod] [SMRTK] SMRTK_STREAM assigned=none at_station=true cargo=none command=LoadTrain effective_speed=0 line=6951-6495 passengers=0 row=train station=6495 train=2000002390 t=26070617 id=1383
[mod] [SMRTK] SMRTK_STREAM assigned=none at_station=true cargo=none command=LoadTrain effective_speed=0 line=7411-6495 passengers=0 row=train station=7411 train=2000002391 t=26070617 id=1384
[mod] [SMRTK] SMRTK_STREAM assigned=none at_station=true cargo=none command=LoadTrain effective_speed=0 line=6951-6495 passengers=0 row=train station=6951 train=2000002392 t=26070617 id=1385
[mod] [SMRTK] SMRTK_STREAM assigned=none at_station=true cargo=none command=LoadTrain effective_speed=0 line=7873-2007 passengers=0 row=train station=7873 train=2000002658 t=26070617 id=1386
[mod] [SMRTK] SMRTK_STREAM assigned=none at_station=true cargo=none command=LoadTrain effective_speed=0 line=7985-7873 passengers=0 row=train station=7873 train=2000002659 t=26070617 id=1387
						Lua 0:21:42:123
[mod] [SMRTK] SMRTK_STREAM assigned=7985:Bread:60000,7985:PreciousMetals:60000,7985:PreciousMinerals:27000 at_station=false cargo=Bread:60000,PreciousMetals:60000,PreciousMinerals:27000 command=GotoStation effective_speed=5617 line=7985-7873 passengers=0 row=train station=7873 train=2000001846 t=26071617 id=1388
[mod] [SMRTK] SMRTK_STREAM assigned=none at_station=false cargo=none command=GotoStation effective_speed=5617 line=2012-6430 passengers=0 row=train station=2012 train=2000001849 t=26071617 id=1389
[mod] [SMRTK] SMRTK_STREAM assigned=none at_station=false cargo=none command=GotoStation effective_speed=5617 line=2011-6430 passengers=0 row=train station=2011 train=2000001850 t=26071617 id=1390
						Lua 0:21:42:173
[mod] [SMRTK] SMRTK_STREAM assigned=none at_station=false cargo=none command=GotoStation effective_speed=5621 line=2012-6430 passengers=0 row=train station=2012 train=2000001849 t=26072617 id=1391
						Lua 0:21:42:225
[mod] [SMRTK] SMRTK_STREAM assigned=7985:Bread:60000,7985:PreciousMetals:60000,7985:PreciousMinerals:27000 at_station=false cargo=Bread:60000,PreciousMetals:60000,PreciousMinerals:27000 command=GotoStation effective_speed=5612 line=7985-7873 passengers=0 row=train station=7873 train=2000001846 t=26073617 id=1392
[mod] [SMRTK] SMRTK_STREAM assigned=none at_station=false cargo=none command=GotoStation effective_speed=4750 line=2012-6430 passengers=0 row=train station=2012 train=2000001849 t=26073617 id=1393
						Lua 0:21:42:273
[mod] [SMRTK] SMRTK_STREAM assigned=7985:Bread:60000,7985:PreciousMetals:60000,7985:PreciousMinerals:27000 at_station=false cargo=Bread:60000,PreciousMetals:60000,PreciousMinerals:27000 command=GotoStation effective_speed=5617 line=7985-7873 passengers=0 row=train station=7873 train=2000001846 t=26074617 id=1394
[mod] [SMRTK] SMRTK_STREAM assigned=none at_station=false cargo=none command=GotoStation effective_speed=5617 line=2012-6430 passengers=0 row=train station=2012 train=2000001849 t=26074617 id=1395
						Lua 0:21:42:323
[mod] [SMRTK] SMRTK_STREAM assigned=7985:Bread:60000,7985:PreciousMetals:60000,7985:PreciousMinerals:27000 at_station=false cargo=Bread:60000,PreciousMetals:60000,PreciousMinerals:27000 command=GotoStation effective_speed=5612 line=7985-7873 passengers=0 row=train station=7873 train=2000001846 t=26075617 id=1396
[mod] [SMRTK] SMRTK_STREAM assigned=none at_station=false cargo=none command=GotoStation effective_speed=4956 line=2011-6430 passengers=0 row=train station=2011 train=2000001850 t=26075617 id=1397
						Lua 0:21:42:374
[mod] [SMRTK] SMRTK_STREAM assigned=none at_station=true cargo=none command=GotoStation effective_speed=0 line=6430-2008 passengers=0 row=train station=6430 train=2000001844 t=26076617 id=1398
[mod] [SMRTK] SMRTK_STREAM assigned=none at_station=false cargo=none command=GotoStation effective_speed=4470 line=6430-2007 passengers=0 row=train station=6430 train=2000001845 t=26076617 id=1399
[mod] [SMRTK] SMRTK_STREAM assigned=7985:Bread:60000,7985:PreciousMetals:60000,7985:PreciousMinerals:27000 at_station=false cargo=Bread:60000,PreciousMetals:60000,PreciousMinerals:27000 command=GotoStation effective_speed=2806 line=7985-7873 passengers=0 row=train station=7873 train=2000001846 t=26076617 id=1400
[mod] [SMRTK] SMRTK_STREAM assigned=none at_station=true cargo=none command=false effective_speed=0 line=6430-2008 passengers=0 row=train station=6430 train=2000001848 t=26076617 id=1401
[mod] [SMRTK] SMRTK_STREAM assigned=none at_station=false cargo=none command=GotoStation effective_speed=5617 line=2011-6430 passengers=0 row=train station=2011 train=2000001850 t=26076617 id=1402
[mod] [SMRTK] SMRTK_STREAM assigned=none at_station=true cargo=none command=false effective_speed=0 line=6430-2007 passengers=0 row=train station=6430 train=2000001851 t=26076617 id=1403
[mod] [SMRTK] SMRTK_STREAM assigned=none at_station=true cargo=none command=false effective_speed=0 line=6495-6827 passengers=0 row=train station=6495 train=2000002387 t=26076617 id=1404
[mod] [SMRTK] SMRTK_STREAM assigned=none at_station=true cargo=none command=false effective_speed=0 line=7411-6495 passengers=0 row=train station=6495 train=2000002388 t=26076617 id=1405
[mod] [SMRTK] SMRTK_STREAM assigned=none at_station=true cargo=none command=false effective_speed=0 line=6883-6495 passengers=0 row=train station=6495 train=2000002389 t=26076617 id=1406
[mod] [SMRTK] SMRTK_STREAM assigned=none at_station=true cargo=none command=false effective_speed=0 line=6951-6495 passengers=0 row=train station=6495 train=2000002390 t=26076617 id=1407
[mod] [SMRTK] SMRTK_STREAM assigned=none at_station=true cargo=none command=false effective_speed=0 line=7411-6495 passengers=0 row=train station=7411 train=2000002391 t=26076617 id=1408
[mod] [SMRTK] SMRTK_STREAM assigned=none at_station=true cargo=none command=false effective_speed=0 line=6951-6495 passengers=0 row=train station=6951 train=2000002392 t=26076617 id=1409
[mod] [SMRTK] SMRTK_STREAM assigned=none at_station=true cargo=none command=false effective_speed=0 line=7873-2007 passengers=0 row=train station=7873 train=2000002658 t=26076617 id=1410
[mod] [SMRTK] SMRTK_STREAM assigned=none at_station=true cargo=none command=false effective_speed=0 line=7985-7873 passengers=0 row=train station=7873 train=2000002659 t=26076617 id=1411
						Lua 0:21:42:423
[mod] [SMRTK] SMRTK_STREAM assigned=none at_station=false cargo=none command=GotoStation effective_speed=1397 line=6430-2007 passengers=0 row=train station=6430 train=2000001845 t=26077617 id=1412
[mod] [SMRTK] SMRTK_STREAM assigned=7985:Bread:60000,7985:PreciousMetals:60000,7985:PreciousMinerals:27000 at_station=false cargo=Bread:60000,PreciousMetals:60000,PreciousMinerals:27000 command=GotoStation effective_speed=1765 line=7985-7873 passengers=0 row=train station=7873 train=2000001846 t=26077617 id=1413
[mod] [SMRTK] SMRTK_STREAM assigned=none at_station=false cargo=none command=GotoStation effective_speed=5638 line=2011-6430 passengers=0 row=train station=2011 train=2000001850 t=26077617 id=1414
						Lua 0:21:42:475
[mod] [SMRTK] SMRTK_STREAM assigned=none at_station=false cargo=none command=GotoStation effective_speed=351 line=6430-2007 passengers=0 row=train station=6430 train=2000001845 t=26078617 id=1415
[mod] [SMRTK] SMRTK_STREAM assigned=7985:Bread:60000,7985:PreciousMetals:60000,7985:PreciousMinerals:27000 at_station=false cargo=Bread:60000,PreciousMetals:60000,PreciousMinerals:27000 command=GotoStation effective_speed=727 line=7985-7873 passengers=0 row=train station=7873 train=2000001846 t=26078617 id=1416
[mod] [SMRTK] SMRTK_STREAM assigned=none at_station=false cargo=none command=GotoStation effective_speed=5617 line=2011-6430 passengers=0 row=train station=2011 train=2000001850 t=26078617 id=1417
						Lua 0:21:42:523
[mod] [SMRTK] SMRTK_STREAM assigned=none at_station=false cargo=none command=GotoStation effective_speed=1873 line=6430-2007 passengers=0 row=train station=6430 train=2000001845 t=26079617 id=1418
[mod] [SMRTK] SMRTK_STREAM assigned=7985:Bread:60000,7985:PreciousMetals:60000,7985:PreciousMinerals:27000 at_station=true cargo=Bread:60000,PreciousMetals:60000,PreciousMinerals:27000 command=UnloadTrain effective_speed=0 line=7985-7873 passengers=0 row=train station=7985 train=2000001846 t=26079617 id=1419
[mod] [SMRTK] SMRTK_STREAM assigned=none at_station=false cargo=none command=GotoStation effective_speed=5631 line=2011-6430 passengers=0 row=train station=2011 train=2000001850 t=26079617 id=1420
						Lua 0:21:42:573
[mod] [SMRTK] SMRTK_STREAM assigned=none at_station=false cargo=none command=GotoStation effective_speed=4683 line=6430-2008 passengers=0 row=train station=6430 train=2000001844 t=26080617 id=1421
[mod] [SMRTK] SMRTK_STREAM assigned=none at_station=false cargo=none command=GotoStation effective_speed=5617 line=6430-2007 passengers=0 row=train station=6430 train=2000001845 t=26080617 id=1422
[mod] [SMRTK] SMRTK_STREAM assigned=none at_station=false cargo=none command=GotoStation effective_speed=5617 line=2011-6430 passengers=0 row=train station=2011 train=2000001850 t=26080617 id=1423
						Lua 0:21:42:623
[mod] [SMRTK] SMRTK_STREAM assigned=none at_station=false cargo=none command=GotoStation effective_speed=1608 line=6430-2008 passengers=0 row=train station=6430 train=2000001844 t=26081617 id=1424
[mod] [SMRTK] SMRTK_STREAM assigned=none at_station=false cargo=none command=GotoStation effective_speed=4956 line=2011-6430 passengers=0 row=train station=2011 train=2000001850 t=26081617 id=1425
						Lua 0:21:42:673
[mod] [SMRTK] SMRTK_STREAM assigned=none at_station=false cargo=none command=GotoStation effective_speed=355 line=6430-2008 passengers=0 row=train station=6430 train=2000001844 t=26082617 id=1426
[mod] [SMRTK] SMRTK_STREAM assigned=none at_station=false cargo=none command=GotoStation effective_speed=4750 line=2012-6430 passengers=0 row=train station=2012 train=2000001849 t=26082617 id=1427
[mod] [SMRTK] SMRTK_STREAM assigned=none at_station=false cargo=none command=GotoStation effective_speed=5617 line=2011-6430 passengers=0 row=train station=2011 train=2000001850 t=26082617 id=1428
						Lua 0:21:42:725
[mod] [SMRTK] SMRTK_STREAM assigned=none at_station=false cargo=none command=GotoStation effective_speed=1873 line=6430-2008 passengers=0 row=train station=6430 train=2000001844 t=26083617 id=1429
[mod] [SMRTK] SMRTK_STREAM assigned=none at_station=false cargo=none command=GotoStation effective_speed=5617 line=2012-6430 passengers=0 row=train station=2012 train=2000001849 t=26083617 id=1430
						Lua 0:21:42:775
[mod] [SMRTK] SMRTK_STREAM assigned=none at_station=false cargo=none command=GotoStation effective_speed=5617 line=6430-2008 passengers=0 row=train station=6430 train=2000001844 t=26084617 id=1431
						Lua 0:21:42:823
[mod] [SMRTK] SMRTK_STREAM assigned=none at_station=false cargo=none command=GotoStation effective_speed=5621 line=6430-2008 passengers=0 row=train station=6430 train=2000001844 t=26085617 id=1432
[mod] [SMRTK] SMRTK_STREAM assigned=none at_station=true cargo=none command=LoadTrain effective_speed=0 line=7985-7873 passengers=0 row=train station=7985 train=2000001846 t=26085617 id=1433
						Lua 0:21:42:825
[mod] [SMRTK] SMRTK_STREAM before=0 calls=14 cubes=none expected_cubes=none hub=false res=PreciousMetals row=stock station=7985 stock=60000 target=60000 t=26085617 id=1434
[mod] [SMRTK] SMRTK_STREAM before=0 calls=14 cubes=none expected_cubes=none hub=false res=Bread row=stock station=7985 stock=60000 target=60000 t=26085617 id=1435
[mod] [SMRTK] SMRTK_STREAM before=0 calls=14 cubes=none expected_cubes=none hub=false res=PreciousMinerals row=stock station=7985 stock=27000 target=60000 t=26085617 id=1436
						Lua 0:21:42:873
[mod] [SMRTK] SMRTK_STREAM assigned=none at_station=false cargo=none command=GotoStation effective_speed=5612 line=6430-2008 passengers=0 row=train station=6430 train=2000001844 t=26086617 id=1437
[mod] [SMRTK] SMRTK_STREAM assigned=none at_station=false cargo=none command=GotoStation effective_speed=5631 line=6430-2007 passengers=0 row=train station=6430 train=2000001845 t=26086617 id=1438
						Lua 0:21:42:923
[mod] [SMRTK] SMRTK_STREAM assigned=none at_station=false cargo=none command=GotoStation effective_speed=5617 line=6430-2008 passengers=0 row=train station=6430 train=2000001844 t=26087617 id=1439
[mod] [SMRTK] SMRTK_STREAM assigned=none at_station=false cargo=none command=GotoStation effective_speed=5617 line=6430-2007 passengers=0 row=train station=6430 train=2000001845 t=26087617 id=1440
						Lua 0:21:43:073
[mod] [SMRTK] SMRTK_STREAM assigned=none at_station=false cargo=none command=GotoStation effective_speed=4655 line=6430-2008 passengers=0 row=train station=6430 train=2000001844 t=26090617 id=1441
[mod] [SMRTK] SMRTK_STREAM assigned=none at_station=false cargo=none command=GotoStation effective_speed=5628 line=6430-2007 passengers=0 row=train station=6430 train=2000001845 t=26090617 id=1442
						Lua 0:21:43:125
[mod] [SMRTK] SMRTK_STREAM assigned=none at_station=false cargo=none command=GotoStation effective_speed=1783 line=6430-2008 passengers=0 row=train station=6430 train=2000001844 t=26091617 id=1443
						Lua 0:21:43:126
[mod] [SMRTK] SMRTK_STREAM assigned=none at_station=false cargo=none command=GotoStation effective_speed=5617 line=6430-2007 passengers=0 row=train station=6430 train=2000001845 t=26091617 id=1444
[mod] [SMRTK] SMRTK_STREAM assigned=none at_station=false cargo=none command=GotoStation effective_speed=596 line=7985-7873 passengers=0 row=train station=7985 train=2000001846 t=26091617 id=1445
[mod] [SMRTK] SMRTK_STREAM assigned=none at_station=false cargo=none command=GotoStation effective_speed=5631 line=2012-6430 passengers=0 row=train station=2012 train=2000001849 t=26091617 id=1446
						Lua 0:21:43:173
[mod] [SMRTK] SMRTK_STREAM assigned=none at_station=true cargo=none command=UnloadTrain effective_speed=0 line=6430-2008 passengers=0 row=train station=2008 train=2000001844 t=26092617 id=1447
[mod] [SMRTK] SMRTK_STREAM assigned=none at_station=false cargo=none command=GotoStation effective_speed=1490 line=7985-7873 passengers=0 row=train station=7985 train=2000001846 t=26092617 id=1448
[mod] [SMRTK] SMRTK_STREAM assigned=none at_station=false cargo=none command=GotoStation effective_speed=5617 line=2012-6430 passengers=0 row=train station=2012 train=2000001849 t=26092617 id=1449
						Lua 0:21:43:232
[mod] [SMRTK] SMRTK_STREAM assigned=none at_station=false cargo=none command=GotoStation effective_speed=1631 line=7985-7873 passengers=0 row=train station=7985 train=2000001846 t=26093617 id=1450
						Lua 0:21:43:277
[mod] [SMRTK] SMRTK_STREAM assigned=none at_station=false cargo=none command=GotoStation effective_speed=1771 line=7985-7873 passengers=0 row=train station=7985 train=2000001846 t=26094617 id=1451
						Lua 0:21:43:323
[mod] [SMRTK] SMRTK_STREAM assigned=none at_station=false cargo=none command=GotoStation effective_speed=4204 line=7985-7873 passengers=0 row=train station=7985 train=2000001846 t=26095617 id=1452
[mod] [SMRTK] SMRTK_STREAM assigned=none at_station=false cargo=none command=GotoStation effective_speed=5612 line=2012-6430 passengers=0 row=train station=2012 train=2000001849 t=26095617 id=1453
						Lua 0:21:43:373
[mod] [SMRTK] SMRTK_STREAM assigned=none at_station=false cargo=none command=GotoStation effective_speed=5617 line=7985-7873 passengers=0 row=train station=7985 train=2000001846 t=26096617 id=1454
[mod] [SMRTK] SMRTK_STREAM assigned=none at_station=false cargo=none command=GotoStation effective_speed=5617 line=2012-6430 passengers=0 row=train station=2012 train=2000001849 t=26096617 id=1455
						Lua 0:21:43:423
[mod] [SMRTK] SMRTK_STREAM assigned=none at_station=false cargo=none command=GotoStation effective_speed=3805 line=6430-2007 passengers=0 row=train station=6430 train=2000001845 t=26097617 id=1456
[mod] [SMRTK] SMRTK_STREAM assigned=none at_station=false cargo=none command=GotoStation effective_speed=727 line=2012-6430 passengers=0 row=train station=2012 train=2000001849 t=26097617 id=1457
						Lua 0:21:43:473
[mod] [SMRTK] SMRTK_STREAM assigned=none at_station=true cargo=none command=LoadTrain effective_speed=0 line=6430-2008 passengers=0 row=train station=2008 train=2000001844 t=26098617 id=1458
[mod] [SMRTK] SMRTK_STREAM assigned=none at_station=false cargo=none command=GotoStation effective_speed=1293 line=6430-2007 passengers=0 row=train station=6430 train=2000001845 t=26098617 id=1459
[mod] [SMRTK] SMRTK_STREAM assigned=none at_station=false cargo=none command=GotoStation effective_speed=214 line=2012-6430 passengers=0 row=train station=2012 train=2000001849 t=26098617 id=1460
[mod] [SMRTK] SMRTK_STREAM assigned=none at_station=false cargo=none command=GotoStation effective_speed=0 line=2011-6430 passengers=0 row=train station=2011 train=2000001850 t=26098617 id=1461
						Lua 0:21:43:523
[mod] [SMRTK] SMRTK_STREAM assigned=none at_station=true cargo=none command=UnloadTrain effective_speed=0 line=6430-2007 passengers=0 row=train station=2007 train=2000001845 t=26099617 id=1462
[mod] [SMRTK] SMRTK_STREAM assigned=none at_station=false cargo=none command=GotoStation effective_speed=1868 line=2012-6430 passengers=0 row=train station=2012 train=2000001849 t=26099617 id=1463
						Lua 0:21:43:574
[mod] [SMRTK] SMRTK_STREAM assigned=none at_station=false cargo=none command=GotoStation effective_speed=5621 line=7985-7873 passengers=0 row=train station=7985 train=2000001846 t=26100617 id=1464
[mod] [SMRTK] SMRTK_STREAM assigned=none at_station=true cargo=none command=LoadTrain effective_speed=0 line=6430-2008 passengers=0 row=train station=6430 train=2000001848 t=26100617 id=1465
[mod] [SMRTK] SMRTK_STREAM assigned=none at_station=false cargo=none command=GotoStation effective_speed=1298 line=2012-6430 passengers=0 row=train station=2012 train=2000001849 t=26100617 id=1466
[mod] [SMRTK] SMRTK_STREAM assigned=none at_station=true cargo=none command=LoadTrain effective_speed=0 line=6430-2007 passengers=0 row=train station=6430 train=2000001851 t=26100617 id=1467
[mod] [SMRTK] SMRTK_STREAM assigned=none at_station=true cargo=none command=LoadTrain effective_speed=0 line=6495-6827 passengers=0 row=train station=6495 train=2000002387 t=26100617 id=1468
[mod] [SMRTK] SMRTK_STREAM assigned=none at_station=true cargo=none command=LoadTrain effective_speed=0 line=7411-6495 passengers=0 row=train station=6495 train=2000002388 t=26100617 id=1469
[mod] [SMRTK] SMRTK_STREAM assigned=none at_station=true cargo=none command=LoadTrain effective_speed=0 line=6883-6495 passengers=0 row=train station=6495 train=2000002389 t=26100617 id=1470
[mod] [SMRTK] SMRTK_STREAM assigned=none at_station=true cargo=none command=LoadTrain effective_speed=0 line=6951-6495 passengers=0 row=train station=6495 train=2000002390 t=26100617 id=1471
[mod] [SMRTK] SMRTK_STREAM assigned=none at_station=true cargo=none command=LoadTrain effective_speed=0 line=7411-6495 passengers=0 row=train station=7411 train=2000002391 t=26100617 id=1472
[mod] [SMRTK] SMRTK_STREAM assigned=none at_station=true cargo=none command=LoadTrain effective_speed=0 line=6951-6495 passengers=0 row=train station=6951 train=2000002392 t=26100617 id=1473
[mod] [SMRTK] SMRTK_STREAM assigned=none at_station=true cargo=none command=LoadTrain effective_speed=0 line=7873-2007 passengers=0 row=train station=7873 train=2000002658 t=26100617 id=1474
[mod] [SMRTK] SMRTK_STREAM assigned=none at_station=true cargo=none command=LoadTrain effective_speed=0 line=7985-7873 passengers=0 row=train station=7873 train=2000002659 t=26100617 id=1475
						Lua 0:21:43:624
[mod] [SMRTK] SMRTK_STREAM assigned=none at_station=false cargo=none command=GotoStation effective_speed=5617 line=7985-7873 passengers=0 row=train station=7985 train=2000001846 t=26101617 id=1476
[mod] [SMRTK] SMRTK_STREAM assigned=none at_station=true cargo=none command=UnloadTrain effective_speed=0 line=2012-6430 passengers=0 row=train station=6430 train=2000001849 t=26101617 id=1477
[mod] [SMRTK] SMRTK_STREAM assigned=none at_station=false cargo=none command=GotoStation effective_speed=83 line=2011-6430 passengers=0 row=train station=2011 train=2000001850 t=26101617 id=1478
						Lua 0:21:43:725
[mod] [SMRTK] SMRTK_STREAM assigned=none at_station=false cargo=none command=GotoStation effective_speed=950 line=2011-6430 passengers=0 row=train station=2011 train=2000001850 t=26103617 id=1479
						Lua 0:21:43:773
[mod] [SMRTK] SMRTK_STREAM assigned=none at_station=false cargo=none command=GotoStation effective_speed=610 line=6430-2008 passengers=0 row=train station=2008 train=2000001844 t=26104617 id=1480
[mod] [SMRTK] SMRTK_STREAM assigned=none at_station=false cargo=none command=GotoStation effective_speed=1088 line=2011-6430 passengers=0 row=train station=2011 train=2000001850 t=26104617 id=1481
						Lua 0:21:43:823
[mod] [SMRTK] SMRTK_STREAM assigned=none at_station=false cargo=none command=GotoStation effective_speed=1559 line=6430-2008 passengers=0 row=train station=2008 train=2000001844 t=26105617 id=1482
[mod] [SMRTK] SMRTK_STREAM assigned=none at_station=true cargo=none command=LoadTrain effective_speed=0 line=6430-2007 passengers=0 row=train station=2007 train=2000001845 t=26105617 id=1483
[mod] [SMRTK] SMRTK_STREAM assigned=none at_station=false cargo=none command=GotoStation effective_speed=5621 line=7985-7873 passengers=0 row=train station=7985 train=2000001846 t=26105617 id=1484
[mod] [SMRTK] SMRTK_STREAM assigned=none at_station=true cargo=none command=UnloadTrain effective_speed=0 line=2011-6430 passengers=0 row=train station=6430 train=2000001850 t=26105617 id=1485
						Lua 0:21:43:873
[mod] [SMRTK] SMRTK_STREAM assigned=none at_station=false cargo=none command=GotoStation effective_speed=1803 line=6430-2008 passengers=0 row=train station=2008 train=2000001844 t=26106617 id=1486
[mod] [SMRTK] SMRTK_STREAM assigned=none at_station=false cargo=none command=GotoStation effective_speed=5617 line=7985-7873 passengers=0 row=train station=7985 train=2000001846 t=26106617 id=1487
[mod] [SMRTK] SMRTK_STREAM assigned=none at_station=true cargo=none command=false effective_speed=0 line=6430-2008 passengers=0 row=train station=6430 train=2000001848 t=26106617 id=1488
[mod] [SMRTK] SMRTK_STREAM assigned=none at_station=true cargo=none command=false effective_speed=0 line=6430-2007 passengers=0 row=train station=6430 train=2000001851 t=26106617 id=1489
[mod] [SMRTK] SMRTK_STREAM assigned=none at_station=true cargo=none command=false effective_speed=0 line=6495-6827 passengers=0 row=train station=6495 train=2000002387 t=26106617 id=1490
[mod] [SMRTK] SMRTK_STREAM assigned=none at_station=true cargo=none command=false effective_speed=0 line=7411-6495 passengers=0 row=train station=6495 train=2000002388 t=26106617 id=1491
[mod] [SMRTK] SMRTK_STREAM assigned=none at_station=true cargo=none command=false effective_speed=0 line=6883-6495 passengers=0 row=train station=6495 train=2000002389 t=26106617 id=1492
[mod] [SMRTK] SMRTK_STREAM assigned=none at_station=true cargo=none command=false effective_speed=0 line=6951-6495 passengers=0 row=train station=6495 train=2000002390 t=26106617 id=1493
						Lua 0:21:43:874
[mod] [SMRTK] SMRTK_STREAM assigned=none at_station=true cargo=none command=false effective_speed=0 line=7411-6495 passengers=0 row=train station=7411 train=2000002391 t=26106617 id=1494
[mod] [SMRTK] SMRTK_STREAM assigned=none at_station=true cargo=none command=false effective_speed=0 line=6951-6495 passengers=0 row=train station=6951 train=2000002392 t=26106617 id=1495
[mod] [SMRTK] SMRTK_STREAM assigned=none at_station=true cargo=none command=false effective_speed=0 line=7873-2007 passengers=0 row=train station=7873 train=2000002658 t=26106617 id=1496
[mod] [SMRTK] SMRTK_STREAM assigned=none at_station=false cargo=none command=GotoStation effective_speed=1164 line=6430-7873 passengers=0 row=train station=7873 train=2000002659 t=26106617 id=1497
						Lua 0:21:43:923
[mod] [SMRTK] SMRTK_STREAM assigned=none at_station=false cargo=none command=GotoStation effective_speed=5612 line=6430-2008 passengers=0 row=train station=2008 train=2000001844 t=26107617 id=1498
[mod] [SMRTK] SMRTK_STREAM assigned=none at_station=false cargo=none command=GotoStation effective_speed=5633 line=7985-7873 passengers=0 row=train station=7985 train=2000001846 t=26107617 id=1499
[mod] [SMRTK] SMRTK_STREAM assigned=none at_station=true cargo=none command=LoadTrain effective_speed=0 line=2012-6430 passengers=0 row=train station=6430 train=2000001849 t=26107617 id=1500
[mod] [SMRTK] SMRTK_STREAM assigned=none at_station=false cargo=none command=GotoStation effective_speed=1622 line=6430-7873 passengers=0 row=train station=7873 train=2000002659 t=26107617 id=1501
						Lua 0:21:43:975
[mod] [SMRTK] SMRTK_STREAM assigned=none at_station=false cargo=none command=GotoStation effective_speed=5617 line=6430-2008 passengers=0 row=train station=2008 train=2000001844 t=26108617 id=1502
[mod] [SMRTK] SMRTK_STREAM assigned=none at_station=false cargo=none command=GotoStation effective_speed=5621 line=7985-7873 passengers=0 row=train station=7985 train=2000001846 t=26108617 id=1503
						Lua 0:21:43:976
[mod] [SMRTK] SMRTK_STREAM assigned=none at_station=false cargo=none command=GotoStation effective_speed=1869 line=6430-7873 passengers=0 row=train station=7873 train=2000002659 t=26108617 id=1504
						Lua 0:21:44:023
[mod] [SMRTK] SMRTK_STREAM assigned=none at_station=false cargo=none command=GotoStation effective_speed=5654 line=6430-2008 passengers=0 row=train station=2008 train=2000001844 t=26109617 id=1505
[mod] [SMRTK] SMRTK_STREAM assigned=none at_station=false cargo=none command=GotoStation effective_speed=5612 line=7985-7873 passengers=0 row=train station=7985 train=2000001846 t=26109617 id=1506
[mod] [SMRTK] SMRTK_STREAM assigned=none at_station=false cargo=none command=GotoStation effective_speed=5617 line=6430-7873 passengers=0 row=train station=7873 train=2000002659 t=26109617 id=1507
						Lua 0:21:44:073
[mod] [SMRTK] SMRTK_STREAM assigned=none at_station=false cargo=none command=GotoStation effective_speed=5617 line=6430-2008 passengers=0 row=train station=2008 train=2000001844 t=26110617 id=1508
[mod] [SMRTK] SMRTK_STREAM assigned=none at_station=false cargo=none command=GotoStation effective_speed=5621 line=7985-7873 passengers=0 row=train station=7985 train=2000001846 t=26110617 id=1509
[mod] [SMRTK] SMRTK_STREAM assigned=none at_station=false cargo=none command=GotoStation effective_speed=5621 line=6430-7873 passengers=0 row=train station=7873 train=2000002659 t=26110617 id=1510
						Lua 0:21:44:123
[mod] [SMRTK] SMRTK_STREAM assigned=none at_station=false cargo=none command=GotoStation effective_speed=1019 line=6430-2007 passengers=0 row=train station=2007 train=2000001845 t=26111617 id=1511
[mod] [SMRTK] SMRTK_STREAM assigned=none at_station=false cargo=none command=GotoStation effective_speed=5612 line=7985-7873 passengers=0 row=train station=7985 train=2000001846 t=26111617 id=1512
[mod] [SMRTK] SMRTK_STREAM assigned=none at_station=true cargo=none command=LoadTrain effective_speed=0 line=2011-6430 passengers=0 row=train station=6430 train=2000001850 t=26111617 id=1513
[mod] [SMRTK] SMRTK_STREAM assigned=none at_station=false cargo=none command=GotoStation effective_speed=5617 line=6430-7873 passengers=0 row=train station=7873 train=2000002659 t=26111617 id=1514
						Lua 0:21:44:173
[mod] [SMRTK] SMRTK_STREAM assigned=none at_station=false cargo=none command=GotoStation effective_speed=1606 line=6430-2007 passengers=0 row=train station=2007 train=2000001845 t=26112617 id=1515
[mod] [SMRTK] SMRTK_STREAM assigned=none at_station=false cargo=none command=GotoStation effective_speed=5617 line=7985-7873 passengers=0 row=train station=7985 train=2000001846 t=26112617 id=1516
[mod] [SMRTK] SMRTK_STREAM assigned=none at_station=false cargo=none command=GotoStation effective_speed=4849 line=6430-7873 passengers=0 row=train station=7873 train=2000002659 t=26112617 id=1517
						Lua 0:21:44:226
[mod] [SMRTK] SMRTK_STREAM assigned=none at_station=false cargo=none command=GotoStation effective_speed=0 line=6430-2008 passengers=0 row=train station=2008 train=2000001844 t=26113617 id=1518
[mod] [SMRTK] SMRTK_STREAM assigned=none at_station=false cargo=none command=GotoStation effective_speed=1851 line=6430-2007 passengers=0 row=train station=2007 train=2000001845 t=26113617 id=1519
[mod] [SMRTK] SMRTK_STREAM assigned=none at_station=false cargo=none command=GotoStation effective_speed=5642 line=7985-7873 passengers=0 row=train station=7985 train=2000001846 t=26113617 id=1520
[mod] [SMRTK] SMRTK_STREAM assigned=none at_station=true cargo=none command=false effective_speed=0 line=2012-6430 passengers=0 row=train station=6430 train=2000001849 t=26113617 id=1521
[mod] [SMRTK] SMRTK_STREAM assigned=none at_station=false cargo=none command=GotoStation effective_speed=5621 line=6430-7873 passengers=0 row=train station=7873 train=2000002659 t=26113617 id=1522
						Lua 0:21:44:273
[mod] [SMRTK] SMRTK_STREAM assigned=none at_station=false cargo=none command=GotoStation effective_speed=5617 line=6430-2007 passengers=0 row=train station=2007 train=2000001845 t=26114617 id=1523
[mod] [SMRTK] SMRTK_STREAM assigned=none at_station=false cargo=none command=GotoStation effective_speed=5617 line=7985-7873 passengers=0 row=train station=7985 train=2000001846 t=26114617 id=1524
[mod] [SMRTK] SMRTK_STREAM assigned=none at_station=false cargo=none command=GotoStation effective_speed=5612 line=6430-7873 passengers=0 row=train station=7873 train=2000002659 t=26114617 id=1525
						Lua 0:21:44:323
[mod] [SMRTK] SMRTK_STREAM assigned=none at_station=false cargo=none command=GotoStation effective_speed=5612 line=7985-7873 passengers=0 row=train station=7985 train=2000001846 t=26115617 id=1526
[mod] [SMRTK] SMRTK_STREAM assigned=none at_station=false cargo=none command=GotoStation effective_speed=5617 line=6430-7873 passengers=0 row=train station=7873 train=2000002659 t=26115617 id=1527
						Lua 0:21:44:373
[mod] [SMRTK] SMRTK_STREAM assigned=none at_station=false cargo=none command=GotoStation effective_speed=5631 line=7985-7873 passengers=0 row=train station=7985 train=2000001846 t=26116617 id=1528
						Lua 0:21:44:423
[mod] [SMRTK] SMRTK_STREAM assigned=none at_station=false cargo=none command=GotoStation effective_speed=4341 line=7985-7873 passengers=0 row=train station=7985 train=2000001846 t=26117617 id=1529
[mod] [SMRTK] SMRTK_STREAM assigned=none at_station=true cargo=none command=false effective_speed=0 line=2011-6430 passengers=0 row=train station=6430 train=2000001850 t=26117617 id=1530
						Lua 0:21:44:478
[mod] [SMRTK] SMRTK_STREAM assigned=none at_station=false cargo=none command=GotoStation effective_speed=1643 line=7985-7873 passengers=0 row=train station=7985 train=2000001846 t=26118617 id=1531
						Lua 0:21:44:523
[mod] [SMRTK] SMRTK_STREAM assigned=none at_station=true cargo=none command=UnloadTrain effective_speed=0 line=7985-7873 passengers=0 row=train station=7873 train=2000001846 t=26119617 id=1532
						Lua 0:21:44:573
[mod] [SMRTK] SMRTK_STREAM assigned=none at_station=false cargo=none command=GotoStation effective_speed=5612 line=6430-2007 passengers=0 row=train station=2007 train=2000001845 t=26120617 id=1533
						Lua 0:21:44:623
[mod] [SMRTK] SMRTK_STREAM assigned=none at_station=false cargo=none command=GotoStation effective_speed=5617 line=6430-2007 passengers=0 row=train station=2007 train=2000001845 t=26121617 id=1534
						Lua 0:21:44:673
[mod] [SMRTK] SMRTK_STREAM assigned=none at_station=false cargo=none command=GotoStation effective_speed=5651 line=6430-7873 passengers=0 row=train station=7873 train=2000002659 t=26122617 id=1535
						Lua 0:21:44:725
[mod] [SMRTK] SMRTK_STREAM assigned=none at_station=false cargo=none command=GotoStation effective_speed=5617 line=6430-7873 passengers=0 row=train station=7873 train=2000002659 t=26123617 id=1536
						Lua 0:21:44:773
[mod] [SMRTK] SMRTK_STREAM assigned=none at_station=false cargo=none command=GotoStation effective_speed=4847 line=6430-2007 passengers=0 row=train station=2007 train=2000001845 t=26124617 id=1537
						Lua 0:21:44:823
[mod] [SMRTK] SMRTK_STREAM assigned=none at_station=false cargo=none command=GotoStation effective_speed=5617 line=6430-2007 passengers=0 row=train station=2007 train=2000001845 t=26125617 id=1538
[mod] [SMRTK] SMRTK_STREAM assigned=none at_station=true cargo=none command=LoadTrain effective_speed=0 line=7985-7873 passengers=0 row=train station=7873 train=2000001846 t=26125617 id=1539
						Lua 0:21:44:873
[mod] [SMRTK] SMRTK_STREAM assigned=none at_station=false cargo=none command=GotoStation effective_speed=1431 line=6430-7873 passengers=0 row=train station=7873 train=2000002659 t=26126617 id=1540
						Lua 0:21:44:923
[mod] [SMRTK] SMRTK_STREAM assigned=none at_station=false cargo=none command=GotoStation effective_speed=5612 line=6430-2007 passengers=0 row=train station=2007 train=2000001845 t=26127617 id=1541
[mod] [SMRTK] SMRTK_STREAM assigned=none at_station=false cargo=none command=GotoStation effective_speed=306 line=6430-7873 passengers=0 row=train station=7873 train=2000002659 t=26127617 id=1542
						Lua 0:21:44:981
[mod] [SMRTK] SMRTK_STREAM assigned=none at_station=false cargo=none command=GotoStation effective_speed=5617 line=6430-2007 passengers=0 row=train station=2007 train=2000001845 t=26128617 id=1543
[mod] [SMRTK] SMRTK_STREAM assigned=none at_station=false cargo=none command=GotoStation effective_speed=2136 line=6430-7873 passengers=0 row=train station=7873 train=2000002659 t=26128617 id=1544
						Lua 0:21:45:023
[mod] [SMRTK] SMRTK_STREAM assigned=none at_station=false cargo=none command=GotoStation effective_speed=5612 line=6430-2007 passengers=0 row=train station=2007 train=2000001845 t=26129617 id=1545
[mod] [SMRTK] SMRTK_STREAM assigned=none at_station=false cargo=none command=GotoStation effective_speed=1084 line=6430-7873 passengers=0 row=train station=7873 train=2000002659 t=26129617 id=1546
						Lua 0:21:45:076
[mod] [SMRTK] SMRTK_STREAM assigned=none at_station=false cargo=none command=GotoStation effective_speed=5617 line=6430-2007 passengers=0 row=train station=2007 train=2000001845 t=26130617 id=1547
[mod] [SMRTK] SMRTK_STREAM assigned=none at_station=true cargo=none command=LoadTrain effective_speed=0 line=6430-2008 passengers=0 row=train station=6430 train=2000001848 t=26130617 id=1548
[mod] [SMRTK] SMRTK_STREAM assigned=none at_station=true cargo=none command=LoadTrain effective_speed=0 line=2012-6430 passengers=0 row=train station=6430 train=2000001849 t=26130617 id=1549
[mod] [SMRTK] SMRTK_STREAM assigned=none at_station=true cargo=none command=LoadTrain effective_speed=0 line=2011-6430 passengers=0 row=train station=6430 train=2000001850 t=26130617 id=1550
[mod] [SMRTK] SMRTK_STREAM assigned=none at_station=true cargo=none command=LoadTrain effective_speed=0 line=6430-2007 passengers=0 row=train station=6430 train=2000001851 t=26130617 id=1551
[mod] [SMRTK] SMRTK_STREAM assigned=none at_station=true cargo=none command=LoadTrain effective_speed=0 line=6495-6827 passengers=0 row=train station=6495 train=2000002387 t=26130617 id=1552
[mod] [SMRTK] SMRTK_STREAM assigned=none at_station=true cargo=none command=LoadTrain effective_speed=0 line=7411-6495 passengers=0 row=train station=6495 train=2000002388 t=26130617 id=1553
[mod] [SMRTK] SMRTK_STREAM assigned=none at_station=true cargo=none command=LoadTrain effective_speed=0 line=6883-6495 passengers=0 row=train station=6495 train=2000002389 t=26130617 id=1554
[mod] [SMRTK] SMRTK_STREAM assigned=none at_station=true cargo=none command=LoadTrain effective_speed=0 line=6951-6495 passengers=0 row=train station=6495 train=2000002390 t=26130617 id=1555
[mod] [SMRTK] SMRTK_STREAM assigned=none at_station=true cargo=none command=LoadTrain effective_speed=0 line=7411-6495 passengers=0 row=train station=7411 train=2000002391 t=26130617 id=1556
[mod] [SMRTK] SMRTK_STREAM assigned=none at_station=true cargo=none command=LoadTrain effective_speed=0 line=6951-6495 passengers=0 row=train station=6951 train=2000002392 t=26130617 id=1557
[mod] [SMRTK] SMRTK_STREAM assigned=none at_station=true cargo=none command=LoadTrain effective_speed=0 line=7873-2007 passengers=0 row=train station=7873 train=2000002658 t=26130617 id=1558
[mod] [SMRTK] SMRTK_STREAM assigned=none at_station=true cargo=none command=UnloadTrain effective_speed=0 line=6430-7873 passengers=0 row=train station=6430 train=2000002659 t=26130617 id=1559
						Lua 0:21:45:123
[mod] [SMRTK] SMRTK_STREAM assigned=none at_station=false cargo=none command=GotoStation effective_speed=0 line=6430-2007 passengers=0 row=train station=2007 train=2000001845 t=26131617 id=1560
[mod] [SMRTK] SMRTK_STREAM assigned=none at_station=true cargo=none command=false effective_speed=0 line=7985-7873 passengers=0 row=train station=7873 train=2000001846 t=26131617 id=1561
						Lua 0:21:45:373
[mod] [SMRTK] SMRTK_STREAM assigned=none at_station=true cargo=none command=GotoStation effective_speed=0 line=2012-6430 passengers=0 row=train station=6430 train=2000001848 t=26136617 id=1562
						Lua 0:21:45:374
[mod] [SMRTK] SMRTK_STREAM assigned=none at_station=true cargo=none command=false effective_speed=0 line=2012-6430 passengers=0 row=train station=6430 train=2000001849 t=26136617 id=1563
[mod] [SMRTK] SMRTK_STREAM assigned=none at_station=true cargo=none command=false effective_speed=0 line=2011-6430 passengers=0 row=train station=6430 train=2000001850 t=26136617 id=1564
[mod] [SMRTK] SMRTK_STREAM assigned=none at_station=false cargo=none command=GotoStation effective_speed=4470 line=2011-6430 passengers=0 row=train station=6430 train=2000001851 t=26136617 id=1565
[mod] [SMRTK] SMRTK_STREAM assigned=none at_station=true cargo=none command=false effective_speed=0 line=6495-6827 passengers=0 row=train station=6495 train=2000002387 t=26136617 id=1566
[mod] [SMRTK] SMRTK_STREAM assigned=none at_station=true cargo=none command=false effective_speed=0 line=7411-6495 passengers=0 row=train station=6495 train=2000002388 t=26136617 id=1567
[mod] [SMRTK] SMRTK_STREAM assigned=none at_station=true cargo=none command=false effective_speed=0 line=6883-6495 passengers=0 row=train station=6495 train=2000002389 t=26136617 id=1568
[mod] [SMRTK] SMRTK_STREAM assigned=none at_station=true cargo=none command=false effective_speed=0 line=6951-6495 passengers=0 row=train station=6495 train=2000002390 t=26136617 id=1569
[mod] [SMRTK] SMRTK_STREAM assigned=none at_station=true cargo=none command=false effective_speed=0 line=7411-6495 passengers=0 row=train station=7411 train=2000002391 t=26136617 id=1570
[mod] [SMRTK] SMRTK_STREAM assigned=none at_station=true cargo=none command=false effective_speed=0 line=6951-6495 passengers=0 row=train station=6951 train=2000002392 t=26136617 id=1571
[mod] [SMRTK] SMRTK_STREAM assigned=none at_station=true cargo=none command=false effective_speed=0 line=7873-2007 passengers=0 row=train station=7873 train=2000002658 t=26136617 id=1572
[mod] [SMRTK] SMRTK_STREAM assigned=7985:Cheese:60000,7985:Coffee:27000,7985:Polymers:60000 at_station=true cargo=Cheese:60000,Coffee:27000,Polymers:60000 command=LoadTrain effective_speed=0 line=6430-7873 passengers=0 row=train station=6430 train=2000002659 t=26136617 id=1573
						Lua 0:21:45:375
[mod] [SMRTK] SMRTK_STREAM before=1453000 calls=613 cubes=171 expected_cubes=171 hub=true res=Cheese row=stock station=6430 stock=1393000 target=none t=26136617 id=1574
[mod] [SMRTK] SMRTK_STREAM before=1850000 calls=613 cubes=171 expected_cubes=171 hub=true res=Polymers row=stock station=6430 stock=1790000 target=none t=26136617 id=1575
[mod] [SMRTK] SMRTK_STREAM before=1454000 calls=613 cubes=171 expected_cubes=171 hub=true res=Coffee row=stock station=6430 stock=1427000 target=none t=26136617 id=1576
						Lua 0:21:45:423
[mod] [SMRTK] SMRTK_STREAM assigned=none at_station=false cargo=none command=GotoStation effective_speed=1397 line=2011-6430 passengers=0 row=train station=6430 train=2000001851 t=26137617 id=1577
						Lua 0:21:45:474
[mod] [SMRTK] SMRTK_STREAM assigned=none at_station=false cargo=none command=GotoStation effective_speed=351 line=2011-6430 passengers=0 row=train station=6430 train=2000001851 t=26138617 id=1578
						Lua 0:21:45:523
[mod] [SMRTK] SMRTK_STREAM assigned=none at_station=false cargo=none command=GotoStation effective_speed=1873 line=2011-6430 passengers=0 row=train station=6430 train=2000001851 t=26139617 id=1579
						Lua 0:21:45:573
[mod] [SMRTK] SMRTK_STREAM assigned=none at_station=false cargo=none command=GotoStation effective_speed=83 line=6430-2007 passengers=0 row=train station=2007 train=2000001845 t=26140617 id=1580
[mod] [SMRTK] SMRTK_STREAM assigned=none at_station=false cargo=none command=GotoStation effective_speed=5617 line=2011-6430 passengers=0 row=train station=6430 train=2000001851 t=26140617 id=1581
						Lua 0:21:45:624
[mod] [SMRTK] SMRTK_STREAM assigned=none at_station=false cargo=none command=GotoStation effective_speed=5621 line=2011-6430 passengers=0 row=train station=6430 train=2000001851 t=26141617 id=1582
						Lua 0:21:45:673
[mod] [SMRTK] SMRTK_STREAM assigned=none at_station=false cargo=none command=GotoStation effective_speed=980 line=6430-2007 passengers=0 row=train station=2007 train=2000001845 t=26142617 id=1583
						Lua 0:21:45:674
[mod] [SMRTK] SMRTK_STREAM assigned=none at_station=false cargo=none command=GotoStation effective_speed=5617 line=2011-6430 passengers=0 row=train station=6430 train=2000001851 t=26142617 id=1584
[mod] [SMRTK] SMRTK_STREAM assigned=7985:Cheese:60000,7985:Coffee:27000,7985:Polymers:60000 at_station=true cargo=Cheese:60000,Coffee:27000,Polymers:60000 command=GotoStation effective_speed=0 line=6430-7873 passengers=0 row=train station=6430 train=2000002659 t=26142617 id=1585
						Lua 0:21:45:763
[mod] [SMRTK] SMRTK_STREAM assigned=none at_station=false cargo=none command=GotoStation effective_speed=1088 line=6430-2007 passengers=0 row=train station=2007 train=2000001845 t=26143617 id=1586
						Lua 0:21:45:776
[mod] [SMRTK] SMRTK_STREAM assigned=none at_station=true cargo=none command=UnloadTrain effective_speed=0 line=6430-2007 passengers=0 row=train station=6430 train=2000001845 t=26144617 id=1587
[mod] [SMRTK] SMRTK_STREAM assigned=none at_station=false cargo=none command=GotoStation effective_speed=4123 line=2012-6430 passengers=0 row=train station=6430 train=2000001848 t=26144617 id=1588
						Lua 0:21:45:823
[mod] [SMRTK] SMRTK_STREAM assigned=none at_station=false cargo=none command=GotoStation effective_speed=1049 line=2012-6430 passengers=0 row=train station=6430 train=2000001848 t=26145617 id=1589
						Lua 0:21:45:874
[mod] [SMRTK] SMRTK_STREAM assigned=none at_station=false cargo=none command=GotoStation effective_speed=351 line=2012-6430 passengers=0 row=train station=6430 train=2000001848 t=26146617 id=1590
						Lua 0:21:45:923
[mod] [SMRTK] SMRTK_STREAM assigned=none at_station=false cargo=none command=GotoStation effective_speed=1873 line=2012-6430 passengers=0 row=train station=6430 train=2000001848 t=26147617 id=1591
						Lua 0:21:45:975
[mod] [SMRTK] SMRTK_STREAM assigned=none at_station=false cargo=none command=GotoStation effective_speed=214 line=6430-2008 passengers=0 row=train station=2008 train=2000001844 t=26148617 id=1592
[mod] [SMRTK] SMRTK_STREAM assigned=none at_station=false cargo=none command=GotoStation effective_speed=5617 line=2012-6430 passengers=0 row=train station=6430 train=2000001848 t=26148617 id=1593
						Lua 0:21:46:024
[mod] [SMRTK] SMRTK_STREAM assigned=none at_station=false cargo=none command=GotoStation effective_speed=5455 line=6430-2008 passengers=0 row=train station=2008 train=2000001844 t=26149617 id=1594
						Lua 0:21:46:073
[mod] [SMRTK] SMRTK_STREAM assigned=none at_station=false cargo=none command=GotoStation effective_speed=4494 line=6430-2008 passengers=0 row=train station=2008 train=2000001844 t=26150617 id=1595
[mod] [SMRTK] SMRTK_STREAM assigned=none at_station=true cargo=none command=LoadTrain effective_speed=0 line=6430-2007 passengers=0 row=train station=6430 train=2000001845 t=26150617 id=1596
[mod] [SMRTK] SMRTK_STREAM assigned=none at_station=false cargo=none command=GotoStation effective_speed=4954 line=2012-6430 passengers=0 row=train station=6430 train=2000001848 t=26150617 id=1597
						Lua 0:21:46:123
[mod] [SMRTK] SMRTK_STREAM assigned=none at_station=false cargo=none command=GotoStation effective_speed=1084 line=6430-2008 passengers=0 row=train station=2008 train=2000001844 t=26151617 id=1598
[mod] [SMRTK] SMRTK_STREAM assigned=none at_station=false cargo=none command=GotoStation effective_speed=5612 line=2012-6430 passengers=0 row=train station=6430 train=2000001848 t=26151617 id=1599
						Lua 0:21:46:173
[mod] [SMRTK] SMRTK_STREAM assigned=none at_station=true cargo=none command=UnloadTrain effective_speed=0 line=6430-2008 passengers=0 row=train station=6430 train=2000001844 t=26152617 id=1600
[mod] [SMRTK] SMRTK_STREAM assigned=none at_station=false cargo=none command=GotoStation effective_speed=5617 line=2012-6430 passengers=0 row=train station=6430 train=2000001848 t=26152617 id=1601
[mod] [SMRTK] SMRTK_STREAM assigned=7985:Cheese:60000,7985:Coffee:27000,7985:Polymers:60000 at_station=false cargo=Cheese:60000,Coffee:27000,Polymers:60000 command=GotoStation effective_speed=2408 line=6430-7873 passengers=0 row=train station=6430 train=2000002659 t=26152617 id=1602
						Lua 0:21:46:224
[mod] [SMRTK] SMRTK_STREAM assigned=none at_station=false cargo=none command=GotoStation effective_speed=4955 line=2012-6430 passengers=0 row=train station=6430 train=2000001848 t=26153617 id=1603
[mod] [SMRTK] SMRTK_STREAM assigned=7985:Cheese:60000,7985:Coffee:27000,7985:Polymers:60000 at_station=false cargo=Cheese:60000,Coffee:27000,Polymers:60000 command=GotoStation effective_speed=360 line=6430-7873 passengers=0 row=train station=6430 train=2000002659 t=26153617 id=1604
						Lua 0:21:46:273
[mod] [SMRTK] SMRTK_STREAM assigned=none at_station=false cargo=none command=GotoStation effective_speed=5612 line=2012-6430 passengers=0 row=train station=6430 train=2000001848 t=26154617 id=1605
[mod] [SMRTK] SMRTK_STREAM assigned=7985:Cheese:60000,7985:Coffee:27000,7985:Polymers:60000 at_station=false cargo=Cheese:60000,Coffee:27000,Polymers:60000 command=GotoStation effective_speed=1876 line=6430-7873 passengers=0 row=train station=6430 train=2000002659 t=26154617 id=1606
						Lua 0:21:46:323
[mod] [SMRTK] SMRTK_STREAM assigned=none at_station=false cargo=none command=GotoStation effective_speed=5617 line=2012-6430 passengers=0 row=train station=6430 train=2000001848 t=26155617 id=1607
						Lua 0:21:46:324
[mod] [SMRTK] SMRTK_STREAM assigned=none at_station=false cargo=none command=GotoStation effective_speed=5612 line=2011-6430 passengers=0 row=train station=6430 train=2000001851 t=26155617 id=1608
[mod] [SMRTK] SMRTK_STREAM assigned=7985:Cheese:60000,7985:Coffee:27000,7985:Polymers:60000 at_station=false cargo=Cheese:60000,Coffee:27000,Polymers:60000 command=GotoStation effective_speed=5617 line=6430-7873 passengers=0 row=train station=6430 train=2000002659 t=26155617 id=1609
						Lua 0:21:46:374
[mod] [SMRTK] SMRTK_STREAM assigned=none at_station=true cargo=none command=false effective_speed=0 line=6430-2007 passengers=0 row=train station=6430 train=2000001845 t=26156617 id=1610
[mod] [SMRTK] SMRTK_STREAM assigned=none at_station=false cargo=none command=GotoStation effective_speed=4955 line=2011-6430 passengers=0 row=train station=6430 train=2000001851 t=26156617 id=1611
						Lua 0:21:46:423
[mod] [SMRTK] SMRTK_STREAM assigned=none at_station=false cargo=none command=GotoStation effective_speed=5617 line=2011-6430 passengers=0 row=train station=6430 train=2000001851 t=26157617 id=1612
						Lua 0:21:46:473
[mod] [SMRTK] SMRTK_STREAM assigned=none at_station=true cargo=none command=LoadTrain effective_speed=0 line=6430-2008 passengers=0 row=train station=6430 train=2000001844 t=26158617 id=1613
[mod] [SMRTK] SMRTK_STREAM assigned=none at_station=false cargo=none command=GotoStation effective_speed=4847 line=2011-6430 passengers=0 row=train station=6430 train=2000001851 t=26158617 id=1614
						Lua 0:21:46:523
[mod] [SMRTK] SMRTK_STREAM assigned=none at_station=false cargo=none command=GotoStation effective_speed=5612 line=2011-6430 passengers=0 row=train station=6430 train=2000001851 t=26159617 id=1615
						Lua 0:21:46:574
[mod] [SMRTK] SMRTK_STREAM assigned=none at_station=true cargo=none command=LoadTrain effective_speed=0 line=6430-2007 passengers=0 row=train station=6430 train=2000001845 t=26160617 id=1616
[mod] [SMRTK] SMRTK_STREAM assigned=none at_station=true cargo=none command=LoadTrain effective_speed=0 line=7985-7873 passengers=0 row=train station=7873 train=2000001846 t=26160617 id=1617
[mod] [SMRTK] SMRTK_STREAM assigned=none at_station=true cargo=none command=LoadTrain effective_speed=0 line=2012-6430 passengers=0 row=train station=6430 train=2000001849 t=26160617 id=1618
[mod] [SMRTK] SMRTK_STREAM assigned=none at_station=true cargo=none command=LoadTrain effective_speed=0 line=2011-6430 passengers=0 row=train station=6430 train=2000001850 t=26160617 id=1619
[mod] [SMRTK] SMRTK_STREAM assigned=none at_station=false cargo=none command=GotoStation effective_speed=5631 line=2011-6430 passengers=0 row=train station=6430 train=2000001851 t=26160617 id=1620
[mod] [SMRTK] SMRTK_STREAM assigned=none at_station=true cargo=none command=LoadTrain effective_speed=0 line=6495-6827 passengers=0 row=train station=6495 train=2000002387 t=26160617 id=1621
[mod] [SMRTK] SMRTK_STREAM assigned=none at_station=true cargo=none command=LoadTrain effective_speed=0 line=7411-6495 passengers=0 row=train station=6495 train=2000002388 t=26160617 id=1622
[mod] [SMRTK] SMRTK_STREAM assigned=none at_station=true cargo=none command=LoadTrain effective_speed=0 line=6883-6495 passengers=0 row=train station=6495 train=2000002389 t=26160617 id=1623
[mod] [SMRTK] SMRTK_STREAM assigned=none at_station=true cargo=none command=LoadTrain effective_speed=0 line=6951-6495 passengers=0 row=train station=6495 train=2000002390 t=26160617 id=1624
[mod] [SMRTK] SMRTK_STREAM assigned=none at_station=true cargo=none command=LoadTrain effective_speed=0 line=7411-6495 passengers=0 row=train station=7411 train=2000002391 t=26160617 id=1625
[mod] [SMRTK] SMRTK_STREAM assigned=none at_station=true cargo=none command=LoadTrain effective_speed=0 line=6951-6495 passengers=0 row=train station=6951 train=2000002392 t=26160617 id=1626
[mod] [SMRTK] SMRTK_STREAM assigned=none at_station=true cargo=none command=LoadTrain effective_speed=0 line=7873-2007 passengers=0 row=train station=7873 train=2000002658 t=26160617 id=1627
						Lua 0:21:46:623
[mod] [SMRTK] SMRTK_STREAM assigned=none at_station=false cargo=none command=GotoStation effective_speed=5634 line=2012-6430 passengers=0 row=train station=6430 train=2000001848 t=26161617 id=1628
[mod] [SMRTK] SMRTK_STREAM assigned=none at_station=false cargo=none command=GotoStation effective_speed=5617 line=2011-6430 passengers=0 row=train station=6430 train=2000001851 t=26161617 id=1629
						Lua 0:21:46:673
[mod] [SMRTK] SMRTK_STREAM assigned=none at_station=false cargo=none command=GotoStation effective_speed=5621 line=2012-6430 passengers=0 row=train station=6430 train=2000001848 t=26162617 id=1630
[mod] [SMRTK] SMRTK_STREAM assigned=none at_station=false cargo=none command=GotoStation effective_speed=4955 line=2011-6430 passengers=0 row=train station=6430 train=2000001851 t=26162617 id=1631
[mod] [SMRTK] SMRTK_STREAM assigned=7985:Cheese:60000,7985:Coffee:27000,7985:Polymers:60000 at_station=false cargo=Cheese:60000,Coffee:27000,Polymers:60000 command=GotoStation effective_speed=4751 line=6430-7873 passengers=0 row=train station=6430 train=2000002659 t=26162617 id=1632
						Lua 0:21:46:725
[mod] [SMRTK] SMRTK_STREAM assigned=none at_station=false cargo=none command=GotoStation effective_speed=5617 line=2012-6430 passengers=0 row=train station=6430 train=2000001848 t=26163617 id=1633
[mod] [SMRTK] SMRTK_STREAM assigned=none at_station=false cargo=none command=GotoStation effective_speed=5617 line=2011-6430 passengers=0 row=train station=6430 train=2000001851 t=26163617 id=1634
[mod] [SMRTK] SMRTK_STREAM assigned=7985:Cheese:60000,7985:Coffee:27000,7985:Polymers:60000 at_station=false cargo=Cheese:60000,Coffee:27000,Polymers:60000 command=GotoStation effective_speed=5617 line=6430-7873 passengers=0 row=train station=6430 train=2000002659 t=26163617 id=1635
						Lua 0:21:46:773
[mod] [SMRTK] SMRTK_STREAM assigned=none at_station=true cargo=none command=false effective_speed=0 line=6430-2008 passengers=0 row=train station=6430 train=2000001844 t=26164617 id=1636
						Lua 0:21:46:873
[mod] [SMRTK] SMRTK_STREAM assigned=none at_station=true cargo=none command=false effective_speed=0 line=6430-2007 passengers=0 row=train station=6430 train=2000001845 t=26166617 id=1637
[mod] [SMRTK] SMRTK_STREAM assigned=none at_station=true cargo=none command=false effective_speed=0 line=7985-7873 passengers=0 row=train station=7873 train=2000001846 t=26166617 id=1638
[mod] [SMRTK] SMRTK_STREAM assigned=none at_station=true cargo=none command=false effective_speed=0 line=2012-6430 passengers=0 row=train station=6430 train=2000001849 t=26166617 id=1639
[mod] [SMRTK] SMRTK_STREAM assigned=none at_station=true cargo=none command=false effective_speed=0 line=2011-6430 passengers=0 row=train station=6430 train=2000001850 t=26166617 id=1640
[mod] [SMRTK] SMRTK_STREAM assigned=none at_station=true cargo=none command=false effective_speed=0 line=6495-6827 passengers=0 row=train station=6495 train=2000002387 t=26166617 id=1641
[mod] [SMRTK] SMRTK_STREAM assigned=none at_station=true cargo=none command=false effective_speed=0 line=7411-6495 passengers=0 row=train station=6495 train=2000002388 t=26166617 id=1642
[mod] [SMRTK] SMRTK_STREAM assigned=none at_station=true cargo=none command=false effective_speed=0 line=6883-6495 passengers=0 row=train station=6495 train=2000002389 t=26166617 id=1643
[mod] [SMRTK] SMRTK_STREAM assigned=none at_station=true cargo=none command=false effective_speed=0 line=6951-6495 passengers=0 row=train station=6495 train=2000002390 t=26166617 id=1644
[mod] [SMRTK] SMRTK_STREAM assigned=none at_station=true cargo=none command=false effective_speed=0 line=7411-6495 passengers=0 row=train station=7411 train=2000002391 t=26166617 id=1645
[mod] [SMRTK] SMRTK_STREAM assigned=none at_station=true cargo=none command=false effective_speed=0 line=6951-6495 passengers=0 row=train station=6951 train=2000002392 t=26166617 id=1646
[mod] [SMRTK] SMRTK_STREAM assigned=none at_station=true cargo=none command=false effective_speed=0 line=7873-2007 passengers=0 row=train station=7873 train=2000002658 t=26166617 id=1647
						Lua 0:21:46:923
[mod] [SMRTK] SMRTK_STREAM assigned=none at_station=false cargo=none command=GotoStation effective_speed=5618 line=2011-6430 passengers=0 row=train station=6430 train=2000001851 t=26167617 id=1648
						Lua 0:21:46:981
[mod] [SMRTK] SMRTK_STREAM assigned=none at_station=false cargo=none command=GotoStation effective_speed=5617 line=2011-6430 passengers=0 row=train station=6430 train=2000001851 t=26168617 id=1649
[mod] [SMRTK] SMRTK_STREAM assigned=7985:Cheese:60000,7985:Coffee:27000,7985:Polymers:60000 at_station=false cargo=Cheese:60000,Coffee:27000,Polymers:60000 command=GotoStation effective_speed=4956 line=6430-7873 passengers=0 row=train station=6430 train=2000002659 t=26168617 id=1650
						Lua 0:21:47:023
[mod] [SMRTK] SMRTK_STREAM assigned=7985:Cheese:60000,7985:Coffee:27000,7985:Polymers:60000 at_station=false cargo=Cheese:60000,Coffee:27000,Polymers:60000 command=GotoStation effective_speed=5617 line=6430-7873 passengers=0 row=train station=6430 train=2000002659 t=26169617 id=1651
						Lua 0:21:47:077
[mod] [SMRTK] SMRTK_STREAM assigned=none at_station=false cargo=none command=GotoStation effective_speed=5612 line=2011-6430 passengers=0 row=train station=6430 train=2000001851 t=26170617 id=1652
						Lua 0:21:47:123
[mod] [SMRTK] SMRTK_STREAM assigned=none at_station=false cargo=none command=GotoStation effective_speed=5674 line=2012-6430 passengers=0 row=train station=6430 train=2000001848 t=26171617 id=1653
[mod] [SMRTK] SMRTK_STREAM assigned=none at_station=false cargo=none command=GotoStation effective_speed=2798 line=2011-6430 passengers=0 row=train station=6430 train=2000001851 t=26171617 id=1654
[mod] [SMRTK] SMRTK_STREAM assigned=7985:Cheese:60000,7985:Coffee:27000,7985:Polymers:60000 at_station=false cargo=Cheese:60000,Coffee:27000,Polymers:60000 command=GotoStation effective_speed=5607 line=6430-7873 passengers=0 row=train station=6430 train=2000002659 t=26171617 id=1655
						Lua 0:21:47:179
[mod] [SMRTK] SMRTK_STREAM assigned=none at_station=false cargo=none command=GotoStation effective_speed=5617 line=2012-6430 passengers=0 row=train station=6430 train=2000001848 t=26172617 id=1656
[mod] [SMRTK] SMRTK_STREAM assigned=none at_station=false cargo=none command=GotoStation effective_speed=287 line=2011-6430 passengers=0 row=train station=6430 train=2000001851 t=26172617 id=1657
[mod] [SMRTK] SMRTK_STREAM assigned=7985:Cheese:60000,7985:Coffee:27000,7985:Polymers:60000 at_station=false cargo=Cheese:60000,Coffee:27000,Polymers:60000 command=GotoStation effective_speed=5617 line=6430-7873 passengers=0 row=train station=6430 train=2000002659 t=26172617 id=1658
						Lua 0:21:47:228
[mod] [SMRTK] SMRTK_STREAM assigned=none at_station=false cargo=none command=GotoStation effective_speed=5612 line=2012-6430 passengers=0 row=train station=6430 train=2000001848 t=26173617 id=1659
[mod] [SMRTK] SMRTK_STREAM assigned=none at_station=true cargo=none command=UnloadTrain effective_speed=0 line=2011-6430 passengers=0 row=train station=2011 train=2000001851 t=26173617 id=1660
[mod] [SMRTK] SMRTK_STREAM assigned=7985:Cheese:60000,7985:Coffee:27000,7985:Polymers:60000 at_station=false cargo=Cheese:60000,Coffee:27000,Polymers:60000 command=GotoStation effective_speed=5622 line=6430-7873 passengers=0 row=train station=6430 train=2000002659 t=26173617 id=1661
						Lua 0:21:47:273
[mod] [SMRTK] SMRTK_STREAM assigned=none at_station=false cargo=none command=GotoStation effective_speed=4124 line=2012-6430 passengers=0 row=train station=6430 train=2000001848 t=26174617 id=1662
[mod] [SMRTK] SMRTK_STREAM assigned=7985:Cheese:60000,7985:Coffee:27000,7985:Polymers:60000 at_station=false cargo=Cheese:60000,Coffee:27000,Polymers:60000 command=GotoStation effective_speed=5617 line=7985-7873 passengers=0 row=train station=7873 train=2000002659 t=26174617 id=1663
						Lua 0:21:47:323
[mod] [SMRTK] SMRTK_STREAM assigned=none at_station=false cargo=none command=GotoStation effective_speed=1520 line=2012-6430 passengers=0 row=train station=6430 train=2000001848 t=26175617 id=1664
						Lua 0:21:47:373
[mod] [SMRTK] SMRTK_STREAM assigned=none at_station=true cargo=none command=UnloadTrain effective_speed=0 line=2012-6430 passengers=0 row=train station=2012 train=2000001848 t=26176617 id=1665
						Lua 0:21:47:476
[mod] [SMRTK] SMRTK_STREAM assigned=7985:Cheese:60000,7985:Coffee:27000,7985:Polymers:60000 at_station=false cargo=Cheese:60000,Coffee:27000,Polymers:60000 command=GotoStation effective_speed=5612 line=7985-7873 passengers=0 row=train station=7873 train=2000002659 t=26178617 id=1666
						Lua 0:21:47:524
[mod] [SMRTK] SMRTK_STREAM assigned=none at_station=true cargo=none command=LoadTrain effective_speed=0 line=2011-6430 passengers=0 row=train station=2011 train=2000001851 t=26179617 id=1667
[mod] [SMRTK] SMRTK_STREAM assigned=7985:Cheese:60000,7985:Coffee:27000,7985:Polymers:60000 at_station=false cargo=Cheese:60000,Coffee:27000,Polymers:60000 command=GotoStation effective_speed=5621 line=7985-7873 passengers=0 row=train station=7873 train=2000002659 t=26179617 id=1668
						Lua 0:21:47:573
[mod] [SMRTK] SMRTK_STREAM assigned=7985:Cheese:60000,7985:Coffee:27000,7985:Polymers:60000 at_station=false cargo=Cheese:60000,Coffee:27000,Polymers:60000 command=GotoStation effective_speed=5617 line=7985-7873 passengers=0 row=train station=7873 train=2000002659 t=26180617 id=1669
						Lua 0:21:47:623
[mod] [SMRTK] SMRTK_STREAM assigned=7985:Cheese:60000,7985:Coffee:27000,7985:Polymers:60000 at_station=false cargo=Cheese:60000,Coffee:27000,Polymers:60000 command=GotoStation effective_speed=5621 line=7985-7873 passengers=0 row=train station=7873 train=2000002659 t=26181617 id=1670
						Lua 0:21:47:673
[mod] [SMRTK] SMRTK_STREAM assigned=none at_station=true cargo=none command=LoadTrain effective_speed=0 line=2012-6430 passengers=0 row=train station=2012 train=2000001848 t=26182617 id=1671
[mod] [SMRTK] SMRTK_STREAM assigned=7985:Cheese:60000,7985:Coffee:27000,7985:Polymers:60000 at_station=false cargo=Cheese:60000,Coffee:27000,Polymers:60000 command=GotoStation effective_speed=5617 line=7985-7873 passengers=0 row=train station=7873 train=2000002659 t=26182617 id=1672
						Lua 0:21:47:773
[mod] [SMRTK] SMRTK_STREAM assigned=7985:Cheese:60000,7985:Coffee:27000,7985:Polymers:60000 at_station=false cargo=Cheese:60000,Coffee:27000,Polymers:60000 command=GotoStation effective_speed=5647 line=7985-7873 passengers=0 row=train station=7873 train=2000002659 t=26184617 id=1673
						Lua 0:21:47:824
[mod] [SMRTK] SMRTK_STREAM assigned=none at_station=false cargo=none command=GotoStation effective_speed=1461 line=2011-6430 passengers=0 row=train station=2011 train=2000001851 t=26185617 id=1674
[mod] [SMRTK] SMRTK_STREAM assigned=7985:Cheese:60000,7985:Coffee:27000,7985:Polymers:60000 at_station=false cargo=Cheese:60000,Coffee:27000,Polymers:60000 command=GotoStation effective_speed=5612 line=7985-7873 passengers=0 row=train station=7873 train=2000002659 t=26185617 id=1675
						Lua 0:21:47:873
[mod] [SMRTK] SMRTK_STREAM assigned=none at_station=false cargo=none command=GotoStation effective_speed=1705 line=2011-6430 passengers=0 row=train station=2011 train=2000001851 t=26186617 id=1676
						Lua 0:21:47:923
[mod] [SMRTK] SMRTK_STREAM assigned=none at_station=false cargo=none command=GotoStation effective_speed=4854 line=2011-6430 passengers=0 row=train station=2011 train=2000001851 t=26187617 id=1677
						Lua 0:21:47:975
[mod] [SMRTK] SMRTK_STREAM assigned=none at_station=false cargo=none command=GotoStation effective_speed=765 line=2012-6430 passengers=0 row=train station=2012 train=2000001848 t=26188617 id=1678
[mod] [SMRTK] SMRTK_STREAM assigned=none at_station=false cargo=none command=GotoStation effective_speed=5617 line=2011-6430 passengers=0 row=train station=2011 train=2000001851 t=26188617 id=1679
[mod] [SMRTK] SMRTK_STREAM assigned=7985:Cheese:60000,7985:Coffee:27000,7985:Polymers:60000 at_station=false cargo=Cheese:60000,Coffee:27000,Polymers:60000 command=GotoStation effective_speed=5621 line=7985-7873 passengers=0 row=train station=7873 train=2000002659 t=26188617 id=1680
						Lua 0:21:48:023
[mod] [SMRTK] SMRTK_STREAM assigned=none at_station=false cargo=none command=GotoStation effective_speed=1569 line=2012-6430 passengers=0 row=train station=2012 train=2000001848 t=26189617 id=1681
						Lua 0:21:48:024
[mod] [SMRTK] SMRTK_STREAM assigned=7985:Cheese:60000,7985:Coffee:27000,7985:Polymers:60000 at_station=false cargo=Cheese:60000,Coffee:27000,Polymers:60000 command=GotoStation effective_speed=5612 line=7985-7873 passengers=0 row=train station=7873 train=2000002659 t=26189617 id=1682
						Lua 0:21:48:073
[mod] [SMRTK] SMRTK_STREAM assigned=none at_station=true cargo=none command=LoadTrain effective_speed=0 line=6430-2008 passengers=0 row=train station=6430 train=2000001844 t=26190617 id=1683
[mod] [SMRTK] SMRTK_STREAM assigned=none at_station=true cargo=none command=LoadTrain effective_speed=0 line=6430-2007 passengers=0 row=train station=6430 train=2000001845 t=26190617 id=1684
[mod] [SMRTK] SMRTK_STREAM assigned=none at_station=true cargo=none command=LoadTrain effective_speed=0 line=7985-7873 passengers=0 row=train station=7873 train=2000001846 t=26190617 id=1685
[mod] [SMRTK] SMRTK_STREAM assigned=none at_station=false cargo=none command=GotoStation effective_speed=1819 line=2012-6430 passengers=0 row=train station=2012 train=2000001848 t=26190617 id=1686
[mod] [SMRTK] SMRTK_STREAM assigned=none at_station=true cargo=none command=LoadTrain effective_speed=0 line=2012-6430 passengers=0 row=train station=6430 train=2000001849 t=26190617 id=1687
[mod] [SMRTK] SMRTK_STREAM assigned=none at_station=true cargo=none command=LoadTrain effective_speed=0 line=2011-6430 passengers=0 row=train station=6430 train=2000001850 t=26190617 id=1688
[mod] [SMRTK] SMRTK_STREAM assigned=none at_station=false cargo=none command=GotoStation effective_speed=5607 line=2011-6430 passengers=0 row=train station=2011 train=2000001851 t=26190617 id=1689
[mod] [SMRTK] SMRTK_STREAM assigned=none at_station=true cargo=none command=LoadTrain effective_speed=0 line=6495-6827 passengers=0 row=train station=6495 train=2000002387 t=26190617 id=1690
[mod] [SMRTK] SMRTK_STREAM assigned=none at_station=true cargo=none command=LoadTrain effective_speed=0 line=7411-6495 passengers=0 row=train station=6495 train=2000002388 t=26190617 id=1691
[mod] [SMRTK] SMRTK_STREAM assigned=none at_station=true cargo=none command=LoadTrain effective_speed=0 line=6883-6495 passengers=0 row=train station=6495 train=2000002389 t=26190617 id=1692
[mod] [SMRTK] SMRTK_STREAM assigned=none at_station=true cargo=none command=LoadTrain effective_speed=0 line=6951-6495 passengers=0 row=train station=6495 train=2000002390 t=26190617 id=1693
[mod] [SMRTK] SMRTK_STREAM assigned=none at_station=true cargo=none command=LoadTrain effective_speed=0 line=7411-6495 passengers=0 row=train station=7411 train=2000002391 t=26190617 id=1694
[mod] [SMRTK] SMRTK_STREAM assigned=none at_station=true cargo=none command=LoadTrain effective_speed=0 line=6951-6495 passengers=0 row=train station=6951 train=2000002392 t=26190617 id=1695
[mod] [SMRTK] SMRTK_STREAM assigned=none at_station=true cargo=none command=LoadTrain effective_speed=0 line=7873-2007 passengers=0 row=train station=7873 train=2000002658 t=26190617 id=1696
						Lua 0:21:48:124
[mod] [SMRTK] SMRTK_STREAM assigned=none at_station=false cargo=none command=GotoStation effective_speed=5617 line=2012-6430 passengers=0 row=train station=2012 train=2000001848 t=26191617 id=1697
[mod] [SMRTK] SMRTK_STREAM assigned=none at_station=false cargo=none command=GotoStation effective_speed=5617 line=2011-6430 passengers=0 row=train station=2011 train=2000001851 t=26191617 id=1698
[mod] [SMRTK] SMRTK_STREAM assigned=7985:Cheese:60000,7985:Coffee:27000,7985:Polymers:60000 at_station=false cargo=Cheese:60000,Coffee:27000,Polymers:60000 command=GotoStation effective_speed=5617 line=7985-7873 passengers=0 row=train station=7873 train=2000002659 t=26191617 id=1699
						Lua 0:21:48:173
[mod] [SMRTK] SMRTK_STREAM assigned=none at_station=false cargo=none command=GotoStation effective_speed=5621 line=2012-6430 passengers=0 row=train station=2012 train=2000001848 t=26192617 id=1700
						Lua 0:21:48:227
[mod] [SMRTK] SMRTK_STREAM assigned=none at_station=false cargo=none command=GotoStation effective_speed=4750 line=2012-6430 passengers=0 row=train station=2012 train=2000001848 t=26193617 id=1701
[mod] [SMRTK] SMRTK_STREAM assigned=7985:Cheese:60000,7985:Coffee:27000,7985:Polymers:60000 at_station=false cargo=Cheese:60000,Coffee:27000,Polymers:60000 command=GotoStation effective_speed=5612 line=7985-7873 passengers=0 row=train station=7873 train=2000002659 t=26193617 id=1702
						Lua 0:21:48:273
[mod] [SMRTK] SMRTK_STREAM assigned=none at_station=false cargo=none command=GotoStation effective_speed=5617 line=2012-6430 passengers=0 row=train station=2012 train=2000001848 t=26194617 id=1703
[mod] [SMRTK] SMRTK_STREAM assigned=7985:Cheese:60000,7985:Coffee:27000,7985:Polymers:60000 at_station=false cargo=Cheese:60000,Coffee:27000,Polymers:60000 command=GotoStation effective_speed=5617 line=7985-7873 passengers=0 row=train station=7873 train=2000002659 t=26194617 id=1704
						Lua 0:21:48:323
[mod] [SMRTK] SMRTK_STREAM assigned=none at_station=false cargo=none command=GotoStation effective_speed=4956 line=2011-6430 passengers=0 row=train station=2011 train=2000001851 t=26195617 id=1705
[mod] [SMRTK] SMRTK_STREAM assigned=7985:Cheese:60000,7985:Coffee:27000,7985:Polymers:60000 at_station=false cargo=Cheese:60000,Coffee:27000,Polymers:60000 command=GotoStation effective_speed=5612 line=7985-7873 passengers=0 row=train station=7873 train=2000002659 t=26195617 id=1706
						Lua 0:21:48:373
[mod] [SMRTK] SMRTK_STREAM assigned=none at_station=true cargo=none command=false effective_speed=0 line=6430-2008 passengers=0 row=train station=6430 train=2000001844 t=26196617 id=1707
[mod] [SMRTK] SMRTK_STREAM assigned=none at_station=true cargo=none command=false effective_speed=0 line=6430-2007 passengers=0 row=train station=6430 train=2000001845 t=26196617 id=1708
[mod] [SMRTK] SMRTK_STREAM assigned=none at_station=true cargo=none command=false effective_speed=0 line=7985-7873 passengers=0 row=train station=7873 train=2000001846 t=26196617 id=1709
[mod] [SMRTK] SMRTK_STREAM assigned=none at_station=true cargo=none command=GotoStation effective_speed=0 line=6430-2008 passengers=0 row=train station=6430 train=2000001849 t=26196617 id=1710
[mod] [SMRTK] SMRTK_STREAM assigned=none at_station=false cargo=none command=GotoStation effective_speed=4470 line=6430-2007 passengers=0 row=train station=6430 train=2000001850 t=26196617 id=1711
[mod] [SMRTK] SMRTK_STREAM assigned=none at_station=false cargo=none command=GotoStation effective_speed=5617 line=2011-6430 passengers=0 row=train station=2011 train=2000001851 t=26196617 id=1712
[mod] [SMRTK] SMRTK_STREAM assigned=none at_station=true cargo=none command=false effective_speed=0 line=6495-6827 passengers=0 row=train station=6495 train=2000002387 t=26196617 id=1713						Lua 0:21:48:374

[mod] [SMRTK] SMRTK_STREAM assigned=none at_station=true cargo=none command=false effective_speed=0 line=7411-6495 passengers=0 row=train station=6495 train=2000002388 t=26196617 id=1714
[mod] [SMRTK] SMRTK_STREAM assigned=none at_station=true cargo=none command=false effective_speed=0 line=6883-6495 passengers=0 row=train station=6495 train=2000002389 t=26196617 id=1715
[mod] [SMRTK] SMRTK_STREAM assigned=none at_station=true cargo=none command=false effective_speed=0 line=6951-6495 passengers=0 row=train station=6495 train=2000002390 t=26196617 id=1716
[mod] [SMRTK] SMRTK_STREAM assigned=none at_station=true cargo=none command=false effective_speed=0 line=7411-6495 passengers=0 row=train station=7411 train=2000002391 t=26196617 id=1717
[mod] [SMRTK] SMRTK_STREAM assigned=none at_station=true cargo=none command=false effective_speed=0 line=6951-6495 passengers=0 row=train station=6951 train=2000002392 t=26196617 id=1718
[mod] [SMRTK] SMRTK_STREAM assigned=none at_station=true cargo=none command=false effective_speed=0 line=7873-2007 passengers=0 row=train station=7873 train=2000002658 t=26196617 id=1719
[mod] [SMRTK] SMRTK_STREAM assigned=7985:Cheese:60000,7985:Coffee:27000,7985:Polymers:60000 at_station=false cargo=Cheese:60000,Coffee:27000,Polymers:60000 command=GotoStation effective_speed=2806 line=7985-7873 passengers=0 row=train station=7873 train=2000002659 t=26196617 id=1720
						Lua 0:21:48:425
[mod] [SMRTK] SMRTK_STREAM assigned=none at_station=false cargo=none command=GotoStation effective_speed=1397 line=6430-2007 passengers=0 row=train station=6430 train=2000001850 t=26197617 id=1721
[mod] [SMRTK] SMRTK_STREAM assigned=none at_station=false cargo=none command=GotoStation effective_speed=5638 line=2011-6430 passengers=0 row=train station=2011 train=2000001851 t=26197617 id=1722
[mod] [SMRTK] SMRTK_STREAM assigned=7985:Cheese:60000,7985:Coffee:27000,7985:Polymers:60000 at_station=false cargo=Cheese:60000,Coffee:27000,Polymers:60000 command=GotoStation effective_speed=1765 line=7985-7873 passengers=0 row=train station=7873 train=2000002659 t=26197617 id=1723
						Lua 0:21:48:475
[mod] [SMRTK] SMRTK_STREAM assigned=none at_station=false cargo=none command=GotoStation effective_speed=351 line=6430-2007 passengers=0 row=train station=6430 train=2000001850 t=26198617 id=1724
[mod] [SMRTK] SMRTK_STREAM assigned=none at_station=false cargo=none command=GotoStation effective_speed=5617 line=2011-6430 passengers=0 row=train station=2011 train=2000001851 t=26198617 id=1725
[mod] [SMRTK] SMRTK_STREAM assigned=7985:Cheese:60000,7985:Coffee:27000,7985:Polymers:60000 at_station=false cargo=Cheese:60000,Coffee:27000,Polymers:60000 command=GotoStation effective_speed=727 line=7985-7873 passengers=0 row=train station=7873 train=2000002659 t=26198617 id=1726
						Lua 0:21:48:523
[mod] [SMRTK] SMRTK_STREAM assigned=none at_station=false cargo=none command=GotoStation effective_speed=1873 line=6430-2007 passengers=0 row=train station=6430 train=2000001850 t=26199617 id=1727
[mod] [SMRTK] SMRTK_STREAM assigned=none at_station=false cargo=none command=GotoStation effective_speed=5631 line=2011-6430 passengers=0 row=train station=2011 train=2000001851 t=26199617 id=1728
[mod] [SMRTK] SMRTK_STREAM assigned=7985:Cheese:60000,7985:Coffee:27000,7985:Polymers:60000 at_station=true cargo=Cheese:60000,Coffee:27000,Polymers:60000 command=UnloadTrain effective_speed=0 line=7985-7873 passengers=0 row=train station=7985 train=2000002659 t=26199617 id=1729
						Lua 0:21:48:573
[mod] [SMRTK] SMRTK_STREAM assigned=none at_station=false cargo=none command=GotoStation effective_speed=4683 line=6430-2008 passengers=0 row=train station=6430 train=2000001849 t=26200617 id=1730
[mod] [SMRTK] SMRTK_STREAM assigned=none at_station=false cargo=none command=GotoStation effective_speed=5617 line=6430-2007 passengers=0 row=train station=6430 train=2000001850 t=26200617 id=1731
[mod] [SMRTK] SMRTK_STREAM assigned=none at_station=false cargo=none command=GotoStation effective_speed=5617 line=2011-6430 passengers=0 row=train station=2011 train=2000001851 t=26200617 id=1732
						Lua 0:21:48:623
[mod] [SMRTK] SMRTK_STREAM assigned=none at_station=false cargo=none command=GotoStation effective_speed=1608 line=6430-2008 passengers=0 row=train station=6430 train=2000001849 t=26201617 id=1733
[mod] [SMRTK] SMRTK_STREAM assigned=none at_station=false cargo=none command=GotoStation effective_speed=4956 line=2011-6430 passengers=0 row=train station=2011 train=2000001851 t=26201617 id=1734
						Lua 0:21:48:673
[mod] [SMRTK] SMRTK_STREAM assigned=none at_station=false cargo=none command=GotoStation effective_speed=4750 line=2012-6430 passengers=0 row=train station=2012 train=2000001848 t=26202617 id=1735
[mod] [SMRTK] SMRTK_STREAM assigned=none at_station=false cargo=none command=GotoStation effective_speed=355 line=6430-2008 passengers=0 row=train station=6430 train=2000001849 t=26202617 id=1736
[mod] [SMRTK] SMRTK_STREAM assigned=none at_station=false cargo=none command=GotoStation effective_speed=5617 line=2011-6430 passengers=0 row=train station=2011 train=2000001851 t=26202617 id=1737
						Lua 0:21:48:725
[mod] [SMRTK] SMRTK_STREAM assigned=none at_station=false cargo=none command=GotoStation effective_speed=5617 line=2012-6430 passengers=0 row=train station=2012 train=2000001848 t=26203617 id=1738
[mod] [SMRTK] SMRTK_STREAM assigned=none at_station=false cargo=none command=GotoStation effective_speed=1873 line=6430-2008 passengers=0 row=train station=6430 train=2000001849 t=26203617 id=1739
						Lua 0:21:48:774
[mod] [SMRTK] SMRTK_STREAM assigned=none at_station=false cargo=none command=GotoStation effective_speed=5617 line=6430-2008 passengers=0 row=train station=6430 train=2000001849 t=26204617 id=1740
						Lua 0:21:48:824
[mod] [SMRTK] SMRTK_STREAM assigned=none at_station=false cargo=none command=GotoStation effective_speed=5621 line=6430-2008 passengers=0 row=train station=6430 train=2000001849 t=26205617 id=1741
[mod] [SMRTK] SMRTK_STREAM assigned=none at_station=true cargo=none command=LoadTrain effective_speed=0 line=7985-7873 passengers=0 row=train station=7985 train=2000002659 t=26205617 id=1742
						Lua 0:21:48:825
[mod] [SMRTK] SMRTK_STREAM before=0 calls=15 cubes=none expected_cubes=none hub=false res=Cheese row=stock station=7985 stock=60000 target=60000 t=26205617 id=1743
[mod] [SMRTK] SMRTK_STREAM before=0 calls=15 cubes=none expected_cubes=none hub=false res=Polymers row=stock station=7985 stock=60000 target=60000 t=26205617 id=1744
[mod] [SMRTK] SMRTK_STREAM before=0 calls=15 cubes=none expected_cubes=none hub=false res=Coffee row=stock station=7985 stock=27000 target=60000 t=26205617 id=1745
						Lua 0:21:48:873
[mod] [SMRTK] SMRTK_STREAM assigned=none at_station=false cargo=none command=GotoStation effective_speed=5612 line=6430-2008 passengers=0 row=train station=6430 train=2000001849 t=26206617 id=1746
[mod] [SMRTK] SMRTK_STREAM assigned=none at_station=false cargo=none command=GotoStation effective_speed=5631 line=6430-2007 passengers=0 row=train station=6430 train=2000001850 t=26206617 id=1747
						Lua 0:21:48:923
[mod] [SMRTK] SMRTK_STREAM assigned=none at_station=false cargo=none command=GotoStation effective_speed=5617 line=6430-2008 passengers=0 row=train station=6430 train=2000001849 t=26207617 id=1748
[mod] [SMRTK] SMRTK_STREAM assigned=none at_station=false cargo=none command=GotoStation effective_speed=5617 line=6430-2007 passengers=0 row=train station=6430 train=2000001850 t=26207617 id=1749
						Lua 0:21:49:073
[mod] [SMRTK] SMRTK_STREAM assigned=none at_station=false cargo=none command=GotoStation effective_speed=4655 line=6430-2008 passengers=0 row=train station=6430 train=2000001849 t=26210617 id=1750
[mod] [SMRTK] SMRTK_STREAM assigned=none at_station=false cargo=none command=GotoStation effective_speed=5628 line=6430-2007 passengers=0 row=train station=6430 train=2000001850 t=26210617 id=1751
						Lua 0:21:49:123
[mod] [SMRTK] SMRTK_STREAM assigned=none at_station=false cargo=none command=GotoStation effective_speed=5631 line=2012-6430 passengers=0 row=train station=2012 train=2000001848 t=26211617 id=1752
[mod] [SMRTK] SMRTK_STREAM assigned=none at_station=false cargo=none command=GotoStation effective_speed=1783 line=6430-2008 passengers=0 row=train station=6430 train=2000001849 t=26211617 id=1753
[mod] [SMRTK] SMRTK_STREAM assigned=none at_station=false cargo=none command=GotoStation effective_speed=5617 line=6430-2007 passengers=0 row=train station=6430 train=2000001850 t=26211617 id=1754
[mod] [SMRTK] SMRTK_STREAM assigned=none at_station=false cargo=none command=GotoStation effective_speed=596 line=7985-7873 passengers=0 row=train station=7985 train=2000002659 t=26211617 id=1755
						Lua 0:21:49:173
[mod] [SMRTK] SMRTK_STREAM assigned=none at_station=false cargo=none command=GotoStation effective_speed=5617 line=2012-6430 passengers=0 row=train station=2012 train=2000001848 t=26212617 id=1756
[mod] [SMRTK] SMRTK_STREAM assigned=none at_station=true cargo=none command=UnloadTrain effective_speed=0 line=6430-2008 passengers=0 row=train station=2008 train=2000001849 t=26212617 id=1757
[mod] [SMRTK] SMRTK_STREAM assigned=none at_station=false cargo=none command=GotoStation effective_speed=1490 line=7985-7873 passengers=0 row=train station=7985 train=2000002659 t=26212617 id=1758
						Lua 0:21:49:225
[mod] [SMRTK] SMRTK_STREAM assigned=none at_station=false cargo=none command=GotoStation effective_speed=1631 line=7985-7873 passengers=0 row=train station=7985 train=2000002659 t=26213617 id=1759
						Lua 0:21:49:273
[mod] [SMRTK] SMRTK_STREAM assigned=none at_station=false cargo=none command=GotoStation effective_speed=1771 line=7985-7873 passengers=0 row=train station=7985 train=2000002659 t=26214617 id=1760
						Lua 0:21:49:324
[mod] [SMRTK] SMRTK_STREAM assigned=none at_station=false cargo=none command=GotoStation effective_speed=5612 line=2012-6430 passengers=0 row=train station=2012 train=2000001848 t=26215617 id=1761
						Lua 0:21:49:325
[mod] [SMRTK] SMRTK_STREAM assigned=none at_station=false cargo=none command=GotoStation effective_speed=4204 line=7985-7873 passengers=0 row=train station=7985 train=2000002659 t=26215617 id=1762
						Lua 0:21:49:373
[mod] [SMRTK] SMRTK_STREAM assigned=none at_station=false cargo=none command=GotoStation effective_speed=5617 line=2012-6430 passengers=0 row=train station=2012 train=2000001848 t=26216617 id=1763
[mod] [SMRTK] SMRTK_STREAM assigned=none at_station=false cargo=none command=GotoStation effective_speed=5617 line=7985-7873 passengers=0 row=train station=7985 train=2000002659 t=26216617 id=1764
						Lua 0:21:49:423
[mod] [SMRTK] SMRTK_STREAM assigned=none at_station=false cargo=none command=GotoStation effective_speed=727 line=2012-6430 passengers=0 row=train station=2012 train=2000001848 t=26217617 id=1765
[mod] [SMRTK] SMRTK_STREAM assigned=none at_station=false cargo=none command=GotoStation effective_speed=3805 line=6430-2007 passengers=0 row=train station=6430 train=2000001850 t=26217617 id=1766
						Lua 0:21:49:473
[mod] [SMRTK] SMRTK_STREAM assigned=none at_station=false cargo=none command=GotoStation effective_speed=214 line=2012-6430 passengers=0 row=train station=2012 train=2000001848 t=26218617 id=1767
						Lua 0:21:49:474
[mod] [SMRTK] SMRTK_STREAM assigned=none at_station=true cargo=none command=LoadTrain effective_speed=0 line=6430-2008 passengers=0 row=train station=2008 train=2000001849 t=26218617 id=1768
[mod] [SMRTK] SMRTK_STREAM assigned=none at_station=false cargo=none command=GotoStation effective_speed=1293 line=6430-2007 passengers=0 row=train station=6430 train=2000001850 t=26218617 id=1769
[mod] [SMRTK] SMRTK_STREAM assigned=none at_station=false cargo=none command=GotoStation effective_speed=0 line=2011-6430 passengers=0 row=train station=2011 train=2000001851 t=26218617 id=1770
						Lua 0:21:49:525
[mod] [SMRTK] SMRTK_STREAM assigned=none at_station=false cargo=none command=GotoStation effective_speed=1868 line=2012-6430 passengers=0 row=train station=2012 train=2000001848 t=26219617 id=1771
[mod] [SMRTK] SMRTK_STREAM assigned=none at_station=true cargo=none command=UnloadTrain effective_speed=0 line=6430-2007 passengers=0 row=train station=2007 train=2000001850 t=26219617 id=1772
						Lua 0:21:49:573
[mod] [SMRTK] SMRTK_STREAM assigned=none at_station=true cargo=none command=LoadTrain effective_speed=0 line=6430-2008 passengers=0 row=train station=6430 train=2000001844 t=26220617 id=1773
						Lua 0:21:49:574
[mod] [SMRTK] SMRTK_STREAM assigned=none at_station=true cargo=none command=LoadTrain effective_speed=0 line=6430-2007 passengers=0 row=train station=6430 train=2000001845 t=26220617 id=1774
[mod] [SMRTK] SMRTK_STREAM assigned=none at_station=true cargo=none command=LoadTrain effective_speed=0 line=7985-7873 passengers=0 row=train station=7873 train=2000001846 t=26220617 id=1775
[mod] [SMRTK] SMRTK_STREAM assigned=none at_station=false cargo=none command=GotoStation effective_speed=1298 line=2012-6430 passengers=0 row=train station=2012 train=2000001848 t=26220617 id=1776
[mod] [SMRTK] SMRTK_STREAM assigned=none at_station=true cargo=none command=LoadTrain effective_speed=0 line=6495-6827 passengers=0 row=train station=6495 train=2000002387 t=26220617 id=1777
[mod] [SMRTK] SMRTK_STREAM assigned=none at_station=true cargo=none command=LoadTrain effective_speed=0 line=7411-6495 passengers=0 row=train station=6495 train=2000002388 t=26220617 id=1778
[mod] [SMRTK] SMRTK_STREAM assigned=none at_station=true cargo=none command=LoadTrain effective_speed=0 line=6883-6495 passengers=0 row=train station=6495 train=2000002389 t=26220617 id=1779
[mod] [SMRTK] SMRTK_STREAM assigned=none at_station=true cargo=none command=LoadTrain effective_speed=0 line=6951-6495 passengers=0 row=train station=6495 train=2000002390 t=26220617 id=1780
[mod] [SMRTK] SMRTK_STREAM assigned=none at_station=true cargo=none command=LoadTrain effective_speed=0 line=7411-6495 passengers=0 row=train station=7411 train=2000002391 t=26220617 id=1781
[mod] [SMRTK] SMRTK_STREAM assigned=none at_station=true cargo=none command=LoadTrain effective_speed=0 line=6951-6495 passengers=0 row=train station=6951 train=2000002392 t=26220617 id=1782
[mod] [SMRTK] SMRTK_STREAM assigned=none at_station=true cargo=none command=LoadTrain effective_speed=0 line=7873-2007 passengers=0 row=train station=7873 train=2000002658 t=26220617 id=1783
[mod] [SMRTK] SMRTK_STREAM assigned=none at_station=false cargo=none command=GotoStation effective_speed=5621 line=7985-7873 passengers=0 row=train station=7985 train=2000002659 t=26220617 id=1784
						Lua 0:21:49:623
[mod] [SMRTK] SMRTK_STREAM assigned=none at_station=true cargo=none command=UnloadTrain effective_speed=0 line=2012-6430 passengers=0 row=train station=6430 train=2000001848 t=26221617 id=1785
[mod] [SMRTK] SMRTK_STREAM assigned=none at_station=false cargo=none command=GotoStation effective_speed=83 line=2011-6430 passengers=0 row=train station=2011 train=2000001851 t=26221617 id=1786
[mod] [SMRTK] SMRTK_STREAM assigned=none at_station=false cargo=none command=GotoStation effective_speed=5617 line=7985-7873 passengers=0 row=train station=7985 train=2000002659 t=26221617 id=1787
						Lua 0:21:49:727
[mod] [SMRTK] SMRTK_STREAM assigned=none at_station=false cargo=none command=GotoStation effective_speed=950 line=2011-6430 passengers=0 row=train station=2011 train=2000001851 t=26223617 id=1788
						Lua 0:21:49:774
[mod] [SMRTK] SMRTK_STREAM assigned=none at_station=false cargo=none command=GotoStation effective_speed=610 line=6430-2008 passengers=0 row=train station=2008 train=2000001849 t=26224617 id=1789
[mod] [SMRTK] SMRTK_STREAM assigned=none at_station=false cargo=none command=GotoStation effective_speed=1088 line=2011-6430 passengers=0 row=train station=2011 train=2000001851 t=26224617 id=1790
						Lua 0:21:49:823
[mod] [SMRTK] SMRTK_STREAM assigned=none at_station=false cargo=none command=GotoStation effective_speed=1559 line=6430-2008 passengers=0 row=train station=2008 train=2000001849 t=26225617 id=1791
[mod] [SMRTK] SMRTK_STREAM assigned=none at_station=true cargo=none command=LoadTrain effective_speed=0 line=6430-2007 passengers=0 row=train station=2007 train=2000001850 t=26225617 id=1792
[mod] [SMRTK] SMRTK_STREAM assigned=none at_station=true cargo=none command=UnloadTrain effective_speed=0 line=2011-6430 passengers=0 row=train station=6430 train=2000001851 t=26225617 id=1793
[mod] [SMRTK] SMRTK_STREAM assigned=none at_station=false cargo=none command=GotoStation effective_speed=5621 line=7985-7873 passengers=0 row=train station=7985 train=2000002659 t=26225617 id=1794
						Lua 0:21:49:873
[mod] [SMRTK] SMRTK_STREAM assigned=none at_station=true cargo=none command=false effective_speed=0 line=6430-2008 passengers=0 row=train station=6430 train=2000001844 t=26226617 id=1795
[mod] [SMRTK] SMRTK_STREAM assigned=none at_station=true cargo=none command=false effective_speed=0 line=6430-2007 passengers=0 row=train station=6430 train=2000001845 t=26226617 id=1796
[mod] [SMRTK] SMRTK_STREAM assigned=none at_station=false cargo=none command=GotoStation effective_speed=1164 line=6430-7873 passengers=0 row=train station=7873 train=2000001846 t=26226617 id=1797
						Lua 0:21:49:874
[mod] [SMRTK] SMRTK_STREAM assigned=none at_station=false cargo=none command=GotoStation effective_speed=1803 line=6430-2008 passengers=0 row=train station=2008 train=2000001849 t=26226617 id=1798
[mod] [SMRTK] SMRTK_STREAM assigned=none at_station=true cargo=none command=false effective_speed=0 line=6495-6827 passengers=0 row=train station=6495 train=2000002387 t=26226617 id=1799
[mod] [SMRTK] SMRTK_STREAM assigned=none at_station=true cargo=none command=false effective_speed=0 line=7411-6495 passengers=0 row=train station=6495 train=2000002388 t=26226617 id=1800
[mod] [SMRTK] SMRTK_STREAM assigned=none at_station=true cargo=none command=false effective_speed=0 line=6883-6495 passengers=0 row=train station=6495 train=2000002389 t=26226617 id=1801
[mod] [SMRTK] SMRTK_STREAM assigned=none at_station=true cargo=none command=false effective_speed=0 line=6951-6495 passengers=0 row=train station=6495 train=2000002390 t=26226617 id=1802
[mod] [SMRTK] SMRTK_STREAM assigned=none at_station=true cargo=none command=false effective_speed=0 line=7411-6495 passengers=0 row=train station=7411 train=2000002391 t=26226617 id=1803
[mod] [SMRTK] SMRTK_STREAM assigned=none at_station=true cargo=none command=false effective_speed=0 line=6951-6495 passengers=0 row=train station=6951 train=2000002392 t=26226617 id=1804
[mod] [SMRTK] SMRTK_STREAM assigned=none at_station=true cargo=none command=false effective_speed=0 line=7873-2007 passengers=0 row=train station=7873 train=2000002658 t=26226617 id=1805
[mod] [SMRTK] SMRTK_STREAM assigned=none at_station=false cargo=none command=GotoStation effective_speed=5617 line=7985-7873 passengers=0 row=train station=7985 train=2000002659 t=26226617 id=1806
						Lua 0:21:49:923
[mod] [SMRTK] SMRTK_STREAM assigned=none at_station=false cargo=none command=GotoStation effective_speed=1622 line=6430-7873 passengers=0 row=train station=7873 train=2000001846 t=26227617 id=1807
[mod] [SMRTK] SMRTK_STREAM assigned=none at_station=true cargo=none command=LoadTrain effective_speed=0 line=2012-6430 passengers=0 row=train station=6430 train=2000001848 t=26227617 id=1808
[mod] [SMRTK] SMRTK_STREAM assigned=none at_station=false cargo=none command=GotoStation effective_speed=5612 line=6430-2008 passengers=0 row=train station=2008 train=2000001849 t=26227617 id=1809
[mod] [SMRTK] SMRTK_STREAM assigned=none at_station=false cargo=none command=GotoStation effective_speed=5633 line=7985-7873 passengers=0 row=train station=7985 train=2000002659 t=26227617 id=1810
						Lua 0:21:49:976
[mod] [SMRTK] SMRTK_STREAM assigned=none at_station=false cargo=none command=GotoStation effective_speed=1869 line=6430-7873 passengers=0 row=train station=7873 train=2000001846 t=26228617 id=1811
[mod] [SMRTK] SMRTK_STREAM assigned=none at_station=false cargo=none command=GotoStation effective_speed=5617 line=6430-2008 passengers=0 row=train station=2008 train=2000001849 t=26228617 id=1812
[mod] [SMRTK] SMRTK_STREAM assigned=none at_station=false cargo=none command=GotoStation effective_speed=5621 line=7985-7873 passengers=0 row=train station=7985 train=2000002659 t=26228617 id=1813
						Lua 0:21:50:023
[mod] [SMRTK] SMRTK_STREAM assigned=none at_station=false cargo=none command=GotoStation effective_speed=5617 line=6430-7873 passengers=0 row=train station=7873 train=2000001846 t=26229617 id=1814
[mod] [SMRTK] SMRTK_STREAM assigned=none at_station=false cargo=none command=GotoStation effective_speed=5654 line=6430-2008 passengers=0 row=train station=2008 train=2000001849 t=26229617 id=1815
[mod] [SMRTK] SMRTK_STREAM assigned=none at_station=false cargo=none command=GotoStation effective_speed=5612 line=7985-7873 passengers=0 row=train station=7985 train=2000002659 t=26229617 id=1816
						Lua 0:21:50:073
[mod] [SMRTK] SMRTK_STREAM assigned=none at_station=false cargo=none command=GotoStation effective_speed=5621 line=6430-7873 passengers=0 row=train station=7873 train=2000001846 t=26230617 id=1817
[mod] [SMRTK] SMRTK_STREAM assigned=none at_station=false cargo=none command=GotoStation effective_speed=5617 line=6430-2008 passengers=0 row=train station=2008 train=2000001849 t=26230617 id=1818
[mod] [SMRTK] SMRTK_STREAM assigned=none at_station=false cargo=none command=GotoStation effective_speed=5621 line=7985-7873 passengers=0 row=train station=7985 train=2000002659 t=26230617 id=1819
						Lua 0:21:50:123
[mod] [SMRTK] SMRTK_STREAM assigned=none at_station=false cargo=none command=GotoStation effective_speed=5617 line=6430-7873 passengers=0 row=train station=7873 train=2000001846 t=26231617 id=1820
[mod] [SMRTK] SMRTK_STREAM assigned=none at_station=false cargo=none command=GotoStation effective_speed=1019 line=6430-2007 passengers=0 row=train station=2007 train=2000001850 t=26231617 id=1821
[mod] [SMRTK] SMRTK_STREAM assigned=none at_station=true cargo=none command=LoadTrain effective_speed=0 line=2011-6430 passengers=0 row=train station=6430 train=2000001851 t=26231617 id=1822
[mod] [SMRTK] SMRTK_STREAM assigned=none at_station=false cargo=none command=GotoStation effective_speed=5612 line=7985-7873 passengers=0 row=train station=7985 train=2000002659 t=26231617 id=1823
						Lua 0:21:50:173
[mod] [SMRTK] SMRTK_STREAM assigned=none at_station=false cargo=none command=GotoStation effective_speed=4849 line=6430-7873 passengers=0 row=train station=7873 train=2000001846 t=26232617 id=1824
[mod] [SMRTK] SMRTK_STREAM assigned=none at_station=false cargo=none command=GotoStation effective_speed=1606 line=6430-2007 passengers=0 row=train station=2007 train=2000001850 t=26232617 id=1825
						Lua 0:21:50:174
[mod] [SMRTK] SMRTK_STREAM assigned=none at_station=false cargo=none command=GotoStation effective_speed=5617 line=7985-7873 passengers=0 row=train station=7985 train=2000002659 t=26232617 id=1826
						Lua 0:21:50:225
[mod] [SMRTK] SMRTK_STREAM assigned=none at_station=false cargo=none command=GotoStation effective_speed=5621 line=6430-7873 passengers=0 row=train station=7873 train=2000001846 t=26233617 id=1827
[mod] [SMRTK] SMRTK_STREAM assigned=none at_station=true cargo=none command=false effective_speed=0 line=2012-6430 passengers=0 row=train station=6430 train=2000001848 t=26233617 id=1828
[mod] [SMRTK] SMRTK_STREAM assigned=none at_station=false cargo=none command=GotoStation effective_speed=0 line=6430-2008 passengers=0 row=train station=2008 train=2000001849 t=26233617 id=1829
[mod] [SMRTK] SMRTK_STREAM assigned=none at_station=false cargo=none command=GotoStation effective_speed=1851 line=6430-2007 passengers=0 row=train station=2007 train=2000001850 t=26233617 id=1830
						Lua 0:21:50:226
[mod] [SMRTK] SMRTK_STREAM assigned=none at_station=false cargo=none command=GotoStation effective_speed=5642 line=7985-7873 passengers=0 row=train station=7985 train=2000002659 t=26233617 id=1831
						Lua 0:21:50:273
[mod] [SMRTK] SMRTK_STREAM assigned=none at_station=false cargo=none command=GotoStation effective_speed=5612 line=6430-7873 passengers=0 row=train station=7873 train=2000001846 t=26234617 id=1832
[mod] [SMRTK] SMRTK_STREAM assigned=none at_station=false cargo=none command=GotoStation effective_speed=5617 line=6430-2007 passengers=0 row=train station=2007 train=2000001850 t=26234617 id=1833
[mod] [SMRTK] SMRTK_STREAM assigned=none at_station=false cargo=none command=GotoStation effective_speed=5617 line=7985-7873 passengers=0 row=train station=7985 train=2000002659 t=26234617 id=1834
						Lua 0:21:50:323
[mod] [SMRTK] SMRTK_STREAM assigned=none at_station=false cargo=none command=GotoStation effective_speed=5617 line=6430-7873 passengers=0 row=train station=7873 train=2000001846 t=26235617 id=1835
[mod] [SMRTK] SMRTK_STREAM assigned=none at_station=false cargo=none command=GotoStation effective_speed=5612 line=7985-7873 passengers=0 row=train station=7985 train=2000002659 t=26235617 id=1836
						Lua 0:21:50:373
[mod] [SMRTK] SMRTK_STREAM assigned=none at_station=false cargo=none command=GotoStation effective_speed=5631 line=7985-7873 passengers=0 row=train station=7985 train=2000002659 t=26236617 id=1837
						Lua 0:21:50:424
[mod] [SMRTK] SMRTK_STREAM assigned=none at_station=true cargo=none command=false effective_speed=0 line=2011-6430 passengers=0 row=train station=6430 train=2000001851 t=26237617 id=1838
[mod] [SMRTK] SMRTK_STREAM assigned=none at_station=false cargo=none command=GotoStation effective_speed=4341 line=7985-7873 passengers=0 row=train station=7985 train=2000002659 t=26237617 id=1839
						Lua 0:21:50:476
[mod] [SMRTK] SMRTK_STREAM assigned=none at_station=false cargo=none command=GotoStation effective_speed=1643 line=7985-7873 passengers=0 row=train station=7985 train=2000002659 t=26238617 id=1840
						Lua 0:21:50:524
[mod] [SMRTK] SMRTK_STREAM assigned=none at_station=true cargo=none command=UnloadTrain effective_speed=0 line=7985-7873 passengers=0 row=train station=7873 train=2000002659 t=26239617 id=1841
						Lua 0:21:50:573
[mod] [SMRTK] SMRTK_STREAM assigned=none at_station=false cargo=none command=GotoStation effective_speed=5612 line=6430-2007 passengers=0 row=train station=2007 train=2000001850 t=26240617 id=1842
						Lua 0:21:50:623
[mod] [SMRTK] SMRTK_STREAM assigned=none at_station=false cargo=none command=GotoStation effective_speed=5617 line=6430-2007 passengers=0 row=train station=2007 train=2000001850 t=26241617 id=1843
						Lua 0:21:50:673
[mod] [SMRTK] SMRTK_STREAM assigned=none at_station=false cargo=none command=GotoStation effective_speed=5651 line=6430-7873 passengers=0 row=train station=7873 train=2000001846 t=26242617 id=1844
						Lua 0:21:50:726
[mod] [SMRTK] SMRTK_STREAM assigned=none at_station=false cargo=none command=GotoStation effective_speed=5617 line=6430-7873 passengers=0 row=train station=7873 train=2000001846 t=26243617 id=1845
						Lua 0:21:50:773
[mod] [SMRTK] SMRTK_STREAM assigned=none at_station=false cargo=none command=GotoStation effective_speed=4847 line=6430-2007 passengers=0 row=train station=2007 train=2000001850 t=26244617 id=1846
						Lua 0:21:50:825
[mod] [SMRTK] SMRTK_STREAM assigned=none at_station=false cargo=none command=GotoStation effective_speed=5617 line=6430-2007 passengers=0 row=train station=2007 train=2000001850 t=26245617 id=1847
[mod] [SMRTK] SMRTK_STREAM assigned=none at_station=true cargo=none command=LoadTrain effective_speed=0 line=7985-7873 passengers=0 row=train station=7873 train=2000002659 t=26245617 id=1848
						Lua 0:21:50:885
[mod] [SMRTK] SMRTK_STREAM assigned=none at_station=false cargo=none command=GotoStation effective_speed=1431 line=6430-7873 passengers=0 row=train station=7873 train=2000001846 t=26246617 id=1849
						Lua 0:21:50:923
[mod] [SMRTK] SMRTK_STREAM assigned=none at_station=false cargo=none command=GotoStation effective_speed=306 line=6430-7873 passengers=0 row=train station=7873 train=2000001846 t=26247617 id=1850
[mod] [SMRTK] SMRTK_STREAM assigned=none at_station=false cargo=none command=GotoStation effective_speed=5612 line=6430-2007 passengers=0 row=train station=2007 train=2000001850 t=26247617 id=1851
						Lua 0:21:50:978
[mod] [SMRTK] SMRTK_STREAM assigned=none at_station=false cargo=none command=GotoStation effective_speed=2136 line=6430-7873 passengers=0 row=train station=7873 train=2000001846 t=26248617 id=1852						Lua 0:21:50:979

[mod] [SMRTK] SMRTK_STREAM assigned=none at_station=false cargo=none command=GotoStation effective_speed=5617 line=6430-2007 passengers=0 row=train station=2007 train=2000001850 t=26248617 id=1853
						Lua 0:21:51:023
[mod] [SMRTK] SMRTK_STREAM assigned=none at_station=false cargo=none command=GotoStation effective_speed=1084 line=6430-7873 passengers=0 row=train station=7873 train=2000001846 t=26249617 id=1854
[mod] [SMRTK] SMRTK_STREAM assigned=none at_station=false cargo=none command=GotoStation effective_speed=5612 line=6430-2007 passengers=0 row=train station=2007 train=2000001850 t=26249617 id=1855
						Lua 0:21:51:073
[mod] [SMRTK] SMRTK_STREAM assigned=none at_station=true cargo=none command=LoadTrain effective_speed=0 line=6430-2008 passengers=0 row=train station=6430 train=2000001844 t=26250617 id=1856
[mod] [SMRTK] SMRTK_STREAM assigned=none at_station=true cargo=none command=LoadTrain effective_speed=0 line=6430-2007 passengers=0 row=train station=6430 train=2000001845 t=26250617 id=1857
[mod] [SMRTK] SMRTK_STREAM assigned=none at_station=true cargo=none command=UnloadTrain effective_speed=0 line=6430-7873 passengers=0 row=train station=6430 train=2000001846 t=26250617 id=1858
[mod] [SMRTK] SMRTK_STREAM assigned=none at_station=true cargo=none command=LoadTrain effective_speed=0 line=2012-6430 passengers=0 row=train station=6430 train=2000001848 t=26250617 id=1859
[mod] [SMRTK] SMRTK_STREAM assigned=none at_station=false cargo=none command=GotoStation effective_speed=5617 line=6430-2007 passengers=0 row=train station=2007 train=2000001850 t=26250617 id=1860
[mod] [SMRTK] SMRTK_STREAM assigned=none at_station=true cargo=none command=LoadTrain effective_speed=0 line=2011-6430 passengers=0 row=train station=6430 train=2000001851 t=26250617 id=1861
[mod] [SMRTK] SMRTK_STREAM assigned=none at_station=true cargo=none command=LoadTrain effective_speed=0 line=6495-6827 passengers=0 row=train station=6495 train=2000002387 t=26250617 id=1862
[mod] [SMRTK] SMRTK_STREAM assigned=none at_station=true cargo=none command=LoadTrain effective_speed=0 line=7411-6495 passengers=0 row=train station=6495 train=2000002388 t=26250617 id=1863
[mod] [SMRTK] SMRTK_STREAM assigned=none at_station=true cargo=none command=LoadTrain effective_speed=0 line=6883-6495 passengers=0 row=train station=6495 train=2000002389 t=26250617 id=1864
[mod] [SMRTK] SMRTK_STREAM assigned=none at_station=true cargo=none command=LoadTrain effective_speed=0 line=6951-6495 passengers=0 row=train station=6495 train=2000002390 t=26250617 id=1865
[mod] [SMRTK] SMRTK_STREAM assigned=none at_station=true cargo=none command=LoadTrain effective_speed=0 line=7411-6495 passengers=0 row=train station=7411 train=2000002391 t=26250617 id=1866
[mod] [SMRTK] SMRTK_STREAM assigned=none at_station=true cargo=none command=LoadTrain effective_speed=0 line=6951-6495 passengers=0 row=train station=6951 train=2000002392 t=26250617 id=1867
[mod] [SMRTK] SMRTK_STREAM assigned=none at_station=true cargo=none command=LoadTrain effective_speed=0 line=7873-2007 passengers=0 row=train station=7873 train=2000002658 t=26250617 id=1868
						Lua 0:21:51:124
[mod] [SMRTK] SMRTK_STREAM assigned=none at_station=false cargo=none command=GotoStation effective_speed=0 line=6430-2007 passengers=0 row=train station=2007 train=2000001850 t=26251617 id=1869
[mod] [SMRTK] SMRTK_STREAM assigned=none at_station=true cargo=none command=false effective_speed=0 line=7985-7873 passengers=0 row=train station=7873 train=2000002659 t=26251617 id=1870
						Lua 0:21:51:373
[mod] [SMRTK] SMRTK_STREAM assigned=none at_station=true cargo=none command=GotoStation effective_speed=0 line=2012-6430 passengers=0 row=train station=6430 train=2000001844 t=26256617 id=1871
[mod] [SMRTK] SMRTK_STREAM assigned=none at_station=false cargo=none command=GotoStation effective_speed=4470 line=2011-6430 passengers=0 row=train station=6430 train=2000001845 t=26256617 id=1872
						Lua 0:21:51:374
[mod] [SMRTK] SMRTK_STREAM assigned=7985:Electronics:60000,7985:Fuel:27000,7985:MachineParts:60000 at_station=true cargo=Electronics:60000,Fuel:27000,MachineParts:60000 command=LoadTrain effective_speed=0 line=6430-7873 passengers=0 row=train station=6430 train=2000001846 t=26256617 id=1873
[mod] [SMRTK] SMRTK_STREAM assigned=none at_station=true cargo=none command=false effective_speed=0 line=2012-6430 passengers=0 row=train station=6430 train=2000001848 t=26256617 id=1874
[mod] [SMRTK] SMRTK_STREAM assigned=none at_station=true cargo=none command=false effective_speed=0 line=2011-6430 passengers=0 row=train station=6430 train=2000001851 t=26256617 id=1875
[mod] [SMRTK] SMRTK_STREAM assigned=none at_station=true cargo=none command=false effective_speed=0 line=6495-6827 passengers=0 row=train station=6495 train=2000002387 t=26256617 id=1876
[mod] [SMRTK] SMRTK_STREAM assigned=none at_station=true cargo=none command=false effective_speed=0 line=7411-6495 passengers=0 row=train station=6495 train=2000002388 t=26256617 id=1877
[mod] [SMRTK] SMRTK_STREAM assigned=none at_station=true cargo=none command=false effective_speed=0 line=6883-6495 passengers=0 row=train station=6495 train=2000002389 t=26256617 id=1878
[mod] [SMRTK] SMRTK_STREAM assigned=none at_station=true cargo=none command=false effective_speed=0 line=6951-6495 passengers=0 row=train station=6495 train=2000002390 t=26256617 id=1879
[mod] [SMRTK] SMRTK_STREAM assigned=none at_station=true cargo=none command=false effective_speed=0 line=7411-6495 passengers=0 row=train station=7411 train=2000002391 t=26256617 id=1880
[mod] [SMRTK] SMRTK_STREAM assigned=none at_station=true cargo=none command=false effective_speed=0 line=6951-6495 passengers=0 row=train station=6951 train=2000002392 t=26256617 id=1881
[mod] [SMRTK] SMRTK_STREAM assigned=none at_station=true cargo=none command=false effective_speed=0 line=7873-2007 passengers=0 row=train station=7873 train=2000002658 t=26256617 id=1882
						Lua 0:21:51:375
[mod] [SMRTK] SMRTK_STREAM before=1870000 calls=645 cubes=171 expected_cubes=171 hub=true res=MachineParts row=stock station=6430 stock=1810000 target=none t=26256617 id=1883
[mod] [SMRTK] SMRTK_STREAM before=1848600 calls=645 cubes=171 expected_cubes=171 hub=true res=Electronics row=stock station=6430 stock=1788600 target=none t=26256617 id=1884
[mod] [SMRTK] SMRTK_STREAM before=1870000 calls=645 cubes=171 expected_cubes=171 hub=true res=Fuel row=stock station=6430 stock=1843000 target=none t=26256617 id=1885
						Lua 0:21:51:423
[mod] [SMRTK] SMRTK_STREAM assigned=none at_station=false cargo=none command=GotoStation effective_speed=1397 line=2011-6430 passengers=0 row=train station=6430 train=2000001845 t=26257617 id=1886
						Lua 0:21:51:477
[mod] [SMRTK] SMRTK_STREAM assigned=none at_station=false cargo=none command=GotoStation effective_speed=351 line=2011-6430 passengers=0 row=train station=6430 train=2000001845 t=26258617 id=1887
						Lua 0:21:51:523
[mod] [SMRTK] SMRTK_STREAM assigned=none at_station=false cargo=none command=GotoStation effective_speed=1873 line=2011-6430 passengers=0 row=train station=6430 train=2000001845 t=26259617 id=1888
						Lua 0:21:51:574
[mod] [SMRTK] SMRTK_STREAM assigned=none at_station=false cargo=none command=GotoStation effective_speed=5617 line=2011-6430 passengers=0 row=train station=6430 train=2000001845 t=26260617 id=1889
[mod] [SMRTK] SMRTK_STREAM assigned=none at_station=false cargo=none command=GotoStation effective_speed=83 line=6430-2007 passengers=0 row=train station=2007 train=2000001850 t=26260617 id=1890
						Lua 0:21:51:624
[mod] [SMRTK] SMRTK_STREAM assigned=none at_station=false cargo=none command=GotoStation effective_speed=5621 line=2011-6430 passengers=0 row=train station=6430 train=2000001845 t=26261617 id=1891
						Lua 0:21:51:673
[mod] [SMRTK] SMRTK_STREAM assigned=none at_station=false cargo=none command=GotoStation effective_speed=5617 line=2011-6430 passengers=0 row=train station=6430 train=2000001845 t=26262617 id=1892
[mod] [SMRTK] SMRTK_STREAM assigned=7985:Electronics:60000,7985:Fuel:27000,7985:MachineParts:60000 at_station=true cargo=Electronics:60000,Fuel:27000,MachineParts:60000 command=GotoStation effective_speed=0 line=6430-7873 passengers=0 row=train station=6430 train=2000001846 t=26262617 id=1893
[mod] [SMRTK] SMRTK_STREAM assigned=none at_station=false cargo=none command=GotoStation effective_speed=980 line=6430-2007 passengers=0 row=train station=2007 train=2000001850 t=26262617 id=1894
						Lua 0:21:51:728
[mod] [SMRTK] SMRTK_STREAM assigned=none at_station=false cargo=none command=GotoStation effective_speed=1088 line=6430-2007 passengers=0 row=train station=2007 train=2000001850 t=26263617 id=1895
						Lua 0:21:51:773
[mod] [SMRTK] SMRTK_STREAM assigned=none at_station=false cargo=none command=GotoStation effective_speed=4123 line=2012-6430 passengers=0 row=train station=6430 train=2000001844 t=26264617 id=1896
						Lua 0:21:51:774
[mod] [SMRTK] SMRTK_STREAM assigned=none at_station=true cargo=none command=UnloadTrain effective_speed=0 line=6430-2007 passengers=0 row=train station=6430 train=2000001850 t=26264617 id=1897
						Lua 0:21:51:823
[mod] [SMRTK] SMRTK_STREAM assigned=none at_station=false cargo=none command=GotoStation effective_speed=1049 line=2012-6430 passengers=0 row=train station=6430 train=2000001844 t=26265617 id=1898
						Lua 0:21:51:874
[mod] [SMRTK] SMRTK_STREAM assigned=none at_station=false cargo=none command=GotoStation effective_speed=351 line=2012-6430 passengers=0 row=train station=6430 train=2000001844 t=26266617 id=1899
						Lua 0:21:51:923
[mod] [SMRTK] SMRTK_STREAM assigned=none at_station=false cargo=none command=GotoStation effective_speed=1873 line=2012-6430 passengers=0 row=train station=6430 train=2000001844 t=26267617 id=1900
						Lua 0:21:51:976
[mod] [SMRTK] SMRTK_STREAM assigned=none at_station=false cargo=none command=GotoStation effective_speed=5617 line=2012-6430 passengers=0 row=train station=6430 train=2000001844 t=26268617 id=1901
[mod] [SMRTK] SMRTK_STREAM assigned=none at_station=false cargo=none command=GotoStation effective_speed=214 line=6430-2008 passengers=0 row=train station=2008 train=2000001849 t=26268617 id=1902
						Lua 0:21:52:024
[mod] [SMRTK] SMRTK_STREAM assigned=none at_station=false cargo=none command=GotoStation effective_speed=5455 line=6430-2008 passengers=0 row=train station=2008 train=2000001849 t=26269617 id=1903
						Lua 0:21:52:091
[mod] [SMRTK] SMRTK_STREAM assigned=none at_station=false cargo=none command=GotoStation effective_speed=4954 line=2012-6430 passengers=0 row=train station=6430 train=2000001844 t=26270617 id=1904
[mod] [SMRTK] SMRTK_STREAM assigned=none at_station=false cargo=none command=GotoStation effective_speed=4494 line=6430-2008 passengers=0 row=train station=2008 train=2000001849 t=26270617 id=1905
[mod] [SMRTK] SMRTK_STREAM assigned=none at_station=true cargo=none command=LoadTrain effective_speed=0 line=6430-2007 passengers=0 row=train station=6430 train=2000001850 t=26270617 id=1906
						Lua 0:21:52:123
[mod] [SMRTK] SMRTK_STREAM assigned=none at_station=false cargo=none command=GotoStation effective_speed=5612 line=2012-6430 passengers=0 row=train station=6430 train=2000001844 t=26271617 id=1907
[mod] [SMRTK] SMRTK_STREAM assigned=none at_station=false cargo=none command=GotoStation effective_speed=1084 line=6430-2008 passengers=0 row=train station=2008 train=2000001849 t=26271617 id=1908
						Lua 0:21:52:173
[mod] [SMRTK] SMRTK_STREAM assigned=none at_station=false cargo=none command=GotoStation effective_speed=5617 line=2012-6430 passengers=0 row=train station=6430 train=2000001844 t=26272617 id=1909
[mod] [SMRTK] SMRTK_STREAM assigned=7985:Electronics:60000,7985:Fuel:27000,7985:MachineParts:60000 at_station=false cargo=Electronics:60000,Fuel:27000,MachineParts:60000 command=GotoStation effective_speed=2408 line=6430-7873 passengers=0 row=train station=6430 train=2000001846 t=26272617 id=1910
[mod] [SMRTK] SMRTK_STREAM assigned=none at_station=true cargo=none command=UnloadTrain effective_speed=0 line=6430-2008 passengers=0 row=train station=6430 train=2000001849 t=26272617 id=1911
						Lua 0:21:52:225
[mod] [SMRTK] SMRTK_STREAM assigned=none at_station=false cargo=none command=GotoStation effective_speed=4955 line=2012-6430 passengers=0 row=train station=6430 train=2000001844 t=26273617 id=1912
[mod] [SMRTK] SMRTK_STREAM assigned=7985:Electronics:60000,7985:Fuel:27000,7985:MachineParts:60000 at_station=false cargo=Electronics:60000,Fuel:27000,MachineParts:60000 command=GotoStation effective_speed=360 line=6430-7873 passengers=0 row=train station=6430 train=2000001846 t=26273617 id=1913
						Lua 0:21:52:273
[mod] [SMRTK] SMRTK_STREAM assigned=none at_station=false cargo=none command=GotoStation effective_speed=5612 line=2012-6430 passengers=0 row=train station=6430 train=2000001844 t=26274617 id=1914
[mod] [SMRTK] SMRTK_STREAM assigned=7985:Electronics:60000,7985:Fuel:27000,7985:MachineParts:60000 at_station=false cargo=Electronics:60000,Fuel:27000,MachineParts:60000 command=GotoStation effective_speed=1876 line=6430-7873 passengers=0 row=train station=6430 train=2000001846 t=26274617 id=1915
						Lua 0:21:52:323
[mod] [SMRTK] SMRTK_STREAM assigned=none at_station=false cargo=none command=GotoStation effective_speed=5617 line=2012-6430 passengers=0 row=train station=6430 train=2000001844 t=26275617 id=1916
[mod] [SMRTK] SMRTK_STREAM assigned=none at_station=false cargo=none command=GotoStation effective_speed=5612 line=2011-6430 passengers=0 row=train station=6430 train=2000001845 t=26275617 id=1917
[mod] [SMRTK] SMRTK_STREAM assigned=7985:Electronics:60000,7985:Fuel:27000,7985:MachineParts:60000 at_station=false cargo=Electronics:60000,Fuel:27000,MachineParts:60000 command=GotoStation effective_speed=5617 line=6430-7873 passengers=0 row=train station=6430 train=2000001846 t=26275617 id=1918
						Lua 0:21:52:374
[mod] [SMRTK] SMRTK_STREAM assigned=none at_station=false cargo=none command=GotoStation effective_speed=4955 line=2011-6430 passengers=0 row=train station=6430 train=2000001845 t=26276617 id=1919
[mod] [SMRTK] SMRTK_STREAM assigned=none at_station=true cargo=none command=false effective_speed=0 line=6430-2007 passengers=0 row=train station=6430 train=2000001850 t=26276617 id=1920
						Lua 0:21:52:423
[mod] [SMRTK] SMRTK_STREAM assigned=none at_station=false cargo=none command=GotoStation effective_speed=5617 line=2011-6430 passengers=0 row=train station=6430 train=2000001845 t=26277617 id=1921
						Lua 0:21:52:474
[mod] [SMRTK] SMRTK_STREAM assigned=none at_station=false cargo=none command=GotoStation effective_speed=4847 line=2011-6430 passengers=0 row=train station=6430 train=2000001845 t=26278617 id=1922
[mod] [SMRTK] SMRTK_STREAM assigned=none at_station=true cargo=none command=LoadTrain effective_speed=0 line=6430-2008 passengers=0 row=train station=6430 train=2000001849 t=26278617 id=1923
						Lua 0:21:52:523
[mod] [SMRTK] SMRTK_STREAM assigned=none at_station=false cargo=none command=GotoStation effective_speed=5612 line=2011-6430 passengers=0 row=train station=6430 train=2000001845 t=26279617 id=1924
						Lua 0:21:52:573
[mod] [SMRTK] SMRTK_STREAM assigned=none at_station=false cargo=none command=GotoStation effective_speed=5631 line=2011-6430 passengers=0 row=train station=6430 train=2000001845 t=26280617 id=1925
[mod] [SMRTK] SMRTK_STREAM assigned=none at_station=true cargo=none command=LoadTrain effective_speed=0 line=2012-6430 passengers=0 row=train station=6430 train=2000001848 t=26280617 id=1926
[mod] [SMRTK] SMRTK_STREAM assigned=none at_station=true cargo=none command=LoadTrain effective_speed=0 line=6430-2007 passengers=0 row=train station=6430 train=2000001850 t=26280617 id=1927
						Lua 0:21:52:574
[mod] [SMRTK] SMRTK_STREAM assigned=none at_station=true cargo=none command=LoadTrain effective_speed=0 line=2011-6430 passengers=0 row=train station=6430 train=2000001851 t=26280617 id=1928
[mod] [SMRTK] SMRTK_STREAM assigned=none at_station=true cargo=none command=LoadTrain effective_speed=0 line=6495-6827 passengers=0 row=train station=6495 train=2000002387 t=26280617 id=1929
[mod] [SMRTK] SMRTK_STREAM assigned=none at_station=true cargo=none command=LoadTrain effective_speed=0 line=7411-6495 passengers=0 row=train station=6495 train=2000002388 t=26280617 id=1930
[mod] [SMRTK] SMRTK_STREAM assigned=none at_station=true cargo=none command=LoadTrain effective_speed=0 line=6883-6495 passengers=0 row=train station=6495 train=2000002389 t=26280617 id=1931
[mod] [SMRTK] SMRTK_STREAM assigned=none at_station=true cargo=none command=LoadTrain effective_speed=0 line=6951-6495 passengers=0 row=train station=6495 train=2000002390 t=26280617 id=1932
[mod] [SMRTK] SMRTK_STREAM assigned=none at_station=true cargo=none command=LoadTrain effective_speed=0 line=7411-6495 passengers=0 row=train station=7411 train=2000002391 t=26280617 id=1933
[mod] [SMRTK] SMRTK_STREAM assigned=none at_station=true cargo=none command=LoadTrain effective_speed=0 line=6951-6495 passengers=0 row=train station=6951 train=2000002392 t=26280617 id=1934
[mod] [SMRTK] SMRTK_STREAM assigned=none at_station=true cargo=none command=LoadTrain effective_speed=0 line=7873-2007 passengers=0 row=train station=7873 train=2000002658 t=26280617 id=1935
[mod] [SMRTK] SMRTK_STREAM assigned=none at_station=true cargo=none command=LoadTrain effective_speed=0 line=7985-7873 passengers=0 row=train station=7873 train=2000002659 t=26280617 id=1936
						Lua 0:21:52:623
[mod] [SMRTK] SMRTK_STREAM assigned=none at_station=false cargo=none command=GotoStation effective_speed=5634 line=2012-6430 passengers=0 row=train station=6430 train=2000001844 t=26281617 id=1937
[mod] [SMRTK] SMRTK_STREAM assigned=none at_station=false cargo=none command=GotoStation effective_speed=5617 line=2011-6430 passengers=0 row=train station=6430 train=2000001845 t=26281617 id=1938
						Lua 0:21:52:673
[mod] [SMRTK] SMRTK_STREAM assigned=none at_station=false cargo=none command=GotoStation effective_speed=5621 line=2012-6430 passengers=0 row=train station=6430 train=2000001844 t=26282617 id=1939
[mod] [SMRTK] SMRTK_STREAM assigned=none at_station=false cargo=none command=GotoStation effective_speed=4955 line=2011-6430 passengers=0 row=train station=6430 train=2000001845 t=26282617 id=1940
[mod] [SMRTK] SMRTK_STREAM assigned=7985:Electronics:60000,7985:Fuel:27000,7985:MachineParts:60000 at_station=false cargo=Electronics:60000,Fuel:27000,MachineParts:60000 command=GotoStation effective_speed=4751 line=6430-7873 passengers=0 row=train station=6430 train=2000001846 t=26282617 id=1941
						Lua 0:21:52:726
[mod] [SMRTK] SMRTK_STREAM assigned=none at_station=false cargo=none command=GotoStation effective_speed=5617 line=2012-6430 passengers=0 row=train station=6430 train=2000001844 t=26283617 id=1942
[mod] [SMRTK] SMRTK_STREAM assigned=none at_station=false cargo=none command=GotoStation effective_speed=5617 line=2011-6430 passengers=0 row=train station=6430 train=2000001845 t=26283617 id=1943
[mod] [SMRTK] SMRTK_STREAM assigned=7985:Electronics:60000,7985:Fuel:27000,7985:MachineParts:60000 at_station=false cargo=Electronics:60000,Fuel:27000,MachineParts:60000 command=GotoStation effective_speed=5617 line=6430-7873 passengers=0 row=train station=6430 train=2000001846 t=26283617 id=1944
						Lua 0:21:52:773
[mod] [SMRTK] SMRTK_STREAM assigned=none at_station=true cargo=none command=false effective_speed=0 line=6430-2008 passengers=0 row=train station=6430 train=2000001849 t=26284617 id=1945
						Lua 0:21:52:874
[mod] [SMRTK] SMRTK_STREAM assigned=none at_station=true cargo=none command=false effective_speed=0 line=2012-6430 passengers=0 row=train station=6430 train=2000001848 t=26286617 id=1946
[mod] [SMRTK] SMRTK_STREAM assigned=none at_station=true cargo=none command=false effective_speed=0 line=6430-2007 passengers=0 row=train station=6430 train=2000001850 t=26286617 id=1947
[mod] [SMRTK] SMRTK_STREAM assigned=none at_station=true cargo=none command=false effective_speed=0 line=2011-6430 passengers=0 row=train station=6430 train=2000001851 t=26286617 id=1948
[mod] [SMRTK] SMRTK_STREAM assigned=none at_station=true cargo=none command=false effective_speed=0 line=6495-6827 passengers=0 row=train station=6495 train=2000002387 t=26286617 id=1949
[mod] [SMRTK] SMRTK_STREAM assigned=none at_station=true cargo=none command=false effective_speed=0 line=7411-6495 passengers=0 row=train station=6495 train=2000002388 t=26286617 id=1950
[mod] [SMRTK] SMRTK_STREAM assigned=none at_station=true cargo=none command=false effective_speed=0 line=6883-6495 passengers=0 row=train station=6495 train=2000002389 t=26286617 id=1951
[mod] [SMRTK] SMRTK_STREAM assigned=none at_station=true cargo=none command=false effective_speed=0 line=6951-6495 passengers=0 row=train station=6495 train=2000002390 t=26286617 id=1952
[mod] [SMRTK] SMRTK_STREAM assigned=none at_station=true cargo=none command=false effective_speed=0 line=7411-6495 passengers=0 row=train station=7411 train=2000002391 t=26286617 id=1953
[mod] [SMRTK] SMRTK_STREAM assigned=none at_station=true cargo=none command=false effective_speed=0 line=6951-6495 passengers=0 row=train station=6951 train=2000002392 t=26286617 id=1954
[mod] [SMRTK] SMRTK_STREAM assigned=none at_station=true cargo=none command=false effective_speed=0 line=7873-2007 passengers=0 row=train station=7873 train=2000002658 t=26286617 id=1955
[mod] [SMRTK] SMRTK_STREAM assigned=none at_station=true cargo=none command=false effective_speed=0 line=7985-7873 passengers=0 row=train station=7873 train=2000002659 t=26286617 id=1956
						Lua 0:21:52:923
[mod] [SMRTK] SMRTK_STREAM assigned=none at_station=false cargo=none command=GotoStation effective_speed=5618 line=2011-6430 passengers=0 row=train station=6430 train=2000001845 t=26287617 id=1957
						Lua 0:21:52:976
[mod] [SMRTK] SMRTK_STREAM assigned=none at_station=false cargo=none command=GotoStation effective_speed=5617 line=2011-6430 passengers=0 row=train station=6430 train=2000001845 t=26288617 id=1958
[mod] [SMRTK] SMRTK_STREAM assigned=7985:Electronics:60000,7985:Fuel:27000,7985:MachineParts:60000 at_station=false cargo=Electronics:60000,Fuel:27000,MachineParts:60000 command=GotoStation effective_speed=4956 line=6430-7873 passengers=0 row=train station=6430 train=2000001846 t=26288617 id=1959
						Lua 0:21:53:023
[mod] [SMRTK] SMRTK_STREAM assigned=7985:Electronics:60000,7985:Fuel:27000,7985:MachineParts:60000 at_station=false cargo=Electronics:60000,Fuel:27000,MachineParts:60000 command=GotoStation effective_speed=5617 line=6430-7873 passengers=0 row=train station=6430 train=2000001846 t=26289617 id=1960
						Lua 0:21:53:073
[mod] [SMRTK] SMRTK_STREAM assigned=none at_station=false cargo=none command=GotoStation effective_speed=5612 line=2011-6430 passengers=0 row=train station=6430 train=2000001845 t=26290617 id=1961
						Lua 0:21:53:124
[mod] [SMRTK] SMRTK_STREAM assigned=none at_station=false cargo=none command=GotoStation effective_speed=5674 line=2012-6430 passengers=0 row=train station=6430 train=2000001844 t=26291617 id=1962
[mod] [SMRTK] SMRTK_STREAM assigned=none at_station=false cargo=none command=GotoStation effective_speed=2798 line=2011-6430 passengers=0 row=train station=6430 train=2000001845 t=26291617 id=1963
[mod] [SMRTK] SMRTK_STREAM assigned=7985:Electronics:60000,7985:Fuel:27000,7985:MachineParts:60000 at_station=false cargo=Electronics:60000,Fuel:27000,MachineParts:60000 command=GotoStation effective_speed=5607 line=6430-7873 passengers=0 row=train station=6430 train=2000001846 t=26291617 id=1964
						Lua 0:21:53:173
[mod] [SMRTK] SMRTK_STREAM assigned=none at_station=false cargo=none command=GotoStation effective_speed=5617 line=2012-6430 passengers=0 row=train station=6430 train=2000001844 t=26292617 id=1965
						Lua 0:21:53:174
[mod] [SMRTK] SMRTK_STREAM assigned=none at_station=false cargo=none command=GotoStation effective_speed=287 line=2011-6430 passengers=0 row=train station=6430 train=2000001845 t=26292617 id=1966
[mod] [SMRTK] SMRTK_STREAM assigned=7985:Electronics:60000,7985:Fuel:27000,7985:MachineParts:60000 at_station=false cargo=Electronics:60000,Fuel:27000,MachineParts:60000 command=GotoStation effective_speed=5617 line=6430-7873 passengers=0 row=train station=6430 train=2000001846 t=26292617 id=1967
						Lua 0:21:53:226
[mod] [SMRTK] SMRTK_STREAM assigned=none at_station=false cargo=none command=GotoStation effective_speed=5612 line=2012-6430 passengers=0 row=train station=6430 train=2000001844 t=26293617 id=1968
[mod] [SMRTK] SMRTK_STREAM assigned=none at_station=true cargo=none command=UnloadTrain effective_speed=0 line=2011-6430 passengers=0 row=train station=2011 train=2000001845 t=26293617 id=1969
[mod] [SMRTK] SMRTK_STREAM assigned=7985:Electronics:60000,7985:Fuel:27000,7985:MachineParts:60000 at_station=false cargo=Electronics:60000,Fuel:27000,MachineParts:60000 command=GotoStation effective_speed=5622 line=6430-7873 passengers=0 row=train station=6430 train=2000001846 t=26293617 id=1970
						Lua 0:21:53:273
[mod] [SMRTK] SMRTK_STREAM assigned=none at_station=false cargo=none command=GotoStation effective_speed=4124 line=2012-6430 passengers=0 row=train station=6430 train=2000001844 t=26294617 id=1971
[mod] [SMRTK] SMRTK_STREAM assigned=7985:Electronics:60000,7985:Fuel:27000,7985:MachineParts:60000 at_station=false cargo=Electronics:60000,Fuel:27000,MachineParts:60000 command=GotoStation effective_speed=5617 line=7985-7873 passengers=0 row=train station=7873 train=2000001846 t=26294617 id=1972
						Lua 0:21:53:323
[mod] [SMRTK] SMRTK_STREAM assigned=none at_station=false cargo=none command=GotoStation effective_speed=1520 line=2012-6430 passengers=0 row=train station=6430 train=2000001844 t=26295617 id=1973
						Lua 0:21:53:373
[mod] [SMRTK] SMRTK_STREAM assigned=none at_station=true cargo=none command=UnloadTrain effective_speed=0 line=2012-6430 passengers=0 row=train station=2012 train=2000001844 t=26296617 id=1974
						Lua 0:21:53:475
[mod] [SMRTK] SMRTK_STREAM assigned=7985:Electronics:60000,7985:Fuel:27000,7985:MachineParts:60000 at_station=false cargo=Electronics:60000,Fuel:27000,MachineParts:60000 command=GotoStation effective_speed=5612 line=7985-7873 passengers=0 row=train station=7873 train=2000001846 t=26298617 id=1975
						Lua 0:21:53:523
[mod] [SMRTK] SMRTK_STREAM assigned=none at_station=true cargo=none command=LoadTrain effective_speed=0 line=2011-6430 passengers=0 row=train station=2011 train=2000001845 t=26299617 id=1976
[mod] [SMRTK] SMRTK_STREAM assigned=7985:Electronics:60000,7985:Fuel:27000,7985:MachineParts:60000 at_station=false cargo=Electronics:60000,Fuel:27000,MachineParts:60000 command=GotoStation effective_speed=5621 line=7985-7873 passengers=0 row=train station=7873 train=2000001846 t=26299617 id=1977
						Lua 0:21:53:574
[mod] [SMRTK] SMRTK_STREAM assigned=7985:Electronics:60000,7985:Fuel:27000,7985:MachineParts:60000 at_station=false cargo=Electronics:60000,Fuel:27000,MachineParts:60000 command=GotoStation effective_speed=5617 line=7985-7873 passengers=0 row=train station=7873 train=2000001846 t=26300617 id=1978
						Lua 0:21:53:623
[mod] [SMRTK] SMRTK_STREAM assigned=7985:Electronics:60000,7985:Fuel:27000,7985:MachineParts:60000 at_station=false cargo=Electronics:60000,Fuel:27000,MachineParts:60000 command=GotoStation effective_speed=5621 line=7985-7873 passengers=0 row=train station=7873 train=2000001846 t=26301617 id=1979
						Lua 0:21:53:673
[mod] [SMRTK] SMRTK_STREAM assigned=none at_station=true cargo=none command=LoadTrain effective_speed=0 line=2012-6430 passengers=0 row=train station=2012 train=2000001844 t=26302617 id=1980
[mod] [SMRTK] SMRTK_STREAM assigned=7985:Electronics:60000,7985:Fuel:27000,7985:MachineParts:60000 at_station=false cargo=Electronics:60000,Fuel:27000,MachineParts:60000 command=GotoStation effective_speed=5617 line=7985-7873 passengers=0 row=train station=7873 train=2000001846 t=26302617 id=1981
						Lua 0:21:53:774
[mod] [SMRTK] SMRTK_STREAM assigned=7985:Electronics:60000,7985:Fuel:27000,7985:MachineParts:60000 at_station=false cargo=Electronics:60000,Fuel:27000,MachineParts:60000 command=GotoStation effective_speed=5647 line=7985-7873 passengers=0 row=train station=7873 train=2000001846 t=26304617 id=1982
						Lua 0:21:53:823
[mod] [SMRTK] SMRTK_STREAM assigned=none at_station=false cargo=none command=GotoStation effective_speed=1461 line=2011-6430 passengers=0 row=train station=2011 train=2000001845 t=26305617 id=1983
[mod] [SMRTK] SMRTK_STREAM assigned=7985:Electronics:60000,7985:Fuel:27000,7985:MachineParts:60000 at_station=false cargo=Electronics:60000,Fuel:27000,MachineParts:60000 command=GotoStation effective_speed=5612 line=7985-7873 passengers=0 row=train station=7873 train=2000001846 t=26305617 id=1984
						Lua 0:21:53:873
[mod] [SMRTK] SMRTK_STREAM assigned=none at_station=false cargo=none command=GotoStation effective_speed=1705 line=2011-6430 passengers=0 row=train station=2011 train=2000001845 t=26306617 id=1985
						Lua 0:21:53:923
[mod] [SMRTK] SMRTK_STREAM assigned=none at_station=false cargo=none command=GotoStation effective_speed=4854 line=2011-6430 passengers=0 row=train station=2011 train=2000001845 t=26307617 id=1986
						Lua 0:21:53:976
[mod] [SMRTK] SMRTK_STREAM assigned=none at_station=false cargo=none command=GotoStation effective_speed=765 line=2012-6430 passengers=0 row=train station=2012 train=2000001844 t=26308617 id=1987
[mod] [SMRTK] SMRTK_STREAM assigned=none at_station=false cargo=none command=GotoStation effective_speed=5617 line=2011-6430 passengers=0 row=train station=2011 train=2000001845 t=26308617 id=1988
[mod] [SMRTK] SMRTK_STREAM assigned=7985:Electronics:60000,7985:Fuel:27000,7985:MachineParts:60000 at_station=false cargo=Electronics:60000,Fuel:27000,MachineParts:60000 command=GotoStation effective_speed=5621 line=7985-7873 passengers=0 row=train station=7873 train=2000001846 t=26308617 id=1989
						Lua 0:21:54:023
[mod] [SMRTK] SMRTK_STREAM assigned=none at_station=false cargo=none command=GotoStation effective_speed=1569 line=2012-6430 passengers=0 row=train station=2012 train=2000001844 t=26309617 id=1990
[mod] [SMRTK] SMRTK_STREAM assigned=7985:Electronics:60000,7985:Fuel:27000,7985:MachineParts:60000 at_station=false cargo=Electronics:60000,Fuel:27000,MachineParts:60000 command=GotoStation effective_speed=5612 line=7985-7873 passengers=0 row=train station=7873 train=2000001846 t=26309617 id=1991
						Lua 0:21:54:073
[mod] [SMRTK] SMRTK_STREAM assigned=none at_station=false cargo=none command=GotoStation effective_speed=1819 line=2012-6430 passengers=0 row=train station=2012 train=2000001844 t=26310617 id=1992
[mod] [SMRTK] SMRTK_STREAM assigned=none at_station=false cargo=none command=GotoStation effective_speed=5607 line=2011-6430 passengers=0 row=train station=2011 train=2000001845 t=26310617 id=1993
[mod] [SMRTK] SMRTK_STREAM assigned=none at_station=true cargo=none command=LoadTrain effective_speed=0 line=2012-6430 passengers=0 row=train station=6430 train=2000001848 t=26310617 id=1994
[mod] [SMRTK] SMRTK_STREAM assigned=none at_station=true cargo=none command=LoadTrain effective_speed=0 line=6430-2008 passengers=0 row=train station=6430 train=2000001849 t=26310617 id=1995
[mod] [SMRTK] SMRTK_STREAM assigned=none at_station=true cargo=none command=LoadTrain effective_speed=0 line=6430-2007 passengers=0 row=train station=6430 train=2000001850 t=26310617 id=1996
[mod] [SMRTK] SMRTK_STREAM assigned=none at_station=true cargo=none command=LoadTrain effective_speed=0 line=2011-6430 passengers=0 row=train station=6430 train=2000001851 t=26310617 id=1997
[mod] [SMRTK] SMRTK_STREAM assigned=none at_station=true cargo=none command=LoadTrain effective_speed=0 line=6495-6827 passengers=0 row=train station=6495 train=2000002387 t=26310617 id=1998
[mod] [SMRTK] SMRTK_STREAM assigned=none at_station=true cargo=none command=LoadTrain effective_speed=0 line=7411-6495 passengers=0 row=train station=6495 train=2000002388 t=26310617 id=1999
[mod] [SMRTK] SMRTK_STREAM assigned=none at_station=true cargo=none command=LoadTrain effective_speed=0 line=6883-6495 passengers=0 row=train station=6495 train=2000002389 t=26310617 id=2000
[mod] [SMRTK] SMRTK_STREAM assigned=none at_station=true cargo=none command=LoadTrain effective_speed=0 line=6951-6495 passengers=0 row=train station=6495 train=2000002390 t=26310617 id=2001
[mod] [SMRTK] SMRTK_STREAM assigned=none at_station=true cargo=none command=LoadTrain effective_speed=0 line=7411-6495 passengers=0 row=train station=7411 train=2000002391 t=26310617 id=2002
						Lua 0:21:54:074
[mod] [SMRTK] SMRTK_STREAM assigned=none at_station=true cargo=none command=LoadTrain effective_speed=0 line=6951-6495 passengers=0 row=train station=6951 train=2000002392 t=26310617 id=2003
[mod] [SMRTK] SMRTK_STREAM assigned=none at_station=true cargo=none command=LoadTrain effective_speed=0 line=7873-2007 passengers=0 row=train station=7873 train=2000002658 t=26310617 id=2004
[mod] [SMRTK] SMRTK_STREAM assigned=none at_station=true cargo=none command=LoadTrain effective_speed=0 line=7985-7873 passengers=0 row=train station=7873 train=2000002659 t=26310617 id=2005
						Lua 0:21:54:123
[mod] [SMRTK] SMRTK_STREAM assigned=none at_station=false cargo=none command=GotoStation effective_speed=5617 line=2012-6430 passengers=0 row=train station=2012 train=2000001844 t=26311617 id=2006
[mod] [SMRTK] SMRTK_STREAM assigned=none at_station=false cargo=none command=GotoStation effective_speed=5617 line=2011-6430 passengers=0 row=train station=2011 train=2000001845 t=26311617 id=2007
[mod] [SMRTK] SMRTK_STREAM assigned=7985:Electronics:60000,7985:Fuel:27000,7985:MachineParts:60000 at_station=false cargo=Electronics:60000,Fuel:27000,MachineParts:60000 command=GotoStation effective_speed=5617 line=7985-7873 passengers=0 row=train station=7873 train=2000001846 t=26311617 id=2008
						Lua 0:21:54:174
[mod] [SMRTK] SMRTK_STREAM assigned=none at_station=false cargo=none command=GotoStation effective_speed=5621 line=2012-6430 passengers=0 row=train station=2012 train=2000001844 t=26312617 id=2009
						Lua 0:21:54:226
[mod] [SMRTK] SMRTK_STREAM assigned=none at_station=false cargo=none command=GotoStation effective_speed=4750 line=2012-6430 passengers=0 row=train station=2012 train=2000001844 t=26313617 id=2010
[mod] [SMRTK] SMRTK_STREAM assigned=7985:Electronics:60000,7985:Fuel:27000,7985:MachineParts:60000 at_station=false cargo=Electronics:60000,Fuel:27000,MachineParts:60000 command=GotoStation effective_speed=5612 line=7985-7873 passengers=0 row=train station=7873 train=2000001846 t=26313617 id=2011
						Lua 0:21:54:273
[mod] [SMRTK] SMRTK_STREAM assigned=none at_station=false cargo=none command=GotoStation effective_speed=5617 line=2012-6430 passengers=0 row=train station=2012 train=2000001844 t=26314617 id=2012
[mod] [SMRTK] SMRTK_STREAM assigned=7985:Electronics:60000,7985:Fuel:27000,7985:MachineParts:60000 at_station=false cargo=Electronics:60000,Fuel:27000,MachineParts:60000 command=GotoStation effective_speed=5617 line=7985-7873 passengers=0 row=train station=7873 train=2000001846 t=26314617 id=2013
						Lua 0:21:54:323
[mod] [SMRTK] SMRTK_STREAM assigned=none at_station=false cargo=none command=GotoStation effective_speed=4956 line=2011-6430 passengers=0 row=train station=2011 train=2000001845 t=26315617 id=2014
						Lua 0:21:54:324
[mod] [SMRTK] SMRTK_STREAM assigned=7985:Electronics:60000,7985:Fuel:27000,7985:MachineParts:60000 at_station=false cargo=Electronics:60000,Fuel:27000,MachineParts:60000 command=GotoStation effective_speed=5612 line=7985-7873 passengers=0 row=train station=7873 train=2000001846 t=26315617 id=2015
						Lua 0:21:54:373
[mod] [SMRTK] SMRTK_STREAM assigned=none at_station=false cargo=none command=GotoStation effective_speed=5617 line=2011-6430 passengers=0 row=train station=2011 train=2000001845 t=26316617 id=2016
[mod] [SMRTK] SMRTK_STREAM assigned=7985:Electronics:60000,7985:Fuel:27000,7985:MachineParts:60000 at_station=false cargo=Electronics:60000,Fuel:27000,MachineParts:60000 command=GotoStation effective_speed=2806 line=7985-7873 passengers=0 row=train station=7873 train=2000001846 t=26316617 id=2017
[mod] [SMRTK] SMRTK_STREAM assigned=none at_station=true cargo=none command=GotoStation effective_speed=0 line=6430-2008 passengers=0 row=train station=6430 train=2000001848 t=26316617 id=2018
[mod] [SMRTK] SMRTK_STREAM assigned=none at_station=true cargo=none command=false effective_speed=0 line=6430-2008 passengers=0 row=train station=6430 train=2000001849 t=26316617 id=2019
[mod] [SMRTK] SMRTK_STREAM assigned=none at_station=true cargo=none command=false effective_speed=0 line=6430-2007 passengers=0 row=train station=6430 train=2000001850 t=26316617 id=2020
						Lua 0:21:54:374
[mod] [SMRTK] SMRTK_STREAM assigned=none at_station=false cargo=none command=GotoStation effective_speed=4470 line=6430-2007 passengers=0 row=train station=6430 train=2000001851 t=26316617 id=2021
[mod] [SMRTK] SMRTK_STREAM assigned=none at_station=true cargo=none command=false effective_speed=0 line=6495-6827 passengers=0 row=train station=6495 train=2000002387 t=26316617 id=2022
[mod] [SMRTK] SMRTK_STREAM assigned=none at_station=true cargo=none command=false effective_speed=0 line=7411-6495 passengers=0 row=train station=6495 train=2000002388 t=26316617 id=2023
[mod] [SMRTK] SMRTK_STREAM assigned=none at_station=true cargo=none command=false effective_speed=0 line=6883-6495 passengers=0 row=train station=6495 train=2000002389 t=26316617 id=2024
[mod] [SMRTK] SMRTK_STREAM assigned=none at_station=true cargo=none command=false effective_speed=0 line=6951-6495 passengers=0 row=train station=6495 train=2000002390 t=26316617 id=2025
[mod] [SMRTK] SMRTK_STREAM assigned=none at_station=true cargo=none command=false effective_speed=0 line=7411-6495 passengers=0 row=train station=7411 train=2000002391 t=26316617 id=2026
[mod] [SMRTK] SMRTK_STREAM assigned=none at_station=true cargo=none command=false effective_speed=0 line=6951-6495 passengers=0 row=train station=6951 train=2000002392 t=26316617 id=2027
[mod] [SMRTK] SMRTK_STREAM assigned=none at_station=true cargo=none command=false effective_speed=0 line=7873-2007 passengers=0 row=train station=7873 train=2000002658 t=26316617 id=2028
[mod] [SMRTK] SMRTK_STREAM assigned=none at_station=true cargo=none command=false effective_speed=0 line=7985-7873 passengers=0 row=train station=7873 train=2000002659 t=26316617 id=2029
						Lua 0:21:54:423
[mod] [SMRTK] SMRTK_STREAM assigned=none at_station=false cargo=none command=GotoStation effective_speed=5638 line=2011-6430 passengers=0 row=train station=2011 train=2000001845 t=26317617 id=2030
[mod] [SMRTK] SMRTK_STREAM assigned=7985:Electronics:60000,7985:Fuel:27000,7985:MachineParts:60000 at_station=false cargo=Electronics:60000,Fuel:27000,MachineParts:60000 command=GotoStation effective_speed=1765 line=7985-7873 passengers=0 row=train station=7873 train=2000001846 t=26317617 id=2031
[mod] [SMRTK] SMRTK_STREAM assigned=none at_station=false cargo=none command=GotoStation effective_speed=1397 line=6430-2007 passengers=0 row=train station=6430 train=2000001851 t=26317617 id=2032
						Lua 0:21:54:477
[mod] [SMRTK] SMRTK_STREAM assigned=none at_station=false cargo=none command=GotoStation effective_speed=5617 line=2011-6430 passengers=0 row=train station=2011 train=2000001845 t=26318617 id=2033
[mod] [SMRTK] SMRTK_STREAM assigned=7985:Electronics:60000,7985:Fuel:27000,7985:MachineParts:60000 at_station=false cargo=Electronics:60000,Fuel:27000,MachineParts:60000 command=GotoStation effective_speed=727 line=7985-7873 passengers=0 row=train station=7873 train=2000001846 t=26318617 id=2034
[mod] [SMRTK] SMRTK_STREAM assigned=none at_station=false cargo=none command=GotoStation effective_speed=351 line=6430-2007 passengers=0 row=train station=6430 train=2000001851 t=26318617 id=2035
						Lua 0:21:54:523
[mod] [SMRTK] SMRTK_STREAM assigned=none at_station=false cargo=none command=GotoStation effective_speed=5631 line=2011-6430 passengers=0 row=train station=2011 train=2000001845 t=26319617 id=2036
[mod] [SMRTK] SMRTK_STREAM assigned=7985:Electronics:60000,7985:Fuel:27000,7985:MachineParts:60000 at_station=true cargo=Electronics:60000,Fuel:27000,MachineParts:60000 command=UnloadTrain effective_speed=0 line=7985-7873 passengers=0 row=train station=7985 train=2000001846 t=26319617 id=2037
[mod] [SMRTK] SMRTK_STREAM assigned=none at_station=false cargo=none command=GotoStation effective_speed=1873 line=6430-2007 passengers=0 row=train station=6430 train=2000001851 t=26319617 id=2038
						Lua 0:21:54:573
[mod] [SMRTK] SMRTK_STREAM assigned=none at_station=false cargo=none command=GotoStation effective_speed=5617 line=2011-6430 passengers=0 row=train station=2011 train=2000001845 t=26320617 id=2039
[mod] [SMRTK] SMRTK_STREAM assigned=none at_station=false cargo=none command=GotoStation effective_speed=4683 line=6430-2008 passengers=0 row=train station=6430 train=2000001848 t=26320617 id=2040
[mod] [SMRTK] SMRTK_STREAM assigned=none at_station=false cargo=none command=GotoStation effective_speed=5617 line=6430-2007 passengers=0 row=train station=6430 train=2000001851 t=26320617 id=2041
						Lua 0:21:54:626
[mod] [SMRTK] SMRTK_STREAM assigned=none at_station=false cargo=none command=GotoStation effective_speed=4956 line=2011-6430 passengers=0 row=train station=2011 train=2000001845 t=26321617 id=2042
[mod] [SMRTK] SMRTK_STREAM assigned=none at_station=false cargo=none command=GotoStation effective_speed=1608 line=6430-2008 passengers=0 row=train station=6430 train=2000001848 t=26321617 id=2043
						Lua 0:21:54:673
[mod] [SMRTK] SMRTK_STREAM assigned=none at_station=false cargo=none command=GotoStation effective_speed=4750 line=2012-6430 passengers=0 row=train station=2012 train=2000001844 t=26322617 id=2044
[mod] [SMRTK] SMRTK_STREAM assigned=none at_station=false cargo=none command=GotoStation effective_speed=5617 line=2011-6430 passengers=0 row=train station=2011 train=2000001845 t=26322617 id=2045
[mod] [SMRTK] SMRTK_STREAM assigned=none at_station=false cargo=none command=GotoStation effective_speed=355 line=6430-2008 passengers=0 row=train station=6430 train=2000001848 t=26322617 id=2046
						Lua 0:21:54:726
[mod] [SMRTK] SMRTK_STREAM assigned=none at_station=false cargo=none command=GotoStation effective_speed=5617 line=2012-6430 passengers=0 row=train station=2012 train=2000001844 t=26323617 id=2047
[mod] [SMRTK] SMRTK_STREAM assigned=none at_station=false cargo=none command=GotoStation effective_speed=1873 line=6430-2008 passengers=0 row=train station=6430 train=2000001848 t=26323617 id=2048
						Lua 0:21:54:773
[mod] [SMRTK] SMRTK_STREAM assigned=none at_station=false cargo=none command=GotoStation effective_speed=5617 line=6430-2008 passengers=0 row=train station=6430 train=2000001848 t=26324617 id=2049
						Lua 0:21:54:804
[TrainHubDev] lights: arm 0, flanks the reactor (red flank) = B2 "Deep blue wash" (SpotLight), 12 lights, engine bearing 0 deg
						Lua 0:21:54:805
[TrainHubDev] lights: arm 1, flanks the reactor (blue flank) = B2 "Deep blue wash" (SpotLight), 12 lights, engine bearing 60 deg
[TrainHubDev] lights: arm 2, next to the blue flank = B2 "Deep blue wash" (SpotLight), 12 lights, engine bearing 120 deg
						Lua 0:21:54:806
[TrainHubDev] lights: arm 3, opposite the red flank = B2 "Deep blue wash" (SpotLight), 12 lights, engine bearing 180 deg
[TrainHubDev] lights: arm 4, opposite the blue flank = B2 "Deep blue wash" (SpotLight), 12 lights, engine bearing 240 deg
[TrainHubDev] lights: arm 5, next to the red flank = B2 "Deep blue wash" (SpotLight), 12 lights, engine bearing 300 deg
[TrainHubDev] lights: arm tune intensity 50, side 150 cm, height 200 cm, radius 500 cm, cone 50/100, colour 0,40,255
						Lua 0:21:54:807
[TrainHubDev] structure lights: portal rims ON, 30 lights (intensity 4, radius 350 cm)
[TrainHubDev] structure lights: drone pit kerb OFF, 0 lights (intensity 15, radius 300 cm)
[TrainHubDev] structure lights: ring rim strip OFF, 0 lights (intensity 12, radius 400 cm)
[TrainHubDev] structure lights: floor edge strip OFF, 0 lights (intensity 30, radius 300 cm)
[TrainHubDev] structure lights: crown floor light ON, 1 lights (intensity 150, radius 4000 cm)
[TrainHubDev] structure lights: crown floor light follows the VANILLA night schedule (OnMsg.LightmodelChange -> map.NightLightsState, NightLightObjects.lua:250-259, :22 on build 1.1.0.403908); it is NIGHT now, so it is LIT -- hanging at z 1900 cm, colour 255,214,170, cone 0/0
[TrainHubDev] structure lights: under-deck fill ON, 18 lights (intensity 40, radius 1200 cm)
[TrainHubDev] structure lights: under-deck fill follows the VANILLA night schedule (OnMsg.LightmodelChange -> map.NightLightsState, NightLightObjects.lua:250-259, :22 on build 1.1.0.403908); it is NIGHT now, so it is LIT -- hanging at z 700 cm, colour 255,214,170, cone 0/0
[TrainHubDev] lights: 121 placed (72 arm + 49 structure); a stopped hub destroys them all
						Lua 0:21:54:823
[mod] [SMRTK] SMRTK_STREAM assigned=none at_station=true cargo=none command=LoadTrain effective_speed=0 line=7985-7873 passengers=0 row=train station=7985 train=2000001846 t=26325617 id=2050
[mod] [SMRTK] SMRTK_STREAM assigned=none at_station=false cargo=none command=GotoStation effective_speed=5621 line=6430-2008 passengers=0 row=train station=6430 train=2000001848 t=26325617 id=2051
						Lua 0:21:54:824
[mod] [SMRTK] SMRTK_STREAM before=0 calls=16 cubes=none expected_cubes=none hub=false res=MachineParts row=stock station=7985 stock=60000 target=60000 t=26325617 id=2052
						Lua 0:21:54:825
[mod] [SMRTK] SMRTK_STREAM before=0 calls=16 cubes=none expected_cubes=none hub=false res=Electronics row=stock station=7985 stock=60000 target=60000 t=26325617 id=2053
[mod] [SMRTK] SMRTK_STREAM before=0 calls=16 cubes=none expected_cubes=none hub=false res=Fuel row=stock station=7985 stock=27000 target=60000 t=26325617 id=2054
						Lua 0:21:54:873
[mod] [SMRTK] SMRTK_STREAM assigned=none at_station=false cargo=none command=GotoStation effective_speed=5612 line=6430-2008 passengers=0 row=train station=6430 train=2000001848 t=26326617 id=2055
[mod] [SMRTK] SMRTK_STREAM assigned=none at_station=false cargo=none command=GotoStation effective_speed=5631 line=6430-2007 passengers=0 row=train station=6430 train=2000001851 t=26326617 id=2056
						Lua 0:21:54:923
[mod] [SMRTK] SMRTK_STREAM assigned=none at_station=false cargo=none command=GotoStation effective_speed=5617 line=6430-2008 passengers=0 row=train station=6430 train=2000001848 t=26327617 id=2057
[mod] [SMRTK] SMRTK_STREAM assigned=none at_station=false cargo=none command=GotoStation effective_speed=5617 line=6430-2007 passengers=0 row=train station=6430 train=2000001851 t=26327617 id=2058
						Lua 0:21:55:073
[mod] [SMRTK] SMRTK_STREAM assigned=none at_station=false cargo=none command=GotoStation effective_speed=4655 line=6430-2008 passengers=0 row=train station=6430 train=2000001848 t=26330617 id=2059
[mod] [SMRTK] SMRTK_STREAM assigned=none at_station=false cargo=none command=GotoStation effective_speed=5628 line=6430-2007 passengers=0 row=train station=6430 train=2000001851 t=26330617 id=2060
						Lua 0:21:55:124
[mod] [SMRTK] SMRTK_STREAM assigned=none at_station=false cargo=none command=GotoStation effective_speed=5631 line=2012-6430 passengers=0 row=train station=2012 train=2000001844 t=26331617 id=2061
[mod] [SMRTK] SMRTK_STREAM assigned=none at_station=false cargo=none command=GotoStation effective_speed=596 line=7985-7873 passengers=0 row=train station=7985 train=2000001846 t=26331617 id=2062
[mod] [SMRTK] SMRTK_STREAM assigned=none at_station=false cargo=none command=GotoStation effective_speed=1783 line=6430-2008 passengers=0 row=train station=6430 train=2000001848 t=26331617 id=2063
[mod] [SMRTK] SMRTK_STREAM assigned=none at_station=false cargo=none command=GotoStation effective_speed=5617 line=6430-2007 passengers=0 row=train station=6430 train=2000001851 t=26331617 id=2064
						Lua 0:21:55:173
[mod] [SMRTK] SMRTK_STREAM assigned=none at_station=false cargo=none command=GotoStation effective_speed=5617 line=2012-6430 passengers=0 row=train station=2012 train=2000001844 t=26332617 id=2065
[mod] [SMRTK] SMRTK_STREAM assigned=none at_station=false cargo=none command=GotoStation effective_speed=1490 line=7985-7873 passengers=0 row=train station=7985 train=2000001846 t=26332617 id=2066
[mod] [SMRTK] SMRTK_STREAM assigned=none at_station=true cargo=none command=UnloadTrain effective_speed=0 line=6430-2008 passengers=0 row=train station=2008 train=2000001848 t=26332617 id=2067
						Lua 0:21:55:226
[mod] [SMRTK] SMRTK_STREAM assigned=none at_station=false cargo=none command=GotoStation effective_speed=1631 line=7985-7873 passengers=0 row=train station=7985 train=2000001846 t=26333617 id=2068
						Lua 0:21:55:277
[mod] [SMRTK] SMRTK_STREAM assigned=none at_station=false cargo=none command=GotoStation effective_speed=1771 line=7985-7873 passengers=0 row=train station=7985 train=2000001846 t=26334617 id=2069
						Lua 0:21:55:323
[mod] [SMRTK] SMRTK_STREAM assigned=none at_station=false cargo=none command=GotoStation effective_speed=5612 line=2012-6430 passengers=0 row=train station=2012 train=2000001844 t=26335617 id=2070
[mod] [SMRTK] SMRTK_STREAM assigned=none at_station=false cargo=none command=GotoStation effective_speed=4204 line=7985-7873 passengers=0 row=train station=7985 train=2000001846 t=26335617 id=2071
						Lua 0:21:55:374
[mod] [SMRTK] SMRTK_STREAM assigned=none at_station=false cargo=none command=GotoStation effective_speed=5617 line=2012-6430 passengers=0 row=train station=2012 train=2000001844 t=26336617 id=2072
[mod] [SMRTK] SMRTK_STREAM assigned=none at_station=false cargo=none command=GotoStation effective_speed=5617 line=7985-7873 passengers=0 row=train station=7985 train=2000001846 t=26336617 id=2073
						Lua 0:21:55:423
[mod] [SMRTK] SMRTK_STREAM assigned=none at_station=false cargo=none command=GotoStation effective_speed=727 line=2012-6430 passengers=0 row=train station=2012 train=2000001844 t=26337617 id=2074
[mod] [SMRTK] SMRTK_STREAM assigned=none at_station=false cargo=none command=GotoStation effective_speed=3805 line=6430-2007 passengers=0 row=train station=6430 train=2000001851 t=26337617 id=2075
						Lua 0:21:55:474
[mod] [SMRTK] SMRTK_STREAM assigned=none at_station=false cargo=none command=GotoStation effective_speed=214 line=2012-6430 passengers=0 row=train station=2012 train=2000001844 t=26338617 id=2076
[mod] [SMRTK] SMRTK_STREAM assigned=none at_station=false cargo=none command=GotoStation effective_speed=0 line=2011-6430 passengers=0 row=train station=2011 train=2000001845 t=26338617 id=2077
[mod] [SMRTK] SMRTK_STREAM assigned=none at_station=true cargo=none command=LoadTrain effective_speed=0 line=6430-2008 passengers=0 row=train station=2008 train=2000001848 t=26338617 id=2078
[mod] [SMRTK] SMRTK_STREAM assigned=none at_station=false cargo=none command=GotoStation effective_speed=1293 line=6430-2007 passengers=0 row=train station=6430 train=2000001851 t=26338617 id=2079
						Lua 0:21:55:523
[mod] [SMRTK] SMRTK_STREAM assigned=none at_station=false cargo=none command=GotoStation effective_speed=1868 line=2012-6430 passengers=0 row=train station=2012 train=2000001844 t=26339617 id=2080
[mod] [SMRTK] SMRTK_STREAM assigned=none at_station=true cargo=none command=UnloadTrain effective_speed=0 line=6430-2007 passengers=0 row=train station=2007 train=2000001851 t=26339617 id=2081
						Lua 0:21:55:573
[mod] [SMRTK] SMRTK_STREAM assigned=none at_station=false cargo=none command=GotoStation effective_speed=1298 line=2012-6430 passengers=0 row=train station=2012 train=2000001844 t=26340617 id=2082
[mod] [SMRTK] SMRTK_STREAM assigned=none at_station=false cargo=none command=GotoStation effective_speed=5621 line=7985-7873 passengers=0 row=train station=7985 train=2000001846 t=26340617 id=2083
[mod] [SMRTK] SMRTK_STREAM assigned=none at_station=true cargo=none command=LoadTrain effective_speed=0 line=6430-2008 passengers=0 row=train station=6430 train=2000001849 t=26340617 id=2084
[mod] [SMRTK] SMRTK_STREAM assigned=none at_station=true cargo=none command=LoadTrain effective_speed=0 line=6430-2007 passengers=0 row=train station=6430 train=2000001850 t=26340617 id=2085
						Lua 0:21:55:574
[mod] [SMRTK] SMRTK_STREAM assigned=none at_station=true cargo=none command=LoadTrain effective_speed=0 line=6495-6827 passengers=0 row=train station=6495 train=2000002387 t=26340617 id=2086
[mod] [SMRTK] SMRTK_STREAM assigned=none at_station=true cargo=none command=LoadTrain effective_speed=0 line=7411-6495 passengers=0 row=train station=6495 train=2000002388 t=26340617 id=2087
[mod] [SMRTK] SMRTK_STREAM assigned=none at_station=true cargo=none command=LoadTrain effective_speed=0 line=6883-6495 passengers=0 row=train station=6495 train=2000002389 t=26340617 id=2088
[mod] [SMRTK] SMRTK_STREAM assigned=none at_station=true cargo=none command=LoadTrain effective_speed=0 line=6951-6495 passengers=0 row=train station=6495 train=2000002390 t=26340617 id=2089
[mod] [SMRTK] SMRTK_STREAM assigned=none at_station=true cargo=none command=LoadTrain effective_speed=0 line=7411-6495 passengers=0 row=train station=7411 train=2000002391 t=26340617 id=2090
[mod] [SMRTK] SMRTK_STREAM assigned=none at_station=true cargo=none command=LoadTrain effective_speed=0 line=6951-6495 passengers=0 row=train station=6951 train=2000002392 t=26340617 id=2091
[mod] [SMRTK] SMRTK_STREAM assigned=none at_station=true cargo=none command=LoadTrain effective_speed=0 line=7873-2007 passengers=0 row=train station=7873 train=2000002658 t=26340617 id=2092
[mod] [SMRTK] SMRTK_STREAM assigned=none at_station=true cargo=none command=LoadTrain effective_speed=0 line=7985-7873 passengers=0 row=train station=7873 train=2000002659 t=26340617 id=2093
						Lua 0:21:55:623
[mod] [SMRTK] SMRTK_STREAM assigned=none at_station=true cargo=none command=UnloadTrain effective_speed=0 line=2012-6430 passengers=0 row=train station=6430 train=2000001844 t=26341617 id=2094
[mod] [SMRTK] SMRTK_STREAM assigned=none at_station=false cargo=none command=GotoStation effective_speed=83 line=2011-6430 passengers=0 row=train station=2011 train=2000001845 t=26341617 id=2095
[mod] [SMRTK] SMRTK_STREAM assigned=none at_station=false cargo=none command=GotoStation effective_speed=5617 line=7985-7873 passengers=0 row=train station=7985 train=2000001846 t=26341617 id=2096
						Lua 0:21:55:724
[mod] [SMRTK] SMRTK_STREAM assigned=none at_station=false cargo=none command=GotoStation effective_speed=950 line=2011-6430 passengers=0 row=train station=2011 train=2000001845 t=26343617 id=2097
						Lua 0:21:55:773
[mod] [SMRTK] SMRTK_STREAM assigned=none at_station=false cargo=none command=GotoStation effective_speed=1088 line=2011-6430 passengers=0 row=train station=2011 train=2000001845 t=26344617 id=2098
[mod] [SMRTK] SMRTK_STREAM assigned=none at_station=false cargo=none command=GotoStation effective_speed=610 line=6430-2008 passengers=0 row=train station=2008 train=2000001848 t=26344617 id=2099
						Lua 0:21:55:823
[mod] [SMRTK] SMRTK_STREAM assigned=none at_station=true cargo=none command=UnloadTrain effective_speed=0 line=2011-6430 passengers=0 row=train station=6430 train=2000001845 t=26345617 id=2100
[mod] [SMRTK] SMRTK_STREAM assigned=none at_station=false cargo=none command=GotoStation effective_speed=5621 line=7985-7873 passengers=0 row=train station=7985 train=2000001846 t=26345617 id=2101
[mod] [SMRTK] SMRTK_STREAM assigned=none at_station=false cargo=none command=GotoStation effective_speed=1559 line=6430-2008 passengers=0 row=train station=2008 train=2000001848 t=26345617 id=2102
[mod] [SMRTK] SMRTK_STREAM assigned=none at_station=true cargo=none command=LoadTrain effective_speed=0 line=6430-2007 passengers=0 row=train station=2007 train=2000001851 t=26345617 id=2103
						Lua 0:21:55:874
[mod] [SMRTK] SMRTK_STREAM assigned=none at_station=false cargo=none command=GotoStation effective_speed=5617 line=7985-7873 passengers=0 row=train station=7985 train=2000001846 t=26346617 id=2104
[mod] [SMRTK] SMRTK_STREAM assigned=none at_station=false cargo=none command=GotoStation effective_speed=1803 line=6430-2008 passengers=0 row=train station=2008 train=2000001848 t=26346617 id=2105
[mod] [SMRTK] SMRTK_STREAM assigned=none at_station=true cargo=none command=false effective_speed=0 line=6430-2008 passengers=0 row=train station=6430 train=2000001849 t=26346617 id=2106
[mod] [SMRTK] SMRTK_STREAM assigned=none at_station=true cargo=none command=false effective_speed=0 line=6430-2007 passengers=0 row=train station=6430 train=2000001850 t=26346617 id=2107
[mod] [SMRTK] SMRTK_STREAM assigned=none at_station=true cargo=none command=false effective_speed=0 line=6495-6827 passengers=0 row=train station=6495 train=2000002387 t=26346617 id=2108
[mod] [SMRTK] SMRTK_STREAM assigned=none at_station=true cargo=none command=false effective_speed=0 line=7411-6495 passengers=0 row=train station=6495 train=2000002388 t=26346617 id=2109
[mod] [SMRTK] SMRTK_STREAM assigned=none at_station=true cargo=none command=false effective_speed=0 line=6883-6495 passengers=0 row=train station=6495 train=2000002389 t=26346617 id=2110
[mod] [SMRTK] SMRTK_STREAM assigned=none at_station=true cargo=none command=false effective_speed=0 line=6951-6495 passengers=0 row=train station=6495 train=2000002390 t=26346617 id=2111
[mod] [SMRTK] SMRTK_STREAM assigned=none at_station=true cargo=none command=false effective_speed=0 line=7411-6495 passengers=0 row=train station=7411 train=2000002391 t=26346617 id=2112
[mod] [SMRTK] SMRTK_STREAM assigned=none at_station=true cargo=none command=false effective_speed=0 line=6951-6495 passengers=0 row=train station=6951 train=2000002392 t=26346617 id=2113
[mod] [SMRTK] SMRTK_STREAM assigned=none at_station=true cargo=none command=false effective_speed=0 line=7873-2007 passengers=0 row=train station=7873 train=2000002658 t=26346617 id=2114
[mod] [SMRTK] SMRTK_STREAM assigned=none at_station=false cargo=none command=GotoStation effective_speed=1164 line=6430-7873 passengers=0 row=train station=7873 train=2000002659 t=26346617 id=2115
						Lua 0:21:55:926
[mod] [SMRTK] SMRTK_STREAM assigned=none at_station=true cargo=none command=LoadTrain effective_speed=0 line=2012-6430 passengers=0 row=train station=6430 train=2000001844 t=26347617 id=2116
[mod] [SMRTK] SMRTK_STREAM assigned=none at_station=false cargo=none command=GotoStation effective_speed=5633 line=7985-7873 passengers=0 row=train station=7985 train=2000001846 t=26347617 id=2117
[mod] [SMRTK] SMRTK_STREAM assigned=none at_station=false cargo=none command=GotoStation effective_speed=5612 line=6430-2008 passengers=0 row=train station=2008 train=2000001848 t=26347617 id=2118
[mod] [SMRTK] SMRTK_STREAM assigned=none at_station=false cargo=none command=GotoStation effective_speed=1622 line=6430-7873 passengers=0 row=train station=7873 train=2000002659 t=26347617 id=2119
						Lua 0:21:55:977
[mod] [SMRTK] SMRTK_STREAM assigned=none at_station=false cargo=none command=GotoStation effective_speed=5621 line=7985-7873 passengers=0 row=train station=7985 train=2000001846 t=26348617 id=2120
[mod] [SMRTK] SMRTK_STREAM assigned=none at_station=false cargo=none command=GotoStation effective_speed=5617 line=6430-2008 passengers=0 row=train station=2008 train=2000001848 t=26348617 id=2121
[mod] [SMRTK] SMRTK_STREAM assigned=none at_station=false cargo=none command=GotoStation effective_speed=1869 line=6430-7873 passengers=0 row=train station=7873 train=2000002659 t=26348617 id=2122
						Lua 0:21:56:026
[mod] [SMRTK] SMRTK_STREAM assigned=none at_station=false cargo=none command=GotoStation effective_speed=5612 line=7985-7873 passengers=0 row=train station=7985 train=2000001846 t=26349617 id=2123
[mod] [SMRTK] SMRTK_STREAM assigned=none at_station=false cargo=none command=GotoStation effective_speed=5654 line=6430-2008 passengers=0 row=train station=2008 train=2000001848 t=26349617 id=2124
[mod] [SMRTK] SMRTK_STREAM assigned=none at_station=false cargo=none command=GotoStation effective_speed=5617 line=6430-7873 passengers=0 row=train station=7873 train=2000002659 t=26349617 id=2125
						Lua 0:21:56:073
[mod] [SMRTK] SMRTK_STREAM assigned=none at_station=false cargo=none command=GotoStation effective_speed=5621 line=7985-7873 passengers=0 row=train station=7985 train=2000001846 t=26350617 id=2126
						Lua 0:21:56:074
[mod] [SMRTK] SMRTK_STREAM assigned=none at_station=false cargo=none command=GotoStation effective_speed=5617 line=6430-2008 passengers=0 row=train station=2008 train=2000001848 t=26350617 id=2127
[mod] [SMRTK] SMRTK_STREAM assigned=none at_station=false cargo=none command=GotoStation effective_speed=5621 line=6430-7873 passengers=0 row=train station=7873 train=2000002659 t=26350617 id=2128
						Lua 0:21:56:123
[mod] [SMRTK] SMRTK_STREAM assigned=none at_station=true cargo=none command=LoadTrain effective_speed=0 line=2011-6430 passengers=0 row=train station=6430 train=2000001845 t=26351617 id=2129
[mod] [SMRTK] SMRTK_STREAM assigned=none at_station=false cargo=none command=GotoStation effective_speed=5612 line=7985-7873 passengers=0 row=train station=7985 train=2000001846 t=26351617 id=2130
[mod] [SMRTK] SMRTK_STREAM assigned=none at_station=false cargo=none command=GotoStation effective_speed=1019 line=6430-2007 passengers=0 row=train station=2007 train=2000001851 t=26351617 id=2131
[mod] [SMRTK] SMRTK_STREAM assigned=none at_station=false cargo=none command=GotoStation effective_speed=5617 line=6430-7873 passengers=0 row=train station=7873 train=2000002659 t=26351617 id=2132
						Lua 0:21:56:173
[mod] [SMRTK] SMRTK_STREAM assigned=none at_station=false cargo=none command=GotoStation effective_speed=5617 line=7985-7873 passengers=0 row=train station=7985 train=2000001846 t=26352617 id=2133
[mod] [SMRTK] SMRTK_STREAM assigned=none at_station=false cargo=none command=GotoStation effective_speed=1606 line=6430-2007 passengers=0 row=train station=2007 train=2000001851 t=26352617 id=2134
[mod] [SMRTK] SMRTK_STREAM assigned=none at_station=false cargo=none command=GotoStation effective_speed=4849 line=6430-7873 passengers=0 row=train station=7873 train=2000002659 t=26352617 id=2135
						Lua 0:21:56:226
[mod] [SMRTK] SMRTK_STREAM assigned=none at_station=true cargo=none command=false effective_speed=0 line=2012-6430 passengers=0 row=train station=6430 train=2000001844 t=26353617 id=2136
[mod] [SMRTK] SMRTK_STREAM assigned=none at_station=false cargo=none command=GotoStation effective_speed=5642 line=7985-7873 passengers=0 row=train station=7985 train=2000001846 t=26353617 id=2137
[mod] [SMRTK] SMRTK_STREAM assigned=none at_station=false cargo=none command=GotoStation effective_speed=0 line=6430-2008 passengers=0 row=train station=2008 train=2000001848 t=26353617 id=2138
[mod] [SMRTK] SMRTK_STREAM assigned=none at_station=false cargo=none command=GotoStation effective_speed=1851 line=6430-2007 passengers=0 row=train station=2007 train=2000001851 t=26353617 id=2139
[mod] [SMRTK] SMRTK_STREAM assigned=none at_station=false cargo=none command=GotoStation effective_speed=5621 line=6430-7873 passengers=0 row=train station=7873 train=2000002659 t=26353617 id=2140
						Lua 0:21:56:274
[mod] [SMRTK] SMRTK_STREAM assigned=none at_station=false cargo=none command=GotoStation effective_speed=5617 line=7985-7873 passengers=0 row=train station=7985 train=2000001846 t=26354617 id=2141
[mod] [SMRTK] SMRTK_STREAM assigned=none at_station=false cargo=none command=GotoStation effective_speed=5617 line=6430-2007 passengers=0 row=train station=2007 train=2000001851 t=26354617 id=2142
[mod] [SMRTK] SMRTK_STREAM assigned=none at_station=false cargo=none command=GotoStation effective_speed=5612 line=6430-7873 passengers=0 row=train station=7873 train=2000002659 t=26354617 id=2143
						Lua 0:21:56:323
[mod] [SMRTK] SMRTK_STREAM assigned=none at_station=false cargo=none command=GotoStation effective_speed=5612 line=7985-7873 passengers=0 row=train station=7985 train=2000001846 t=26355617 id=2144
[mod] [SMRTK] SMRTK_STREAM assigned=none at_station=false cargo=none command=GotoStation effective_speed=5617 line=6430-7873 passengers=0 row=train station=7873 train=2000002659 t=26355617 id=2145
						Lua 0:21:56:373
[mod] [SMRTK] SMRTK_STREAM assigned=none at_station=false cargo=none command=GotoStation effective_speed=5631 line=7985-7873 passengers=0 row=train station=7985 train=2000001846 t=26356617 id=2146
						Lua 0:21:56:423
[mod] [SMRTK] SMRTK_STREAM assigned=none at_station=true cargo=none command=false effective_speed=0 line=2011-6430 passengers=0 row=train station=6430 train=2000001845 t=26357617 id=2147
[mod] [SMRTK] SMRTK_STREAM assigned=none at_station=false cargo=none command=GotoStation effective_speed=4341 line=7985-7873 passengers=0 row=train station=7985 train=2000001846 t=26357617 id=2148
						Lua 0:21:56:475
[mod] [SMRTK] SMRTK_STREAM assigned=none at_station=false cargo=none command=GotoStation effective_speed=1643 line=7985-7873 passengers=0 row=train station=7985 train=2000001846 t=26358617 id=2149
						Lua 0:21:56:523
[mod] [SMRTK] SMRTK_STREAM assigned=none at_station=true cargo=none command=UnloadTrain effective_speed=0 line=7985-7873 passengers=0 row=train station=7873 train=2000001846 t=26359617 id=2150
						Lua 0:21:56:574
[mod] [SMRTK] SMRTK_STREAM assigned=none at_station=false cargo=none command=GotoStation effective_speed=5612 line=6430-2007 passengers=0 row=train station=2007 train=2000001851 t=26360617 id=2151
						Lua 0:21:56:623
[mod] [SMRTK] SMRTK_STREAM assigned=none at_station=false cargo=none command=GotoStation effective_speed=5617 line=6430-2007 passengers=0 row=train station=2007 train=2000001851 t=26361617 id=2152
						Lua 0:21:56:673
[mod] [SMRTK] SMRTK_STREAM assigned=none at_station=false cargo=none command=GotoStation effective_speed=5651 line=6430-7873 passengers=0 row=train station=7873 train=2000002659 t=26362617 id=2153
						Lua 0:21:56:725
[mod] [SMRTK] SMRTK_STREAM assigned=none at_station=false cargo=none command=GotoStation effective_speed=5617 line=6430-7873 passengers=0 row=train station=7873 train=2000002659 t=26363617 id=2154
						Lua 0:21:56:773
[mod] [SMRTK] SMRTK_STREAM assigned=none at_station=false cargo=none command=GotoStation effective_speed=4847 line=6430-2007 passengers=0 row=train station=2007 train=2000001851 t=26364617 id=2155
						Lua 0:21:56:823
[mod] [SMRTK] SMRTK_STREAM assigned=none at_station=true cargo=none command=LoadTrain effective_speed=0 line=7985-7873 passengers=0 row=train station=7873 train=2000001846 t=26365617 id=2156
[mod] [SMRTK] SMRTK_STREAM assigned=none at_station=false cargo=none command=GotoStation effective_speed=5617 line=6430-2007 passengers=0 row=train station=2007 train=2000001851 t=26365617 id=2157
						Lua 0:21:56:873
[mod] [SMRTK] SMRTK_STREAM assigned=none at_station=false cargo=none command=GotoStation effective_speed=1431 line=6430-7873 passengers=0 row=train station=7873 train=2000002659 t=26366617 id=2158
						Lua 0:21:56:923
[mod] [SMRTK] SMRTK_STREAM assigned=none at_station=false cargo=none command=GotoStation effective_speed=5612 line=6430-2007 passengers=0 row=train station=2007 train=2000001851 t=26367617 id=2159
[mod] [SMRTK] SMRTK_STREAM assigned=none at_station=false cargo=none command=GotoStation effective_speed=306 line=6430-7873 passengers=0 row=train station=7873 train=2000002659 t=26367617 id=2160
						Lua 0:21:56:978
[mod] [SMRTK] SMRTK_STREAM assigned=none at_station=false cargo=none command=GotoStation effective_speed=5617 line=6430-2007 passengers=0 row=train station=2007 train=2000001851 t=26368617 id=2161
[mod] [SMRTK] SMRTK_STREAM assigned=none at_station=false cargo=none command=GotoStation effective_speed=2136 line=6430-7873 passengers=0 row=train station=7873 train=2000002659 t=26368617 id=2162
						Lua 0:21:57:023
[mod] [SMRTK] SMRTK_STREAM assigned=none at_station=false cargo=none command=GotoStation effective_speed=5612 line=6430-2007 passengers=0 row=train station=2007 train=2000001851 t=26369617 id=2163
						Lua 0:21:57:024
[mod] [SMRTK] SMRTK_STREAM assigned=none at_station=false cargo=none command=GotoStation effective_speed=1084 line=6430-7873 passengers=0 row=train station=7873 train=2000002659 t=26369617 id=2164
						Lua 0:21:57:073
[mod] [SMRTK] SMRTK_STREAM assigned=none at_station=true cargo=none command=LoadTrain effective_speed=0 line=2012-6430 passengers=0 row=train station=6430 train=2000001844 t=26370617 id=2165
[mod] [SMRTK] SMRTK_STREAM assigned=none at_station=true cargo=none command=LoadTrain effective_speed=0 line=2011-6430 passengers=0 row=train station=6430 train=2000001845 t=26370617 id=2166
[mod] [SMRTK] SMRTK_STREAM assigned=none at_station=true cargo=none command=LoadTrain effective_speed=0 line=6430-2008 passengers=0 row=train station=6430 train=2000001849 t=26370617 id=2167
[mod] [SMRTK] SMRTK_STREAM assigned=none at_station=true cargo=none command=LoadTrain effective_speed=0 line=6430-2007 passengers=0 row=train station=6430 train=2000001850 t=26370617 id=2168
[mod] [SMRTK] SMRTK_STREAM assigned=none at_station=false cargo=none command=GotoStation effective_speed=5617 line=6430-2007 passengers=0 row=train station=2007 train=2000001851 t=26370617 id=2169
[mod] [SMRTK] SMRTK_STREAM assigned=none at_station=true cargo=none command=LoadTrain effective_speed=0 line=6495-6827 passengers=0 row=train station=6495 train=2000002387 t=26370617 id=2170
[mod] [SMRTK] SMRTK_STREAM assigned=none at_station=true cargo=none command=LoadTrain effective_speed=0 line=7411-6495 passengers=0 row=train station=6495 train=2000002388 t=26370617 id=2171
[mod] [SMRTK] SMRTK_STREAM assigned=none at_station=true cargo=none command=LoadTrain effective_speed=0 line=6883-6495 passengers=0 row=train station=6495 train=2000002389 t=26370617 id=2172
[mod] [SMRTK] SMRTK_STREAM assigned=none at_station=true cargo=none command=LoadTrain effective_speed=0 line=6951-6495 passengers=0 row=train station=6495 train=2000002390 t=26370617 id=2173
[mod] [SMRTK] SMRTK_STREAM assigned=none at_station=true cargo=none command=LoadTrain effective_speed=0 line=7411-6495 passengers=0 row=train station=7411 train=2000002391 t=26370617 id=2174
[mod] [SMRTK] SMRTK_STREAM assigned=none at_station=true cargo=none command=LoadTrain effective_speed=0 line=6951-6495 passengers=0 row=train station=6951 train=2000002392 t=26370617 id=2175
[mod] [SMRTK] SMRTK_STREAM assigned=none at_station=true cargo=none command=LoadTrain effective_speed=0 line=7873-2007 passengers=0 row=train station=7873 train=2000002658 t=26370617 id=2176
[mod] [SMRTK] SMRTK_STREAM assigned=none at_station=true cargo=none command=UnloadTrain effective_speed=0 line=6430-7873 passengers=0 row=train station=6430 train=2000002659 t=26370617 id=2177
						Lua 0:21:57:494
[mod] [SMRTK] SMRTK_STREAM assigned=none at_station=true cargo=none command=false effective_speed=0 line=7985-7873 passengers=0 row=train station=7873 train=2000001846 t=26371617 id=2178
[mod] [SMRTK] SMRTK_STREAM assigned=none at_station=false cargo=none command=GotoStation effective_speed=0 line=6430-2007 passengers=0 row=train station=2007 train=2000001851 t=26371617 id=2179
						Lua 0:22:02:493
[mod] [SMRTK] SMRTK_STREAM assigned=none at_station=true cargo=none command=false effective_speed=0 line=2012-6430 passengers=0 row=train station=6430 train=2000001844 t=26376617 id=2180
[mod] [SMRTK] SMRTK_STREAM assigned=none at_station=true cargo=none command=false effective_speed=0 line=2011-6430 passengers=0 row=train station=6430 train=2000001845 t=26376617 id=2181
[mod] [SMRTK] SMRTK_STREAM assigned=none at_station=true cargo=none command=GotoStation effective_speed=0 line=2012-6430 passengers=0 row=train station=6430 train=2000001849 t=26376617 id=2182
[mod] [SMRTK] SMRTK_STREAM assigned=none at_station=false cargo=none command=GotoStation effective_speed=4470 line=2011-6430 passengers=0 row=train station=6430 train=2000001850 t=26376617 id=2183
[mod] [SMRTK] SMRTK_STREAM assigned=none at_station=true cargo=none command=false effective_speed=0 line=6495-6827 passengers=0 row=train station=6495 train=2000002387 t=26376617 id=2184
[mod] [SMRTK] SMRTK_STREAM assigned=none at_station=true cargo=none command=false effective_speed=0 line=7411-6495 passengers=0 row=train station=6495 train=2000002388 t=26376617 id=2185
[mod] [SMRTK] SMRTK_STREAM assigned=none at_station=true cargo=none command=false effective_speed=0 line=6883-6495 passengers=0 row=train station=6495 train=2000002389 t=26376617 id=2186
[mod] [SMRTK] SMRTK_STREAM assigned=none at_station=true cargo=none command=false effective_speed=0 line=6951-6495 passengers=0 row=train station=6495 train=2000002390 t=26376617 id=2187
[mod] [SMRTK] SMRTK_STREAM assigned=none at_station=true cargo=none command=false effective_speed=0 line=7411-6495 passengers=0 row=train station=7411 train=2000002391 t=26376617 id=2188
[mod] [SMRTK] SMRTK_STREAM assigned=none at_station=true cargo=none command=false effective_speed=0 line=6951-6495 passengers=0 row=train station=6951 train=2000002392 t=26376617 id=2189
[mod] [SMRTK] SMRTK_STREAM assigned=none at_station=true cargo=none command=false effective_speed=0 line=7873-2007 passengers=0 row=train station=7873 train=2000002658 t=26376617 id=2190
[mod] [SMRTK] SMRTK_STREAM assigned=7985:Seeds:60000,7985:Sugar:27000,7985:WasteRock:60000 at_station=true cargo=Seeds:60000,Sugar:27000,WasteRock:60000 command=LoadTrain effective_speed=0 line=6430-7873 passengers=0 row=train station=6430 train=2000002659 t=26376617 id=2191
						Lua 0:22:02:494
[mod] [SMRTK] SMRTK_STREAM before=1455000 calls=677 cubes=171 expected_cubes=171 hub=true res=Sugar row=stock station=6430 stock=1428000 target=none t=26376617 id=2192
						Lua 0:22:02:495
[mod] [SMRTK] SMRTK_STREAM before=1870000 calls=677 cubes=171 expected_cubes=171 hub=true res=Seeds row=stock station=6430 stock=1810000 target=none t=26376617 id=2193
[mod] [SMRTK] SMRTK_STREAM before=1870000 calls=677 cubes=162 expected_cubes=162 hub=true res=WasteRock row=stock station=6430 stock=1810000 target=none t=26376617 id=2194
						Lua 0:22:03:494
[mod] [SMRTK] SMRTK_STREAM assigned=none at_station=false cargo=none command=GotoStation effective_speed=1397 line=2011-6430 passengers=0 row=train station=6430 train=2000001850 t=26377617 id=2195
						Lua 0:22:04:494
[mod] [SMRTK] SMRTK_STREAM assigned=none at_station=false cargo=none command=GotoStation effective_speed=351 line=2011-6430 passengers=0 row=train station=6430 train=2000001850 t=26378617 id=2196
						Lua 0:22:05:493
[mod] [SMRTK] SMRTK_STREAM assigned=none at_station=false cargo=none command=GotoStation effective_speed=1873 line=2011-6430 passengers=0 row=train station=6430 train=2000001850 t=26379617 id=2197
						Lua 0:22:06:493
[mod] [SMRTK] SMRTK_STREAM assigned=none at_station=false cargo=none command=GotoStation effective_speed=5617 line=2011-6430 passengers=0 row=train station=6430 train=2000001850 t=26380617 id=2198
[mod] [SMRTK] SMRTK_STREAM assigned=none at_station=false cargo=none command=GotoStation effective_speed=83 line=6430-2007 passengers=0 row=train station=2007 train=2000001851 t=26380617 id=2199
						Lua 0:22:07:493
[mod] [SMRTK] SMRTK_STREAM assigned=none at_station=false cargo=none command=GotoStation effective_speed=5621 line=2011-6430 passengers=0 row=train station=6430 train=2000001850 t=26381617 id=2200
						Lua 0:22:07:892
[mod] [SMRTK] SMRTK_SECTION action=section_attach attached=true dialog=ipTrain object=Train(2000002659) status=OK t=26382005 id=2201
						Lua 0:22:08:493
[mod] [SMRTK] SMRTK_STREAM assigned=none at_station=false cargo=none command=GotoStation effective_speed=5617 line=2011-6430 passengers=0 row=train station=6430 train=2000001850 t=26382617 id=2202
[mod] [SMRTK] SMRTK_STREAM assigned=none at_station=false cargo=none command=GotoStation effective_speed=980 line=6430-2007 passengers=0 row=train station=2007 train=2000001851 t=26382617 id=2203
[mod] [SMRTK] SMRTK_STREAM assigned=7985:Seeds:60000,7985:Sugar:27000,7985:WasteRock:60000 at_station=true cargo=Seeds:60000,Sugar:27000,WasteRock:60000 command=GotoStation effective_speed=0 line=6430-7873 passengers=0 row=train station=6430 train=2000002659 t=26382617 id=2204
						Lua 0:22:09:493
[mod] [SMRTK] SMRTK_STREAM assigned=none at_station=false cargo=none command=GotoStation effective_speed=1088 line=6430-2007 passengers=0 row=train station=2007 train=2000001851 t=26383617 id=2205
						Lua 0:22:10:493
[mod] [SMRTK] SMRTK_STREAM assigned=none at_station=false cargo=none command=GotoStation effective_speed=4123 line=2012-6430 passengers=0 row=train station=6430 train=2000001849 t=26384617 id=2206
[mod] [SMRTK] SMRTK_STREAM assigned=none at_station=true cargo=none command=UnloadTrain effective_speed=0 line=6430-2007 passengers=0 row=train station=6430 train=2000001851 t=26384617 id=2207
						Lua 0:22:11:092
[mod] [SMRTK] SMRTK_STREAM assigned=none at_station=false cargo=none command=GotoStation effective_speed=1049 line=2012-6430 passengers=0 row=train station=6430 train=2000001849 t=26385617 id=2208
						Lua 0:22:11:424
[mod] [SMRTK] SMRTK_STREAM assigned=none at_station=false cargo=none command=GotoStation effective_speed=351 line=2012-6430 passengers=0 row=train station=6430 train=2000001849 t=26386617 id=2209
						Lua 0:22:11:764
[mod] [SMRTK] SMRTK_STREAM assigned=none at_station=false cargo=none command=GotoStation effective_speed=1873 line=2012-6430 passengers=0 row=train station=6430 train=2000001849 t=26387617 id=2210
						Lua 0:22:12:091
[mod] [SMRTK] SMRTK_STREAM assigned=none at_station=false cargo=none command=GotoStation effective_speed=214 line=6430-2008 passengers=0 row=train station=2008 train=2000001848 t=26388617 id=2211
[mod] [SMRTK] SMRTK_STREAM assigned=none at_station=false cargo=none command=GotoStation effective_speed=5617 line=2012-6430 passengers=0 row=train station=6430 train=2000001849 t=26388617 id=2212
						Lua 0:22:12:425
[mod] [SMRTK] SMRTK_STREAM assigned=none at_station=false cargo=none command=GotoStation effective_speed=5455 line=6430-2008 passengers=0 row=train station=2008 train=2000001848 t=26389617 id=2213
						Lua 0:22:12:757
[mod] [SMRTK] SMRTK_STREAM assigned=none at_station=false cargo=none command=GotoStation effective_speed=4494 line=6430-2008 passengers=0 row=train station=2008 train=2000001848 t=26390617 id=2214
[mod] [SMRTK] SMRTK_STREAM assigned=none at_station=false cargo=none command=GotoStation effective_speed=4954 line=2012-6430 passengers=0 row=train station=6430 train=2000001849 t=26390617 id=2215
[mod] [SMRTK] SMRTK_STREAM assigned=none at_station=true cargo=none command=LoadTrain effective_speed=0 line=6430-2007 passengers=0 row=train station=6430 train=2000001851 t=26390617 id=2216
						Lua 0:22:13:091
[mod] [SMRTK] SMRTK_STREAM assigned=none at_station=false cargo=none command=GotoStation effective_speed=1084 line=6430-2008 passengers=0 row=train station=2008 train=2000001848 t=26391617 id=2217
[mod] [SMRTK] SMRTK_STREAM assigned=none at_station=false cargo=none command=GotoStation effective_speed=5612 line=2012-6430 passengers=0 row=train station=6430 train=2000001849 t=26391617 id=2218
						Lua 0:22:13:425
[mod] [SMRTK] SMRTK_STREAM assigned=none at_station=true cargo=none command=UnloadTrain effective_speed=0 line=6430-2008 passengers=0 row=train station=6430 train=2000001848 t=26392617 id=2219
[mod] [SMRTK] SMRTK_STREAM assigned=none at_station=false cargo=none command=GotoStation effective_speed=5617 line=2012-6430 passengers=0 row=train station=6430 train=2000001849 t=26392617 id=2220
[mod] [SMRTK] SMRTK_STREAM assigned=7985:Seeds:60000,7985:Sugar:27000,7985:WasteRock:60000 at_station=false cargo=Seeds:60000,Sugar:27000,WasteRock:60000 command=GotoStation effective_speed=2408 line=6430-7873 passengers=0 row=train station=6430 train=2000002659 t=26392617 id=2221
						Lua 0:22:13:758
[mod] [SMRTK] SMRTK_STREAM assigned=none at_station=false cargo=none command=GotoStation effective_speed=4955 line=2012-6430 passengers=0 row=train station=6430 train=2000001849 t=26393617 id=2222
[mod] [SMRTK] SMRTK_STREAM assigned=7985:Seeds:60000,7985:Sugar:27000,7985:WasteRock:60000 at_station=false cargo=Seeds:60000,Sugar:27000,WasteRock:60000 command=GotoStation effective_speed=360 line=6430-7873 passengers=0 row=train station=6430 train=2000002659 t=26393617 id=2223
						Lua 0:22:14:092
[mod] [SMRTK] SMRTK_STREAM assigned=none at_station=false cargo=none command=GotoStation effective_speed=5612 line=2012-6430 passengers=0 row=train station=6430 train=2000001849 t=26394617 id=2224
[mod] [SMRTK] SMRTK_STREAM assigned=7985:Seeds:60000,7985:Sugar:27000,7985:WasteRock:60000 at_station=false cargo=Seeds:60000,Sugar:27000,WasteRock:60000 command=GotoStation effective_speed=1876 line=6430-7873 passengers=0 row=train station=6430 train=2000002659 t=26394617 id=2225
						Lua 0:22:14:424
[mod] [SMRTK] SMRTK_STREAM assigned=none at_station=false cargo=none command=GotoStation effective_speed=5617 line=2012-6430 passengers=0 row=train station=6430 train=2000001849 t=26395617 id=2226
[mod] [SMRTK] SMRTK_STREAM assigned=none at_station=false cargo=none command=GotoStation effective_speed=5612 line=2011-6430 passengers=0 row=train station=6430 train=2000001850 t=26395617 id=2227
[mod] [SMRTK] SMRTK_STREAM assigned=7985:Seeds:60000,7985:Sugar:27000,7985:WasteRock:60000 at_station=false cargo=Seeds:60000,Sugar:27000,WasteRock:60000 command=GotoStation effective_speed=5617 line=6430-7873 passengers=0 row=train station=6430 train=2000002659 t=26395617 id=2228
						Lua 0:22:14:757
[mod] [SMRTK] SMRTK_STREAM assigned=none at_station=false cargo=none command=GotoStation effective_speed=4955 line=2011-6430 passengers=0 row=train station=6430 train=2000001850 t=26396617 id=2229
						Lua 0:22:14:758
[mod] [SMRTK] SMRTK_STREAM assigned=none at_station=true cargo=none command=false effective_speed=0 line=6430-2007 passengers=0 row=train station=6430 train=2000001851 t=26396617 id=2230
						Lua 0:22:15:091
[mod] [SMRTK] SMRTK_STREAM assigned=none at_station=false cargo=none command=GotoStation effective_speed=5617 line=2011-6430 passengers=0 row=train station=6430 train=2000001850 t=26397617 id=2231						Lua 0:22:15:092

						Lua 0:22:15:424
[mod] [SMRTK] SMRTK_STREAM assigned=none at_station=true cargo=none command=LoadTrain effective_speed=0 line=6430-2008 passengers=0 row=train station=6430 train=2000001848 t=26398617 id=2232
[mod] [SMRTK] SMRTK_STREAM assigned=none at_station=false cargo=none command=GotoStation effective_speed=4847 line=2011-6430 passengers=0 row=train station=6430 train=2000001850 t=26398617 id=2233
						Lua 0:22:15:759
[mod] [SMRTK] SMRTK_STREAM assigned=none at_station=false cargo=none command=GotoStation effective_speed=5612 line=2011-6430 passengers=0 row=train station=6430 train=2000001850 t=26399617 id=2234
						Lua 0:22:16:091
[mod] [SMRTK] SMRTK_STREAM assigned=none at_station=true cargo=none command=LoadTrain effective_speed=0 line=2012-6430 passengers=0 row=train station=6430 train=2000001844 t=26400617 id=2235
[mod] [SMRTK] SMRTK_STREAM assigned=none at_station=true cargo=none command=LoadTrain effective_speed=0 line=2011-6430 passengers=0 row=train station=6430 train=2000001845 t=26400617 id=2236
[mod] [SMRTK] SMRTK_STREAM assigned=none at_station=true cargo=none command=LoadTrain effective_speed=0 line=7985-7873 passengers=0 row=train station=7873 train=2000001846 t=26400617 id=2237
[mod] [SMRTK] SMRTK_STREAM assigned=none at_station=false cargo=none command=GotoStation effective_speed=5631 line=2011-6430 passengers=0 row=train station=6430 train=2000001850 t=26400617 id=2238
[mod] [SMRTK] SMRTK_STREAM assigned=none at_station=true cargo=none command=LoadTrain effective_speed=0 line=6430-2007 passengers=0 row=train station=6430 train=2000001851 t=26400617 id=2239
[mod] [SMRTK] SMRTK_STREAM assigned=none at_station=true cargo=none command=LoadTrain effective_speed=0 line=6495-6827 passengers=0 row=train station=6495 train=2000002387 t=26400617 id=2240
[mod] [SMRTK] SMRTK_STREAM assigned=none at_station=true cargo=none command=LoadTrain effective_speed=0 line=7411-6495 passengers=0 row=train station=6495 train=2000002388 t=26400617 id=2241
[mod] [SMRTK] SMRTK_STREAM assigned=none at_station=true cargo=none command=LoadTrain effective_speed=0 line=6883-6495 passengers=0 row=train station=6495 train=2000002389 t=26400617 id=2242
[mod] [SMRTK] SMRTK_STREAM assigned=none at_station=true cargo=none command=LoadTrain effective_speed=0 line=6951-6495 passengers=0 row=train station=6495 train=2000002390 t=26400617 id=2243
[mod] [SMRTK] SMRTK_STREAM assigned=none at_station=true cargo=none command=LoadTrain effective_speed=0 line=7411-6495 passengers=0 row=train station=7411 train=2000002391 t=26400617 id=2244
[mod] [SMRTK] SMRTK_STREAM assigned=none at_station=true cargo=none command=LoadTrain effective_speed=0 line=6951-6495 passengers=0 row=train station=6951 train=2000002392 t=26400617 id=2245
[mod] [SMRTK] SMRTK_STREAM assigned=none at_station=true cargo=none command=LoadTrain effective_speed=0 line=7873-2007 passengers=0 row=train station=7873 train=2000002658 t=26400617 id=2246
						Lua 0:22:16:424
[mod] [SMRTK] SMRTK_STREAM assigned=none at_station=false cargo=none command=GotoStation effective_speed=5634 line=2012-6430 passengers=0 row=train station=6430 train=2000001849 t=26401617 id=2247
[mod] [SMRTK] SMRTK_STREAM assigned=none at_station=false cargo=none command=GotoStation effective_speed=5617 line=2011-6430 passengers=0 row=train station=6430 train=2000001850 t=26401617 id=2248
						Lua 0:22:16:757
[mod] [SMRTK] SMRTK_STREAM assigned=none at_station=false cargo=none command=GotoStation effective_speed=5621 line=2012-6430 passengers=0 row=train station=6430 train=2000001849 t=26402617 id=2249
[mod] [SMRTK] SMRTK_STREAM assigned=none at_station=false cargo=none command=GotoStation effective_speed=4955 line=2011-6430 passengers=0 row=train station=6430 train=2000001850 t=26402617 id=2250
[mod] [SMRTK] SMRTK_STREAM assigned=7985:Seeds:60000,7985:Sugar:27000,7985:WasteRock:60000 at_station=false cargo=Seeds:60000,Sugar:27000,WasteRock:60000 command=GotoStation effective_speed=4751 line=6430-7873 passengers=0 row=train station=6430 train=2000002659 t=26402617 id=2251
						Lua 0:22:17:092
[mod] [SMRTK] SMRTK_STREAM assigned=none at_station=false cargo=none command=GotoStation effective_speed=5617 line=2012-6430 passengers=0 row=train station=6430 train=2000001849 t=26403617 id=2252
[mod] [SMRTK] SMRTK_STREAM assigned=none at_station=false cargo=none command=GotoStation effective_speed=5617 line=2011-6430 passengers=0 row=train station=6430 train=2000001850 t=26403617 id=2253
[mod] [SMRTK] SMRTK_STREAM assigned=7985:Seeds:60000,7985:Sugar:27000,7985:WasteRock:60000 at_station=false cargo=Seeds:60000,Sugar:27000,WasteRock:60000 command=GotoStation effective_speed=5617 line=6430-7873 passengers=0 row=train station=6430 train=2000002659 t=26403617 id=2254
						Lua 0:22:17:424
[mod] [SMRTK] SMRTK_STREAM assigned=none at_station=true cargo=none command=false effective_speed=0 line=6430-2008 passengers=0 row=train station=6430 train=2000001848 t=26404617 id=2255
						Lua 0:22:18:091
[mod] [SMRTK] SMRTK_STREAM assigned=none at_station=true cargo=none command=false effective_speed=0 line=2012-6430 passengers=0 row=train station=6430 train=2000001844 t=26406617 id=2256
[mod] [SMRTK] SMRTK_STREAM assigned=none at_station=true cargo=none command=false effective_speed=0 line=2011-6430 passengers=0 row=train station=6430 train=2000001845 t=26406617 id=2257
[mod] [SMRTK] SMRTK_STREAM assigned=none at_station=true cargo=none command=false effective_speed=0 line=7985-7873 passengers=0 row=train station=7873 train=2000001846 t=26406617 id=2258
[mod] [SMRTK] SMRTK_STREAM assigned=none at_station=true cargo=none command=false effective_speed=0 line=6430-2007 passengers=0 row=train station=6430 train=2000001851 t=26406617 id=2259
[mod] [SMRTK] SMRTK_STREAM assigned=none at_station=true cargo=none command=false effective_speed=0 line=6495-6827 passengers=0 row=train station=6495 train=2000002387 t=26406617 id=2260
[mod] [SMRTK] SMRTK_STREAM assigned=none at_station=true cargo=none command=false effective_speed=0 line=7411-6495 passengers=0 row=train station=6495 train=2000002388 t=26406617 id=2261
[mod] [SMRTK] SMRTK_STREAM assigned=none at_station=true cargo=none command=false effective_speed=0 line=6883-6495 passengers=0 row=train station=6495 train=2000002389 t=26406617 id=2262
[mod] [SMRTK] SMRTK_STREAM assigned=none at_station=true cargo=none command=false effective_speed=0 line=6951-6495 passengers=0 row=train station=6495 train=2000002390 t=26406617 id=2263
[mod] [SMRTK] SMRTK_STREAM assigned=none at_station=true cargo=none command=false effective_speed=0 line=7411-6495 passengers=0 row=train station=7411 train=2000002391 t=26406617 id=2264
[mod] [SMRTK] SMRTK_STREAM assigned=none at_station=true cargo=none command=false effective_speed=0 line=6951-6495 passengers=0 row=train station=6951 train=2000002392 t=26406617 id=2265
[mod] [SMRTK] SMRTK_STREAM assigned=none at_station=true cargo=none command=false effective_speed=0 line=7873-2007 passengers=0 row=train station=7873 train=2000002658 t=26406617 id=2266
						Lua 0:22:18:424
[mod] [SMRTK] SMRTK_STREAM assigned=none at_station=false cargo=none command=GotoStation effective_speed=5618 line=2011-6430 passengers=0 row=train station=6430 train=2000001850 t=26407617 id=2267
						Lua 0:22:18:757
[mod] [SMRTK] SMRTK_STREAM assigned=none at_station=false cargo=none command=GotoStation effective_speed=5617 line=2011-6430 passengers=0 row=train station=6430 train=2000001850 t=26408617 id=2268
[mod] [SMRTK] SMRTK_STREAM assigned=7985:Seeds:60000,7985:Sugar:27000,7985:WasteRock:60000 at_station=false cargo=Seeds:60000,Sugar:27000,WasteRock:60000 command=GotoStation effective_speed=4956 line=6430-7873 passengers=0 row=train station=6430 train=2000002659 t=26408617 id=2269
						Lua 0:22:19:092
[mod] [SMRTK] SMRTK_STREAM assigned=7985:Seeds:60000,7985:Sugar:27000,7985:WasteRock:60000 at_station=false cargo=Seeds:60000,Sugar:27000,WasteRock:60000 command=GotoStation effective_speed=5617 line=6430-7873 passengers=0 row=train station=6430 train=2000002659 t=26409617 id=2270
						Lua 0:22:19:425
[mod] [SMRTK] SMRTK_STREAM assigned=none at_station=false cargo=none command=GotoStation effective_speed=5612 line=2011-6430 passengers=0 row=train station=6430 train=2000001850 t=26410617 id=2271
						Lua 0:22:19:757
[mod] [SMRTK] SMRTK_STREAM assigned=none at_station=false cargo=none command=GotoStation effective_speed=5674 line=2012-6430 passengers=0 row=train station=6430 train=2000001849 t=26411617 id=2272
[mod] [SMRTK] SMRTK_STREAM assigned=none at_station=false cargo=none command=GotoStation effective_speed=2798 line=2011-6430 passengers=0 row=train station=6430 train=2000001850 t=26411617 id=2273
[mod] [SMRTK] SMRTK_STREAM assigned=7985:Seeds:60000,7985:Sugar:27000,7985:WasteRock:60000 at_station=false cargo=Seeds:60000,Sugar:27000,WasteRock:60000 command=GotoStation effective_speed=5607 line=6430-7873 passengers=0 row=train station=6430 train=2000002659 t=26411617 id=2274
						Lua 0:22:20:091
[mod] [SMRTK] SMRTK_STREAM assigned=none at_station=false cargo=none command=GotoStation effective_speed=5617 line=2012-6430 passengers=0 row=train station=6430 train=2000001849 t=26412617 id=2275
[mod] [SMRTK] SMRTK_STREAM assigned=none at_station=false cargo=none command=GotoStation effective_speed=287 line=2011-6430 passengers=0 row=train station=6430 train=2000001850 t=26412617 id=2276
[mod] [SMRTK] SMRTK_STREAM assigned=7985:Seeds:60000,7985:Sugar:27000,7985:WasteRock:60000 at_station=false cargo=Seeds:60000,Sugar:27000,WasteRock:60000 command=GotoStation effective_speed=5617 line=6430-7873 passengers=0 row=train station=6430 train=2000002659 t=26412617 id=2277
						Lua 0:22:20:221
[mod] [SMRTK] SMRTK_SECTION action=section_attach attached=true dialog=ipBuilding object=SMROptInElevatorDepotDev(7985) status=OK t=26412940 id=2278						Lua 0:22:20:222

						Lua 0:22:20:425
[mod] [SMRTK] SMRTK_STREAM assigned=none at_station=false cargo=none command=GotoStation effective_speed=5612 line=2012-6430 passengers=0 row=train station=6430 train=2000001849 t=26413617 id=2279
[mod] [SMRTK] SMRTK_STREAM assigned=none at_station=true cargo=none command=UnloadTrain effective_speed=0 line=2011-6430 passengers=0 row=train station=2011 train=2000001850 t=26413617 id=2280
[mod] [SMRTK] SMRTK_STREAM assigned=7985:Seeds:60000,7985:Sugar:27000,7985:WasteRock:60000 at_station=false cargo=Seeds:60000,Sugar:27000,WasteRock:60000 command=GotoStation effective_speed=5622 line=6430-7873 passengers=0 row=train station=6430 train=2000002659 t=26413617 id=2281
						Lua 0:22:20:757
[mod] [SMRTK] SMRTK_STREAM assigned=none at_station=false cargo=none command=GotoStation effective_speed=4124 line=2012-6430 passengers=0 row=train station=6430 train=2000001849 t=26414617 id=2282
						Lua 0:22:20:758
[mod] [SMRTK] SMRTK_STREAM assigned=7985:Seeds:60000,7985:Sugar:27000,7985:WasteRock:60000 at_station=false cargo=Seeds:60000,Sugar:27000,WasteRock:60000 command=GotoStation effective_speed=5617 line=7985-7873 passengers=0 row=train station=7873 train=2000002659 t=26414617 id=2283
						Lua 0:22:21:091
[mod] [SMRTK] SMRTK_STREAM assigned=none at_station=false cargo=none command=GotoStation effective_speed=1520 line=2012-6430 passengers=0 row=train station=6430 train=2000001849 t=26415617 id=2284
						Lua 0:22:21:425
[mod] [SMRTK] SMRTK_STREAM assigned=none at_station=true cargo=none command=UnloadTrain effective_speed=0 line=2012-6430 passengers=0 row=train station=2012 train=2000001849 t=26416617 id=2285
						Lua 0:22:22:091
[mod] [SMRTK] SMRTK_STREAM assigned=7985:Seeds:60000,7985:Sugar:27000,7985:WasteRock:60000 at_station=false cargo=Seeds:60000,Sugar:27000,WasteRock:60000 command=GotoStation effective_speed=5612 line=7985-7873 passengers=0 row=train station=7873 train=2000002659 t=26418617 id=2286
						Lua 0:22:22:424
[mod] [SMRTK] SMRTK_STREAM assigned=none at_station=true cargo=none command=LoadTrain effective_speed=0 line=2011-6430 passengers=0 row=train station=2011 train=2000001850 t=26419617 id=2287
[mod] [SMRTK] SMRTK_STREAM assigned=7985:Seeds:60000,7985:Sugar:27000,7985:WasteRock:60000 at_station=false cargo=Seeds:60000,Sugar:27000,WasteRock:60000 command=GotoStation effective_speed=5621 line=7985-7873 passengers=0 row=train station=7873 train=2000002659 t=26419617 id=2288
						Lua 0:22:22:757
[mod] [SMRTK] SMRTK_STREAM assigned=7985:Seeds:60000,7985:Sugar:27000,7985:WasteRock:60000 at_station=false cargo=Seeds:60000,Sugar:27000,WasteRock:60000 command=GotoStation effective_speed=5617 line=7985-7873 passengers=0 row=train station=7873 train=2000002659 t=26420617 id=2289
						Lua 0:22:22:973
[mod] [SMRTK] SMRTK_STREAM assigned=7985:Seeds:60000,7985:Sugar:27000,7985:WasteRock:60000 at_station=false cargo=Seeds:60000,Sugar:27000,WasteRock:60000 command=GotoStation effective_speed=5621 line=7985-7873 passengers=0 row=train station=7873 train=2000002659 t=26421617 id=2290
						Lua 0:22:23:173
[mod] [SMRTK] SMRTK_STREAM assigned=none at_station=true cargo=none command=LoadTrain effective_speed=0 line=2012-6430 passengers=0 row=train station=2012 train=2000001849 t=26422617 id=2291
						Lua 0:22:23:174
[mod] [SMRTK] SMRTK_STREAM assigned=7985:Seeds:60000,7985:Sugar:27000,7985:WasteRock:60000 at_station=false cargo=Seeds:60000,Sugar:27000,WasteRock:60000 command=GotoStation effective_speed=5617 line=7985-7873 passengers=0 row=train station=7873 train=2000002659 t=26422617 id=2292
						Lua 0:22:23:573
[mod] [SMRTK] SMRTK_STREAM assigned=7985:Seeds:60000,7985:Sugar:27000,7985:WasteRock:60000 at_station=false cargo=Seeds:60000,Sugar:27000,WasteRock:60000 command=GotoStation effective_speed=5647 line=7985-7873 passengers=0 row=train station=7873 train=2000002659 t=26424617 id=2293
						Lua 0:22:23:773
[mod] [SMRTK] SMRTK_STREAM assigned=none at_station=false cargo=none command=GotoStation effective_speed=1461 line=2011-6430 passengers=0 row=train station=2011 train=2000001850 t=26425617 id=2294
[mod] [SMRTK] SMRTK_STREAM assigned=7985:Seeds:60000,7985:Sugar:27000,7985:WasteRock:60000 at_station=false cargo=Seeds:60000,Sugar:27000,WasteRock:60000 command=GotoStation effective_speed=5612 line=7985-7873 passengers=0 row=train station=7873 train=2000002659 t=26425617 id=2295
						Lua 0:22:23:993
[mod] [SMRTK] SMRTK_STREAM assigned=none at_station=false cargo=none command=GotoStation effective_speed=1705 line=2011-6430 passengers=0 row=train station=2011 train=2000001850 t=26426617 id=2296
						Lua 0:22:24:173
[mod] [SMRTK] SMRTK_STREAM assigned=none at_station=false cargo=none command=GotoStation effective_speed=4854 line=2011-6430 passengers=0 row=train station=2011 train=2000001850 t=26427617 id=2297
						Lua 0:22:24:373
[mod] [SMRTK] SMRTK_STREAM assigned=none at_station=false cargo=none command=GotoStation effective_speed=765 line=2012-6430 passengers=0 row=train station=2012 train=2000001849 t=26428617 id=2298
[mod] [SMRTK] SMRTK_STREAM assigned=none at_station=false cargo=none command=GotoStation effective_speed=5617 line=2011-6430 passengers=0 row=train station=2011 train=2000001850 t=26428617 id=2299
[mod] [SMRTK] SMRTK_STREAM assigned=7985:Seeds:60000,7985:Sugar:27000,7985:WasteRock:60000 at_station=false cargo=Seeds:60000,Sugar:27000,WasteRock:60000 command=GotoStation effective_speed=5621 line=7985-7873 passengers=0 row=train station=7873 train=2000002659 t=26428617 id=2300
						Lua 0:22:24:573
[mod] [SMRTK] SMRTK_STREAM assigned=none at_station=false cargo=none command=GotoStation effective_speed=1569 line=2012-6430 passengers=0 row=train station=2012 train=2000001849 t=26429617 id=2301
[mod] [SMRTK] SMRTK_STREAM assigned=7985:Seeds:60000,7985:Sugar:27000,7985:WasteRock:60000 at_station=false cargo=Seeds:60000,Sugar:27000,WasteRock:60000 command=GotoStation effective_speed=5612 line=7985-7873 passengers=0 row=train station=7873 train=2000002659 t=26429617 id=2302
						Lua 0:22:24:773
[mod] [SMRTK] SMRTK_STREAM assigned=none at_station=true cargo=none command=LoadTrain effective_speed=0 line=2012-6430 passengers=0 row=train station=6430 train=2000001844 t=26430617 id=2303
[mod] [SMRTK] SMRTK_STREAM assigned=none at_station=true cargo=none command=LoadTrain effective_speed=0 line=2011-6430 passengers=0 row=train station=6430 train=2000001845 t=26430617 id=2304
[mod] [SMRTK] SMRTK_STREAM assigned=none at_station=true cargo=none command=LoadTrain effective_speed=0 line=7985-7873 passengers=0 row=train station=7873 train=2000001846 t=26430617 id=2305
[mod] [SMRTK] SMRTK_STREAM assigned=none at_station=true cargo=none command=LoadTrain effective_speed=0 line=6430-2008 passengers=0 row=train station=6430 train=2000001848 t=26430617 id=2306
[mod] [SMRTK] SMRTK_STREAM assigned=none at_station=false cargo=none command=GotoStation effective_speed=1819 line=2012-6430 passengers=0 row=train station=2012 train=2000001849 t=26430617 id=2307
[mod] [SMRTK] SMRTK_STREAM assigned=none at_station=false cargo=none command=GotoStation effective_speed=5607 line=2011-6430 passengers=0 row=train station=2011 train=2000001850 t=26430617 id=2308
[mod] [SMRTK] SMRTK_STREAM assigned=none at_station=true cargo=none command=LoadTrain effective_speed=0 line=6430-2007 passengers=0 row=train station=6430 train=2000001851 t=26430617 id=2309
[mod] [SMRTK] SMRTK_STREAM assigned=none at_station=true cargo=none command=LoadTrain effective_speed=0 line=6495-6827 passengers=0 row=train station=6495 train=2000002387 t=26430617 id=2310
[mod] [SMRTK] SMRTK_STREAM assigned=none at_station=true cargo=none command=LoadTrain effective_speed=0 line=7411-6495 passengers=0 row=train station=6495 train=2000002388 t=26430617 id=2311
[mod] [SMRTK] SMRTK_STREAM assigned=none at_station=true cargo=none command=LoadTrain effective_speed=0 line=6883-6495 passengers=0 row=train station=6495 train=2000002389 t=26430617 id=2312
[mod] [SMRTK] SMRTK_STREAM assigned=none at_station=true cargo=none command=LoadTrain effective_speed=0 line=6951-6495 passengers=0 row=train station=6495 train=2000002390 t=26430617 id=2313
[mod] [SMRTK] SMRTK_STREAM assigned=none at_station=true cargo=none command=LoadTrain effective_speed=0 line=7411-6495 passengers=0 row=train station=7411 train=2000002391 t=26430617 id=2314
						Lua 0:22:24:774
[mod] [SMRTK] SMRTK_STREAM assigned=none at_station=true cargo=none command=LoadTrain effective_speed=0 line=6951-6495 passengers=0 row=train station=6951 train=2000002392 t=26430617 id=2315
[mod] [SMRTK] SMRTK_STREAM assigned=none at_station=true cargo=none command=LoadTrain effective_speed=0 line=7873-2007 passengers=0 row=train station=7873 train=2000002658 t=26430617 id=2316
						Lua 0:22:24:973
[mod] [SMRTK] SMRTK_STREAM assigned=none at_station=false cargo=none command=GotoStation effective_speed=5617 line=2012-6430 passengers=0 row=train station=2012 train=2000001849 t=26431617 id=2317
[mod] [SMRTK] SMRTK_STREAM assigned=none at_station=false cargo=none command=GotoStation effective_speed=5617 line=2011-6430 passengers=0 row=train station=2011 train=2000001850 t=26431617 id=2318
[mod] [SMRTK] SMRTK_STREAM assigned=7985:Seeds:60000,7985:Sugar:27000,7985:WasteRock:60000 at_station=false cargo=Seeds:60000,Sugar:27000,WasteRock:60000 command=GotoStation effective_speed=5617 line=7985-7873 passengers=0 row=train station=7873 train=2000002659 t=26431617 id=2319
						Lua 0:22:25:173
[mod] [SMRTK] SMRTK_STREAM assigned=none at_station=false cargo=none command=GotoStation effective_speed=5621 line=2012-6430 passengers=0 row=train station=2012 train=2000001849 t=26432617 id=2320
						Lua 0:22:25:373
[mod] [SMRTK] SMRTK_STREAM assigned=none at_station=false cargo=none command=GotoStation effective_speed=4750 line=2012-6430 passengers=0 row=train station=2012 train=2000001849 t=26433617 id=2321
[mod] [SMRTK] SMRTK_STREAM assigned=7985:Seeds:60000,7985:Sugar:27000,7985:WasteRock:60000 at_station=false cargo=Seeds:60000,Sugar:27000,WasteRock:60000 command=GotoStation effective_speed=5612 line=7985-7873 passengers=0 row=train station=7873 train=2000002659 t=26433617 id=2322
						Lua 0:22:25:573
[mod] [SMRTK] SMRTK_STREAM assigned=none at_station=false cargo=none command=GotoStation effective_speed=5617 line=2012-6430 passengers=0 row=train station=2012 train=2000001849 t=26434617 id=2323
[mod] [SMRTK] SMRTK_STREAM assigned=7985:Seeds:60000,7985:Sugar:27000,7985:WasteRock:60000 at_station=false cargo=Seeds:60000,Sugar:27000,WasteRock:60000 command=GotoStation effective_speed=5617 line=7985-7873 passengers=0 row=train station=7873 train=2000002659 t=26434617 id=2324
						Lua 0:22:25:773
[mod] [SMRTK] SMRTK_STREAM assigned=none at_station=false cargo=none command=GotoStation effective_speed=4956 line=2011-6430 passengers=0 row=train station=2011 train=2000001850 t=26435617 id=2325
[mod] [SMRTK] SMRTK_STREAM assigned=7985:Seeds:60000,7985:Sugar:27000,7985:WasteRock:60000 at_station=false cargo=Seeds:60000,Sugar:27000,WasteRock:60000 command=GotoStation effective_speed=5612 line=7985-7873 passengers=0 row=train station=7873 train=2000002659 t=26435617 id=2326
						Lua 0:22:25:973
[mod] [SMRTK] SMRTK_STREAM assigned=none at_station=true cargo=none command=GotoStation effective_speed=0 line=6430-2008 passengers=0 row=train station=6430 train=2000001844 t=26436617 id=2327
[mod] [SMRTK] SMRTK_STREAM assigned=none at_station=false cargo=none command=GotoStation effective_speed=4470 line=6430-2007 passengers=0 row=train station=6430 train=2000001845 t=26436617 id=2328
[mod] [SMRTK] SMRTK_STREAM assigned=none at_station=true cargo=none command=false effective_speed=0 line=7985-7873 passengers=0 row=train station=7873 train=2000001846 t=26436617 id=2329
[mod] [SMRTK] SMRTK_STREAM assigned=none at_station=true cargo=none command=false effective_speed=0 line=6430-2008 passengers=0 row=train station=6430 train=2000001848 t=26436617 id=2330
[mod] [SMRTK] SMRTK_STREAM assigned=none at_station=false cargo=none command=GotoStation effective_speed=5617 line=2011-6430 passengers=0 row=train station=2011 train=2000001850 t=26436617 id=2331
[mod] [SMRTK] SMRTK_STREAM assigned=none at_station=true cargo=none command=false effective_speed=0 line=6430-2007 passengers=0 row=train station=6430 train=2000001851 t=26436617 id=2332
[mod] [SMRTK] SMRTK_STREAM assigned=none at_station=true cargo=none command=false effective_speed=0 line=6495-6827 passengers=0 row=train station=6495 train=2000002387 t=26436617 id=2333
[mod] [SMRTK] SMRTK_STREAM assigned=none at_station=true cargo=none command=false effective_speed=0 line=7411-6495 passengers=0 row=train station=6495 train=2000002388 t=26436617 id=2334
[mod] [SMRTK] SMRTK_STREAM assigned=none at_station=true cargo=none command=false effective_speed=0 line=6883-6495 passengers=0 row=train station=6495 train=2000002389 t=26436617 id=2335
[mod] [SMRTK] SMRTK_STREAM assigned=none at_station=true cargo=none command=false effective_speed=0 line=6951-6495 passengers=0 row=train station=6495 train=2000002390 t=26436617 id=2336
[mod] [SMRTK] SMRTK_STREAM assigned=none at_station=true cargo=none command=false effective_speed=0 line=7411-6495 passengers=0 row=train station=7411 train=2000002391 t=26436617 id=2337
[mod] [SMRTK] SMRTK_STREAM assigned=none at_station=true cargo=none command=false effective_speed=0 line=6951-6495 passengers=0 row=train station=6951 train=2000002392 t=26436617 id=2338
[mod] [SMRTK] SMRTK_STREAM assigned=none at_station=true cargo=none command=false effective_speed=0 line=7873-2007 passengers=0 row=train station=7873 train=2000002658 t=26436617 id=2339
						Lua 0:22:25:974
[mod] [SMRTK] SMRTK_STREAM assigned=7985:Seeds:60000,7985:Sugar:27000,7985:WasteRock:60000 at_station=false cargo=Seeds:60000,Sugar:27000,WasteRock:60000 command=GotoStation effective_speed=2806 line=7985-7873 passengers=0 row=train station=7873 train=2000002659 t=26436617 id=2340
						Lua 0:22:26:173
[mod] [SMRTK] SMRTK_STREAM assigned=none at_station=false cargo=none command=GotoStation effective_speed=1397 line=6430-2007 passengers=0 row=train station=6430 train=2000001845 t=26437617 id=2341
[mod] [SMRTK] SMRTK_STREAM assigned=none at_station=false cargo=none command=GotoStation effective_speed=5638 line=2011-6430 passengers=0 row=train station=2011 train=2000001850 t=26437617 id=2342
[mod] [SMRTK] SMRTK_STREAM assigned=7985:Seeds:60000,7985:Sugar:27000,7985:WasteRock:60000 at_station=false cargo=Seeds:60000,Sugar:27000,WasteRock:60000 command=GotoStation effective_speed=1765 line=7985-7873 passengers=0 row=train station=7873 train=2000002659 t=26437617 id=2343
						Lua 0:22:26:375
[mod] [SMRTK] SMRTK_STREAM assigned=none at_station=false cargo=none command=GotoStation effective_speed=351 line=6430-2007 passengers=0 row=train station=6430 train=2000001845 t=26438617 id=2344
[mod] [SMRTK] SMRTK_STREAM assigned=none at_station=false cargo=none command=GotoStation effective_speed=5617 line=2011-6430 passengers=0 row=train station=2011 train=2000001850 t=26438617 id=2345
[mod] [SMRTK] SMRTK_STREAM assigned=7985:Seeds:60000,7985:Sugar:27000,7985:WasteRock:60000 at_station=false cargo=Seeds:60000,Sugar:27000,WasteRock:60000 command=GotoStation effective_speed=727 line=7985-7873 passengers=0 row=train station=7873 train=2000002659 t=26438617 id=2346
						Lua 0:22:26:573
[mod] [SMRTK] SMRTK_STREAM assigned=none at_station=false cargo=none command=GotoStation effective_speed=1873 line=6430-2007 passengers=0 row=train station=6430 train=2000001845 t=26439617 id=2347
[mod] [SMRTK] SMRTK_STREAM assigned=none at_station=false cargo=none command=GotoStation effective_speed=5631 line=2011-6430 passengers=0 row=train station=2011 train=2000001850 t=26439617 id=2348
						Lua 0:22:26:574
[mod] [SMRTK] SMRTK_STREAM assigned=7985:Seeds:60000,7985:Sugar:27000,7985:WasteRock:60000 at_station=true cargo=Seeds:60000,Sugar:27000,WasteRock:60000 command=UnloadTrain effective_speed=0 line=7985-7873 passengers=0 row=train station=7985 train=2000002659 t=26439617 id=2349
						Lua 0:22:26:773
[mod] [SMRTK] SMRTK_STREAM assigned=none at_station=false cargo=none command=GotoStation effective_speed=4683 line=6430-2008 passengers=0 row=train station=6430 train=2000001844 t=26440617 id=2350
[mod] [SMRTK] SMRTK_STREAM assigned=none at_station=false cargo=none command=GotoStation effective_speed=5617 line=6430-2007 passengers=0 row=train station=6430 train=2000001845 t=26440617 id=2351
[mod] [SMRTK] SMRTK_STREAM assigned=none at_station=false cargo=none command=GotoStation effective_speed=5617 line=2011-6430 passengers=0 row=train station=2011 train=2000001850 t=26440617 id=2352
						Lua 0:22:26:973
[mod] [SMRTK] SMRTK_STREAM assigned=none at_station=false cargo=none command=GotoStation effective_speed=1608 line=6430-2008 passengers=0 row=train station=6430 train=2000001844 t=26441617 id=2353
[mod] [SMRTK] SMRTK_STREAM assigned=none at_station=false cargo=none command=GotoStation effective_speed=4956 line=2011-6430 passengers=0 row=train station=2011 train=2000001850 t=26441617 id=2354
						Lua 0:22:27:178
[mod] [SMRTK] SMRTK_STREAM assigned=none at_station=false cargo=none command=GotoStation effective_speed=355 line=6430-2008 passengers=0 row=train station=6430 train=2000001844 t=26442617 id=2355
[mod] [SMRTK] SMRTK_STREAM assigned=none at_station=false cargo=none command=GotoStation effective_speed=4750 line=2012-6430 passengers=0 row=train station=2012 train=2000001849 t=26442617 id=2356
[mod] [SMRTK] SMRTK_STREAM assigned=none at_station=false cargo=none command=GotoStation effective_speed=5617 line=2011-6430 passengers=0 row=train station=2011 train=2000001850 t=26442617 id=2357
						Lua 0:22:27:373
[mod] [SMRTK] SMRTK_STREAM assigned=none at_station=false cargo=none command=GotoStation effective_speed=1873 line=6430-2008 passengers=0 row=train station=6430 train=2000001844 t=26443617 id=2358
[mod] [SMRTK] SMRTK_STREAM assigned=none at_station=false cargo=none command=GotoStation effective_speed=5617 line=2012-6430 passengers=0 row=train station=2012 train=2000001849 t=26443617 id=2359
						Lua 0:22:27:574
[mod] [SMRTK] SMRTK_STREAM assigned=none at_station=false cargo=none command=GotoStation effective_speed=5617 line=6430-2008 passengers=0 row=train station=6430 train=2000001844 t=26444617 id=2360
						Lua 0:22:27:773
[mod] [SMRTK] SMRTK_STREAM assigned=none at_station=false cargo=none command=GotoStation effective_speed=5621 line=6430-2008 passengers=0 row=train station=6430 train=2000001844 t=26445617 id=2361
[mod] [SMRTK] SMRTK_STREAM assigned=none at_station=true cargo=none command=LoadTrain effective_speed=0 line=7985-7873 passengers=0 row=train station=7985 train=2000002659 t=26445617 id=2362
						Lua 0:22:27:775
[mod] [SMRTK] SMRTK_STREAM before=0 calls=17 cubes=none expected_cubes=none hub=false res=Sugar row=stock station=7985 stock=27000 target=58800 t=26445617 id=2363
[mod] [SMRTK] SMRTK_STREAM before=0 calls=17 cubes=none expected_cubes=none hub=false res=Seeds row=stock station=7985 stock=60000 target=60000 t=26445617 id=2364
[mod] [SMRTK] SMRTK_STREAM before=0 calls=17 cubes=none expected_cubes=none hub=false res=WasteRock row=stock station=7985 stock=60000 target=60000 t=26445617 id=2365
						Lua 0:22:27:973
[mod] [SMRTK] SMRTK_STREAM assigned=none at_station=false cargo=none command=GotoStation effective_speed=5612 line=6430-2008 passengers=0 row=train station=6430 train=2000001844 t=26446617 id=2366
[mod] [SMRTK] SMRTK_STREAM assigned=none at_station=false cargo=none command=GotoStation effective_speed=5631 line=6430-2007 passengers=0 row=train station=6430 train=2000001845 t=26446617 id=2367
						Lua 0:22:28:179
[mod] [SMRTK] SMRTK_STREAM assigned=none at_station=false cargo=none command=GotoStation effective_speed=5617 line=6430-2008 passengers=0 row=train station=6430 train=2000001844 t=26447617 id=2368
[mod] [SMRTK] SMRTK_STREAM assigned=none at_station=false cargo=none command=GotoStation effective_speed=5617 line=6430-2007 passengers=0 row=train station=6430 train=2000001845 t=26447617 id=2369
						Lua 0:22:28:774
[mod] [SMRTK] SMRTK_STREAM assigned=none at_station=false cargo=none command=GotoStation effective_speed=4655 line=6430-2008 passengers=0 row=train station=6430 train=2000001844 t=26450617 id=2370
[mod] [SMRTK] SMRTK_STREAM assigned=none at_station=false cargo=none command=GotoStation effective_speed=5628 line=6430-2007 passengers=0 row=train station=6430 train=2000001845 t=26450617 id=2371
						Lua 0:22:28:976
[mod] [SMRTK] SMRTK_STREAM assigned=none at_station=false cargo=none command=GotoStation effective_speed=1783 line=6430-2008 passengers=0 row=train station=6430 train=2000001844 t=26451617 id=2372
[mod] [SMRTK] SMRTK_STREAM assigned=none at_station=false cargo=none command=GotoStation effective_speed=5617 line=6430-2007 passengers=0 row=train station=6430 train=2000001845 t=26451617 id=2373
[mod] [SMRTK] SMRTK_STREAM assigned=none at_station=false cargo=none command=GotoStation effective_speed=5631 line=2012-6430 passengers=0 row=train station=2012 train=2000001849 t=26451617 id=2374
[mod] [SMRTK] SMRTK_STREAM assigned=none at_station=false cargo=none command=GotoStation effective_speed=596 line=7985-7873 passengers=0 row=train station=7985 train=2000002659 t=26451617 id=2375
						Lua 0:22:29:173
[mod] [SMRTK] SMRTK_STREAM assigned=none at_station=true cargo=none command=UnloadTrain effective_speed=0 line=6430-2008 passengers=0 row=train station=2008 train=2000001844 t=26452617 id=2376
[mod] [SMRTK] SMRTK_STREAM assigned=none at_station=false cargo=none command=GotoStation effective_speed=5617 line=2012-6430 passengers=0 row=train station=2012 train=2000001849 t=26452617 id=2377
[mod] [SMRTK] SMRTK_STREAM assigned=none at_station=false cargo=none command=GotoStation effective_speed=1490 line=7985-7873 passengers=0 row=train station=7985 train=2000002659 t=26452617 id=2378
						Lua 0:22:29:373
[mod] [SMRTK] SMRTK_STREAM assigned=none at_station=false cargo=none command=GotoStation effective_speed=1631 line=7985-7873 passengers=0 row=train station=7985 train=2000002659 t=26453617 id=2379
						Lua 0:22:30:212
[mod] [SMRTK] SMRTK_STREAM assigned=none at_station=false cargo=none command=GotoStation effective_speed=1771 line=7985-7873 passengers=0 row=train station=7985 train=2000002659 t=26454617 id=2380
						Lua 0:22:31:212
[mod] [SMRTK] SMRTK_STREAM assigned=none at_station=false cargo=none command=GotoStation effective_speed=5612 line=2012-6430 passengers=0 row=train station=2012 train=2000001849 t=26455617 id=2381
[mod] [SMRTK] SMRTK_STREAM assigned=none at_station=false cargo=none command=GotoStation effective_speed=4204 line=7985-7873 passengers=0 row=train station=7985 train=2000002659 t=26455617 id=2382
						Lua 0:22:32:212
[mod] [SMRTK] SMRTK_STREAM assigned=none at_station=false cargo=none command=GotoStation effective_speed=5617 line=2012-6430 passengers=0 row=train station=2012 train=2000001849 t=26456617 id=2383
[mod] [SMRTK] SMRTK_STREAM assigned=none at_station=false cargo=none command=GotoStation effective_speed=5617 line=7985-7873 passengers=0 row=train station=7985 train=2000002659 t=26456617 id=2384
						Lua 0:22:32:921
[mod] [SMRTK] SMRTK_COPY action=copy flushed=true from=531 lines=300 status=OK truncated=true t=26457326 id=2385
[SMRTK] SMRTK_COPY action=copy flushed=true from=531 lines=300 status=OK truncated=true t=26457326 id=2385
						Lua 0:22:33:212
[mod] [SMRTK] SMRTK_STREAM assigned=none at_station=false cargo=none command=GotoStation effective_speed=3805 line=6430-2007 passengers=0 row=train station=6430 train=2000001845 t=26457617 id=2386
[mod] [SMRTK] SMRTK_STREAM assigned=none at_station=false cargo=none command=GotoStation effective_speed=727 line=2012-6430 passengers=0 row=train station=2012 train=2000001849 t=26457617 id=2387
						Lua 0:22:34:211
[mod] [SMRTK] SMRTK_STREAM assigned=none at_station=true cargo=none command=LoadTrain effective_speed=0 line=6430-2008 passengers=0 row=train station=2008 train=2000001844 t=26458617 id=2388
[mod] [SMRTK] SMRTK_STREAM assigned=none at_station=false cargo=none command=GotoStation effective_speed=1293 line=6430-2007 passengers=0 row=train station=6430 train=2000001845 t=26458617 id=2389
[mod] [SMRTK] SMRTK_STREAM assigned=none at_station=false cargo=none command=GotoStation effective_speed=214 line=2012-6430 passengers=0 row=train station=2012 train=2000001849 t=26458617 id=2390
[mod] [SMRTK] SMRTK_STREAM assigned=none at_station=false cargo=none command=GotoStation effective_speed=0 line=2011-6430 passengers=0 row=train station=2011 train=2000001850 t=26458617 id=2391
						Lua 0:22:35:212
[mod] [SMRTK] SMRTK_STREAM assigned=none at_station=true cargo=none command=UnloadTrain effective_speed=0 line=6430-2007 passengers=0 row=train station=2007 train=2000001845 t=26459617 id=2392
[mod] [SMRTK] SMRTK_STREAM assigned=none at_station=false cargo=none command=GotoStation effective_speed=1868 line=2012-6430 passengers=0 row=train station=2012 train=2000001849 t=26459617 id=2393
						Lua 0:22:36:212
[mod] [SMRTK] SMRTK_STREAM assigned=none at_station=true cargo=none command=LoadTrain effective_speed=0 line=7985-7873 passengers=0 row=train station=7873 train=2000001846 t=26460617 id=2394
[mod] [SMRTK] SMRTK_STREAM assigned=none at_station=true cargo=none command=LoadTrain effective_speed=0 line=6430-2008 passengers=0 row=train station=6430 train=2000001848 t=26460617 id=2395
[mod] [SMRTK] SMRTK_STREAM assigned=none at_station=false cargo=none command=GotoStation effective_speed=1298 line=2012-6430 passengers=0 row=train station=2012 train=2000001849 t=26460617 id=2396
[mod] [SMRTK] SMRTK_STREAM assigned=none at_station=true cargo=none command=LoadTrain effective_speed=0 line=6430-2007 passengers=0 row=train station=6430 train=2000001851 t=26460617 id=2397
[mod] [SMRTK] SMRTK_STREAM assigned=none at_station=true cargo=none command=LoadTrain effective_speed=0 line=6495-6827 passengers=0 row=train station=6495 train=2000002387 t=26460617 id=2398
[mod] [SMRTK] SMRTK_STREAM assigned=none at_station=true cargo=none command=LoadTrain effective_speed=0 line=7411-6495 passengers=0 row=train station=6495 train=2000002388 t=26460617 id=2399
[mod] [SMRTK] SMRTK_STREAM assigned=none at_station=true cargo=none command=LoadTrain effective_speed=0 line=6883-6495 passengers=0 row=train station=6495 train=2000002389 t=26460617 id=2400
[mod] [SMRTK] SMRTK_STREAM assigned=none at_station=true cargo=none command=LoadTrain effective_speed=0 line=6951-6495 passengers=0 row=train station=6495 train=2000002390 t=26460617 id=2401
[mod] [SMRTK] SMRTK_STREAM assigned=none at_station=true cargo=none command=LoadTrain effective_speed=0 line=7411-6495 passengers=0 row=train station=7411 train=2000002391 t=26460617 id=2402
[mod] [SMRTK] SMRTK_STREAM assigned=none at_station=true cargo=none command=LoadTrain effective_speed=0 line=6951-6495 passengers=0 row=train station=6951 train=2000002392 t=26460617 id=2403
[mod] [SMRTK] SMRTK_STREAM assigned=none at_station=true cargo=none command=LoadTrain effective_speed=0 line=7873-2007 passengers=0 row=train station=7873 train=2000002658 t=26460617 id=2404
[mod] [SMRTK] SMRTK_STREAM assigned=none at_station=false cargo=none command=GotoStation effective_speed=5621 line=7985-7873 passengers=0 row=train station=7985 train=2000002659 t=26460617 id=2405
						Lua 0:22:37:212
[mod] [SMRTK] SMRTK_STREAM assigned=none at_station=true cargo=none command=UnloadTrain effective_speed=0 line=2012-6430 passengers=0 row=train station=6430 train=2000001849 t=26461617 id=2406
[mod] [SMRTK] SMRTK_STREAM assigned=none at_station=false cargo=none command=GotoStation effective_speed=83 line=2011-6430 passengers=0 row=train station=2011 train=2000001850 t=26461617 id=2407
						Lua 0:22:37:213
[mod] [SMRTK] SMRTK_STREAM assigned=none at_station=false cargo=none command=GotoStation effective_speed=5617 line=7985-7873 passengers=0 row=train station=7985 train=2000002659 t=26461617 id=2408
[mod] [SMRTK] SMRTK_STREAM before=1395000 calls=697 cubes=171 expected_cubes=171 hub=true res=Herbs row=stock station=6430 stock=1339000 target=none t=26461617 id=2409
[mod] [SMRTK] SMRTK_STREAM before=1453000 calls=697 cubes=171 expected_cubes=171 hub=true res=Spices row=stock station=6430 stock=1395000 target=none t=26461617 id=2410
[mod] [SMRTK] SMRTK_STREAM before=1382000 calls=697 cubes=171 expected_cubes=171 hub=true res=Food row=stock station=6430 stock=1327000 target=none t=26461617 id=2411
[mod] [SMRTK] SMRTK_STREAM before=1428000 calls=697 cubes=171 expected_cubes=171 hub=true res=Sugar row=stock station=6430 stock=1371000 target=none t=26461617 id=2412
[mod] [SMRTK] SMRTK_STREAM before=1428000 calls=697 cubes=171 expected_cubes=171 hub=true res=Butter row=stock station=6430 stock=1371000 target=none t=26461617 id=2413
[mod] [SMRTK] SMRTK_STREAM before=1393000 calls=697 cubes=171 expected_cubes=171 hub=true res=Bread row=stock station=6430 stock=1338000 target=none t=26461617 id=2414
						Lua 0:22:37:214
[mod] [SMRTK] SMRTK_STREAM before=1393000 calls=697 cubes=171 expected_cubes=171 hub=true res=Cheese row=stock station=6430 stock=1337000 target=none t=26461617 id=2415
[mod] [SMRTK] SMRTK_STREAM before=1427000 calls=697 cubes=171 expected_cubes=171 hub=true res=Coffee row=stock station=6430 stock=1370000 target=none t=26461617 id=2416
[mod] [SMRTK] SMRTK_STREAM before=1455000 calls=697 cubes=171 expected_cubes=171 hub=true res=Meat row=stock station=6430 stock=1396000 target=none t=26461617 id=2417
						Lua 0:22:39:211
[mod] [SMRTK] SMRTK_STREAM assigned=none at_station=false cargo=none command=GotoStation effective_speed=950 line=2011-6430 passengers=0 row=train station=2011 train=2000001850 t=26463617 id=2418
						Lua 0:22:40:211
[mod] [SMRTK] SMRTK_STREAM assigned=none at_station=false cargo=none command=GotoStation effective_speed=610 line=6430-2008 passengers=0 row=train station=2008 train=2000001844 t=26464617 id=2419
[mod] [SMRTK] SMRTK_STREAM assigned=none at_station=false cargo=none command=GotoStation effective_speed=1088 line=2011-6430 passengers=0 row=train station=2011 train=2000001850 t=26464617 id=2420
						Lua 0:22:41:212
[mod] [SMRTK] SMRTK_STREAM assigned=none at_station=false cargo=none command=GotoStation effective_speed=1559 line=6430-2008 passengers=0 row=train station=2008 train=2000001844 t=26465617 id=2421
[mod] [SMRTK] SMRTK_STREAM assigned=none at_station=true cargo=none command=LoadTrain effective_speed=0 line=6430-2007 passengers=0 row=train station=2007 train=2000001845 t=26465617 id=2422
[mod] [SMRTK] SMRTK_STREAM assigned=none at_station=true cargo=none command=UnloadTrain effective_speed=0 line=2011-6430 passengers=0 row=train station=6430 train=2000001850 t=26465617 id=2423
[mod] [SMRTK] SMRTK_STREAM assigned=none at_station=false cargo=none command=GotoStation effective_speed=5621 line=7985-7873 passengers=0 row=train station=7985 train=2000002659 t=26465617 id=2424
						Lua 0:22:42:222
[mod] [SMRTK] SMRTK_STREAM assigned=none at_station=false cargo=none command=GotoStation effective_speed=1803 line=6430-2008 passengers=0 row=train station=2008 train=2000001844 t=26466617 id=2425						Lua 0:22:42:223

[mod] [SMRTK] SMRTK_STREAM assigned=none at_station=false cargo=none command=GotoStation effective_speed=1164 line=6430-7873 passengers=0 row=train station=7873 train=2000001846 t=26466617 id=2426
[mod] [SMRTK] SMRTK_STREAM assigned=none at_station=true cargo=none command=false effective_speed=0 line=6430-2008 passengers=0 row=train station=6430 train=2000001848 t=26466617 id=2427
[mod] [SMRTK] SMRTK_STREAM assigned=none at_station=true cargo=none command=false effective_speed=0 line=6430-2007 passengers=0 row=train station=6430 train=2000001851 t=26466617 id=2428
[mod] [SMRTK] SMRTK_STREAM assigned=none at_station=true cargo=none command=false effective_speed=0 line=6495-6827 passengers=0 row=train station=6495 train=2000002387 t=26466617 id=2429
[mod] [SMRTK] SMRTK_STREAM assigned=none at_station=true cargo=none command=false effective_speed=0 line=7411-6495 passengers=0 row=train station=6495 train=2000002388 t=26466617 id=2430
[mod] [SMRTK] SMRTK_STREAM assigned=none at_station=true cargo=none command=false effective_speed=0 line=6883-6495 passengers=0 row=train station=6495 train=2000002389 t=26466617 id=2431
[mod] [SMRTK] SMRTK_STREAM assigned=none at_station=true cargo=none command=false effective_speed=0 line=6951-6495 passengers=0 row=train station=6495 train=2000002390 t=26466617 id=2432
[mod] [SMRTK] SMRTK_STREAM assigned=none at_station=true cargo=none command=false effective_speed=0 line=7411-6495 passengers=0 row=train station=7411 train=2000002391 t=26466617 id=2433
[mod] [SMRTK] SMRTK_STREAM assigned=none at_station=true cargo=none command=false effective_speed=0 line=6951-6495 passengers=0 row=train station=6951 train=2000002392 t=26466617 id=2434
[mod] [SMRTK] SMRTK_STREAM assigned=none at_station=true cargo=none command=false effective_speed=0 line=7873-2007 passengers=0 row=train station=7873 train=2000002658 t=26466617 id=2435
[mod] [SMRTK] SMRTK_STREAM assigned=none at_station=false cargo=none command=GotoStation effective_speed=5617 line=7985-7873 passengers=0 row=train station=7985 train=2000002659 t=26466617 id=2436
[mod] [SMRTK] SMRTK_STREAM before=1327000 calls=697 cubes=171 expected_cubes=171 hub=true res=Food row=stock station=6430 stock=1326000 target=none t=26466617 id=2437
						Lua 0:22:43:212
[mod] [SMRTK] SMRTK_STREAM assigned=none at_station=false cargo=none command=GotoStation effective_speed=5612 line=6430-2008 passengers=0 row=train station=2008 train=2000001844 t=26467617 id=2438
[mod] [SMRTK] SMRTK_STREAM assigned=none at_station=false cargo=none command=GotoStation effective_speed=1622 line=6430-7873 passengers=0 row=train station=7873 train=2000001846 t=26467617 id=2439
[mod] [SMRTK] SMRTK_STREAM assigned=none at_station=true cargo=none command=LoadTrain effective_speed=0 line=2012-6430 passengers=0 row=train station=6430 train=2000001849 t=26467617 id=2440
[mod] [SMRTK] SMRTK_STREAM assigned=none at_station=false cargo=none command=GotoStation effective_speed=5633 line=7985-7873 passengers=0 row=train station=7985 train=2000002659 t=26467617 id=2441
						Lua 0:22:44:213
[mod] [SMRTK] SMRTK_STREAM assigned=none at_station=false cargo=none command=GotoStation effective_speed=5617 line=6430-2008 passengers=0 row=train station=2008 train=2000001844 t=26468617 id=2442
[mod] [SMRTK] SMRTK_STREAM assigned=none at_station=false cargo=none command=GotoStation effective_speed=1869 line=6430-7873 passengers=0 row=train station=7873 train=2000001846 t=26468617 id=2443
[mod] [SMRTK] SMRTK_STREAM assigned=none at_station=false cargo=none command=GotoStation effective_speed=5621 line=7985-7873 passengers=0 row=train station=7985 train=2000002659 t=26468617 id=2444
						Lua 0:22:45:212
[mod] [SMRTK] SMRTK_STREAM assigned=none at_station=false cargo=none command=GotoStation effective_speed=5654 line=6430-2008 passengers=0 row=train station=2008 train=2000001844 t=26469617 id=2445
[mod] [SMRTK] SMRTK_STREAM assigned=none at_station=false cargo=none command=GotoStation effective_speed=5617 line=6430-7873 passengers=0 row=train station=7873 train=2000001846 t=26469617 id=2446
[mod] [SMRTK] SMRTK_STREAM assigned=none at_station=false cargo=none command=GotoStation effective_speed=5612 line=7985-7873 passengers=0 row=train station=7985 train=2000002659 t=26469617 id=2447
						Lua 0:22:46:211
[mod] [SMRTK] SMRTK_STREAM assigned=none at_station=false cargo=none command=GotoStation effective_speed=5617 line=6430-2008 passengers=0 row=train station=2008 train=2000001844 t=26470617 id=2448
[mod] [SMRTK] SMRTK_STREAM assigned=none at_station=false cargo=none command=GotoStation effective_speed=5621 line=6430-7873 passengers=0 row=train station=7873 train=2000001846 t=26470617 id=2449
[mod] [SMRTK] SMRTK_STREAM assigned=none at_station=false cargo=none command=GotoStation effective_speed=5621 line=7985-7873 passengers=0 row=train station=7985 train=2000002659 t=26470617 id=2450
						Lua 0:22:47:212
[mod] [SMRTK] SMRTK_STREAM assigned=none at_station=false cargo=none command=GotoStation effective_speed=1019 line=6430-2007 passengers=0 row=train station=2007 train=2000001845 t=26471617 id=2451
[mod] [SMRTK] SMRTK_STREAM assigned=none at_station=false cargo=none command=GotoStation effective_speed=5617 line=6430-7873 passengers=0 row=train station=7873 train=2000001846 t=26471617 id=2452
[mod] [SMRTK] SMRTK_STREAM assigned=none at_station=true cargo=none command=LoadTrain effective_speed=0 line=2011-6430 passengers=0 row=train station=6430 train=2000001850 t=26471617 id=2453
[mod] [SMRTK] SMRTK_STREAM assigned=none at_station=false cargo=none command=GotoStation effective_speed=5612 line=7985-7873 passengers=0 row=train station=7985 train=2000002659 t=26471617 id=2454
						Lua 0:22:48:211
[mod] [SMRTK] SMRTK_STREAM assigned=none at_station=false cargo=none command=GotoStation effective_speed=1606 line=6430-2007 passengers=0 row=train station=2007 train=2000001845 t=26472617 id=2455
[mod] [SMRTK] SMRTK_STREAM assigned=none at_station=false cargo=none command=GotoStation effective_speed=4849 line=6430-7873 passengers=0 row=train station=7873 train=2000001846 t=26472617 id=2456
[mod] [SMRTK] SMRTK_STREAM assigned=none at_station=false cargo=none command=GotoStation effective_speed=5617 line=7985-7873 passengers=0 row=train station=7985 train=2000002659 t=26472617 id=2457
						Lua 0:22:49:212
[mod] [SMRTK] SMRTK_STREAM assigned=none at_station=false cargo=none command=GotoStation effective_speed=0 line=6430-2008 passengers=0 row=train station=2008 train=2000001844 t=26473617 id=2458
[mod] [SMRTK] SMRTK_STREAM assigned=none at_station=false cargo=none command=GotoStation effective_speed=1851 line=6430-2007 passengers=0 row=train station=2007 train=2000001845 t=26473617 id=2459
[mod] [SMRTK] SMRTK_STREAM assigned=none at_station=false cargo=none command=GotoStation effective_speed=5621 line=6430-7873 passengers=0 row=train station=7873 train=2000001846 t=26473617 id=2460
[mod] [SMRTK] SMRTK_STREAM assigned=none at_station=true cargo=none command=false effective_speed=0 line=2012-6430 passengers=0 row=train station=6430 train=2000001849 t=26473617 id=2461
[mod] [SMRTK] SMRTK_STREAM assigned=none at_station=false cargo=none command=GotoStation effective_speed=5642 line=7985-7873 passengers=0 row=train station=7985 train=2000002659 t=26473617 id=2462
						Lua 0:22:50:212
[mod] [SMRTK] SMRTK_STREAM assigned=none at_station=false cargo=none command=GotoStation effective_speed=5617 line=6430-2007 passengers=0 row=train station=2007 train=2000001845 t=26474617 id=2463
[mod] [SMRTK] SMRTK_STREAM assigned=none at_station=false cargo=none command=GotoStation effective_speed=5612 line=6430-7873 passengers=0 row=train station=7873 train=2000001846 t=26474617 id=2464
[mod] [SMRTK] SMRTK_STREAM assigned=none at_station=false cargo=none command=GotoStation effective_speed=5617 line=7985-7873 passengers=0 row=train station=7985 train=2000002659 t=26474617 id=2465
						Lua 0:22:51:212
[mod] [SMRTK] SMRTK_STREAM assigned=none at_station=false cargo=none command=GotoStation effective_speed=5617 line=6430-7873 passengers=0 row=train station=7873 train=2000001846 t=26475617 id=2466
[mod] [SMRTK] SMRTK_STREAM assigned=none at_station=false cargo=none command=GotoStation effective_speed=5612 line=7985-7873 passengers=0 row=train station=7985 train=2000002659 t=26475617 id=2467
						Lua 0:22:52:212
[mod] [SMRTK] SMRTK_STREAM assigned=none at_station=false cargo=none command=GotoStation effective_speed=5631 line=7985-7873 passengers=0 row=train station=7985 train=2000002659 t=26476617 id=2468
						Lua 0:22:53:211
[mod] [SMRTK] SMRTK_STREAM assigned=none at_station=true cargo=none command=false effective_speed=0 line=2011-6430 passengers=0 row=train station=6430 train=2000001850 t=26477617 id=2469
[mod] [SMRTK] SMRTK_STREAM assigned=none at_station=false cargo=none command=GotoStation effective_speed=4341 line=7985-7873 passengers=0 row=train station=7985 train=2000002659 t=26477617 id=2470
						Lua 0:22:54:220
[mod] [SMRTK] SMRTK_STREAM assigned=none at_station=false cargo=none command=GotoStation effective_speed=1643 line=7985-7873 passengers=0 row=train station=7985 train=2000002659 t=26478617 id=2471
						Lua 0:22:55:212
[mod] [SMRTK] SMRTK_STREAM assigned=none at_station=true cargo=none command=UnloadTrain effective_speed=0 line=7985-7873 passengers=0 row=train station=7873 train=2000002659 t=26479617 id=2472
						Lua 0:22:56:211
[mod] [SMRTK] SMRTK_STREAM assigned=none at_station=false cargo=none command=GotoStation effective_speed=5612 line=6430-2007 passengers=0 row=train station=2007 train=2000001845 t=26480617 id=2473
						Lua 0:22:57:212
[mod] [SMRTK] SMRTK_STREAM assigned=none at_station=false cargo=none command=GotoStation effective_speed=5617 line=6430-2007 passengers=0 row=train station=2007 train=2000001845 t=26481617 id=2474
						Lua 0:22:58:211
[mod] [SMRTK] SMRTK_STREAM assigned=none at_station=false cargo=none command=GotoStation effective_speed=5651 line=6430-7873 passengers=0 row=train station=7873 train=2000001846 t=26482617 id=2475
						Lua 0:22:59:212
[mod] [SMRTK] SMRTK_STREAM assigned=none at_station=false cargo=none command=GotoStation effective_speed=5617 line=6430-7873 passengers=0 row=train station=7873 train=2000001846 t=26483617 id=2476
						Lua 0:23:00:212
[mod] [SMRTK] SMRTK_STREAM assigned=none at_station=false cargo=none command=GotoStation effective_speed=4847 line=6430-2007 passengers=0 row=train station=2007 train=2000001845 t=26484617 id=2477
						Lua 0:23:01:211
[mod] [SMRTK] SMRTK_STREAM assigned=none at_station=false cargo=none command=GotoStation effective_speed=5617 line=6430-2007 passengers=0 row=train station=2007 train=2000001845 t=26485617 id=2478
[mod] [SMRTK] SMRTK_STREAM assigned=none at_station=true cargo=none command=LoadTrain effective_speed=0 line=7985-7873 passengers=0 row=train station=7873 train=2000002659 t=26485617 id=2479
						Lua 0:23:02:212
[mod] [SMRTK] SMRTK_STREAM assigned=none at_station=false cargo=none command=GotoStation effective_speed=1431 line=6430-7873 passengers=0 row=train station=7873 train=2000001846 t=26486617 id=2480
						Lua 0:23:03:213
[mod] [SMRTK] SMRTK_STREAM assigned=none at_station=false cargo=none command=GotoStation effective_speed=5612 line=6430-2007 passengers=0 row=train station=2007 train=2000001845 t=26487617 id=2481
[mod] [SMRTK] SMRTK_STREAM assigned=none at_station=false cargo=none command=GotoStation effective_speed=306 line=6430-7873 passengers=0 row=train station=7873 train=2000001846 t=26487617 id=2482
						Lua 0:23:04:215
[mod] [SMRTK] SMRTK_STREAM assigned=none at_station=false cargo=none command=GotoStation effective_speed=5617 line=6430-2007 passengers=0 row=train station=2007 train=2000001845 t=26488617 id=2483
[mod] [SMRTK] SMRTK_STREAM assigned=none at_station=false cargo=none command=GotoStation effective_speed=2136 line=6430-7873 passengers=0 row=train station=7873 train=2000001846 t=26488617 id=2484
						Lua 0:23:05:211
[mod] [SMRTK] SMRTK_STREAM assigned=none at_station=false cargo=none command=GotoStation effective_speed=5612 line=6430-2007 passengers=0 row=train station=2007 train=2000001845 t=26489617 id=2485
[mod] [SMRTK] SMRTK_STREAM assigned=none at_station=false cargo=none command=GotoStation effective_speed=1084 line=6430-7873 passengers=0 row=train station=7873 train=2000001846 t=26489617 id=2486
						Lua 0:23:06:212
[mod] [SMRTK] SMRTK_STREAM assigned=none at_station=false cargo=none command=GotoStation effective_speed=5617 line=6430-2007 passengers=0 row=train station=2007 train=2000001845 t=26490617 id=2487
[mod] [SMRTK] SMRTK_STREAM assigned=none at_station=true cargo=none command=UnloadTrain effective_speed=0 line=6430-7873 passengers=0 row=train station=6430 train=2000001846 t=26490617 id=2488
[mod] [SMRTK] SMRTK_STREAM assigned=none at_station=true cargo=none command=LoadTrain effective_speed=0 line=6430-2008 passengers=0 row=train station=6430 train=2000001848 t=26490617 id=2489
[mod] [SMRTK] SMRTK_STREAM assigned=none at_station=true cargo=none command=LoadTrain effective_speed=0 line=2012-6430 passengers=0 row=train station=6430 train=2000001849 t=26490617 id=2490
[mod] [SMRTK] SMRTK_STREAM assigned=none at_station=true cargo=none command=LoadTrain effective_speed=0 line=2011-6430 passengers=0 row=train station=6430 train=2000001850 t=26490617 id=2491
[mod] [SMRTK] SMRTK_STREAM assigned=none at_station=true cargo=none command=LoadTrain effective_speed=0 line=6430-2007 passengers=0 row=train station=6430 train=2000001851 t=26490617 id=2492
[mod] [SMRTK] SMRTK_STREAM assigned=none at_station=true cargo=none command=LoadTrain effective_speed=0 line=6495-6827 passengers=0 row=train station=6495 train=2000002387 t=26490617 id=2493
[mod] [SMRTK] SMRTK_STREAM assigned=none at_station=true cargo=none command=LoadTrain effective_speed=0 line=7411-6495 passengers=0 row=train station=6495 train=2000002388 t=26490617 id=2494
[mod] [SMRTK] SMRTK_STREAM assigned=none at_station=true cargo=none command=LoadTrain effective_speed=0 line=6883-6495 passengers=0 row=train station=6495 train=2000002389 t=26490617 id=2495
[mod] [SMRTK] SMRTK_STREAM assigned=none at_station=true cargo=none command=LoadTrain effective_speed=0 line=6951-6495 passengers=0 row=train station=6495 train=2000002390 t=26490617 id=2496
[mod] [SMRTK] SMRTK_STREAM assigned=none at_station=true cargo=none command=LoadTrain effective_speed=0 line=7411-6495 passengers=0 row=train station=7411 train=2000002391 t=26490617 id=2497
[mod] [SMRTK] SMRTK_STREAM assigned=none at_station=true cargo=none command=LoadTrain effective_speed=0 line=6951-6495 passengers=0 row=train station=6951 train=2000002392 t=26490617 id=2498
[mod] [SMRTK] SMRTK_STREAM assigned=none at_station=true cargo=none command=LoadTrain effective_speed=0 line=7873-2007 passengers=0 row=train station=7873 train=2000002658 t=26490617 id=2499
						Lua 0:23:07:211
[mod] [SMRTK] SMRTK_STREAM assigned=none at_station=false cargo=none command=GotoStation effective_speed=0 line=6430-2007 passengers=0 row=train station=2007 train=2000001845 t=26491617 id=2500
[mod] [SMRTK] SMRTK_STREAM assigned=none at_station=true cargo=none command=false effective_speed=0 line=7985-7873 passengers=0 row=train station=7873 train=2000002659 t=26491617 id=2501
						Lua 0:23:12:212
[mod] [SMRTK] SMRTK_STREAM assigned=7985:Butter:32000,7985:Meat:58000,7985:Spices:57000 at_station=true cargo=Butter:32000,Meat:58000,Spices:57000 command=LoadTrain effective_speed=0 line=6430-7873 passengers=0 row=train station=6430 train=2000001846 t=26496617 id=2502
[mod] [SMRTK] SMRTK_STREAM assigned=none at_station=true cargo=none command=GotoStation effective_speed=0 line=2012-6430 passengers=0 row=train station=6430 train=2000001848 t=26496617 id=2503
[mod] [SMRTK] SMRTK_STREAM assigned=none at_station=true cargo=none command=false effective_speed=0 line=2012-6430 passengers=0 row=train station=6430 train=2000001849 t=26496617 id=2504
[mod] [SMRTK] SMRTK_STREAM assigned=none at_station=true cargo=none command=false effective_speed=0 line=2011-6430 passengers=0 row=train station=6430 train=2000001850 t=26496617 id=2505
[mod] [SMRTK] SMRTK_STREAM assigned=none at_station=false cargo=none command=GotoStation effective_speed=4470 line=2011-6430 passengers=0 row=train station=6430 train=2000001851 t=26496617 id=2506
[mod] [SMRTK] SMRTK_STREAM assigned=none at_station=true cargo=none command=false effective_speed=0 line=6495-6827 passengers=0 row=train station=6495 train=2000002387 t=26496617 id=2507
[mod] [SMRTK] SMRTK_STREAM assigned=none at_station=true cargo=none command=false effective_speed=0 line=7411-6495 passengers=0 row=train station=6495 train=2000002388 t=26496617 id=2508
[mod] [SMRTK] SMRTK_STREAM assigned=none at_station=true cargo=none command=false effective_speed=0 line=6883-6495 passengers=0 row=train station=6495 train=2000002389 t=26496617 id=2509
[mod] [SMRTK] SMRTK_STREAM assigned=none at_station=true cargo=none command=false effective_speed=0 line=6951-6495 passengers=0 row=train station=6495 train=2000002390 t=26496617 id=2510
[mod] [SMRTK] SMRTK_STREAM assigned=none at_station=true cargo=none command=false effective_speed=0 line=7411-6495 passengers=0 row=train station=7411 train=2000002391 t=26496617 id=2511
						Lua 0:23:12:213
[mod] [SMRTK] SMRTK_STREAM assigned=none at_station=true cargo=none command=false effective_speed=0 line=6951-6495 passengers=0 row=train station=6951 train=2000002392 t=26496617 id=2512
[mod] [SMRTK] SMRTK_STREAM assigned=none at_station=true cargo=none command=false effective_speed=0 line=7873-2007 passengers=0 row=train station=7873 train=2000002658 t=26496617 id=2513
[mod] [SMRTK] SMRTK_STREAM before=1395000 calls=709 cubes=171 expected_cubes=171 hub=true res=Spices row=stock station=6430 stock=1338000 target=none t=26496617 id=2514
[mod] [SMRTK] SMRTK_STREAM before=1371000 calls=709 cubes=171 expected_cubes=171 hub=true res=Butter row=stock station=6430 stock=1339000 target=none t=26496617 id=2515
						Lua 0:23:12:214
[mod] [SMRTK] SMRTK_STREAM before=1396000 calls=709 cubes=171 expected_cubes=171 hub=true res=Meat row=stock station=6430 stock=1338000 target=none t=26496617 id=2516
						Lua 0:23:13:212
[mod] [SMRTK] SMRTK_STREAM assigned=none at_station=false cargo=none command=GotoStation effective_speed=1397 line=2011-6430 passengers=0 row=train station=6430 train=2000001851 t=26497617 id=2517
						Lua 0:23:14:214
[mod] [SMRTK] SMRTK_STREAM assigned=none at_station=false cargo=none command=GotoStation effective_speed=351 line=2011-6430 passengers=0 row=train station=6430 train=2000001851 t=26498617 id=2518
						Lua 0:23:15:212
[mod] [SMRTK] SMRTK_STREAM assigned=none at_station=false cargo=none command=GotoStation effective_speed=1873 line=2011-6430 passengers=0 row=train station=6430 train=2000001851 t=26499617 id=2519
						Lua 0:23:16:211
[mod] [SMRTK] SMRTK_STREAM assigned=none at_station=false cargo=none command=GotoStation effective_speed=83 line=6430-2007 passengers=0 row=train station=2007 train=2000001845 t=26500617 id=2520
[mod] [SMRTK] SMRTK_STREAM assigned=none at_station=false cargo=none command=GotoStation effective_speed=5617 line=2011-6430 passengers=0 row=train station=6430 train=2000001851 t=26500617 id=2521
						Lua 0:23:16:918
[mod] [SMRTK] SMRTK_DISARM action=mute_geysers on=false reason=CurrentMapChange resumes="next burst" status=OK t=26501320 id=2522
[SMRTK] SMRTK_DISARM action=mute_geysers on=false reason=CurrentMapChange resumes="next burst" status=OK t=26501320 id=2522
[mod] [SMRTK] SMRTK_MARK action=mark label=STREAM_STOP mark=3022 status=OK t=26501320 id=2523
[SMRTK] SMRTK_MARK action=mark label=STREAM_STOP mark=3022 status=OK t=26501320 id=2523
[mod] [SMRTK] SMRTK_FINGERPRINT action=fingerprint fix_pack_present=45/45 game=406343 mark_action=mark mods=SMR_CommunityFixPack,SMR_CommunityFixPackTestKit,SMR_CommunityOptInPack,SMR_ElevatorStationDev_20260929,SMR_RailShaftDev_20260923,SMR_TrainHubDev_20260918,SMR_TrainHubPrototype_20260918 pack_version=26 read="live registry" save="Double Hub+elev built.savegame.sav" sol=38 status=OK t=26501320 id=2524
[SMRTK] SMRTK_FINGERPRINT action=fingerprint fix_pack_present=45/45 game=406343 mark_action=mark mods=SMR_CommunityFixPack,SMR_CommunityFixPackTestKit,SMR_CommunityOptInPack,SMR_ElevatorStationDev_20260929,SMR_RailShaftDev_20260923,SMR_TrainHubDev_20260918,SMR_TrainHubPrototype_20260918 pack_version=26 read="live registry" save="Double Hub+elev built.savegame.sav" sol=38 status=OK t=26501320 id=2524
[mod] [SMRTK] SMRTK_DISARM action=slot_6 mark=3022 reason=CurrentMapChange status=OK ticks=817 t=26501320 id=2525
[SMRTK] SMRTK_DISARM action=slot_6 mark=3022 reason=CurrentMapChange status=OK ticks=817 t=26501320 id=2525
						Lua 0:23:17:915
[mod] [SMRTest] console enable requested (flag set, no overlay) — press Enter (or Alt-Shift-C) once in a colony
[SMRTest] console enable requested (flag set, no overlay) — press Enter (or Alt-Shift-C) once in a colony
						Lua 0:23:17:926
[mod] [SMRTK] SMRTK_SHORTCUT console=true key=Ctrl-Shift-F11 t=26502319 id=2526
						Lua 0:23:20:193
[mod] [SMRTK] SMRTK_COPY action=copy flushed=true from=3022 lines=5 status=OK truncated=false t=26504598 id=2527
[SMRTK] SMRTK_COPY action=copy flushed=true from=3022 lines=5 status=OK truncated=false t=26504598 id=2527
						Lua 0:23:31:955
[mod] [SMRTK] SMRTK_PANEL action=panel_toggle open=false status=OK tab=Agent t=26516361 id=2528
						Lua 0:23:39:893
[mod] [SMRTK] SMRTK_SECTION action=section_attach attached=true dialog=ipBuilding object=SMROptInElevatorDepotDev(8404) status=OK t=26524288 id=2529
						Lua 0:23:54:981
[ElevatorDepotDev] measure env=Underground camera eye z=23232, 13232 cm over the ground under it; look-at z=10500, ground there 10000; eye over look-at ground 13232 cm; zoom 0.3420068025589 of 0..1000
[ElevatorDepotDev] elevator 1 entity=ElevatorUnderground pos=(388500, 290110, 10000) ground=10000 shaft top 12861 cm over its base
[LUA ERROR] ...ElevatorStationDev_20260929/Code/10_ElevatorDepotDev.lua:354: attempt to perform arithmetic on a nil value
  ...ElevatorStationDev_20260929/Code/10_ElevatorDepotDev.lua(354):   <>
  [C](-1):  method MapForEach
  ...ElevatorStationDev_20260929/Code/10_ElevatorDepotDev.lua(351):   <>
  [C](-1):  method MapForEach
  ...ElevatorStationDev_20260929/Code/10_ElevatorDepotDev.lua(343):  field Measure
  [string "ConsolePrint(print_format(SMRElevatorDepotDev..."](1):   <>
  [C](-1):  global pcall
  CommonLua/console.lua(63):  global ConsoleExec
  CommonLua/UI/Dev/uiConsole.lua(371):  method Exec
  CommonLua/UI/Dev/uiConsole.lua(95):  method OnShortcut
  CommonLua/X/XDesktop.lua(204):  method OnShortcut
  CommonLua/Core/terminal.lua(101):   <>
        --- end of stack
Locals:
	                   o |   object TunnelBlockerRubble at (379000, 278852) on map 2
	                   e |   string CaveIn_TunnelBlocker_1
	                  el |   object Elevator at (388500, 290110, 10000) on map 2
	              ground |   number 10000
	              groups |    table 0x0000028AEF21B948 #0
						Lua 0:23:54:982
[mod] [SMRTK] SMRTK_ERROR kind=lua message="...ElevatorStationDev_20260929/Code/10_ElevatorDepotDev.lua:354: attempt to perform arithmetic on a nil value" stack="  ...ElevatorStationDev_20260929/Code/10_ElevatorDepotDev.lua(354):   <>\n  [C](-1):  method MapForEach\n  ...ElevatorStationDev_20260929/Code/10_ElevatorDepotDev.lua(351):   <>\n  [C](-1):  method MapForEach\n  ...ElevatorStationDev_20260929/Code/10_ElevatorDepotDev.lua(343):  field Measure\n  [string \"ConsolePrint(print_format(SMRElevatorDepotDev...\"](1):   <>\n  [C](-1):  global pcall\n  CommonLua/console.lua(63):  global ConsoleExec\n  CommonLua/UI/Dev/uiConsole.lua(371):  method Exec\n  CommonLua/UI/Dev/uiConsole.lua(95):  method OnShortcut\n  CommonLua/X/XDesktop.lua(204):  method OnShortcut\n  CommonLua/Core/terminal.lua(101):   <>\n        --- end of stack" t=26539386 id=2530
[SMRTK] SMRTK_ERROR kind=lua message="...ElevatorStationDev_20260929/Code/10_ElevatorDepotDev.lua:354: attempt to perform arithmetic on a nil value" stack="  ...ElevatorStationDev_20260929/Code/10_ElevatorDepotDev.lua(354):   <>\n  [C](-1):  method MapForEach\n  ...ElevatorStationDev_20260929/Code/10_ElevatorDepotDev.lua(351):   <>\n  [C](-1):  method MapForEach\n  ...ElevatorStationDev_20260929/Code/10_ElevatorDepotDev.lua(343):  field Measure\n  [string \"ConsolePrint(print_format(SMRElevatorDepotDev...\"](1):   <>\n  [C](-1):  global pcall\n  CommonLua/console.lua(63):  global ConsoleExec\n  CommonLua/UI/Dev/uiConsole.lua(371):  method Exec\n  CommonLua/UI/Dev/uiConsole.lua(95):  method OnShortcut\n  CommonLua/X/XDesktop.lua(204):  method OnShortcut\n  CommonLua/Core/terminal.lua(101):   <>\n        --- end of stack" t=26539386 id=2530
Error calling Lua function "exec" from C: ...ElevatorStationDev_20260929/Code/10_ElevatorDepotDev.lua:354: attempt to perform arithmetic on a nil value
Error calling Lua function "exec" from C: ...ElevatorStationDev_20260929/Code/10_ElevatorDepotDev.lua:354: attempt to perform arithmetic on a nil value
Error calling Lua function "exec" from C: ...ElevatorStationDev_20260929/Code/10_ElevatorDepotDev.lua:354: attempt to perform arithmetic on a nil value
Error calling Lua function "exec" from C: ...ElevatorStationDev_20260929/Code/10_ElevatorDepotDev.lua:354: attempt to perform arithmetic on a nil value
Error calling Lua function "exec" from C: ...ElevatorStationDev_20260929/Code/10_ElevatorDepotDev.lua:354: attempt to perform arithmetic on a nil value
Error calling Lua function "exec" from C: ...ElevatorStationDev_20260929/Code/10_ElevatorDepotDev.lua:354: attempt to perform arithmetic on a nil value
Error calling Lua function "exec" from C: ...ElevatorStationDev_20260929/Code/10_ElevatorDepotDev.lua:354: attempt to perform arithmetic on a nil value
Error calling Lua function "exec" from C: ...ElevatorStationDev_20260929/Code/10_ElevatorDepotDev.lua:354: attempt to perform arithmetic on a nil value
Error calling Lua function "exec" from C: ...ElevatorStationDev_20260929/Code/10_ElevatorDepotDev.lua:354: attempt to perform arithmetic on a nil value
Error calling Lua function "exec" from C: ...ElevatorStationDev_20260929/Code/10_ElevatorDepotDev.lua:354: attempt to perform arithmetic on a nil value
Error calling Lua function "exec" from C: ...ElevatorStationDev_20260929/Code/10_ElevatorDepotDev.lua:354: attempt to perform arithmetic on a nil value
Error calling Lua function "exec" from C: ...ElevatorStationDev_20260929/Code/10_ElevatorDepotDev.lua:354: attempt to perform arithmetic on a nil value
Error calling Lua function "exec" from C: ...ElevatorStationDev_20260929/Code/10_ElevatorDepotDev.lua:354: attempt to perform arithmetic on a nil value
Error calling Lua function "exec" from C: ...ElevatorStationDev_20260929/Code/10_ElevatorDepotDev.lua:354: attempt to perform arithmetic on a nil value
Error calling Lua function "exec" from C: ...ElevatorStationDev_20260929/Code/10_ElevatorDepotDev.lua:354: attempt to perform arithmetic on a nil value
Error calling Lua function "exec" from C: ...ElevatorStationDev_20260929/Code/10_ElevatorDepotDev.lua:354: attempt to perform arithmetic on a nil value
Error calling Lua function "exec" from C: ...ElevatorStationDev_20260929/Code/10_ElevatorDepotDev.lua:354: attempt to perform arithmetic on a nil value
Error calling Lua function "exec" from C: ...ElevatorStationDev_20260929/Code/10_ElevatorDepotDev.lua:354: attempt to perform arithmetic on a nil value
Error calling Lua function "exec" from C: ...ElevatorStationDev_20260929/Code/10_ElevatorDepotDev.lua:354: attempt to perform arithmetic on a nil value
Error calling Lua function "exec" from C: ...ElevatorStationDev_20260929/Code/10_ElevatorDepotDev.lua:354: attempt to perform arithmetic on a nil value
Error calling Lua function "exec" from C: ...ElevatorStationDev_20260929/Code/10_ElevatorDepotDev.lua:354: attempt to perform arithmetic on a nil value
Error calling Lua function "exec" from C: ...ElevatorStationDev_20260929/Code/10_ElevatorDepotDev.lua:354: attempt to perform arithmetic on a nil value
Error calling Lua function "exec" from C: ...ElevatorStationDev_20260929/Code/10_ElevatorDepotDev.lua:354: attempt to perform arithmetic on a nil value
Error calling Lua function "exec" from C: ...ElevatorStationDev_20260929/Code/10_ElevatorDepotDev.lua:354: attempt to perform arithmetic on a nil value
Error calling Lua function "exec" from C: ...ElevatorStationDev_20260929/Code/10_ElevatorDepotDev.lua:354: attempt to perform arithmetic on a nil value
Error calling Lua function "exec" from C: ...ElevatorStationDev_20260929/Code/10_ElevatorDepotDev.lua:354: attempt to perform arithmetic on a nil value
Error calling Lua function "exec" from C: ...ElevatorStationDev_20260929/Code/10_ElevatorDepotDev.lua:354: attempt to perform arithmetic on a nil value
Error calling Lua function "exec" from C: ...ElevatorStationDev_20260929/Code/10_ElevatorDepotDev.lua:354: attempt to perform arithmetic on a nil value
Error calling Lua function "exec" from C: ...ElevatorStationDev_20260929/Code/10_ElevatorDepotDev.lua:354: attempt to perform arithmetic on a nil value
Error calling Lua function "exec" from C: ...ElevatorStationDev_20260929/Code/10_ElevatorDepotDev.lua:354: attempt to perform arithmetic on a nil value
Error calling Lua function "exec" from C: ...ElevatorStationDev_20260929/Code/10_ElevatorDepotDev.lua:354: attempt to perform arithmetic on a nil value
Error calling Lua function "exec" from C: ...ElevatorStationDev_20260929/Code/10_ElevatorDepotDev.lua:354: attempt to perform arithmetic on a nil value
Error calling Lua function "exec" from C: ...ElevatorStationDev_20260929/Code/10_ElevatorDepotDev.lua:354: attempt to perform arithmetic on a nil value
Error calling Lua function "exec" from C: ...ElevatorStationDev_20260929/Code/10_ElevatorDepotDev.lua:354: attempt to perform arithmetic on a nil value
Error calling Lua function "exec" from C: ...ElevatorStationDev_20260929/Code/10_ElevatorDepotDev.lua:354: attempt to perform arithmetic on a nil value
Error calling Lua function "exec" from C: ...ElevatorStationDev_20260929/Code/10_ElevatorDepotDev.lua:354: attempt to perform arithmetic on a nil value
Error calling Lua function "exec" from C: ...ElevatorStationDev_20260929/Code/10_ElevatorDepotDev.lua:354: attempt to perform arithmetic on a nil value
Error calling Lua function "exec" from C: ...ElevatorStationDev_20260929/Code/10_ElevatorDepotDev.lua:354: attempt to perform arithmetic on a nil value
Error calling Lua function "exec" from C: ...ElevatorStationDev_20260929/Code/10_ElevatorDepotDev.lua:354: attempt to perform arithmetic on a nil value
Error calling Lua function "exec" from C: ...ElevatorStationDev_20260929/Code/10_ElevatorDepotDev.lua:354: attempt to perform arithmetic on a nil value
Error calling Lua function "exec" from C: ...ElevatorStationDev_20260929/Code/10_ElevatorDepotDev.lua:354: attempt to perform arithmetic on a nil value
Error calling Lua function "exec" from C: ...ElevatorStationDev_20260929/Code/10_ElevatorDepotDev.lua:354: attempt to perform arithmetic on a nil value
Error calling Lua function "exec" from C: ...ElevatorStationDev_20260929/Code/10_ElevatorDepotDev.lua:354: attempt to perform arithmetic on a nil value
Error calling Lua function "exec" from C: ...ElevatorStationDev_20260929/Code/10_ElevatorDepotDev.lua:354: attempt to perform arithmetic on a nil value
[ElevatorDepotDev]   Cliff_01                                     x4  pos 2311..11063 cm over the elevator's ground, top 13896 cm
[ElevatorDepotDev]   InvisibleObject                              x1  pos 13232..13232 cm over the elevator's ground, top 13232 cm
[ElevatorDepotDev]   LampWallInner_01                             x6  pos 3658..7240 cm over the elevator's ground, top 7262 cm
[ElevatorDepotDev]   PointLight                                   x8  pos 3000..7218 cm over the elevator's ground, top 7341 cm
[ElevatorDepotDev]   Rocks_01                                     x1  pos 10797..10797 cm over the elevator's ground, top 13158 cm
[ElevatorDepotDev]   Rocks_03                                     x2  pos 4753..6551 cm over the elevator's ground, top 7514 cm
[ElevatorDepotDev]   SpaceElevatorRope                            x8  pos 0..22500 cm over the elevator's ground, top 50254 cm
[ElevatorDepotDev]   TrackPillarCCP3                              x2  pos 0..0 cm over the elevator's ground, top 1069 cm
[ElevatorDepotDev]   TrackPillarCCP3_Base                         x2  pos 0..0 cm over the elevator's ground, top 143 cm
[ElevatorDepotDev] elevators on this map 1
						Lua 0:24:06:634
[mod] [SMRTK] SMRTK_SECTION action=section_attach attached=true dialog=ipBuilding object=SMROptInElevatorDepotDev(8404) status=OK t=26551018 id=2531
						Lua 0:24:08:455
[ElevatorDepotDev] depot 1 slot=1 env=Surface pos=(407500, 291842, 10000) hex=(239,337) angle=60 entity=SMROptInElevatorDepot valid=true working=true label.Station=yes elevator=true tunnel=false cabin=(407500, 291842, 7900) ropes=0
[ElevatorDepotDev]   Ramparrive1      spot=(405990, 288557, 10800) hex=(239,333) design=(405990, 288557, 10800) off=0 cm MATCH
[ElevatorDepotDev]   Ramparrive2      spot=(407660, 292789, 8600) hex=(239,338) design=(407660, 292789, 8600) off=0 cm MATCH
[ElevatorDepotDev]   Rampdepart1      spot=(407210, 292010, 8600) hex=(239,337) design=(407210, 292010, 8600) off=0 cm MATCH
[ElevatorDepotDev]   Rampdepart2      spot=(408190, 292367, 8600) hex=(239,338) design=(408190, 292367, 8600) off=0 cm MATCH
[ElevatorDepotDev]   Sign1            spot=(405000, 287512, 10000) hex=(239,332) design=(405000, 287512, 10000) off=0 cm MATCH
[ElevatorDepotDev]   Sign2            spot=(408000, 292708, 10000) hex=(239,338) design=(408000, 292708, 10000) off=0 cm MATCH
[ElevatorDepotDev]   Spawn1           spot=(406960, 291577, 8600) hex=(238,337) design=(406960, 291577, 8600) off=0 cm MATCH
[ElevatorDepotDev]   Spawn2           spot=(407540, 291241, 8600) hex=(240,336) design=(407540, 291241, 8600) off=0 cm MATCH
[ElevatorDepotDev]   Stop1            spot=(407540, 291241, 8600) hex=(240,336) design=(407540, 291241, 8600) off=0 cm MATCH
[ElevatorDepotDev]   Stop2            spot=(406960, 291577, 8600) hex=(238,337) design=(406960, 291577, 8600) off=0 cm MATCH
[ElevatorDepotDev]   Trackconnector1  spot=(405000, 287512, 10800) hex=(239,332) design=(405000, 287512, 10800) off=0 cm MATCH
[ElevatorDepotDev]   Trackconnector2  spot=(408000, 292708, 10800) hex=(239,338) design=(408000, 292708, 10800) off=0 cm MATCH
[ElevatorDepotDev]   Trackdirection1  spot=(404500, 286646, 10800) hex=(239,331) design=(404500, 286646, 10800) off=0 cm MATCH
[ElevatorDepotDev]   Trackdirection2  spot=(407500, 291842, 10800) hex=(239,337) design=(407500, 291842, 10800) off=0 cm MATCH
[ElevatorDepotDev]   connector 1 element=TrackGridElement pos=(405000, 287512, 10000)
[ElevatorDepotDev]   connector 2 element=TrackGridElement pos=(408000, 292708)
[ElevatorDepotDev] depot 2 slot=2 env=Underground pos=(384000, 303100, 10000) hex=(209,350) angle=60 entity=SMROptInElevatorDepot valid=true working=true label.Station=yes elevator=true tunnel=false cabin=(384000, 303100, 20500) ropes=4
[ElevatorDepotDev]   Ramparrive1      spot=(382490, 299815, 10800) hex=(209,346) design=(382490, 299815, 10800) off=0 cm MATCH
[ElevatorDepotDev]   Ramparrive2      spot=(384160, 304047, 8600) hex=(209,351) design=(384160, 304047, 8600) off=0 cm MATCH
[ElevatorDepotDev]   Rampdepart1      spot=(383710, 303268, 8600) hex=(209,350) design=(383710, 303268, 8600) off=0 cm MATCH
[ElevatorDepotDev]   Rampdepart2      spot=(384690, 303625, 8600) hex=(209,351) design=(384690, 303625, 8600) off=0 cm MATCH
[ElevatorDepotDev]   Sign1            spot=(381500, 298770, 10000) hex=(209,345) design=(381500, 298770, 10000) off=0 cm MATCH
[ElevatorDepotDev]   Sign2            spot=(384500, 303966, 10000) hex=(209,351) design=(384500, 303966, 10000) off=0 cm MATCH
[ElevatorDepotDev]   Spawn1           spot=(383460, 302835, 8600) hex=(208,350) design=(383460, 302835, 8600) off=0 cm MATCH
[ElevatorDepotDev]   Spawn2           spot=(384040, 302500, 8600) hex=(210,349) design=(384040, 302500, 8600) off=0 cm MATCH
[ElevatorDepotDev]   Stop1            spot=(384040, 302500, 8600) hex=(210,349) design=(384040, 302500, 8600) off=0 cm MATCH
[ElevatorDepotDev]   Stop2            spot=(383460, 302835, 8600) hex=(208,350) design=(383460, 302835, 8600) off=0 cm MATCH
[ElevatorDepotDev]   Trackconnector1  spot=(381500, 298770, 10800) hex=(209,345) design=(381500, 298770, 10800) off=0 cm MATCH
[ElevatorDepotDev]   Trackconnector2  spot=(384500, 303966, 10800) hex=(209,351) design=(384500, 303966, 10800) off=0 cm MATCH
[ElevatorDepotDev]   Trackdirection1  spot=(381000, 297904, 10800) hex=(209,344) design=(381000, 297904, 10800) off=0 cm MATCH
[ElevatorDepotDev]   Trackdirection2  spot=(384000, 303100, 10800) hex=(209,350) design=(384000, 303100, 10800) off=0 cm MATCH
[ElevatorDepotDev]   connector 1 element=TrackGridElement pos=(381500, 298770, 10000)
[ElevatorDepotDev]   connector 2 element=TrackGridElement pos=(384500, 303966, 10000)
[ElevatorDepotDev] depots 2
						Lua 0:24:17:026
[mod] [SMRTK] SMRTK_PANEL action=panel_toggle open=true status=OK tab=Agent t=26561431 id=2532
						Lua 0:24:18:517
[mod] [SMRTK] SMRTK_CLEAR action=clear status=OK t=26562922 id=2533
						Lua 0:24:19:893
[mod] [SMRTK] SMRTK_PANEL action=panel_toggle open=false status=OK tab=Agent t=26564298 id=2534
						Lua 0:24:27:101
[mod] [SMRTK] SMRTK_SECTION action=section_attach attached=true dialog=ipBuilding object=SMROptInElevatorDepotDev(8404) status=OK t=26571488 id=2535
						Lua 0:24:45:421
[mod] [SMRTK] SMRTK_SECTION action=section_attach attached=true dialog=ipBuilding object=SMROptInElevatorDepotDev(8404) status=OK t=26589802 id=2536
						Lua 0:26:09:231
[mod] [SMRTK] SMRTK_PANEL action=panel_toggle open=true status=OK tab=Agent t=26673634 id=2537
						Lua 0:26:09:564
[mod] [SMRTK] SMRTK_PANEL action=panel_toggle open=false status=OK tab=Agent t=26673968 id=2538
						Lua 0:26:10:984
[TrainHubDev] lights: arm 0, flanks the reactor (red flank) = B2 "Deep blue wash" (SpotLight), 12 lights, engine bearing 0 deg
						Lua 0:26:10:985
[TrainHubDev] lights: arm 1, flanks the reactor (blue flank) = B2 "Deep blue wash" (SpotLight), 12 lights, engine bearing 60 deg
[TrainHubDev] lights: arm 2, next to the blue flank = B2 "Deep blue wash" (SpotLight), 12 lights, engine bearing 120 deg
[TrainHubDev] lights: arm 3, opposite the red flank = B2 "Deep blue wash" (SpotLight), 12 lights, engine bearing 180 deg
						Lua 0:26:10:986
[TrainHubDev] lights: arm 4, opposite the blue flank = B2 "Deep blue wash" (SpotLight), 12 lights, engine bearing 240 deg
[TrainHubDev] lights: arm 5, next to the red flank = B2 "Deep blue wash" (SpotLight), 12 lights, engine bearing 300 deg
[TrainHubDev] lights: arm tune intensity 50, side 150 cm, height 200 cm, radius 500 cm, cone 50/100, colour 0,40,255
						Lua 0:26:10:987
[TrainHubDev] structure lights: portal rims ON, 30 lights (intensity 4, radius 350 cm)
[TrainHubDev] structure lights: drone pit kerb OFF, 0 lights (intensity 15, radius 300 cm)
[TrainHubDev] structure lights: ring rim strip OFF, 0 lights (intensity 12, radius 400 cm)
[TrainHubDev] structure lights: floor edge strip OFF, 0 lights (intensity 30, radius 300 cm)
[TrainHubDev] structure lights: crown floor light ON, 0 lights (intensity 150, radius 4000 cm)
[TrainHubDev] structure lights: crown floor light follows the VANILLA night schedule (OnMsg.LightmodelChange -> map.NightLightsState, NightLightObjects.lua:250-259, :22 on build 1.1.0.403908); it is DAY now, so it is NOT PLACED -- hanging at z 1900 cm, colour 255,214,170, cone 0/0
[TrainHubDev] structure lights: under-deck fill ON, 0 lights (intensity 40, radius 1200 cm)
[TrainHubDev] structure lights: under-deck fill follows the VANILLA night schedule (OnMsg.LightmodelChange -> map.NightLightsState, NightLightObjects.lua:250-259, :22 on build 1.1.0.403908); it is DAY now, so it is NOT PLACED -- hanging at z 700 cm, colour 255,214,170, cone 0/0
[TrainHubDev] lights: 102 placed (72 arm + 30 structure); a stopped hub destroys them all
						Lua 0:26:11:964
[mod] [SMRTest] console enable requested (flag set, no overlay) — press Enter (or Alt-Shift-C) once in a colony
[SMRTest] console enable requested (flag set, no overlay) — press Enter (or Alt-Shift-C) once in a colony
						Lua 0:26:11:974
[mod] [SMRTK] SMRTK_SHORTCUT console=true key=Ctrl-Shift-F11 t=26676369 id=2539
						Lua 0:26:22:622
[mod] [SMRTK] SMRTK_SECTION action=section_attach attached=true dialog=ipBuilding object=RegolithExtractor(1596) status=OK t=26687019 id=2540
						Lua 0:26:25:592
[mod] [SMRTK] SMRTK_SECTION action=section_attach attached=true dialog=ipWasteRockSite object=WasteRockDumpHuge(1654) status=OK t=26689991 id=2541
						Lua 0:26:27:191
[mod] [SMRTK] SMRTK_ACTION action=selected_empty after=0 before=0 method=CheatEmpty object=WasteRockDumpHuge(1654) resource=WasteRock resources=1 status=OK valid_after=true t=26691592 id=2542
[SMRTK] SMRTK_ACTION action=selected_empty after=0 before=0 method=CheatEmpty object=WasteRockDumpHuge(1654) resource=WasteRock resources=1 status=OK valid_after=true t=26691592 id=2542
						Lua 0:30:03:666
[mod] [SMRTK] SMRTK_SECTION action=section_attach attached=true dialog=ipBuilding object=SMROptInElevatorDepotDev(7985) status=OK t=26908049 id=2543
						Lua 0:30:05:149
[mod] [SMRTK] SMRTK_ACTION action=selected_empty after=0 before=1133000 method=CheatEmpty object=SMROptInElevatorDepotDev(7985) resource=multiple resources=21 status=OK valid_after=true t=26909540 id=2544
[SMRTK] SMRTK_ACTION action=selected_empty after=0 before=1133000 method=CheatEmpty object=SMROptInElevatorDepotDev(7985) resource=multiple resources=21 status=OK valid_after=true t=26909540 id=2544
						Lua 0:30:16:608
[mod] [SMRTK] SMRTK_PANEL action=panel_toggle open=true status=OK tab=Agent t=26921000 id=2545
						Lua 0:30:17:930
[mod] [SMRTK] SMRTK_PANEL action=panel_toggle open=false status=OK tab=Agent t=26922335 id=2546
						Lua 0:30:22:348
[mod] [SMRTK] SMRTK_SECTION action=section_attach attached=true dialog=ipBuilding object=SMROptInElevatorDepotDev(7985) status=OK t=26926741 id=2547
						Lua 0:32:20:601
[TrainHubDev] lights: arm 0, flanks the reactor (red flank) = B2 "Deep blue wash" (SpotLight), 12 lights, engine bearing 0 deg
[TrainHubDev] lights: arm 1, flanks the reactor (blue flank) = B2 "Deep blue wash" (SpotLight), 12 lights, engine bearing 60 deg
						Lua 0:32:20:602
[TrainHubDev] lights: arm 2, next to the blue flank = B2 "Deep blue wash" (SpotLight), 12 lights, engine bearing 120 deg
[TrainHubDev] lights: arm 3, opposite the red flank = B2 "Deep blue wash" (SpotLight), 12 lights, engine bearing 180 deg
[TrainHubDev] lights: arm 4, opposite the blue flank = B2 "Deep blue wash" (SpotLight), 12 lights, engine bearing 240 deg
						Lua 0:32:20:603
[TrainHubDev] lights: arm 5, next to the red flank = B2 "Deep blue wash" (SpotLight), 12 lights, engine bearing 300 deg
[TrainHubDev] lights: arm tune intensity 50, side 150 cm, height 200 cm, radius 500 cm, cone 50/100, colour 0,40,255
[TrainHubDev] structure lights: portal rims ON, 30 lights (intensity 4, radius 350 cm)
[TrainHubDev] structure lights: drone pit kerb OFF, 0 lights (intensity 15, radius 300 cm)
[TrainHubDev] structure lights: ring rim strip OFF, 0 lights (intensity 12, radius 400 cm)
[TrainHubDev] structure lights: floor edge strip OFF, 0 lights (intensity 30, radius 300 cm)
[TrainHubDev] structure lights: crown floor light ON, 1 lights (intensity 150, radius 4000 cm)
[TrainHubDev] structure lights: crown floor light follows the VANILLA night schedule (OnMsg.LightmodelChange -> map.NightLightsState, NightLightObjects.lua:250-259, :22 on build 1.1.0.403908); it is NIGHT now, so it is LIT -- hanging at z 1900 cm, colour 255,214,170, cone 0/0
[TrainHubDev] structure lights: under-deck fill ON, 18 lights (intensity 40, radius 1200 cm)
[TrainHubDev] structure lights: under-deck fill follows the VANILLA night schedule (OnMsg.LightmodelChange -> map.NightLightsState, NightLightObjects.lua:250-259, :22 on build 1.1.0.403908); it is NIGHT now, so it is LIT -- hanging at z 700 cm, colour 255,214,170, cone 0/0
[TrainHubDev] lights: 121 placed (72 arm + 49 structure); a stopped hub destroys them all
						Lua 0:32:56:306
[mod] [SMRTK] SMRTK_PANEL action=panel_toggle open=true status=OK tab=Agent t=27080712 id=2548
						Lua 0:32:57:765
[mod] [SMRTK] SMRTK_SPEED action=speed_fastest before=1000 factor=20000 requested=20 status=OK t=27082169 id=2549
[SMRTK] SMRTK_SPEED action=speed_fastest before=1000 factor=20000 requested=20 status=OK t=27082169 id=2549
						Lua 0:33:06:475
[mod] [SMRTK] SMRTK_SPEED action=speed_ultra before=20000 factor=128000 requested=128 status=OK t=27256209 id=2550
[SMRTK] SMRTK_SPEED action=speed_ultra before=20000 factor=128000 requested=128 status=OK t=27256209 id=2550
						Lua 0:33:07:301
[TrainHubDev] lights: arm 0, flanks the reactor (red flank) = B2 "Deep blue wash" (SpotLight), 12 lights, engine bearing 0 deg
[TrainHubDev] lights: arm 1, flanks the reactor (blue flank) = B2 "Deep blue wash" (SpotLight), 12 lights, engine bearing 60 deg
[TrainHubDev] lights: arm 2, next to the blue flank = B2 "Deep blue wash" (SpotLight), 12 lights, engine bearing 120 deg
						Lua 0:33:07:302
[TrainHubDev] lights: arm 3, opposite the red flank = B2 "Deep blue wash" (SpotLight), 12 lights, engine bearing 180 deg
[TrainHubDev] lights: arm 4, opposite the blue flank = B2 "Deep blue wash" (SpotLight), 12 lights, engine bearing 240 deg
[TrainHubDev] lights: arm 5, next to the red flank = B2 "Deep blue wash" (SpotLight), 12 lights, engine bearing 300 deg
[TrainHubDev] lights: arm tune intensity 50, side 150 cm, height 200 cm, radius 500 cm, cone 50/100, colour 0,40,255
						Lua 0:33:07:303
[TrainHubDev] structure lights: portal rims ON, 30 lights (intensity 4, radius 350 cm)
[TrainHubDev] structure lights: drone pit kerb OFF, 0 lights (intensity 15, radius 300 cm)
[TrainHubDev] structure lights: ring rim strip OFF, 0 lights (intensity 12, radius 400 cm)
[TrainHubDev] structure lights: floor edge strip OFF, 0 lights (intensity 30, radius 300 cm)
[TrainHubDev] structure lights: crown floor light ON, 0 lights (intensity 150, radius 4000 cm)
[TrainHubDev] structure lights: crown floor light follows the VANILLA night schedule (OnMsg.LightmodelChange -> map.NightLightsState, NightLightObjects.lua:250-259, :22 on build 1.1.0.403908); it is DAY now, so it is NOT PLACED -- hanging at z 1900 cm, colour 255,214,170, cone 0/0
[TrainHubDev] structure lights: under-deck fill ON, 0 lights (intensity 40, radius 1200 cm)
[TrainHubDev] structure lights: under-deck fill follows the VANILLA night schedule (OnMsg.LightmodelChange -> map.NightLightsState, NightLightObjects.lua:250-259, :22 on build 1.1.0.403908); it is DAY now, so it is NOT PLACED -- hanging at z 700 cm, colour 255,214,170, cone 0/0
[TrainHubDev] lights: 102 placed (72 arm + 30 structure); a stopped hub destroys them all
						Lua 0:33:07:847
Missing spot 'Top' in 'MapSharedDepot' state 'idle'
						Lua 0:33:08:073
[mod] [SMRTK] SMRTK_SPEED action=pause before=128000 factor=0 requested=0 status=OK t=27390353 id=2551
[SMRTK] SMRTK_SPEED action=pause before=128000 factor=0 requested=0 status=OK t=27390353 id=2551
						Lua 0:33:10:871
[mod] [SMRTK] SMRTK_SPEED action=speed_ultra before=0 factor=128000 requested=128 status=OK t=27390353 id=2552
[SMRTK] SMRTK_SPEED action=speed_ultra before=0 factor=128000 requested=128 status=OK t=27390353 id=2552
						Lua 0:33:11:309
[mod] [SMRTK] SMRTK_SPEED action=pause before=128000 factor=0 requested=0 status=OK t=27424017 id=2553
[SMRTK] SMRTK_SPEED action=pause before=128000 factor=0 requested=0 status=OK t=27424017 id=2553
						Lua 0:33:14:035
[mod] [SMRTK] SMRTK_SPEED action=speed_fast before=0 factor=5000 requested=5 status=OK t=27424017 id=2554
[SMRTK] SMRTK_SPEED action=speed_fast before=0 factor=5000 requested=5 status=OK t=27424017 id=2554
						Lua 0:33:15:777
[mod] [SMRTK] SMRTK_SPEED action=speed_medium before=5000 factor=3000 requested=3 status=OK t=27432727 id=2555
[SMRTK] SMRTK_SPEED action=speed_medium before=5000 factor=3000 requested=3 status=OK t=27432727 id=2555
						Lua 0:33:21:782
[mod] [SMRTK] SMRTK_SPEED action=pause before=3000 factor=0 requested=0 status=OK t=27450742 id=2556
[SMRTK] SMRTK_SPEED action=pause before=3000 factor=0 requested=0 status=OK t=27450742 id=2556
						Lua 0:33:33:143
[mod] [SMRTK] SMRTK_PANEL action=panel_toggle open=false status=OK tab=Agent t=27450742 id=2557
						Lua 0:36:18:423
[mod] [SMRTK] SMRTK_SECTION action=section_attach attached=true dialog=ipBuilding object=SMROptInElevatorDepotDev(7985) status=OK t=27450742 id=2558
						Lua 0:38:47:580
[mod] [SMRTK] SMRTK_SECTION action=section_attach attached=true dialog=ipBuilding object=SMROptInElevatorDepotDev(7985) status=OK t=27450742 id=2559
						Lua 0:38:50:211
Missing spot 'Top' in 'SMROptInElevatorDepotDev' state 'idle'
						Lua 0:41:11:698
[mod] [SMRTest] console enable requested (flag set, no overlay) — press Enter (or Alt-Shift-C) once in a colony
[SMRTest] console enable requested (flag set, no overlay) — press Enter (or Alt-Shift-C) once in a colony
						Lua 0:41:11:710
[mod] [SMRTK] SMRTK_SHORTCUT console=true key=Ctrl-Shift-F11 t=27450742 id=2560
						Lua 0:43:45:632
[mod] [SMRTest] console enable requested (flag set, no overlay) — press Enter (or Alt-Shift-C) once in a colony
[SMRTest] console enable requested (flag set, no overlay) — press Enter (or Alt-Shift-C) once in a colony
						Lua 0:43:45:642
[mod] [SMRTK] SMRTK_SHORTCUT console=true key=Ctrl-Shift-F11 t=27450742 id=2561
						Lua 0:52:30:730


Stopping the game threads from the Lua side with exit code 0.



Stopping the game threads after receiving WM_QUIT.

					Render 0:52:31:206


*** Debug::Done()
Time (ms)	3151206


