					Render 0:00:00:007
*** executable info
Timestamp:     	6aba6e65
Date:          	Mon Sep 28 09:40:53 2026
Command line:  	
Compiler:      	195136247, 142 (VS 2019) or newer


*** hardware info
CPU name      	Intel(R) Core(TM) i7-14700K
CPU MHz       	3418
CPU cores     	20/28
Phys. Memory   	65278 MBytes
Memory In Use  	36%
Disk Free      	1217374 MBytes


*** OS info
OS:            	Windows 11
Version:       	10.0.26100 


*** Debug::Init()


					Render 0:00:00:128
Steam initialized (AppId 3215050)
					Render 0:00:00:137
Drive type for game installation: SSD, savegames: SSD
Language: English
					Render 0:00:01:679
*** graphics info
					Render 0:00:01:680
GPU                            	NVIDIA GeForce RTX 4080 Feature Level: 12.1 {  DoublePrecisionFloatShaderOps: 1 OutputMergerLogicOp: 1 MinPrecisionSupport: 2 TiledResourcesTier: 4 ResourceBindingTier: 3 PSSpecifiedStencilRefSupported: 0 TypedUAVLoadAdditionalFormats: 1 ROVsSupported: 1 ConservativeRasterizationTier: 3 MaxGPUVirtualAddressBitsPerResource: 40 StandardSwizzle64KBSupported: 0 CrossNodeSharingTier: 0 CrossAdapterRowMajorTextureSupported: 0 VPAndRTArrayIndexFromAnyShaderFeedingRasterizerSupportedWithoutGSEmulation: 1 ResourceHeapTier: 2 NotZeroedPools: 1 UMA: 0 UnalignedBlockTextures: 1}
API                            	d3d12
GPU Driver Version             	32.0.16.1074
GPU Driver Package Version     	610.74
GPU Dedicated Video Memory     	16048 MB
					Render 0:00:01:828

Libs: Network, Sequences, MouseTrackWin, DumbAI, MapGen, Paradox, TriggersAndEvents, Notifications, Research, Resources, Tutorial, Objectives 

					Render 0:00:02:070

Platform: desktop, editor, goldmaster, paradox, pc, steam

					Render 0:00:03:110
*** audio info
Audio Endpoint                 	Speakers (Razer Leviathan V2)
Lua revision: 406343
Assets revision: 33225
Steam AppID: 3215050
Build version: 1.1.1.406343
Build branch:  Release
						Lua 0:00:06:559
Account storage loaded successfully in 2 ms
DLC norman loaded, lua revision 406343, assets revision 33225
DLC thomas loaded, lua revision 406343, assets revision 33225
						Lua 0:00:06:564
[mod] Loaded mod def DEV ONLY - Train Hub (Module B build) (id SMR_TrainHubDev_20260918, v0.00-063) unpacked from appdata
[mod] Loaded mod def Relaunched Fix Pack: Opt-In Modules (id SMR_CommunityOptInPack, v1.00-000) unpacked from appdata
[mod] Loaded mod def Passage Network (id iooW34Y, v1.00-038) packed from steam
[mod] Loaded mod def Save Buffer Fix (id SMR_SaveBufferFix, v0.00-001) unpacked from appdata
[mod] Loaded mod def DEV ONLY - Elevator Depot (look prototype) (id SMR_ElevatorStationDev_20260929, v0.00-014) unpacked from appdata
[mod] Loaded mod def TEMPORARY - Linux NVIDIA 580 Crash Workaround (id SMR_FR1TempWorkaround, v0.00-003) unpacked from appdata
[mod] Loaded mod def Community Fix Pack — Test Kit (id SMR_CommunityFixPackTestKit, v0.00-001) unpacked from appdata
[mod] Loaded mod def Grom (id DoEpVdS, v2.00-974) packed from steam
[mod] Loaded mod def Relaunched Fix Pack (id SMR_CommunityFixPack, v1.00-026) unpacked from appdata
						Lua 0:00:06:955
[mod] [CommunityFixPack] LoadFirst: already first of 5 (SMR_CommunityFixPack, SMR_CommunityFixPackTestKit, SMR_TrainHubDev_20260918, SMR_ElevatorStationDev_20260929, SMR_CommunityOptInPack); nothing written
[mod] [CommunityFixPack] LoadFirst: applied
						Lua 0:00:06:956
[mod] [CommunityFixPack] LanderEmptyLaunch: applied
[mod] [CommunityFixPack] ShelterReflex: applied
[mod] [CommunityFixPack] TrackSalvageWipe: applied
[mod] [CommunityFixPack] LakeEntombment: applied
[mod] [CommunityFixPack] RocketDroneChurn: applied
[mod] [CommunityFixPack] ShuttleTransportCache: applied
[mod] [CommunityFixPack] VacuumWalks: applied
						Lua 0:00:06:957
[mod] [CommunityFixPack] ArrivalDeaths: applied
[mod] [CommunityFixPack] PassageHubSalvageDrain: applied
[mod] [CommunityFixPack] HubLocalAccess: applied
[mod] [CommunityFixPack] HubMarkerDeparture: applied
[mod] [CommunityFixPack] RescueReturnText: applied
[mod] [CommunityFixPack] ObsoleteHomeRescue: applied
[mod] [CommunityFixPack] StaleReservations: applied
[mod] [CommunityFixPack] CrystalMysteryHang: applied
[mod] [CommunityFixPack] DustSicknessBiorobots: applied
						Lua 0:00:06:958
[mod] [CommunityFixPack] PayloadTemplateRefill: applied
[mod] [CommunityFixPack] ShuttleHubOffAvailable: applied
[mod] [CommunityFixPack] FreedHousingNotice: applied
[mod] [CommunityFixPack] LandscapeUnitFilter: applied
						Lua 0:00:06:959
[mod] [CommunityFixPack] RocketInteractGuard: applied
[mod] [CommunityFixPack] TrackConnectorPingPong: applied
[mod] [CommunityFixPack] TrackTunnelPowerBridge: applied
[mod] [CommunityFixPack] SequenceLatents: applied
[mod] [CommunityFixPack] TrackSalvageRefund: applied
[mod] [CommunityFixPack] DroneTransportMinors: applied
[mod] [CommunityFixPack] ScanDowngrade: applied
[mod] [CommunityFixPack] BombardmentSpread: applied
						Lua 0:00:06:960
[mod] [CommunityFixPack] ExtenderFlapChurn: applied
[mod] [CommunityFixPack] SaintBlessing: applied
[mod] [CommunityFixPack] ExoticDepositSign: applied
[mod] [CommunityFixPack] JumboCaveReinforcementWedge: applied
[mod] [CommunityFixPack] SilentHitMomentFX: applied
[mod] [CommunityFixPack] CloggedBuildingRelease: applied
[mod] [CommunityFixPack] FactionDomeSizeGate: applied
						Lua 0:00:06:961
[mod] [CommunityFixPack] HabitatExpeditionReturn: applied
[mod] [CommunityFixPack] HabitatExpeditionDraft: applied
[mod] [CommunityFixPack] RoverSubclassManifest: applied
[mod] [CommunityFixPack] DryFarmingFarms: applied
[mod] [CommunityFixPack] WildfireCureVisit: applied
[mod] [CommunityFixPack] GhostPowerCells: applied
[mod] [CommunityFixPack] DeportRocketLaunch: applied
						Lua 0:00:06:962
[mod] [CommunityFixPack] UniversalDepotSeedsToggle: applied
[mod] [CommunityFixPack] SaveSanitizer: applied
[mod] [SMRTest] console enable requested (flag set, no overlay) — press Enter (or Alt-Shift-C) once in a colony
[SMRTest] console enable requested (flag set, no overlay) — press Enter (or Alt-Shift-C) once in a colony
[mod] [SMRTest] no debug.getinfo (mod sandbox) — [install] probes will SKIP
[SMRTest] no debug.getinfo (mod sandbox) — [install] probes will SKIP
[mod] [SMRTest] test kit loaded — SMRTest.RunAll(), SMRTest.List(), SMRTest.<ProbeId>()
[SMRTest] test kit loaded — SMRTest.RunAll(), SMRTest.List(), SMRTest.<ProbeId>()
						Lua 0:00:06:966
[mod] [SMRTK] SMRTK_CORE loaded=true tee=false t=2235 id=1
[SMRTK] SMRTK_CORE loaded=true tee=false t=2235 id=1
						Lua 0:00:06:971
[mod] [SMRTest][carry] fixture-carry dump available — run SMRTest.FixtureCarry()
						Lua 0:00:06:973
[TrainHubDev] hub classes loaded: six-connector hub, built-in drone controller, maintenance reserve
						Lua 0:00:06:974
[TrainHubDev] train export floor loaded (standing + transient holds)
[TrainDistribution] station rows loaded (brief 30: hub + hubless)
						Lua 0:00:06:975
[TrainDistribution] native storage-row UI registered
[TrainBay] loaded: vanilla auto-fill and siding placement; legacy HubTrain compatibility
						Lua 0:00:06:977
[mod] [CommunityOptInPack] AcknowledgedWarnings: applied
[mod] [CommunityOptInPack] ResidencyControl: inactive (opt-in module, off by default — enable it in Options → Mod Options)
[mod] [CommunityOptInPack] MultipleSuns: applied
[mod] [CommunityOptInPack] DroneStatDials: applied
[mod] [CommunityOptInPack] ServiceInterestTags: applied
						Lua 0:00:07:671
[TrainHubDev] save guard: native waiter snapshot; legacy hub load mapping retained
						Lua 0:00:07:738
[mod] [CommunityFixPack] SaintBlessing: inactive (no dome-colonists trait presets)
						Lua 0:00:07:829
Reloading done in 1265 ms
						Lua 0:00:07:830
Available DLCs: norman(Feeding the Future),thomas(Interplanetary Codex) 
						Lua 0:00:07:877
[mod] [SMRTK] SMRTK_CONSOLE_ARM enabled=true hook=DataLoading t=2235 id=2
[SMRTK] SMRTK_CONSOLE_ARM enabled=true hook=DataLoading t=2235 id=2
						Lua 0:00:08:325
[preset] Preset postprocess took 230 ms.
						Lua 0:00:08:374
482 / 482 particle streams loaded in 42 ms.
						Lua 0:00:08:375
5 / 5 particle streams loaded in 1 ms.
						Lua 0:00:08:376
[mod] [CommunityFixPack] SilentHitMomentFX: registered 11 missing animation-moment preset(s)
						Lua 0:00:08:377
[mod] [CommunityFixPack] FactionDomeSizeGate: 7 faction dislike(s) now wait for 10 colonists in a dome
[mod] [CommunityFixPack] DryFarmingFarms: left 1 farm(s) alone because DryFarming already reaches them (FarmUnderground via Farm)
[mod] [CommunityFixPack] DryFarmingFarms: added 2 water entr(y/ies) at -50% to DryFarming (1 adopted, 4 of 4 farms loaded)
[mod] [CommunityOptInPack] MultipleSuns: BuildingTemplates.ArtificialSun not found — build limit NOT lifted (binding fix still active)
						Lua 0:00:08:585
[mod] [CommunityFixPack] SaintBlessing: the shipped code resolves the trait label itself — data left untouched; save re-base armed for 1 preset(s) of 2
[mod] [CommunityFixPack] DryFarmingFarms: left 1 farm(s) alone because DryFarming already reaches them (FarmUnderground via Farm)
[mod] [CommunityOptInPack] MultipleSuns: Artificial Sun build-once limit lifted
						Lua 0:00:08:675
[mod] [SMRTK] SMRTK_SHORTCUT console=true key=Ctrl-Shift-F11 t=2235 id=3
						Lua 0:00:08:707
[mod] [SMRTK] SMRTK_SHORTCUT console=true key=Ctrl-Shift-F11 t=2235 id=4
						Lua 0:00:08:725
[mod] Loaded mod items for: SMR_CommunityFixPack, SMR_CommunityFixPackTestKit, SMR_TrainHubDev_20260918, SMR_ElevatorStationDev_20260929, SMR_CommunityOptInPack
						Lua 0:00:08:973
[mod] [CommunityFixPack] SaintBlessing: the shipped code resolves the trait label itself — data left untouched; save re-base armed for 1 preset(s) of 2
[mod] [CommunityFixPack] DryFarmingFarms: left 1 farm(s) alone because DryFarming already reaches them (FarmUnderground via Farm)
						Lua 0:00:09:074
[mod] [SMRTK] SMRTK_SHORTCUT console=true key=Ctrl-Shift-F11 t=2235 id=5
						Lua 0:00:09:783
[PdxSDK] Started up. Took 1335
						Lua 0:00:10:191
[Braze] SessionStart error The server name or address could not be resolved

[Braze] Failed sending launcher ev The server name or address could not be resolved

[Braze] Failed to init
						Lua 0:00:10:363
[Braze] SessionStart error The server name or address could not be resolved

						Lua 0:00:10:367
[Braze] Failed sending launcher ev The server name or address could not be resolved

[Braze] Failed to init
						Lua 0:00:25:084
Load Game: 
	lua_revision: 406343 (last saved with) 
	orig_lua_revision: 403908 (created with) 
	assets_revision: 33225 

	dlcs: norman, thomas 

	mods: SMR_CommunityOptInPack, SMR_CommunityFixPackTestKit, SMR_CommunityFixPack, SMR_TrainHubDev_20260918, SMR_RailShaftDev_20260923, SMR_SaveBufferFix, SMR_ElevatorStationDev_20260929, SMR_TrainHubPrototype_20260918 
						Lua 0:00:25:086
*** Reloading assets from folder 'BinAssets/'
						Lua 0:00:27:172
*** Assets reloaded in 2.1 s, read 359.0 MB, read speed 172.1 MB/s, average read 8138 bytes.
						Lua 0:00:28:111
[mod] [SMRTK] SMRTK_SHORTCUT console=true key=Ctrl-Shift-F11 t=17415 id=6
						Lua 0:00:28:867
[mod] [SMRTK] SMRTK_CONSOLE_ARM enabled=true hook=PreLoadGame t=17415 id=7
[SMRTK] SMRTK_CONSOLE_ARM enabled=true hook=PreLoadGame t=17415 id=7
						Lua 0:00:29:529
[mod] This savegame tries to load Mod DEV ONLY - Train Hub (Module B build) (id SMR_TrainHubDev_20260918, v0.00-062), which is loaded with a different version 0.00-063
[mod] This savegame tries to load Mod DEV ONLY - Elevator Depot (look prototype) (id SMR_ElevatorStationDev_20260929, v0.00-012), which is loaded with a different version 0.00-014
						Lua 0:00:30:876
[mod] [CommunityFixPack] SilentHitMomentFX: restored 5 missing hit-moment tracker(s) on load
[mod] [SMRTest] console enable requested (flag set, no overlay) — press Enter (or Alt-Shift-C) once in a colony
[SMRTest] console enable requested (flag set, no overlay) — press Enter (or Alt-Shift-C) once in a colony
[TrainHubDev] SMROptInTrainHub6 line radii d0..d5 = 6 6 6 6 6 6
[TrainHubDev] SMROptInTrainHub6 connector spots: from the body
						Lua 0:00:30:877
[TrainHubDev] reactor palette: channel 1 = 18,32,78 roughness 0 metallic 0
[TrainHubDev] reactor palette: channel 2 = 18,32,78 roughness 0 metallic 0
[TrainHubDev] reactor palette: channel 3 = 200,205,210 roughness -90 metallic 110
[TrainHubDev] reactor palette: P4 "navy + steel on 3 and 4", 3 of 4 channels written on the attached copy only (vanilla's own per-object call; no material is restyled)
[TrainHubDev] lights: arm 0, flanks the reactor (red flank) = B2 "Deep blue wash" (SpotLight), 12 lights, engine bearing 0 deg
						Lua 0:00:30:878
[TrainHubDev] lights: arm 1, flanks the reactor (blue flank) = B2 "Deep blue wash" (SpotLight), 12 lights, engine bearing 60 deg
[TrainHubDev] lights: arm 2, next to the blue flank = B2 "Deep blue wash" (SpotLight), 12 lights, engine bearing 120 deg
[TrainHubDev] lights: arm 3, opposite the red flank = B2 "Deep blue wash" (SpotLight), 12 lights, engine bearing 180 deg
[TrainHubDev] lights: arm 4, opposite the blue flank = B2 "Deep blue wash" (SpotLight), 12 lights, engine bearing 240 deg
						Lua 0:00:30:879
[TrainHubDev] lights: arm 5, next to the red flank = B2 "Deep blue wash" (SpotLight), 12 lights, engine bearing 300 deg
[TrainHubDev] lights: arm tune intensity 50, side 150 cm, height 200 cm, radius 500 cm, cone 50/100, colour 0,40,255
[TrainHubDev] structure lights: portal rims ON, 30 lights (intensity 4, radius 350 cm)
[TrainHubDev] structure lights: drone pit kerb OFF, 0 lights (intensity 15, radius 300 cm)
[TrainHubDev] structure lights: ring rim strip OFF, 0 lights (intensity 12, radius 400 cm)
[TrainHubDev] structure lights: floor edge strip OFF, 0 lights (intensity 30, radius 300 cm)
[TrainHubDev] structure lights: crown floor light ON, 1 lights (intensity 150, radius 4000 cm)
[TrainHubDev] structure lights: crown floor light follows the VANILLA night schedule (OnMsg.LightmodelChange -> map.NightLightsState, NightLightObjects.lua:250-259, :22 on build 1.1.0.403908); it is NIGHT now, so it is LIT -- hanging at z 1900 cm, colour 255,214,170, cone 0/0
						Lua 0:00:30:880
[TrainHubDev] structure lights: under-deck fill ON, 18 lights (intensity 40, radius 1200 cm)
[TrainHubDev] structure lights: under-deck fill follows the VANILLA night schedule (OnMsg.LightmodelChange -> map.NightLightsState, NightLightObjects.lua:250-259, :22 on build 1.1.0.403908); it is NIGHT now, so it is LIT -- hanging at z 700 cm, colour 255,214,170, cone 0/0
[TrainHubDev] lights: 121 placed (72 arm + 49 structure); a stopped hub destroys them all
						Lua 0:00:30:945
[TrainHubDev] reactor palette: channel 1 = 18,32,78 roughness 0 metallic 0
[TrainHubDev] reactor palette: channel 2 = 18,32,78 roughness 0 metallic 0
[TrainHubDev] reactor palette: channel 3 = 200,205,210 roughness -90 metallic 110
[TrainHubDev] reactor palette: P4 "navy + steel on 3 and 4", 3 of 4 channels written on the attached copy only (vanilla's own per-object call; no material is restyled)
						Lua 0:00:30:946
[TrainHubDev] lights: arm 0, flanks the reactor (red flank) = B2 "Deep blue wash" (SpotLight), 12 lights, engine bearing 0 deg
[TrainHubDev] lights: arm 1, flanks the reactor (blue flank) = B2 "Deep blue wash" (SpotLight), 12 lights, engine bearing 60 deg
						Lua 0:00:30:947
[TrainHubDev] lights: arm 2, next to the blue flank = B2 "Deep blue wash" (SpotLight), 12 lights, engine bearing 120 deg
[TrainHubDev] lights: arm 3, opposite the red flank = B2 "Deep blue wash" (SpotLight), 12 lights, engine bearing 180 deg
[TrainHubDev] lights: arm 4, opposite the blue flank = B2 "Deep blue wash" (SpotLight), 12 lights, engine bearing 240 deg
						Lua 0:00:30:948
[TrainHubDev] lights: arm 5, next to the red flank = B2 "Deep blue wash" (SpotLight), 12 lights, engine bearing 300 deg
[TrainHubDev] lights: arm tune intensity 50, side 150 cm, height 200 cm, radius 500 cm, cone 50/100, colour 0,40,255
[TrainHubDev] structure lights: portal rims ON, 30 lights (intensity 4, radius 350 cm)
[TrainHubDev] structure lights: drone pit kerb OFF, 0 lights (intensity 15, radius 300 cm)
[TrainHubDev] structure lights: ring rim strip OFF, 0 lights (intensity 12, radius 400 cm)
[TrainHubDev] structure lights: floor edge strip OFF, 0 lights (intensity 30, radius 300 cm)
[TrainHubDev] structure lights: crown floor light ON, 1 lights (intensity 150, radius 4000 cm)
[TrainHubDev] structure lights: crown floor light follows the VANILLA night schedule (OnMsg.LightmodelChange -> map.NightLightsState, NightLightObjects.lua:250-259, :22 on build 1.1.0.403908); it is NIGHT now, so it is LIT -- hanging at z 1900 cm, colour 255,214,170, cone 0/0
						Lua 0:00:30:949
[TrainHubDev] structure lights: under-deck fill ON, 18 lights (intensity 40, radius 1200 cm)
[TrainHubDev] structure lights: under-deck fill follows the VANILLA night schedule (OnMsg.LightmodelChange -> map.NightLightsState, NightLightObjects.lua:250-259, :22 on build 1.1.0.403908); it is NIGHT now, so it is LIT -- hanging at z 700 cm, colour 255,214,170, cone 0/0
[TrainHubDev] lights: 121 placed (72 arm + 49 structure); a stopped hub destroys them all
						Lua 0:00:31:026
[ElevatorDepotDev] dressed table: 0000016904B28708 env=Surface elevator=true tunnel=false cabin=true ropes=0 scale=75 receiver=false signs=0 cabin_hide_below=-635 palette=2
[ElevatorDepotDev] dressed table: 0000016903DAC9E8 env=Underground elevator=true tunnel=false cabin=true ropes=4 scale=75 receiver=true signs=0 cabin_hide_below=-635 palette=7
						Lua 0:00:31:122
game_settings:
    sponsor: SpaceY
    profile: politician
    founding_faction: UnitedColonistFront
    rival_colonies: NASA, Brazil, paradox
    mystery_random: 
    game_rules: (none)
more_game_settings: save_game_id: IsDKXg6Ddmz3wE5g, mystery: UnitedEarthMystery, coordinates: 15N179E, landing_spot: , logo: SpaceY
map_conditions: altitude: -3699, temperature: -43, cold_wave: 109, dust_devils: 39, dust_storm: 0, meteors: 37
map_resources: concrete: 243, metals: 147, precious_metals: 147, water: 147
						Lua 0:00:31:276
[mod] [CommunityFixPack] GhostPowerCells: maps=2 cleared=0 tunnel_skipped=38 shape_protected=0 reconnected=0 retry_failed=0 unbuilt_skipped=0 map_failed=0 elapsed_ms=117
[mod] [CommunityFixPack] UniversalDepotSeedsToggle: load pass updated the resource toggles on 0 Universal Depot(s)
[mod] [CommunityFixPack] SaveSanitizer: F95 astrogeologist-residue pass removed 0 modifier(s), left 0 unidentified
						Lua 0:00:31:277
Game Loaded in 6194 ms
[mod] [SMRTK] SMRTK_PROVENANCE actions=85 last=copy last_id=105 present=true session=1790883653:671923023:74658675:1424191059 t=35790404 id=8
[SMRTK] SMRTK_PROVENANCE actions=85 last=copy last_id=105 present=true session=1790883653:671923023:74658675:1424191059 t=35790404 id=8
						Lua 0:00:31:288
[mod] [SMRTK] SMRTK_SHORTCUT console=true key=Ctrl-Shift-F11 t=35790404 id=9
						Lua 0:00:31:300
[mod] [SMRTK] SMRTK_DOCK action=dock_attach attached=true route="idBottom sibling" status=OK surface=one-toggle+tasks t=35790404 id=10
						Lua 0:00:31:304
[mod] [SMRTest] console enable requested (flag set, no overlay) — press Enter (or Alt-Shift-C) once in a colony
[SMRTest] console enable requested (flag set, no overlay) — press Enter (or Alt-Shift-C) once in a colony
						Lua 0:00:31:422
[mod] [SMRTK] SMRTK_SHORTCUT console=true key=Ctrl-Shift-F11 t=35790404 id=11
						Lua 0:00:31:863
Game loaded on map BlankBig_01 in 6911 ms
						Lua 0:00:32:168
[mod] [SMRTK] SMRTK_PANEL_RESTORE open=true tab=Saves t=35790404 id=12
						Lua 0:01:06:659
[mod] [SMRTest] console enable requested (flag set, no overlay) — press Enter (or Alt-Shift-C) once in a colony
[SMRTest] console enable requested (flag set, no overlay) — press Enter (or Alt-Shift-C) once in a colony
						Lua 0:01:06:670
[mod] [SMRTK] SMRTK_SHORTCUT console=true key=Ctrl-Shift-F11 t=35790404 id=13
						Lua 0:01:07:595
[mod] [SMRTK] SMRTK_PANEL action=panel_toggle open=false status=OK tab=Saves t=35790404 id=14
						Lua 0:01:07:956
[mod] [SMRTK] SMRTK_SECTION action=section_attach attached=true dialog=ipBuilding object=StationBig(9702) status=OK t=35790404 id=15
						Lua 0:01:21:457
[mod] [SMRTest] console enable requested (flag set, no overlay) — press Enter (or Alt-Shift-C) once in a colony
[SMRTest] console enable requested (flag set, no overlay) — press Enter (or Alt-Shift-C) once in a colony
						Lua 0:01:21:470
[mod] [SMRTK] SMRTK_SHORTCUT console=true key=Ctrl-Shift-F11 t=35790404 id=16
						Lua 0:01:23:749
[mod] [SMRTK] SMRTK_SECTION action=section_attach attached=true dialog=ipBuilding object=StationBig(7873) status=OK t=35790404 id=17
						Lua 0:02:00:013
[mod] [SMRTest] console enable requested (flag set, no overlay) — press Enter (or Alt-Shift-C) once in a colony
[SMRTest] console enable requested (flag set, no overlay) — press Enter (or Alt-Shift-C) once in a colony
						Lua 0:02:00:025
[mod] [SMRTK] SMRTK_SHORTCUT console=true key=Ctrl-Shift-F11 t=35790404 id=18
						Lua 0:02:00:057
[mod] [SMRTK] SMRTK_SECTION action=section_attach attached=true dialog=ipBuilding object=StationBig(9702) status=OK t=35790404 id=19
						Lua 0:02:19:803
[mod] [SMRTK] SMRTK_PANEL action=panel_toggle open=true status=OK tab=Saves t=35790404 id=20
						Lua 0:02:22:145
[mod] [SMRTK] SMRTK_TAB action=tab_Agent page=Agent status=OK t=35790404 id=21
						Lua 0:02:23:655
[mod] [SMRTK] SMRTK_MARK action=mark label=STATION_ROWS_READ mark=81 status=OK t=35790404 id=22
[SMRTK] SMRTK_MARK action=mark label=STATION_ROWS_READ mark=81 status=OK t=35790404 id=22
[mod] [SMRTK] SMRTK_FINGERPRINT action=fingerprint fix_pack_present=45/45 game=406343 mark_action=mark mods=SMR_CommunityFixPack,SMR_CommunityFixPackTestKit,SMR_CommunityOptInPack,SMR_ElevatorStationDev_20260929,SMR_TrainHubDev_20260918 pack_version=26 read="live registry" save="Double Hub+elev Built Under2.savegame.sav" sol=50 status=OK t=35790404 id=23
[SMRTK] SMRTK_FINGERPRINT action=fingerprint fix_pack_present=45/45 game=406343 mark_action=mark mods=SMR_CommunityFixPack,SMR_CommunityFixPackTestKit,SMR_CommunityOptInPack,SMR_ElevatorStationDev_20260929,SMR_TrainHubDev_20260918 pack_version=26 read="live registry" save="Double Hub+elev Built Under2.savegame.sav" sol=50 status=OK t=35790404 id=23
[mod] [SMRTK] SMRTK_DUMP calls=0 capacity=240000 demand_desired=230000 demand_target=232840 drones=true errors=0 game_time=35790404 hub=none hub_role=none hub_room=none hub_stock=none mode=balanced percent=4 resource=Herbs row=resource sitting=station_rows_30 station=9702 stock=7160 supply_desired=10000 supply_target=7160 target=10000 t=35790404 id=24
[SMRTK] SMRTK_DUMP calls=0 capacity=240000 demand_desired=230000 demand_target=232840 drones=true errors=0 game_time=35790404 hub=none hub_role=none hub_room=none hub_stock=none mode=balanced percent=4 resource=Herbs row=resource sitting=station_rows_30 station=9702 stock=7160 supply_desired=10000 supply_target=7160 target=10000 t=35790404 id=24
[mod] [SMRTK] SMRTK_DUMP calls=0 capacity=240000 demand_desired=124800 demand_target=194843 drones=true errors=0 game_time=35790404 hub=none hub_role=none hub_room=none hub_stock=none mode=balanced percent=48 resource=Metals row=resource sitting=station_rows_30 station=9702 stock=45157 supply_desired=115200 supply_target=45157 target=115200 t=35790404 id=25
[SMRTK] SMRTK_DUMP calls=0 capacity=240000 demand_desired=124800 demand_target=194843 drones=true errors=0 game_time=35790404 hub=none hub_role=none hub_room=none hub_stock=none mode=balanced percent=48 resource=Metals row=resource sitting=station_rows_30 station=9702 stock=45157 supply_desired=115200 supply_target=45157 target=115200 t=35790404 id=25
[mod] [SMRTK] SMRTK_DUMP calls=0 capacity=240000 demand_desired=230000 demand_target=230596 drones=true errors=0 game_time=35790404 hub=none hub_role=none hub_room=none hub_stock=none mode=balanced percent=4 resource=Concrete row=resource sitting=station_rows_30 station=9702 stock=9404 supply_desired=10000 supply_target=9404 target=10000 t=35790404 id=26
[SMRTK] SMRTK_DUMP calls=0 capacity=240000 demand_desired=230000 demand_target=230596 drones=true errors=0 game_time=35790404 hub=none hub_role=none hub_room=none hub_stock=none mode=balanced percent=4 resource=Concrete row=resource sitting=station_rows_30 station=9702 stock=9404 supply_desired=10000 supply_target=9404 target=10000 t=35790404 id=26
[mod] [SMRTK] SMRTK_DUMP calls=0 capacity=240000 demand_desired=230000 demand_target=232388 drones=true errors=0 game_time=35790404 hub=none hub_role=none hub_room=none hub_stock=none mode=balanced percent=4 resource=Spices row=resource sitting=station_rows_30 station=9702 stock=7612 supply_desired=10000 supply_target=7612 target=10000 t=35790404 id=27
[SMRTK] SMRTK_DUMP calls=0 capacity=240000 demand_desired=230000 demand_target=232388 drones=true errors=0 game_time=35790404 hub=none hub_role=none hub_room=none hub_stock=none mode=balanced percent=4 resource=Spices row=resource sitting=station_rows_30 station=9702 stock=7612 supply_desired=10000 supply_target=7612 target=10000 t=35790404 id=27
[mod] [SMRTK] SMRTK_DUMP calls=0 capacity=240000 demand_desired=230000 demand_target=237050 drones=true errors=0 game_time=35790404 hub=none hub_role=none hub_room=none hub_stock=none mode=balanced percent=4 resource=Food row=resource sitting=station_rows_30 station=9702 stock=2950 supply_desired=10000 supply_target=2950 target=10000 t=35790404 id=28
[SMRTK] SMRTK_DUMP calls=0 capacity=240000 demand_desired=230000 demand_target=237050 drones=true errors=0 game_time=35790404 hub=none hub_role=none hub_room=none hub_stock=none mode=balanced percent=4 resource=Food row=resource sitting=station_rows_30 station=9702 stock=2950 supply_desired=10000 supply_target=2950 target=10000 t=35790404 id=28
[mod] [SMRTK] SMRTK_DUMP calls=0 capacity=240000 demand_desired=230000 demand_target=235800 drones=true errors=0 game_time=35790404 hub=none hub_role=none hub_room=none hub_stock=none mode=balanced percent=4 resource=Sugar row=resource sitting=station_rows_30 station=9702 stock=4200 supply_desired=10000 supply_target=4200 target=10000 t=35790404 id=29
[SMRTK] SMRTK_DUMP calls=0 capacity=240000 demand_desired=230000 demand_target=235800 drones=true errors=0 game_time=35790404 hub=none hub_role=none hub_room=none hub_stock=none mode=balanced percent=4 resource=Sugar row=resource sitting=station_rows_30 station=9702 stock=4200 supply_desired=10000 supply_target=4200 target=10000 t=35790404 id=29
[mod] [SMRTK] SMRTK_DUMP calls=0 capacity=240000 demand_desired=230000 demand_target=230219 drones=true errors=0 game_time=35790404 hub=none hub_role=none hub_room=none hub_stock=none mode=balanced percent=4 resource=Butter row=resource sitting=station_rows_30 station=9702 stock=9781 supply_desired=10000 supply_target=9781 target=10000 t=35790404 id=30
[SMRTK] SMRTK_DUMP calls=0 capacity=240000 demand_desired=230000 demand_target=230219 drones=true errors=0 game_time=35790404 hub=none hub_role=none hub_room=none hub_stock=none mode=balanced percent=4 resource=Butter row=resource sitting=station_rows_30 station=9702 stock=9781 supply_desired=10000 supply_target=9781 target=10000 t=35790404 id=30
						Lua 0:02:23:656
[mod] [SMRTK] SMRTK_DUMP calls=0 capacity=240000 demand_desired=230000 demand_target=230860 drones=true errors=0 game_time=35790404 hub=none hub_role=none hub_room=none hub_stock=none mode=balanced percent=4 resource=PreciousMetals row=resource sitting=station_rows_30 station=9702 stock=8140 supply_desired=10000 supply_target=8140 target=10000 t=35790404 id=31
[SMRTK] SMRTK_DUMP calls=0 capacity=240000 demand_desired=230000 demand_target=230860 drones=true errors=0 game_time=35790404 hub=none hub_role=none hub_room=none hub_stock=none mode=balanced percent=4 resource=PreciousMetals row=resource sitting=station_rows_30 station=9702 stock=8140 supply_desired=10000 supply_target=8140 target=10000 t=35790404 id=31
[mod] [SMRTK] SMRTK_DUMP calls=0 capacity=240000 demand_desired=230000 demand_target=232359 drones=true errors=0 game_time=35790404 hub=none hub_role=none hub_room=none hub_stock=none mode=balanced percent=4 resource=Bread row=resource sitting=station_rows_30 station=9702 stock=7641 supply_desired=10000 supply_target=7641 target=10000 t=35790404 id=32
[SMRTK] SMRTK_DUMP calls=0 capacity=240000 demand_desired=230000 demand_target=232359 drones=true errors=0 game_time=35790404 hub=none hub_role=none hub_room=none hub_stock=none mode=balanced percent=4 resource=Bread row=resource sitting=station_rows_30 station=9702 stock=7641 supply_desired=10000 supply_target=7641 target=10000 t=35790404 id=32
[mod] [SMRTK] SMRTK_DUMP calls=0 capacity=240000 demand_desired=230000 demand_target=228365 drones=true errors=0 game_time=35790404 hub=none hub_role=none hub_room=none hub_stock=none mode=balanced percent=4 resource=PreciousMinerals row=resource sitting=station_rows_30 station=9702 stock=11635 supply_desired=10000 supply_target=11635 target=10000 t=35790404 id=33
[SMRTK] SMRTK_DUMP calls=0 capacity=240000 demand_desired=230000 demand_target=228365 drones=true errors=0 game_time=35790404 hub=none hub_role=none hub_room=none hub_stock=none mode=balanced percent=4 resource=PreciousMinerals row=resource sitting=station_rows_30 station=9702 stock=11635 supply_desired=10000 supply_target=11635 target=10000 t=35790404 id=33
[mod] [SMRTK] SMRTK_DUMP calls=0 capacity=240000 demand_desired=230000 demand_target=226960 drones=true errors=0 game_time=35790404 hub=none hub_role=none hub_room=none hub_stock=none mode=balanced percent=4 resource=Cheese row=resource sitting=station_rows_30 station=9702 stock=13040 supply_desired=10000 supply_target=13040 target=10000 t=35790404 id=34
[SMRTK] SMRTK_DUMP calls=0 capacity=240000 demand_desired=230000 demand_target=226960 drones=true errors=0 game_time=35790404 hub=none hub_role=none hub_room=none hub_stock=none mode=balanced percent=4 resource=Cheese row=resource sitting=station_rows_30 station=9702 stock=13040 supply_desired=10000 supply_target=13040 target=10000 t=35790404 id=34
[mod] [SMRTK] SMRTK_DUMP calls=0 capacity=240000 demand_desired=230000 demand_target=229728 drones=true errors=0 game_time=35790404 hub=none hub_role=none hub_room=none hub_stock=none mode=balanced percent=4 resource=Polymers row=resource sitting=station_rows_30 station=9702 stock=9272 supply_desired=10000 supply_target=9272 target=10000 t=35790404 id=35
[SMRTK] SMRTK_DUMP calls=0 capacity=240000 demand_desired=230000 demand_target=229728 drones=true errors=0 game_time=35790404 hub=none hub_role=none hub_room=none hub_stock=none mode=balanced percent=4 resource=Polymers row=resource sitting=station_rows_30 station=9702 stock=9272 supply_desired=10000 supply_target=9272 target=10000 t=35790404 id=35
[mod] [SMRTK] SMRTK_DUMP calls=0 capacity=240000 demand_desired=230000 demand_target=226980 drones=true errors=0 game_time=35790404 hub=none hub_role=none hub_room=none hub_stock=none mode=balanced percent=4 resource=Coffee row=resource sitting=station_rows_30 station=9702 stock=13020 supply_desired=10000 supply_target=13020 target=10000 t=35790404 id=36
[SMRTK] SMRTK_DUMP calls=0 capacity=240000 demand_desired=230000 demand_target=226980 drones=true errors=0 game_time=35790404 hub=none hub_role=none hub_room=none hub_stock=none mode=balanced percent=4 resource=Coffee row=resource sitting=station_rows_30 station=9702 stock=13020 supply_desired=10000 supply_target=13020 target=10000 t=35790404 id=36
[mod] [SMRTK] SMRTK_DUMP calls=0 capacity=240000 demand_desired=230000 demand_target=222511 drones=true errors=0 game_time=35790404 hub=none hub_role=none hub_room=none hub_stock=none mode=balanced percent=4 resource=MachineParts row=resource sitting=station_rows_30 station=9702 stock=16489 supply_desired=10000 supply_target=16489 target=10000 t=35790404 id=37
[SMRTK] SMRTK_DUMP calls=0 capacity=240000 demand_desired=230000 demand_target=222511 drones=true errors=0 game_time=35790404 hub=none hub_role=none hub_room=none hub_stock=none mode=balanced percent=4 resource=MachineParts row=resource sitting=station_rows_30 station=9702 stock=16489 supply_desired=10000 supply_target=16489 target=10000 t=35790404 id=37
[mod] [SMRTK] SMRTK_DUMP calls=0 capacity=240000 demand_desired=230000 demand_target=226599 drones=true errors=0 game_time=35790404 hub=none hub_role=none hub_room=none hub_stock=none mode=balanced percent=4 resource=Electronics row=resource sitting=station_rows_30 station=9702 stock=12401 supply_desired=10000 supply_target=12401 target=10000 t=35790404 id=38
[SMRTK] SMRTK_DUMP calls=0 capacity=240000 demand_desired=230000 demand_target=226599 drones=true errors=0 game_time=35790404 hub=none hub_role=none hub_room=none hub_stock=none mode=balanced percent=4 resource=Electronics row=resource sitting=station_rows_30 station=9702 stock=12401 supply_desired=10000 supply_target=12401 target=10000 t=35790404 id=38
[mod] [SMRTK] SMRTK_DUMP calls=0 capacity=240000 demand_desired=230000 demand_target=231123 drones=true errors=0 game_time=35790404 hub=none hub_role=none hub_room=none hub_stock=none mode=balanced percent=4 resource=Meat row=resource sitting=station_rows_30 station=9702 stock=8877 supply_desired=10000 supply_target=8877 target=10000 t=35790404 id=39
[SMRTK] SMRTK_DUMP calls=0 capacity=240000 demand_desired=230000 demand_target=231123 drones=true errors=0 game_time=35790404 hub=none hub_role=none hub_room=none hub_stock=none mode=balanced percent=4 resource=Meat row=resource sitting=station_rows_30 station=9702 stock=8877 supply_desired=10000 supply_target=8877 target=10000 t=35790404 id=39
[mod] [SMRTK] SMRTK_DUMP calls=0 capacity=240000 demand_desired=230000 demand_target=227332 drones=true errors=0 game_time=35790404 hub=none hub_role=none hub_room=none hub_stock=none mode=balanced percent=4 resource=Fuel row=resource sitting=station_rows_30 station=9702 stock=12668 supply_desired=10000 supply_target=12668 target=10000 t=35790404 id=40
[SMRTK] SMRTK_DUMP calls=0 capacity=240000 demand_desired=230000 demand_target=227332 drones=true errors=0 game_time=35790404 hub=none hub_role=none hub_room=none hub_stock=none mode=balanced percent=4 resource=Fuel row=resource sitting=station_rows_30 station=9702 stock=12668 supply_desired=10000 supply_target=12668 target=10000 t=35790404 id=40
[mod] [SMRTK] SMRTK_DUMP calls=0 capacity=240000 demand_desired=230000 demand_target=228399 drones=true errors=0 game_time=35790404 hub=none hub_role=none hub_room=none hub_stock=none mode=balanced percent=4 resource=Seeds row=resource sitting=station_rows_30 station=9702 stock=11601 supply_desired=10000 supply_target=11601 target=10000 t=35790404 id=41
[SMRTK] SMRTK_DUMP calls=0 capacity=240000 demand_desired=230000 demand_target=228399 drones=true errors=0 game_time=35790404 hub=none hub_role=none hub_room=none hub_stock=none mode=balanced percent=4 resource=Seeds row=resource sitting=station_rows_30 station=9702 stock=11601 supply_desired=10000 supply_target=11601 target=10000 t=35790404 id=41
[mod] [SMRTK] SMRTK_DUMP calls=0 capacity=240000 demand_desired=230000 demand_target=73000 drones=true errors=0 game_time=35790404 hub=none hub_role=none hub_room=none hub_stock=none mode=balanced percent=4 resource=WasteRock row=resource sitting=station_rows_30 station=9702 stock=167000 supply_desired=10000 supply_target=167000 target=10000 t=35790404 id=42
[SMRTK] SMRTK_DUMP calls=0 capacity=240000 demand_desired=230000 demand_target=73000 drones=true errors=0 game_time=35790404 hub=none hub_role=none hub_room=none hub_stock=none mode=balanced percent=4 resource=WasteRock row=resource sitting=station_rows_30 station=9702 stock=167000 supply_desired=10000 supply_target=167000 target=10000 t=35790404 id=42
[mod] [SMRTK] SMRTK_DUMP command=GotoStation metals=0 row=train sitting=station_rows_30 station=10531 train=2000003078 t=35790404 id=43
[SMRTK] SMRTK_DUMP command=GotoStation metals=0 row=train sitting=station_rows_30 station=10531 train=2000003078 t=35790404 id=43
[mod] [SMRTK] SMRTK_DUMP command=LoadTrain metals=0 row=train sitting=station_rows_30 station=9041 train=2000003402 t=35790404 id=44
[SMRTK] SMRTK_DUMP command=LoadTrain metals=0 row=train sitting=station_rows_30 station=9041 train=2000003402 t=35790404 id=44
[mod] [SMRTK] SMRTK_ACTION action=slot_4 calls=0 capacity=240000 demand_desired=124800 demand_target=194843 drones=true errors=0 game_time=35790404 hub=none hub_role=none hub_room=none hub_stock=none mark=81 mode=balanced percent=48 resource=Metals station=9702 status=OK stock=45157 supply_desired=115200 supply_target=45157 target=115200 t=35790404 id=45
[SMRTK] SMRTK_ACTION action=slot_4 calls=0 capacity=240000 demand_desired=124800 demand_target=194843 drones=true errors=0 game_time=35790404 hub=none hub_role=none hub_room=none hub_stock=none mark=81 mode=balanced percent=48 resource=Metals station=9702 status=OK stock=45157 supply_desired=115200 supply_target=45157 target=115200 t=35790404 id=45
						Lua 0:10:27:862
[mod] [SMRTK] SMRTK_TAB action=tab_Kit page=Kit status=OK t=35790404 id=46
						Lua 0:11:30:457
[mod] [SMRTK] SMRTK_SECTION action=section_attach attached=true dialog=ipBuilding object=StationBig(9702) status=OK t=35790404 id=47
						Lua 0:11:32:137
[mod] [SMRTK] SMRTK_TAB action=tab_Agent page=Agent status=OK t=35790404 id=48
						Lua 0:11:34:068
[mod] [SMRTK] SMRTK_MARK action=mark label=STATION_ROWS_READ mark=108 status=OK t=35790404 id=49
[SMRTK] SMRTK_MARK action=mark label=STATION_ROWS_READ mark=108 status=OK t=35790404 id=49
[mod] [SMRTK] SMRTK_FINGERPRINT action=fingerprint fix_pack_present=45/45 game=406343 mark_action=mark mods=SMR_CommunityFixPack,SMR_CommunityFixPackTestKit,SMR_CommunityOptInPack,SMR_ElevatorStationDev_20260929,SMR_TrainHubDev_20260918 pack_version=26 read="live registry" save="Double Hub+elev Built Under2.savegame.sav" sol=50 status=OK t=35790404 id=50
[SMRTK] SMRTK_FINGERPRINT action=fingerprint fix_pack_present=45/45 game=406343 mark_action=mark mods=SMR_CommunityFixPack,SMR_CommunityFixPackTestKit,SMR_CommunityOptInPack,SMR_ElevatorStationDev_20260929,SMR_TrainHubDev_20260918 pack_version=26 read="live registry" save="Double Hub+elev Built Under2.savegame.sav" sol=50 status=OK t=35790404 id=50
[mod] [SMRTK] SMRTK_DUMP calls=0 capacity=240000 demand_desired=230000 demand_target=232840 drones=true errors=0 game_time=35790404 hub=none hub_role=none hub_room=none hub_stock=none mode=balanced percent=4 resource=Herbs row=resource sitting=station_rows_30 station=9702 stock=7160 supply_desired=10000 supply_target=7160 target=10000 t=35790404 id=51
[SMRTK] SMRTK_DUMP calls=0 capacity=240000 demand_desired=230000 demand_target=232840 drones=true errors=0 game_time=35790404 hub=none hub_role=none hub_room=none hub_stock=none mode=balanced percent=4 resource=Herbs row=resource sitting=station_rows_30 station=9702 stock=7160 supply_desired=10000 supply_target=7160 target=10000 t=35790404 id=51
[mod] [SMRTK] SMRTK_DUMP calls=0 capacity=240000 demand_desired=124800 demand_target=194843 drones=true errors=0 game_time=35790404 hub=none hub_role=none hub_room=none hub_stock=none mode=balanced percent=48 resource=Metals row=resource sitting=station_rows_30 station=9702 stock=45157 supply_desired=115200 supply_target=45157 target=115200 t=35790404 id=52
[SMRTK] SMRTK_DUMP calls=0 capacity=240000 demand_desired=124800 demand_target=194843 drones=true errors=0 game_time=35790404 hub=none hub_role=none hub_room=none hub_stock=none mode=balanced percent=48 resource=Metals row=resource sitting=station_rows_30 station=9702 stock=45157 supply_desired=115200 supply_target=45157 target=115200 t=35790404 id=52
[mod] [SMRTK] SMRTK_DUMP calls=0 capacity=240000 demand_desired=230000 demand_target=230596 drones=true errors=0 game_time=35790404 hub=none hub_role=none hub_room=none hub_stock=none mode=balanced percent=4 resource=Concrete row=resource sitting=station_rows_30 station=9702 stock=9404 supply_desired=10000 supply_target=9404 target=10000 t=35790404 id=53
[SMRTK] SMRTK_DUMP calls=0 capacity=240000 demand_desired=230000 demand_target=230596 drones=true errors=0 game_time=35790404 hub=none hub_role=none hub_room=none hub_stock=none mode=balanced percent=4 resource=Concrete row=resource sitting=station_rows_30 station=9702 stock=9404 supply_desired=10000 supply_target=9404 target=10000 t=35790404 id=53
[mod] [SMRTK] SMRTK_DUMP calls=0 capacity=240000 demand_desired=230000 demand_target=232388 drones=true errors=0 game_time=35790404 hub=none hub_role=none hub_room=none hub_stock=none mode=balanced percent=4 resource=Spices row=resource sitting=station_rows_30 station=9702 stock=7612 supply_desired=10000 supply_target=7612 target=10000 t=35790404 id=54
[SMRTK] SMRTK_DUMP calls=0 capacity=240000 demand_desired=230000 demand_target=232388 drones=true errors=0 game_time=35790404 hub=none hub_role=none hub_room=none hub_stock=none mode=balanced percent=4 resource=Spices row=resource sitting=station_rows_30 station=9702 stock=7612 supply_desired=10000 supply_target=7612 target=10000 t=35790404 id=54
[mod] [SMRTK] SMRTK_DUMP calls=0 capacity=240000 demand_desired=230000 demand_target=237050 drones=true errors=0 game_time=35790404 hub=none hub_role=none hub_room=none hub_stock=none mode=balanced percent=4 resource=Food row=resource sitting=station_rows_30 station=9702 stock=2950 supply_desired=10000 supply_target=2950 target=10000 t=35790404 id=55
[SMRTK] SMRTK_DUMP calls=0 capacity=240000 demand_desired=230000 demand_target=237050 drones=true errors=0 game_time=35790404 hub=none hub_role=none hub_room=none hub_stock=none mode=balanced percent=4 resource=Food row=resource sitting=station_rows_30 station=9702 stock=2950 supply_desired=10000 supply_target=2950 target=10000 t=35790404 id=55
[mod] [SMRTK] SMRTK_DUMP calls=0 capacity=240000 demand_desired=230000 demand_target=235800 drones=true errors=0 game_time=35790404 hub=none hub_role=none hub_room=none hub_stock=none mode=balanced percent=4 resource=Sugar row=resource sitting=station_rows_30 station=9702 stock=4200 supply_desired=10000 supply_target=4200 target=10000 t=35790404 id=56
[SMRTK] SMRTK_DUMP calls=0 capacity=240000 demand_desired=230000 demand_target=235800 drones=true errors=0 game_time=35790404 hub=none hub_role=none hub_room=none hub_stock=none mode=balanced percent=4 resource=Sugar row=resource sitting=station_rows_30 station=9702 stock=4200 supply_desired=10000 supply_target=4200 target=10000 t=35790404 id=56
[mod] [SMRTK] SMRTK_DUMP calls=0 capacity=240000 demand_desired=230000 demand_target=230219 drones=true errors=0 game_time=35790404 hub=none hub_role=none hub_room=none hub_stock=none mode=balanced percent=4 resource=Butter row=resource sitting=station_rows_30 station=9702 stock=9781 supply_desired=10000 supply_target=9781 target=10000 t=35790404 id=57
[SMRTK] SMRTK_DUMP calls=0 capacity=240000 demand_desired=230000 demand_target=230219 drones=true errors=0 game_time=35790404 hub=none hub_role=none hub_room=none hub_stock=none mode=balanced percent=4 resource=Butter row=resource sitting=station_rows_30 station=9702 stock=9781 supply_desired=10000 supply_target=9781 target=10000 t=35790404 id=57
[mod] [SMRTK] SMRTK_DUMP calls=0 capacity=240000 demand_desired=230000 demand_target=230860 drones=true errors=0 game_time=35790404 hub=none hub_role=none hub_room=none hub_stock=none mode=balanced percent=4 resource=PreciousMetals row=resource sitting=station_rows_30 station=9702 stock=8140 supply_desired=10000 supply_target=8140 target=10000 t=35790404 id=58
[SMRTK] SMRTK_DUMP calls=0 capacity=240000 demand_desired=230000 demand_target=230860 drones=true errors=0 game_time=35790404 hub=none hub_role=none hub_room=none hub_stock=none mode=balanced percent=4 resource=PreciousMetals row=resource sitting=station_rows_30 station=9702 stock=8140 supply_desired=10000 supply_target=8140 target=10000 t=35790404 id=58
[mod] [SMRTK] SMRTK_DUMP calls=0 capacity=240000 demand_desired=230000 demand_target=232359 drones=true errors=0 game_time=35790404 hub=none hub_role=none hub_room=none hub_stock=none mode=balanced percent=4 resource=Bread row=resource sitting=station_rows_30 station=9702 stock=7641 supply_desired=10000 supply_target=7641 target=10000 t=35790404 id=59
[SMRTK] SMRTK_DUMP calls=0 capacity=240000 demand_desired=230000 demand_target=232359 drones=true errors=0 game_time=35790404 hub=none hub_role=none hub_room=none hub_stock=none mode=balanced percent=4 resource=Bread row=resource sitting=station_rows_30 station=9702 stock=7641 supply_desired=10000 supply_target=7641 target=10000 t=35790404 id=59
[mod] [SMRTK] SMRTK_DUMP calls=0 capacity=240000 demand_desired=230000 demand_target=228365 drones=true errors=0 game_time=35790404 hub=none hub_role=none hub_room=none hub_stock=none mode=balanced percent=4 resource=PreciousMinerals row=resource sitting=station_rows_30 station=9702 stock=11635 supply_desired=10000 supply_target=11635 target=10000 t=35790404 id=60
[SMRTK] SMRTK_DUMP calls=0 capacity=240000 demand_desired=230000 demand_target=228365 drones=true errors=0 game_time=35790404 hub=none hub_role=none hub_room=none hub_stock=none mode=balanced percent=4 resource=PreciousMinerals row=resource sitting=station_rows_30 station=9702 stock=11635 supply_desired=10000 supply_target=11635 target=10000 t=35790404 id=60
						Lua 0:11:34:069
[mod] [SMRTK] SMRTK_DUMP calls=0 capacity=240000 demand_desired=230000 demand_target=226960 drones=true errors=0 game_time=35790404 hub=none hub_role=none hub_room=none hub_stock=none mode=balanced percent=4 resource=Cheese row=resource sitting=station_rows_30 station=9702 stock=13040 supply_desired=10000 supply_target=13040 target=10000 t=35790404 id=61
[SMRTK] SMRTK_DUMP calls=0 capacity=240000 demand_desired=230000 demand_target=226960 drones=true errors=0 game_time=35790404 hub=none hub_role=none hub_room=none hub_stock=none mode=balanced percent=4 resource=Cheese row=resource sitting=station_rows_30 station=9702 stock=13040 supply_desired=10000 supply_target=13040 target=10000 t=35790404 id=61
[mod] [SMRTK] SMRTK_DUMP calls=0 capacity=240000 demand_desired=230000 demand_target=229728 drones=true errors=0 game_time=35790404 hub=none hub_role=none hub_room=none hub_stock=none mode=balanced percent=4 resource=Polymers row=resource sitting=station_rows_30 station=9702 stock=9272 supply_desired=10000 supply_target=9272 target=10000 t=35790404 id=62
[SMRTK] SMRTK_DUMP calls=0 capacity=240000 demand_desired=230000 demand_target=229728 drones=true errors=0 game_time=35790404 hub=none hub_role=none hub_room=none hub_stock=none mode=balanced percent=4 resource=Polymers row=resource sitting=station_rows_30 station=9702 stock=9272 supply_desired=10000 supply_target=9272 target=10000 t=35790404 id=62
[mod] [SMRTK] SMRTK_DUMP calls=0 capacity=240000 demand_desired=230000 demand_target=226980 drones=true errors=0 game_time=35790404 hub=none hub_role=none hub_room=none hub_stock=none mode=balanced percent=4 resource=Coffee row=resource sitting=station_rows_30 station=9702 stock=13020 supply_desired=10000 supply_target=13020 target=10000 t=35790404 id=63
[SMRTK] SMRTK_DUMP calls=0 capacity=240000 demand_desired=230000 demand_target=226980 drones=true errors=0 game_time=35790404 hub=none hub_role=none hub_room=none hub_stock=none mode=balanced percent=4 resource=Coffee row=resource sitting=station_rows_30 station=9702 stock=13020 supply_desired=10000 supply_target=13020 target=10000 t=35790404 id=63
[mod] [SMRTK] SMRTK_DUMP calls=0 capacity=240000 demand_desired=230000 demand_target=222511 drones=true errors=0 game_time=35790404 hub=none hub_role=none hub_room=none hub_stock=none mode=balanced percent=4 resource=MachineParts row=resource sitting=station_rows_30 station=9702 stock=16489 supply_desired=10000 supply_target=16489 target=10000 t=35790404 id=64
[SMRTK] SMRTK_DUMP calls=0 capacity=240000 demand_desired=230000 demand_target=222511 drones=true errors=0 game_time=35790404 hub=none hub_role=none hub_room=none hub_stock=none mode=balanced percent=4 resource=MachineParts row=resource sitting=station_rows_30 station=9702 stock=16489 supply_desired=10000 supply_target=16489 target=10000 t=35790404 id=64
[mod] [SMRTK] SMRTK_DUMP calls=0 capacity=240000 demand_desired=230000 demand_target=226599 drones=true errors=0 game_time=35790404 hub=none hub_role=none hub_room=none hub_stock=none mode=balanced percent=4 resource=Electronics row=resource sitting=station_rows_30 station=9702 stock=12401 supply_desired=10000 supply_target=12401 target=10000 t=35790404 id=65
[SMRTK] SMRTK_DUMP calls=0 capacity=240000 demand_desired=230000 demand_target=226599 drones=true errors=0 game_time=35790404 hub=none hub_role=none hub_room=none hub_stock=none mode=balanced percent=4 resource=Electronics row=resource sitting=station_rows_30 station=9702 stock=12401 supply_desired=10000 supply_target=12401 target=10000 t=35790404 id=65
[mod] [SMRTK] SMRTK_DUMP calls=0 capacity=240000 demand_desired=230000 demand_target=231123 drones=true errors=0 game_time=35790404 hub=none hub_role=none hub_room=none hub_stock=none mode=balanced percent=4 resource=Meat row=resource sitting=station_rows_30 station=9702 stock=8877 supply_desired=10000 supply_target=8877 target=10000 t=35790404 id=66
[SMRTK] SMRTK_DUMP calls=0 capacity=240000 demand_desired=230000 demand_target=231123 drones=true errors=0 game_time=35790404 hub=none hub_role=none hub_room=none hub_stock=none mode=balanced percent=4 resource=Meat row=resource sitting=station_rows_30 station=9702 stock=8877 supply_desired=10000 supply_target=8877 target=10000 t=35790404 id=66
[mod] [SMRTK] SMRTK_DUMP calls=0 capacity=240000 demand_desired=230000 demand_target=227332 drones=true errors=0 game_time=35790404 hub=none hub_role=none hub_room=none hub_stock=none mode=balanced percent=4 resource=Fuel row=resource sitting=station_rows_30 station=9702 stock=12668 supply_desired=10000 supply_target=12668 target=10000 t=35790404 id=67
[SMRTK] SMRTK_DUMP calls=0 capacity=240000 demand_desired=230000 demand_target=227332 drones=true errors=0 game_time=35790404 hub=none hub_role=none hub_room=none hub_stock=none mode=balanced percent=4 resource=Fuel row=resource sitting=station_rows_30 station=9702 stock=12668 supply_desired=10000 supply_target=12668 target=10000 t=35790404 id=67
[mod] [SMRTK] SMRTK_DUMP calls=0 capacity=240000 demand_desired=230000 demand_target=228399 drones=true errors=0 game_time=35790404 hub=none hub_role=none hub_room=none hub_stock=none mode=balanced percent=4 resource=Seeds row=resource sitting=station_rows_30 station=9702 stock=11601 supply_desired=10000 supply_target=11601 target=10000 t=35790404 id=68
[SMRTK] SMRTK_DUMP calls=0 capacity=240000 demand_desired=230000 demand_target=228399 drones=true errors=0 game_time=35790404 hub=none hub_role=none hub_room=none hub_stock=none mode=balanced percent=4 resource=Seeds row=resource sitting=station_rows_30 station=9702 stock=11601 supply_desired=10000 supply_target=11601 target=10000 t=35790404 id=68
[mod] [SMRTK] SMRTK_DUMP calls=0 capacity=240000 demand_desired=230000 demand_target=73000 drones=true errors=0 game_time=35790404 hub=none hub_role=none hub_room=none hub_stock=none mode=balanced percent=4 resource=WasteRock row=resource sitting=station_rows_30 station=9702 stock=167000 supply_desired=10000 supply_target=167000 target=10000 t=35790404 id=69
[SMRTK] SMRTK_DUMP calls=0 capacity=240000 demand_desired=230000 demand_target=73000 drones=true errors=0 game_time=35790404 hub=none hub_role=none hub_room=none hub_stock=none mode=balanced percent=4 resource=WasteRock row=resource sitting=station_rows_30 station=9702 stock=167000 supply_desired=10000 supply_target=167000 target=10000 t=35790404 id=69
[mod] [SMRTK] SMRTK_DUMP command=GotoStation metals=0 row=train sitting=station_rows_30 station=10531 train=2000003078 t=35790404 id=70
[SMRTK] SMRTK_DUMP command=GotoStation metals=0 row=train sitting=station_rows_30 station=10531 train=2000003078 t=35790404 id=70
[mod] [SMRTK] SMRTK_DUMP command=LoadTrain metals=0 row=train sitting=station_rows_30 station=9041 train=2000003402 t=35790404 id=71
[SMRTK] SMRTK_DUMP command=LoadTrain metals=0 row=train sitting=station_rows_30 station=9041 train=2000003402 t=35790404 id=71
[mod] [SMRTK] SMRTK_ACTION action=slot_4 calls=0 capacity=240000 demand_desired=124800 demand_target=194843 drones=true errors=0 game_time=35790404 hub=none hub_role=none hub_room=none hub_stock=none mark=108 mode=balanced percent=48 resource=Metals station=9702 status=OK stock=45157 supply_desired=115200 supply_target=45157 target=115200 t=35790404 id=72
[SMRTK] SMRTK_ACTION action=slot_4 calls=0 capacity=240000 demand_desired=124800 demand_target=194843 drones=true errors=0 game_time=35790404 hub=none hub_role=none hub_room=none hub_stock=none mark=108 mode=balanced percent=48 resource=Metals station=9702 status=OK stock=45157 supply_desired=115200 supply_target=45157 target=115200 t=35790404 id=72
						Lua 0:12:12:398
[mod] [SMRTK] SMRTK_MARK action=mark label=STATION_ROWS_FIXTURE_START mark=132 status=OK t=35790404 id=73
[SMRTK] SMRTK_MARK action=mark label=STATION_ROWS_FIXTURE_START mark=132 status=OK t=35790404 id=73
[mod] [SMRTK] SMRTK_FINGERPRINT action=fingerprint fix_pack_present=45/45 game=406343 mark_action=mark mods=SMR_CommunityFixPack,SMR_CommunityFixPackTestKit,SMR_CommunityOptInPack,SMR_ElevatorStationDev_20260929,SMR_TrainHubDev_20260918 pack_version=26 read="live registry" save="Double Hub+elev Built Under2.savegame.sav" sol=50 status=OK t=35790404 id=74
[SMRTK] SMRTK_FINGERPRINT action=fingerprint fix_pack_present=45/45 game=406343 mark_action=mark mods=SMR_CommunityFixPack,SMR_CommunityFixPackTestKit,SMR_CommunityOptInPack,SMR_ElevatorStationDev_20260929,SMR_TrainHubDev_20260918 pack_version=26 read="live registry" save="Double Hub+elev Built Under2.savegame.sav" sol=50 status=OK t=35790404 id=74
						Lua 0:12:12:401
[mod] [SMRTK] SMRTK_DUMP added=146843 before=45157 mark=132 reserved_shortfall=0 station=9702 stock=192000 target=192000 t=35790404 id=75
[SMRTK] SMRTK_DUMP added=146843 before=45157 mark=132 reserved_shortfall=0 station=9702 stock=192000 target=192000 t=35790404 id=75
[mod] [SMRTK] SMRTK_MARK action=mark label=STATION_ROWS_FIXTURE_DONE mark=135 status=OK t=35790404 id=76
[SMRTK] SMRTK_MARK action=mark label=STATION_ROWS_FIXTURE_DONE mark=135 status=OK t=35790404 id=76
[mod] [SMRTK] SMRTK_FINGERPRINT action=fingerprint fix_pack_present=45/45 game=406343 mark_action=mark mods=SMR_CommunityFixPack,SMR_CommunityFixPackTestKit,SMR_CommunityOptInPack,SMR_ElevatorStationDev_20260929,SMR_TrainHubDev_20260918 pack_version=26 read="live registry" save="Double Hub+elev Built Under2.savegame.sav" sol=50 status=OK t=35790404 id=77
[SMRTK] SMRTK_FINGERPRINT action=fingerprint fix_pack_present=45/45 game=406343 mark_action=mark mods=SMR_CommunityFixPack,SMR_CommunityFixPackTestKit,SMR_CommunityOptInPack,SMR_ElevatorStationDev_20260929,SMR_TrainHubDev_20260918 pack_version=26 read="live registry" save="Double Hub+elev Built Under2.savegame.sav" sol=50 status=OK t=35790404 id=77
[mod] [SMRTK] SMRTK_ACTION action=slot_1 added=146843 before=45157 mark=132 reserved_shortfall=0 station=9702 status=OK stock=192000 target=192000 t=35790404 id=78
[SMRTK] SMRTK_ACTION action=slot_1 added=146843 before=45157 mark=132 reserved_shortfall=0 station=9702 status=OK stock=192000 target=192000 t=35790404 id=78
						Lua 0:12:17:170
[mod] [SMRTK] SMRTK_MARK action=mark label=STATION_ROWS_READ mark=138 status=OK t=35790404 id=79
[SMRTK] SMRTK_MARK action=mark label=STATION_ROWS_READ mark=138 status=OK t=35790404 id=79
[mod] [SMRTK] SMRTK_FINGERPRINT action=fingerprint fix_pack_present=45/45 game=406343 mark_action=mark mods=SMR_CommunityFixPack,SMR_CommunityFixPackTestKit,SMR_CommunityOptInPack,SMR_ElevatorStationDev_20260929,SMR_TrainHubDev_20260918 pack_version=26 read="live registry" save="Double Hub+elev Built Under2.savegame.sav" sol=50 status=OK t=35790404 id=80
[SMRTK] SMRTK_FINGERPRINT action=fingerprint fix_pack_present=45/45 game=406343 mark_action=mark mods=SMR_CommunityFixPack,SMR_CommunityFixPackTestKit,SMR_CommunityOptInPack,SMR_ElevatorStationDev_20260929,SMR_TrainHubDev_20260918 pack_version=26 read="live registry" save="Double Hub+elev Built Under2.savegame.sav" sol=50 status=OK t=35790404 id=80
						Lua 0:12:17:171
[mod] [SMRTK] SMRTK_DUMP calls=0 capacity=240000 demand_desired=230000 demand_target=232840 drones=true errors=0 game_time=35790404 hub=none hub_role=none hub_room=none hub_stock=none mode=balanced percent=4 resource=Herbs row=resource sitting=station_rows_30 station=9702 stock=7160 supply_desired=10000 supply_target=7160 target=10000 t=35790404 id=81
[SMRTK] SMRTK_DUMP calls=0 capacity=240000 demand_desired=230000 demand_target=232840 drones=true errors=0 game_time=35790404 hub=none hub_role=none hub_room=none hub_stock=none mode=balanced percent=4 resource=Herbs row=resource sitting=station_rows_30 station=9702 stock=7160 supply_desired=10000 supply_target=7160 target=10000 t=35790404 id=81
[mod] [SMRTK] SMRTK_DUMP calls=0 capacity=240000 demand_desired=0 demand_target=48000 drones=true errors=0 game_time=35790404 hub=none hub_role=none hub_room=none hub_stock=none mode=export percent=20 resource=Metals row=resource sitting=station_rows_30 station=9702 stock=192000 supply_desired=240000 supply_target=192000 target=48000 t=35790404 id=82
[SMRTK] SMRTK_DUMP calls=0 capacity=240000 demand_desired=0 demand_target=48000 drones=true errors=0 game_time=35790404 hub=none hub_role=none hub_room=none hub_stock=none mode=export percent=20 resource=Metals row=resource sitting=station_rows_30 station=9702 stock=192000 supply_desired=240000 supply_target=192000 target=48000 t=35790404 id=82
[mod] [SMRTK] SMRTK_DUMP calls=0 capacity=240000 demand_desired=230000 demand_target=230596 drones=true errors=0 game_time=35790404 hub=none hub_role=none hub_room=none hub_stock=none mode=balanced percent=4 resource=Concrete row=resource sitting=station_rows_30 station=9702 stock=9404 supply_desired=10000 supply_target=9404 target=10000 t=35790404 id=83
[SMRTK] SMRTK_DUMP calls=0 capacity=240000 demand_desired=230000 demand_target=230596 drones=true errors=0 game_time=35790404 hub=none hub_role=none hub_room=none hub_stock=none mode=balanced percent=4 resource=Concrete row=resource sitting=station_rows_30 station=9702 stock=9404 supply_desired=10000 supply_target=9404 target=10000 t=35790404 id=83
[mod] [SMRTK] SMRTK_DUMP calls=0 capacity=240000 demand_desired=230000 demand_target=232388 drones=true errors=0 game_time=35790404 hub=none hub_role=none hub_room=none hub_stock=none mode=balanced percent=4 resource=Spices row=resource sitting=station_rows_30 station=9702 stock=7612 supply_desired=10000 supply_target=7612 target=10000 t=35790404 id=84
[SMRTK] SMRTK_DUMP calls=0 capacity=240000 demand_desired=230000 demand_target=232388 drones=true errors=0 game_time=35790404 hub=none hub_role=none hub_room=none hub_stock=none mode=balanced percent=4 resource=Spices row=resource sitting=station_rows_30 station=9702 stock=7612 supply_desired=10000 supply_target=7612 target=10000 t=35790404 id=84
[mod] [SMRTK] SMRTK_DUMP calls=0 capacity=240000 demand_desired=230000 demand_target=237050 drones=true errors=0 game_time=35790404 hub=none hub_role=none hub_room=none hub_stock=none mode=balanced percent=4 resource=Food row=resource sitting=station_rows_30 station=9702 stock=2950 supply_desired=10000 supply_target=2950 target=10000 t=35790404 id=85
[SMRTK] SMRTK_DUMP calls=0 capacity=240000 demand_desired=230000 demand_target=237050 drones=true errors=0 game_time=35790404 hub=none hub_role=none hub_room=none hub_stock=none mode=balanced percent=4 resource=Food row=resource sitting=station_rows_30 station=9702 stock=2950 supply_desired=10000 supply_target=2950 target=10000 t=35790404 id=85
[mod] [SMRTK] SMRTK_DUMP calls=0 capacity=240000 demand_desired=230000 demand_target=235800 drones=true errors=0 game_time=35790404 hub=none hub_role=none hub_room=none hub_stock=none mode=balanced percent=4 resource=Sugar row=resource sitting=station_rows_30 station=9702 stock=4200 supply_desired=10000 supply_target=4200 target=10000 t=35790404 id=86
[SMRTK] SMRTK_DUMP calls=0 capacity=240000 demand_desired=230000 demand_target=235800 drones=true errors=0 game_time=35790404 hub=none hub_role=none hub_room=none hub_stock=none mode=balanced percent=4 resource=Sugar row=resource sitting=station_rows_30 station=9702 stock=4200 supply_desired=10000 supply_target=4200 target=10000 t=35790404 id=86
[mod] [SMRTK] SMRTK_DUMP calls=0 capacity=240000 demand_desired=230000 demand_target=230219 drones=true errors=0 game_time=35790404 hub=none hub_role=none hub_room=none hub_stock=none mode=balanced percent=4 resource=Butter row=resource sitting=station_rows_30 station=9702 stock=9781 supply_desired=10000 supply_target=9781 target=10000 t=35790404 id=87
[SMRTK] SMRTK_DUMP calls=0 capacity=240000 demand_desired=230000 demand_target=230219 drones=true errors=0 game_time=35790404 hub=none hub_role=none hub_room=none hub_stock=none mode=balanced percent=4 resource=Butter row=resource sitting=station_rows_30 station=9702 stock=9781 supply_desired=10000 supply_target=9781 target=10000 t=35790404 id=87
[mod] [SMRTK] SMRTK_DUMP calls=0 capacity=240000 demand_desired=230000 demand_target=230860 drones=true errors=0 game_time=35790404 hub=none hub_role=none hub_room=none hub_stock=none mode=balanced percent=4 resource=PreciousMetals row=resource sitting=station_rows_30 station=9702 stock=8140 supply_desired=10000 supply_target=8140 target=10000 t=35790404 id=88
[SMRTK] SMRTK_DUMP calls=0 capacity=240000 demand_desired=230000 demand_target=230860 drones=true errors=0 game_time=35790404 hub=none hub_role=none hub_room=none hub_stock=none mode=balanced percent=4 resource=PreciousMetals row=resource sitting=station_rows_30 station=9702 stock=8140 supply_desired=10000 supply_target=8140 target=10000 t=35790404 id=88
[mod] [SMRTK] SMRTK_DUMP calls=0 capacity=240000 demand_desired=230000 demand_target=232359 drones=true errors=0 game_time=35790404 hub=none hub_role=none hub_room=none hub_stock=none mode=balanced percent=4 resource=Bread row=resource sitting=station_rows_30 station=9702 stock=7641 supply_desired=10000 supply_target=7641 target=10000 t=35790404 id=89
[SMRTK] SMRTK_DUMP calls=0 capacity=240000 demand_desired=230000 demand_target=232359 drones=true errors=0 game_time=35790404 hub=none hub_role=none hub_room=none hub_stock=none mode=balanced percent=4 resource=Bread row=resource sitting=station_rows_30 station=9702 stock=7641 supply_desired=10000 supply_target=7641 target=10000 t=35790404 id=89
[mod] [SMRTK] SMRTK_DUMP calls=0 capacity=240000 demand_desired=230000 demand_target=228365 drones=true errors=0 game_time=35790404 hub=none hub_role=none hub_room=none hub_stock=none mode=balanced percent=4 resource=PreciousMinerals row=resource sitting=station_rows_30 station=9702 stock=11635 supply_desired=10000 supply_target=11635 target=10000 t=35790404 id=90
[SMRTK] SMRTK_DUMP calls=0 capacity=240000 demand_desired=230000 demand_target=228365 drones=true errors=0 game_time=35790404 hub=none hub_role=none hub_room=none hub_stock=none mode=balanced percent=4 resource=PreciousMinerals row=resource sitting=station_rows_30 station=9702 stock=11635 supply_desired=10000 supply_target=11635 target=10000 t=35790404 id=90
[mod] [SMRTK] SMRTK_DUMP calls=0 capacity=240000 demand_desired=230000 demand_target=226960 drones=true errors=0 game_time=35790404 hub=none hub_role=none hub_room=none hub_stock=none mode=balanced percent=4 resource=Cheese row=resource sitting=station_rows_30 station=9702 stock=13040 supply_desired=10000 supply_target=13040 target=10000 t=35790404 id=91
[SMRTK] SMRTK_DUMP calls=0 capacity=240000 demand_desired=230000 demand_target=226960 drones=true errors=0 game_time=35790404 hub=none hub_role=none hub_room=none hub_stock=none mode=balanced percent=4 resource=Cheese row=resource sitting=station_rows_30 station=9702 stock=13040 supply_desired=10000 supply_target=13040 target=10000 t=35790404 id=91
[mod] [SMRTK] SMRTK_DUMP calls=0 capacity=240000 demand_desired=230000 demand_target=229728 drones=true errors=0 game_time=35790404 hub=none hub_role=none hub_room=none hub_stock=none mode=balanced percent=4 resource=Polymers row=resource sitting=station_rows_30 station=9702 stock=9272 supply_desired=10000 supply_target=9272 target=10000 t=35790404 id=92
[SMRTK] SMRTK_DUMP calls=0 capacity=240000 demand_desired=230000 demand_target=229728 drones=true errors=0 game_time=35790404 hub=none hub_role=none hub_room=none hub_stock=none mode=balanced percent=4 resource=Polymers row=resource sitting=station_rows_30 station=9702 stock=9272 supply_desired=10000 supply_target=9272 target=10000 t=35790404 id=92
[mod] [SMRTK] SMRTK_DUMP calls=0 capacity=240000 demand_desired=230000 demand_target=226980 drones=true errors=0 game_time=35790404 hub=none hub_role=none hub_room=none hub_stock=none mode=balanced percent=4 resource=Coffee row=resource sitting=station_rows_30 station=9702 stock=13020 supply_desired=10000 supply_target=13020 target=10000 t=35790404 id=93
[SMRTK] SMRTK_DUMP calls=0 capacity=240000 demand_desired=230000 demand_target=226980 drones=true errors=0 game_time=35790404 hub=none hub_role=none hub_room=none hub_stock=none mode=balanced percent=4 resource=Coffee row=resource sitting=station_rows_30 station=9702 stock=13020 supply_desired=10000 supply_target=13020 target=10000 t=35790404 id=93
[mod] [SMRTK] SMRTK_DUMP calls=0 capacity=240000 demand_desired=230000 demand_target=222511 drones=true errors=0 game_time=35790404 hub=none hub_role=none hub_room=none hub_stock=none mode=balanced percent=4 resource=MachineParts row=resource sitting=station_rows_30 station=9702 stock=16489 supply_desired=10000 supply_target=16489 target=10000 t=35790404 id=94
[SMRTK] SMRTK_DUMP calls=0 capacity=240000 demand_desired=230000 demand_target=222511 drones=true errors=0 game_time=35790404 hub=none hub_role=none hub_room=none hub_stock=none mode=balanced percent=4 resource=MachineParts row=resource sitting=station_rows_30 station=9702 stock=16489 supply_desired=10000 supply_target=16489 target=10000 t=35790404 id=94
[mod] [SMRTK] SMRTK_DUMP calls=0 capacity=240000 demand_desired=230000 demand_target=226599 drones=true errors=0 game_time=35790404 hub=none hub_role=none hub_room=none hub_stock=none mode=balanced percent=4 resource=Electronics row=resource sitting=station_rows_30 station=9702 stock=12401 supply_desired=10000 supply_target=12401 target=10000 t=35790404 id=95
[SMRTK] SMRTK_DUMP calls=0 capacity=240000 demand_desired=230000 demand_target=226599 drones=true errors=0 game_time=35790404 hub=none hub_role=none hub_room=none hub_stock=none mode=balanced percent=4 resource=Electronics row=resource sitting=station_rows_30 station=9702 stock=12401 supply_desired=10000 supply_target=12401 target=10000 t=35790404 id=95
[mod] [SMRTK] SMRTK_DUMP calls=0 capacity=240000 demand_desired=230000 demand_target=231123 drones=true errors=0 game_time=35790404 hub=none hub_role=none hub_room=none hub_stock=none mode=balanced percent=4 resource=Meat row=resource sitting=station_rows_30 station=9702 stock=8877 supply_desired=10000 supply_target=8877 target=10000 t=35790404 id=96
[SMRTK] SMRTK_DUMP calls=0 capacity=240000 demand_desired=230000 demand_target=231123 drones=true errors=0 game_time=35790404 hub=none hub_role=none hub_room=none hub_stock=none mode=balanced percent=4 resource=Meat row=resource sitting=station_rows_30 station=9702 stock=8877 supply_desired=10000 supply_target=8877 target=10000 t=35790404 id=96
						Lua 0:12:17:172
[mod] [SMRTK] SMRTK_DUMP calls=0 capacity=240000 demand_desired=230000 demand_target=227332 drones=true errors=0 game_time=35790404 hub=none hub_role=none hub_room=none hub_stock=none mode=balanced percent=4 resource=Fuel row=resource sitting=station_rows_30 station=9702 stock=12668 supply_desired=10000 supply_target=12668 target=10000 t=35790404 id=97
[SMRTK] SMRTK_DUMP calls=0 capacity=240000 demand_desired=230000 demand_target=227332 drones=true errors=0 game_time=35790404 hub=none hub_role=none hub_room=none hub_stock=none mode=balanced percent=4 resource=Fuel row=resource sitting=station_rows_30 station=9702 stock=12668 supply_desired=10000 supply_target=12668 target=10000 t=35790404 id=97
[mod] [SMRTK] SMRTK_DUMP calls=0 capacity=240000 demand_desired=230000 demand_target=228399 drones=true errors=0 game_time=35790404 hub=none hub_role=none hub_room=none hub_stock=none mode=balanced percent=4 resource=Seeds row=resource sitting=station_rows_30 station=9702 stock=11601 supply_desired=10000 supply_target=11601 target=10000 t=35790404 id=98
[SMRTK] SMRTK_DUMP calls=0 capacity=240000 demand_desired=230000 demand_target=228399 drones=true errors=0 game_time=35790404 hub=none hub_role=none hub_room=none hub_stock=none mode=balanced percent=4 resource=Seeds row=resource sitting=station_rows_30 station=9702 stock=11601 supply_desired=10000 supply_target=11601 target=10000 t=35790404 id=98
[mod] [SMRTK] SMRTK_DUMP calls=0 capacity=240000 demand_desired=230000 demand_target=73000 drones=true errors=0 game_time=35790404 hub=none hub_role=none hub_room=none hub_stock=none mode=balanced percent=4 resource=WasteRock row=resource sitting=station_rows_30 station=9702 stock=167000 supply_desired=10000 supply_target=167000 target=10000 t=35790404 id=99
[SMRTK] SMRTK_DUMP calls=0 capacity=240000 demand_desired=230000 demand_target=73000 drones=true errors=0 game_time=35790404 hub=none hub_role=none hub_room=none hub_stock=none mode=balanced percent=4 resource=WasteRock row=resource sitting=station_rows_30 station=9702 stock=167000 supply_desired=10000 supply_target=167000 target=10000 t=35790404 id=99
[mod] [SMRTK] SMRTK_DUMP command=GotoStation metals=0 row=train sitting=station_rows_30 station=10531 train=2000003078 t=35790404 id=100
[SMRTK] SMRTK_DUMP command=GotoStation metals=0 row=train sitting=station_rows_30 station=10531 train=2000003078 t=35790404 id=100
[mod] [SMRTK] SMRTK_DUMP command=LoadTrain metals=0 row=train sitting=station_rows_30 station=9041 train=2000003402 t=35790404 id=101
[SMRTK] SMRTK_DUMP command=LoadTrain metals=0 row=train sitting=station_rows_30 station=9041 train=2000003402 t=35790404 id=101
[mod] [SMRTK] SMRTK_ACTION action=slot_4 calls=0 capacity=240000 demand_desired=0 demand_target=48000 drones=true errors=0 game_time=35790404 hub=none hub_role=none hub_room=none hub_stock=none mark=138 mode=export percent=20 resource=Metals station=9702 status=OK stock=192000 supply_desired=240000 supply_target=192000 target=48000 t=35790404 id=102
[SMRTK] SMRTK_ACTION action=slot_4 calls=0 capacity=240000 demand_desired=0 demand_target=48000 drones=true errors=0 game_time=35790404 hub=none hub_role=none hub_room=none hub_stock=none mark=138 mode=export percent=20 resource=Metals station=9702 status=OK stock=192000 supply_desired=240000 supply_target=192000 target=48000 t=35790404 id=102
						Lua 0:12:26:397
[mod] [SMRTK] SMRTK_MARK action=mark label=STATION_ROWS_RUN mark=162 status=OK t=35790404 id=103
[SMRTK] SMRTK_MARK action=mark label=STATION_ROWS_RUN mark=162 status=OK t=35790404 id=103
[mod] [SMRTK] SMRTK_FINGERPRINT action=fingerprint fix_pack_present=45/45 game=406343 mark_action=mark mods=SMR_CommunityFixPack,SMR_CommunityFixPackTestKit,SMR_CommunityOptInPack,SMR_ElevatorStationDev_20260929,SMR_TrainHubDev_20260918 pack_version=26 read="live registry" save="Double Hub+elev Built Under2.savegame.sav" sol=50 status=OK t=35790404 id=104
[SMRTK] SMRTK_FINGERPRINT action=fingerprint fix_pack_present=45/45 game=406343 mark_action=mark mods=SMR_CommunityFixPack,SMR_CommunityFixPackTestKit,SMR_CommunityOptInPack,SMR_ElevatorStationDev_20260929,SMR_TrainHubDev_20260918 pack_version=26 read="live registry" save="Double Hub+elev Built Under2.savegame.sav" sol=50 status=OK t=35790404 id=104
[mod] [SMRTK] SMRTK_DUMP command=GotoStation metals=0 row=train sitting=station_rows_30 station=10531 train=2000003078 t=35790404 id=105
[SMRTK] SMRTK_DUMP command=GotoStation metals=0 row=train sitting=station_rows_30 station=10531 train=2000003078 t=35790404 id=105
[mod] [SMRTK] SMRTK_DUMP command=LoadTrain metals=0 row=train sitting=station_rows_30 station=9041 train=2000003402 t=35790404 id=106
[SMRTK] SMRTK_DUMP command=LoadTrain metals=0 row=train sitting=station_rows_30 station=9041 train=2000003402 t=35790404 id=106
[mod] [SMRTK] SMRTK_ARM action=station_rows_30 before=192000 cadence=250 deadline=36330404 hub=none mode=export once=true station=9702 status=OK target=48000 trigger=station_rows_30 t=35790404 id=107
[SMRTK] SMRTK_ARM action=station_rows_30 before=192000 cadence=250 deadline=36330404 hub=none mode=export once=true station=9702 status=OK target=48000 trigger=station_rows_30 t=35790404 id=107
						Lua 0:12:26:398
[mod] [SMRTK] SMRTK_SPEED action=speed_ultra before=0 factor=128000 requested=128 status=OK t=35790404 id=108
[SMRTK] SMRTK_SPEED action=speed_ultra before=0 factor=128000 requested=128 status=OK t=35790404 id=108
[mod] [SMRTK] SMRTK_ACTION action=slot_5 autosave="re-press slot 5 after a save; a target sample is not an unattended PASS" before=192000 cadence=250 deadline=36330404 hub=none mark=162 mode=export once=true station=9702 status=OK target=48000 trigger=station_rows_30 t=35790404 id=109
[SMRTK] SMRTK_ACTION action=slot_5 autosave="re-press slot 5 after a save; a target sample is not an unattended PASS" before=192000 cadence=250 deadline=36330404 hub=none mark=162 mode=export once=true station=9702 status=OK target=48000 trigger=station_rows_30 t=35790404 id=109
						Lua 0:12:26:400
[ElevatorDepotDev] pair formed: surface 9036 underground 9041 rows Concrete=to_underground,Electronics=to_underground,Food=to_surface,MachineParts=to_underground,Metals=to_underground,Polymers=to_underground,PreciousMetals=to_surface,Sugar=to_surface
						Lua 0:12:27:145
[ElevatorDepotDev] cabin arrived surface (leg 26) delivered Food=1000,PreciousMetals=4000,Sugar=2000 still aboard none
[ElevatorDepotDev] cabin departed down (leg 27) loaded Concrete=25000,Herbs=9600,Metals=834,Spices=6566 aboard Concrete=25000,Herbs=9600,Metals=834,Spices=6566 arrives in 60 min
						Lua 0:12:27:871
[ElevatorDepotDev] cabin arrived underground (leg 27) delivered Concrete=25000,Herbs=9600,Metals=834,Spices=6566 still aboard none
[ElevatorDepotDev] cabin departed up (leg 28) loaded none aboard none arrives in 60 min
						Lua 0:12:28:563
[ElevatorDepotDev] cabin arrived surface (leg 28) delivered none still aboard none
[ElevatorDepotDev] cabin departed down (leg 29) loaded Bread=9600,Butter=9600,Cheese=9600,Polymers=566,PreciousMinerals=9600,Spices=3034 aboard Bread=9600,Butter=9600,Cheese=9600,Polymers=566,PreciousMinerals=9600,Spices=3034 arrives in 60 min
						Lua 0:12:29:249
[ElevatorDepotDev] cabin arrived underground (leg 29) delivered Bread=9600,Butter=9600,Cheese=9600,Polymers=566,PreciousMinerals=9600,Spices=3034 still aboard none
[ElevatorDepotDev] cabin departed up (leg 30) loaded none aboard none arrives in 60 min
						Lua 0:12:29:929
[ElevatorDepotDev] cabin arrived surface (leg 30) delivered none still aboard none
[ElevatorDepotDev] cabin departed down (leg 31) loaded Coffee=9600,Electronics=9000,MachineParts=9000,Meat=5966,Polymers=8434 aboard Coffee=9600,Electronics=9000,MachineParts=9000,Meat=5966,Polymers=8434 arrives in 60 min
						Lua 0:12:30:629
[ElevatorDepotDev] cabin arrived underground (leg 31) delivered Coffee=9600,Electronics=9000,MachineParts=9000,Meat=5966,Polymers=8434 still aboard none
[ElevatorDepotDev] cabin departed up (leg 32) loaded none aboard none arrives in 60 min
						Lua 0:12:31:401
[ElevatorDepotDev] cabin arrived surface (leg 32) delivered none still aboard none
[ElevatorDepotDev] cabin departed down (leg 33) loaded Concrete=25000,Herbs=9000,Meat=2000,Spices=6000 aboard Concrete=25000,Herbs=9000,Meat=2000,Spices=6000 arrives in 60 min
						Lua 0:12:32:228
[ElevatorDepotDev] cabin arrived underground (leg 33) delivered Concrete=25000,Herbs=9000,Meat=2000,Spices=6000 still aboard none
[ElevatorDepotDev] cabin departed up (leg 34) loaded none aboard none arrives in 60 min
						Lua 0:12:32:988
[ElevatorDepotDev] cabin arrived surface (leg 34) delivered none still aboard none
[ElevatorDepotDev] cabin departed down (leg 35) loaded Fuel=9600,Meat=1634,Seeds=9600,WasteRock=600 aboard Fuel=9600,Meat=1634,Seeds=9600,WasteRock=600 arrives in 60 min
						Lua 0:12:33:757
[ElevatorDepotDev] cabin arrived underground (leg 35) delivered Fuel=9600,Meat=1634,Seeds=9600,WasteRock=600 still aboard none
[ElevatorDepotDev] cabin departed up (leg 36) loaded none aboard none arrives in 60 min
						Lua 0:12:34:617
[ElevatorDepotDev] cabin arrived surface (leg 36) delivered none still aboard none
[ElevatorDepotDev] cabin departed down (leg 37) loaded Concrete=25000,Herbs=9000,Spices=8000 aboard Concrete=25000,Herbs=9000,Spices=8000 arrives in 60 min
						Lua 0:12:35:022
[mod] [SMRTK] SMRTK_DISARM action=station_rows_30 reason=SaveGameStart status=OK trigger=station_rows_30 t=36134724 id=110
[SMRTK] SMRTK_DISARM action=station_rows_30 reason=SaveGameStart status=OK trigger=station_rows_30 t=36134724 id=110
						Lua 0:12:35:899
[ElevatorDepotDev] cabin arrived underground (leg 37) delivered Concrete=25000,Herbs=9000,Spices=8000 still aboard none
[ElevatorDepotDev] cabin departed up (leg 38) loaded none aboard none arrives in 60 min
						Lua 0:12:36:594
[ElevatorDepotDev] cabin arrived surface (leg 38) delivered none still aboard none
[ElevatorDepotDev] cabin departed down (leg 39) loaded Bread=9000,Butter=9000,Cheese=9000,Polymers=5000,PreciousMinerals=9000,Spices=1000 aboard Bread=9000,Butter=9000,Cheese=9000,Polymers=5000,PreciousMinerals=9000,Spices=1000 arrives in 60 min
						Lua 0:12:37:293
[ElevatorDepotDev] cabin arrived underground (leg 39) delivered Bread=9000,Butter=9000,Cheese=9000,Polymers=5000,PreciousMinerals=9000,Spices=1000 still aboard none
[ElevatorDepotDev] cabin departed up (leg 40) loaded none aboard none arrives in 60 min
						Lua 0:12:38:004
[ElevatorDepotDev] cabin arrived surface (leg 40) delivered none still aboard none
[ElevatorDepotDev] cabin departed down (leg 41) loaded Coffee=9000,Electronics=9000,Fuel=2000,MachineParts=9000,Meat=9000,Polymers=4000 aboard Coffee=9000,Electronics=9000,Fuel=2000,MachineParts=9000,Meat=9000,Polymers=4000 arrives in 60 min
						Lua 0:12:38:703
[mod] [SMRTK] SMRTK_SECTION action=section_attach attached=true dialog=ipBuilding object=SMROptInElevatorDepotDev(9041) status=OK t=36269124 id=111
						Lua 0:12:38:724
[ElevatorDepotDev] cabin arrived underground (leg 41) delivered Coffee=9000,Electronics=9000,Fuel=2000,MachineParts=9000,Meat=9000,Polymers=4000 still aboard none
						Lua 0:12:38:726
[ElevatorDepotDev] cabin departed up (leg 42) loaded none aboard none arrives in 60 min
						Lua 0:12:39:349
[ElevatorDepotDev] cabin arrived surface (leg 42) delivered none still aboard none
						Lua 0:12:39:351
[ElevatorDepotDev] cabin departed down (leg 43) loaded Fuel=7000,Seeds=9000 aboard Fuel=7000,Seeds=9000 arrives in 60 min
						Lua 0:12:39:934
[ElevatorDepotDev] cabin arrived underground (leg 43) delivered Fuel=7000,Seeds=9000 still aboard none
						Lua 0:12:39:936
[ElevatorDepotDev] cabin departed up (leg 44) loaded none aboard none arrives in 60 min
						Lua 0:12:39:956
Story bits: Triggered story bit - UndergroundDeepScanning_Water						Lua 0:12:40:556
[ElevatorDepotDev] cabin arrived surface (leg 44) delivered none still aboard none
						Lua 0:12:40:558
[ElevatorDepotDev] cabin departed down (leg 45) loaded Concrete=25000,Herbs=9000,Spices=8000 aboard Concrete=25000,Herbs=9000,Spices=8000 arrives in 60 min
						Lua 0:12:40:826
[mod] [SMRTK] SMRTK_SECTION action=section_attach attached=true dialog=ipBuilding object=StationBig(9702) status=OK t=36371524 id=112
						Lua 0:12:41:227
[ElevatorDepotDev] cabin arrived underground (leg 45) delivered Concrete=25000,Herbs=9000,Spices=8000 still aboard none
[ElevatorDepotDev] cabin departed up (leg 46) loaded none aboard none arrives in 60 min
						Lua 0:12:41:864
[ElevatorDepotDev] cabin arrived surface (leg 46) delivered none still aboard none
[ElevatorDepotDev] cabin departed down (leg 47) loaded Bread=9000,Butter=9000,Cheese=9000,Polymers=5000,PreciousMinerals=9000,Spices=1000 aboard Bread=9000,Butter=9000,Cheese=9000,Polymers=5000,PreciousMinerals=9000,Spices=1000 arrives in 60 min
						Lua 0:12:42:502
[ElevatorDepotDev] cabin arrived underground (leg 47) delivered Bread=9000,Butter=9000,Cheese=9000,Polymers=5000,PreciousMinerals=9000,Spices=1000 still aboard none
[ElevatorDepotDev] cabin departed up (leg 48) loaded none aboard none arrives in 60 min
						Lua 0:12:43:098
[ElevatorDepotDev] cabin arrived surface (leg 48) delivered none still aboard none
[ElevatorDepotDev] cabin departed down (leg 49) loaded Coffee=6614,Concrete=14386,Herbs=9000,Polymers=4000,Spices=8000 aboard Coffee=6614,Concrete=14386,Herbs=9000,Polymers=4000,Spices=8000 arrives in 60 min
						Lua 0:12:43:706
[ElevatorDepotDev] cabin arrived underground (leg 49) delivered Coffee=6614,Concrete=14386,Herbs=9000,Polymers=4000,Spices=8000 still aboard none
[ElevatorDepotDev] cabin departed up (leg 50) loaded none aboard none arrives in 60 min
						Lua 0:12:44:262
[ElevatorDepotDev] cabin arrived surface (leg 50) delivered none still aboard none
[ElevatorDepotDev] cabin departed down (leg 51) loaded Coffee=2386,Electronics=9000,Fuel=9000,MachineParts=9000,Meat=9000,Seeds=3614 aboard Coffee=2386,Electronics=9000,Fuel=9000,MachineParts=9000,Meat=9000,Seeds=3614 arrives in 60 min
						Lua 0:12:44:839
[ElevatorDepotDev] cabin arrived underground (leg 51) delivered Coffee=2386,Electronics=9000,Fuel=9000,MachineParts=9000,Meat=9000,Seeds=3614 still aboard none
[ElevatorDepotDev] cabin departed up (leg 52) loaded none aboard none arrives in 60 min
						Lua 0:12:45:426
[ElevatorDepotDev] cabin arrived surface (leg 52) delivered none still aboard none
[ElevatorDepotDev] cabin departed down (leg 53) loaded Seeds=5386 aboard Seeds=5386 arrives in 60 min
						Lua 0:12:45:984
[ElevatorDepotDev] cabin arrived underground (leg 53) delivered Seeds=5386 still aboard none
[ElevatorDepotDev] cabin departed up (leg 54) loaded none aboard none arrives in 60 min
						Lua 0:12:46:549
[ElevatorDepotDev] cabin arrived surface (leg 54) delivered none still aboard none
[ElevatorDepotDev] cabin departed down (leg 55) loaded Bread=9000,Butter=9000,Herbs=9000,PreciousMinerals=6000,Spices=9000 aboard Bread=9000,Butter=9000,Herbs=9000,PreciousMinerals=6000,Spices=9000 arrives in 60 min
						Lua 0:12:47:144
[ElevatorDepotDev] cabin arrived underground (leg 55) delivered Bread=9000,Butter=9000,Herbs=9000,PreciousMinerals=6000,Spices=9000 still aboard none
[ElevatorDepotDev] cabin departed up (leg 56) loaded none aboard none arrives in 60 min
						Lua 0:12:47:885
[ElevatorDepotDev] cabin arrived surface (leg 56) delivered none still aboard none
[ElevatorDepotDev] cabin departed down (leg 57) loaded Cheese=9000,Coffee=9000,Electronics=3000,MachineParts=9000,Polymers=9000,PreciousMinerals=3000 aboard Cheese=9000,Coffee=9000,Electronics=3000,MachineParts=9000,Polymers=9000,PreciousMinerals=3000 arrives in 60 min
						Lua 0:12:48:599
[ElevatorDepotDev] cabin arrived underground (leg 57) delivered Cheese=9000,Coffee=9000,Electronics=3000,MachineParts=9000,Polymers=9000,PreciousMinerals=3000 still aboard none
[ElevatorDepotDev] cabin departed up (leg 58) loaded none aboard none arrives in 60 min
						Lua 0:12:49:255
[ElevatorDepotDev] cabin arrived surface (leg 58) delivered none still aboard none
[ElevatorDepotDev] cabin departed down (leg 59) loaded Bread=9000,Butter=9000,Herbs=9000,PreciousMinerals=6000,Spices=9000 aboard Bread=9000,Butter=9000,Herbs=9000,PreciousMinerals=6000,Spices=9000 arrives in 60 min
						Lua 0:12:49:896
[ElevatorDepotDev] cabin arrived underground (leg 59) delivered Bread=9000,Butter=9000,Herbs=9000,PreciousMinerals=6000,Spices=9000 still aboard none
[ElevatorDepotDev] cabin departed up (leg 60) loaded none aboard none arrives in 60 min
						Lua 0:12:50:597
[ElevatorDepotDev] cabin arrived surface (leg 60) delivered none still aboard none
						Lua 0:12:50:598
[ElevatorDepotDev] cabin departed down (leg 61) loaded Electronics=6000,Fuel=9000,Meat=9000,Seeds=9000 aboard Electronics=6000,Fuel=9000,Meat=9000,Seeds=9000 arrives in 60 min
						Lua 0:12:51:235
[ElevatorDepotDev] cabin arrived underground (leg 61) delivered Electronics=6000,Fuel=9000,Meat=9000,Seeds=9000 still aboard none
[ElevatorDepotDev] cabin departed up (leg 62) loaded none aboard none arrives in 60 min
						Lua 0:12:51:423
[mod] [SMRTK] SMRTK_SECTION action=section_attach attached=true dialog=ipBuilding object=StationSmall(10531) status=OK t=36876484 id=113
						Lua 0:12:51:970
[ElevatorDepotDev] cabin arrived surface (leg 62) delivered none still aboard none
[ElevatorDepotDev] cabin departed down (leg 63) loaded none aboard none arrives in 60 min
						Lua 0:12:52:695
[ElevatorDepotDev] cabin arrived underground (leg 63) delivered none still aboard none
[ElevatorDepotDev] cabin departed up (leg 64) loaded none aboard none arrives in 60 min
						Lua 0:12:53:341
[ElevatorDepotDev] cabin arrived surface (leg 64) delivered none still aboard none
[ElevatorDepotDev] cabin departed down (leg 65) loaded Bread=9000,Butter=9000,Herbs=9000,PreciousMinerals=6000,Spices=9000 aboard Bread=9000,Butter=9000,Herbs=9000,PreciousMinerals=6000,Spices=9000 arrives in 60 min
						Lua 0:12:54:043
[ElevatorDepotDev] cabin arrived underground (leg 65) delivered Bread=9000,Butter=9000,Herbs=9000,PreciousMinerals=6000,Spices=9000 still aboard none
[ElevatorDepotDev] cabin departed up (leg 66) loaded none aboard none arrives in 60 min
						Lua 0:12:54:666
[ElevatorDepotDev] cabin arrived surface (leg 66) delivered none still aboard none
[ElevatorDepotDev] cabin departed down (leg 67) loaded Cheese=9000,Coffee=9000,Electronics=3000,MachineParts=9000,Polymers=9000,PreciousMinerals=3000 aboard Cheese=9000,Coffee=9000,Electronics=3000,MachineParts=9000,Polymers=9000,PreciousMinerals=3000 arrives in 60 min
						Lua 0:12:55:312
[ElevatorDepotDev] cabin arrived underground (leg 67) delivered Cheese=9000,Coffee=9000,Electronics=3000,MachineParts=9000,Polymers=9000,PreciousMinerals=3000 still aboard none
[ElevatorDepotDev] cabin departed up (leg 68) loaded none aboard none arrives in 60 min
						Lua 0:12:55:997
[ElevatorDepotDev] cabin arrived surface (leg 68) delivered none still aboard none
[ElevatorDepotDev] cabin departed down (leg 69) loaded Bread=9000,Butter=9000,Herbs=9000,PreciousMinerals=6000,Spices=9000 aboard Bread=9000,Butter=9000,Herbs=9000,PreciousMinerals=6000,Spices=9000 arrives in 60 min
						Lua 0:12:56:685
[ElevatorDepotDev] cabin arrived underground (leg 69) delivered Bread=9000,Butter=9000,Herbs=9000,PreciousMinerals=6000,Spices=9000 still aboard none
[ElevatorDepotDev] cabin departed up (leg 70) loaded none aboard none arrives in 60 min
						Lua 0:12:57:393
[ElevatorDepotDev] cabin arrived surface (leg 70) delivered none still aboard none
[ElevatorDepotDev] cabin departed down (leg 71) loaded Electronics=6000,Fuel=9000,Meat=9000,Seeds=9000 aboard Electronics=6000,Fuel=9000,Meat=9000,Seeds=9000 arrives in 60 min
						Lua 0:12:58:111
[ElevatorDepotDev] cabin arrived underground (leg 71) delivered Electronics=6000,Fuel=9000,Meat=9000,Seeds=9000 still aboard none
[ElevatorDepotDev] cabin departed up (leg 72) loaded none aboard none arrives in 60 min
						Lua 0:12:58:726
[ElevatorDepotDev] cabin arrived surface (leg 72) delivered none still aboard none
[ElevatorDepotDev] cabin departed down (leg 73) loaded none aboard none arrives in 60 min
						Lua 0:12:59:430
[ElevatorDepotDev] cabin arrived underground (leg 73) delivered none still aboard none
[ElevatorDepotDev] cabin departed up (leg 74) loaded none aboard none arrives in 60 min
						Lua 0:13:01:438
Stop sequence Mystery 9 - Update Mystery Log : Finished						Lua 0:13:01:783
[ElevatorDepotDev] cabin arrived surface (leg 74) delivered none still aboard none
[ElevatorDepotDev] cabin departed down (leg 75) loaded Bread=9000,Butter=9000,Herbs=9000,PreciousMinerals=6000,Spices=9000 aboard Bread=9000,Butter=9000,Herbs=9000,PreciousMinerals=6000,Spices=9000 arrives in 60 min
						Lua 0:13:02:396
[ElevatorDepotDev] cabin arrived underground (leg 75) delivered Bread=9000,Butter=9000,Herbs=9000,PreciousMinerals=6000,Spices=9000 still aboard none
[ElevatorDepotDev] cabin departed up (leg 76) loaded none aboard none arrives in 60 min
						Lua 0:13:03:116
[ElevatorDepotDev] cabin arrived surface (leg 76) delivered none still aboard none
[ElevatorDepotDev] cabin departed down (leg 77) loaded Cheese=9000,Coffee=9000,Electronics=3000,MachineParts=9000,Polymers=9000,PreciousMinerals=3000 aboard Cheese=9000,Coffee=9000,Electronics=3000,MachineParts=9000,Polymers=9000,PreciousMinerals=3000 arrives in 60 min
						Lua 0:13:03:753
[ElevatorDepotDev] cabin arrived underground (leg 77) delivered Cheese=9000,Coffee=9000,Electronics=3000,MachineParts=9000,Polymers=9000,PreciousMinerals=3000 still aboard none
[ElevatorDepotDev] cabin departed up (leg 78) loaded none aboard none arrives in 60 min
						Lua 0:13:03:796
[TrainHubDev] repair dispatched: elements 6, 70 m, deadline in 11976 ms (launch 4000 + travel 976 + work 7000) at t=37351195 site=10907 track=6417
						Lua 0:13:03:907
[TrainHubDev] engine leg out: 20 m in 2750 ms = 727 units per s (move_speed 8960) at t=37358139
						Lua 0:13:04:094
[TrainHubDev] repair done: elements 6, elapsed 15830 ms, 3854 ms after the deadline, the Wasp's stage work at t=37367025 site=10907
						Lua 0:13:04:147
[TrainHubDev] engine leg back: 20 m in 2500 ms = 800 units per s (move_speed 8960) at t=37369525
						Lua 0:13:04:153
[TrainBay] fill line=6430:2007-2009-2011-6430-7873-10650 arm=6 pool=1 t=37370000
[TrainBay] spawn train=2000003739 hub=6430 arm=6 before=(280160, 165094, 10800) before_angle=18000 target=(280160, 165094, 10800) angle=18000 actual=(280160, 165094, 10800) actual_angle=18000 t=37370000
						Lua 0:13:04:275
[TrainHubDev] lights: arm 0, flanks the reactor (red flank) = B2 "Deep blue wash" (SpotLight), 12 lights, engine bearing 0 deg
[TrainHubDev] lights: arm 1, flanks the reactor (blue flank) = B2 "Deep blue wash" (SpotLight), 12 lights, engine bearing 60 deg
						Lua 0:13:04:276
[TrainHubDev] lights: arm 2, next to the blue flank = B2 "Deep blue wash" (SpotLight), 12 lights, engine bearing 120 deg
[TrainHubDev] lights: arm 3, opposite the red flank = B2 "Deep blue wash" (SpotLight), 12 lights, engine bearing 180 deg
[TrainHubDev] lights: arm 4, opposite the blue flank = B2 "Deep blue wash" (SpotLight), 12 lights, engine bearing 240 deg
						Lua 0:13:04:277
[TrainHubDev] lights: arm 5, next to the red flank = B2 "Deep blue wash" (SpotLight), 12 lights, engine bearing 300 deg
[TrainHubDev] lights: arm tune intensity 50, side 150 cm, height 200 cm, radius 500 cm, cone 50/100, colour 0,40,255
[TrainHubDev] structure lights: portal rims ON, 30 lights (intensity 4, radius 350 cm)
[TrainHubDev] structure lights: drone pit kerb OFF, 0 lights (intensity 15, radius 300 cm)
[TrainHubDev] structure lights: ring rim strip OFF, 0 lights (intensity 12, radius 400 cm)
[TrainHubDev] structure lights: floor edge strip OFF, 0 lights (intensity 30, radius 300 cm)
[TrainHubDev] structure lights: crown floor light ON, 1 lights (intensity 150, radius 4000 cm)
[TrainHubDev] structure lights: crown floor light follows the VANILLA night schedule (OnMsg.LightmodelChange -> map.NightLightsState, NightLightObjects.lua:250-259, :22 on build 1.1.0.403908); it is NIGHT now, so it is LIT -- hanging at z 1900 cm, colour 255,214,170, cone 0/0
						Lua 0:13:04:278
[TrainHubDev] structure lights: under-deck fill ON, 18 lights (intensity 40, radius 1200 cm)
[TrainHubDev] structure lights: under-deck fill follows the VANILLA night schedule (OnMsg.LightmodelChange -> map.NightLightsState, NightLightObjects.lua:250-259, :22 on build 1.1.0.403908); it is NIGHT now, so it is LIT -- hanging at z 700 cm, colour 255,214,170, cone 0/0
[TrainHubDev] lights: 121 placed (72 arm + 49 structure); a stopped hub destroys them all
						Lua 0:13:04:377
[ElevatorDepotDev] cabin arrived surface (leg 78) delivered none still aboard none
[ElevatorDepotDev] cabin departed down (leg 79) loaded Bread=9000,Butter=9000,Herbs=9000,PreciousMinerals=6000,Spices=9000 aboard Bread=9000,Butter=9000,Herbs=9000,PreciousMinerals=6000,Spices=9000 arrives in 60 min
						Lua 0:13:04:410
[mod] [SMRTK] SMRTK_SECTION action=section_attach attached=true dialog=ipTerrainDeposit object=TerrainDepositConcrete(10475878765) status=OK t=37380548 id=114
						Lua 0:13:04:930
[ElevatorDepotDev] cabin arrived underground (leg 79) delivered Bread=9000,Butter=9000,Herbs=9000,PreciousMinerals=6000,Spices=9000 still aboard none
[ElevatorDepotDev] cabin departed up (leg 80) loaded none aboard none arrives in 60 min
						Lua 0:13:05:155
[mod] [SMRTK] SMRTK_SECTION action=section_attach attached=true dialog=ipBuilding object=StationBig(9702) status=OK t=37420228 id=115
						Lua 0:13:05:588
[ElevatorDepotDev] cabin arrived surface (leg 80) delivered none still aboard none
[ElevatorDepotDev] cabin departed down (leg 81) loaded Electronics=6000,Fuel=9000,Meat=9000,Seeds=9000 aboard Electronics=6000,Fuel=9000,Meat=9000,Seeds=9000 arrives in 60 min
						Lua 0:13:06:298
[ElevatorDepotDev] cabin arrived underground (leg 81) delivered Electronics=6000,Fuel=9000,Meat=9000,Seeds=9000 still aboard none
[ElevatorDepotDev] cabin departed up (leg 82) loaded none aboard none arrives in 60 min
						Lua 0:13:06:938
[ElevatorDepotDev] cabin arrived surface (leg 82) delivered none still aboard none
[ElevatorDepotDev] cabin departed down (leg 83) loaded none aboard none arrives in 60 min
						Lua 0:13:07:616
[ElevatorDepotDev] cabin arrived underground (leg 83) delivered none still aboard none
[ElevatorDepotDev] cabin departed up (leg 84) loaded none aboard none arrives in 60 min
						Lua 0:13:08:347
[ElevatorDepotDev] cabin arrived surface (leg 84) delivered none still aboard none
[ElevatorDepotDev] cabin departed down (leg 85) loaded Bread=9000,Butter=9000,Herbs=9000,PreciousMinerals=6000,Spices=9000 aboard Bread=9000,Butter=9000,Herbs=9000,PreciousMinerals=6000,Spices=9000 arrives in 60 min
						Lua 0:13:09:024
[ElevatorDepotDev] cabin arrived underground (leg 85) delivered Bread=9000,Butter=9000,Herbs=9000,PreciousMinerals=6000,Spices=9000 still aboard none
[ElevatorDepotDev] cabin departed up (leg 86) loaded none aboard none arrives in 60 min
						Lua 0:13:09:697
[ElevatorDepotDev] cabin arrived surface (leg 86) delivered none still aboard none
[ElevatorDepotDev] cabin departed down (leg 87) loaded Cheese=9000,Coffee=9000,Electronics=3000,MachineParts=9000,Polymers=9000,PreciousMinerals=3000 aboard Cheese=9000,Coffee=9000,Electronics=3000,MachineParts=9000,Polymers=9000,PreciousMinerals=3000 arrives in 60 min
						Lua 0:13:10:354
[ElevatorDepotDev] cabin arrived underground (leg 87) delivered Cheese=9000,Coffee=9000,Electronics=3000,MachineParts=9000,Polymers=9000,PreciousMinerals=3000 still aboard none
[ElevatorDepotDev] cabin departed up (leg 88) loaded none aboard none arrives in 60 min
						Lua 0:13:11:001
[ElevatorDepotDev] cabin arrived surface (leg 88) delivered none still aboard none
[ElevatorDepotDev] cabin departed down (leg 89) loaded Electronics=6000,Fuel=6000,Meat=9000 aboard Electronics=6000,Fuel=6000,Meat=9000 arrives in 60 min
						Lua 0:13:11:702
[ElevatorDepotDev] cabin arrived underground (leg 89) delivered Electronics=6000,Fuel=6000,Meat=9000 still aboard none
[ElevatorDepotDev] cabin departed up (leg 90) loaded none aboard none arrives in 60 min
						Lua 0:13:12:463
[ElevatorDepotDev] cabin arrived surface (leg 90) delivered none still aboard none
[ElevatorDepotDev] cabin departed down (leg 91) loaded Bread=9000,Butter=9000,Herbs=9000,PreciousMinerals=6000,Spices=9000 aboard Bread=9000,Butter=9000,Herbs=9000,PreciousMinerals=6000,Spices=9000 arrives in 60 min
						Lua 0:13:13:099
[ElevatorDepotDev] cabin arrived underground (leg 91) delivered Bread=9000,Butter=9000,Herbs=9000,PreciousMinerals=6000,Spices=9000 still aboard none
[ElevatorDepotDev] cabin departed up (leg 92) loaded none aboard none arrives in 60 min
						Lua 0:13:13:822
[ElevatorDepotDev] cabin arrived surface (leg 92) delivered none still aboard none
[ElevatorDepotDev] cabin departed down (leg 93) loaded Cheese=9000,Coffee=9000,Electronics=3000,MachineParts=9000,Polymers=9000,PreciousMinerals=3000 aboard Cheese=9000,Coffee=9000,Electronics=3000,MachineParts=9000,Polymers=9000,PreciousMinerals=3000 arrives in 60 min
						Lua 0:13:14:484
[ElevatorDepotDev] cabin arrived underground (leg 93) delivered Cheese=9000,Coffee=9000,Electronics=3000,MachineParts=9000,Polymers=9000,PreciousMinerals=3000 still aboard none
[ElevatorDepotDev] cabin departed up (leg 94) loaded none aboard none arrives in 60 min
						Lua 0:13:15:115
[ElevatorDepotDev] cabin arrived surface (leg 94) delivered none still aboard none
						Lua 0:13:15:116
[ElevatorDepotDev] cabin departed down (leg 95) loaded Fuel=3000,Seeds=9000 aboard Fuel=3000,Seeds=9000 arrives in 60 min
						Lua 0:13:15:733
[ElevatorDepotDev] cabin arrived underground (leg 95) delivered Fuel=3000,Seeds=9000 still aboard none
[ElevatorDepotDev] cabin departed up (leg 96) loaded none aboard none arrives in 60 min
						Lua 0:13:16:361
[ElevatorDepotDev] cabin arrived surface (leg 96) delivered none still aboard none
[ElevatorDepotDev] cabin departed down (leg 97) loaded Bread=9000,Butter=9000,Electronics=6000,Herbs=2436,Meat=5923,PreciousMinerals=6000,Spices=3641 aboard Bread=9000,Butter=9000,Electronics=6000,Herbs=2436,Meat=5923,PreciousMinerals=6000,Spices=3641 arrives in 60 min
						Lua 0:13:16:966
[ElevatorDepotDev] cabin arrived underground (leg 97) delivered Bread=9000,Butter=9000,Electronics=6000,Herbs=2436,Meat=5923,PreciousMinerals=6000,Spices=3641 still aboard none
[ElevatorDepotDev] cabin departed up (leg 98) loaded none aboard none arrives in 60 min
						Lua 0:13:17:543
[ElevatorDepotDev] cabin arrived surface (leg 98) delivered none still aboard none
[ElevatorDepotDev] cabin departed down (leg 99) loaded Fuel=6000,Meat=3077 aboard Fuel=6000,Meat=3077 arrives in 60 min
						Lua 0:13:18:128
[ElevatorDepotDev] cabin arrived underground (leg 99) delivered Fuel=6000,Meat=3077 still aboard none
[ElevatorDepotDev] cabin departed up (leg 100) loaded none aboard none arrives in 60 min
						Lua 0:13:18:371
[mod] [SMRTK] SMRTK_SECTION action=section_attach attached=true dialog=ipBuilding object=SMROptInElevatorDepotDev(9041) status=OK t=38021444 id=116
						Lua 0:13:18:663
[ElevatorDepotDev] cabin arrived surface (leg 100) delivered none still aboard none
						Lua 0:13:18:665
[ElevatorDepotDev] cabin departed down (leg 101) loaded Bread=9000,Butter=5516,Cheese=9000,Herbs=1000,Polymers=7484,PreciousMinerals=9000,Spices=1000 aboard Bread=9000,Butter=5516,Cheese=9000,Herbs=1000,Polymers=7484,PreciousMinerals=9000,Spices=1000 arrives in 60 min
						Lua 0:13:19:159
[ElevatorDepotDev] cabin arrived underground (leg 101) delivered Bread=9000,Butter=5516,Cheese=9000,Herbs=1000,Polymers=7484,PreciousMinerals=9000,Spices=1000 still aboard none
						Lua 0:13:19:161
[ElevatorDepotDev] cabin departed up (leg 102) loaded none aboard none arrives in 60 min
						Lua 0:13:19:685
[ElevatorDepotDev] cabin arrived surface (leg 102) delivered none still aboard none
						Lua 0:13:19:687
[ElevatorDepotDev] cabin departed down (leg 103) loaded Coffee=9000,Electronics=9000,Fuel=3000,MachineParts=9000,Meat=6000,Polymers=1516,Seeds=4484 aboard Coffee=9000,Electronics=9000,Fuel=3000,MachineParts=9000,Meat=6000,Polymers=1516,Seeds=4484 arrives in 60 min
						Lua 0:13:20:226
[ElevatorDepotDev] cabin arrived underground (leg 103) delivered Coffee=9000,Electronics=9000,Fuel=3000,MachineParts=9000,Meat=6000,Polymers=1516,Seeds=4484 still aboard none
						Lua 0:13:20:228
[ElevatorDepotDev] cabin departed up (leg 104) loaded none aboard none arrives in 60 min
						Lua 0:13:20:795
[ElevatorDepotDev] cabin arrived surface (leg 104) delivered none still aboard none
						Lua 0:13:20:797
[ElevatorDepotDev] cabin departed down (leg 105) loaded Bread=558,Cheese=9000,Fuel=6000,Meat=3000,Polymers=8000,PreciousMinerals=7693,Seeds=4516 aboard Bread=558,Cheese=9000,Fuel=6000,Meat=3000,Polymers=8000,PreciousMinerals=7693,Seeds=4516 arrives in 60 min
						Lua 0:13:21:460
[ElevatorDepotDev] cabin arrived underground (leg 105) delivered Bread=558,Cheese=9000,Fuel=6000,Meat=3000,Polymers=8000,PreciousMinerals=7693,Seeds=4516 still aboard none
						Lua 0:13:21:462
[ElevatorDepotDev] cabin departed up (leg 106) loaded none aboard none arrives in 60 min
						Lua 0:13:22:042
[ElevatorDepotDev] cabin arrived surface (leg 106) delivered none still aboard none
						Lua 0:13:22:044
[ElevatorDepotDev] cabin departed down (leg 107) loaded none aboard none arrives in 60 min
						Lua 0:13:22:663
[ElevatorDepotDev] cabin arrived underground (leg 107) delivered none still aboard none
						Lua 0:13:22:665
[ElevatorDepotDev] cabin departed up (leg 108) loaded none aboard none arrives in 60 min
						Lua 0:13:23:298
[ElevatorDepotDev] cabin arrived surface (leg 108) delivered none still aboard none
						Lua 0:13:23:300
[ElevatorDepotDev] cabin departed down (leg 109) loaded none aboard none arrives in 60 min
						Lua 0:13:23:869
[ElevatorDepotDev] cabin arrived underground (leg 109) delivered none still aboard none
						Lua 0:13:23:871
[ElevatorDepotDev] cabin departed up (leg 110) loaded none aboard none arrives in 60 min
						Lua 0:13:24:458
[ElevatorDepotDev] cabin arrived surface (leg 110) delivered none still aboard none
						Lua 0:13:24:460
[ElevatorDepotDev] cabin departed down (leg 111) loaded Cheese=9000,Coffee=9000,Electronics=6000,MachineParts=9000,Polymers=9000 aboard Cheese=9000,Coffee=9000,Electronics=6000,MachineParts=9000,Polymers=9000 arrives in 60 min
						Lua 0:13:24:824
[TrainHubDev] lights: arm 0, flanks the reactor (red flank) = B2 "Deep blue wash" (SpotLight), 12 lights, engine bearing 0 deg
						Lua 0:13:24:825
[TrainHubDev] lights: arm 1, flanks the reactor (blue flank) = B2 "Deep blue wash" (SpotLight), 12 lights, engine bearing 60 deg
[TrainHubDev] lights: arm 2, next to the blue flank = B2 "Deep blue wash" (SpotLight), 12 lights, engine bearing 120 deg
[TrainHubDev] lights: arm 3, opposite the red flank = B2 "Deep blue wash" (SpotLight), 12 lights, engine bearing 180 deg
						Lua 0:13:24:826
[TrainHubDev] lights: arm 4, opposite the blue flank = B2 "Deep blue wash" (SpotLight), 12 lights, engine bearing 240 deg
[TrainHubDev] lights: arm 5, next to the red flank = B2 "Deep blue wash" (SpotLight), 12 lights, engine bearing 300 deg
[TrainHubDev] lights: arm tune intensity 50, side 150 cm, height 200 cm, radius 500 cm, cone 50/100, colour 0,40,255
						Lua 0:13:24:827
[TrainHubDev] structure lights: portal rims ON, 30 lights (intensity 4, radius 350 cm)
[TrainHubDev] structure lights: drone pit kerb OFF, 0 lights (intensity 15, radius 300 cm)
[TrainHubDev] structure lights: ring rim strip OFF, 0 lights (intensity 12, radius 400 cm)
[TrainHubDev] structure lights: floor edge strip OFF, 0 lights (intensity 30, radius 300 cm)
[TrainHubDev] structure lights: crown floor light ON, 0 lights (intensity 150, radius 4000 cm)
[TrainHubDev] structure lights: crown floor light follows the VANILLA night schedule (OnMsg.LightmodelChange -> map.NightLightsState, NightLightObjects.lua:250-259, :22 on build 1.1.0.403908); it is DAY now, so it is NOT PLACED -- hanging at z 1900 cm, colour 255,214,170, cone 0/0
[TrainHubDev] structure lights: under-deck fill ON, 0 lights (intensity 40, radius 1200 cm)
[TrainHubDev] structure lights: under-deck fill follows the VANILLA night schedule (OnMsg.LightmodelChange -> map.NightLightsState, NightLightObjects.lua:250-259, :22 on build 1.1.0.403908); it is DAY now, so it is NOT PLACED -- hanging at z 700 cm, colour 255,214,170, cone 0/0
[TrainHubDev] lights: 102 placed (72 arm + 30 structure); a stopped hub destroys them all
[TrainHubDev] lights: arm 0, flanks the reactor (red flank) = B2 "Deep blue wash" (SpotLight), 12 lights, engine bearing 0 deg
						Lua 0:13:24:828
[TrainHubDev] lights: arm 1, flanks the reactor (blue flank) = B2 "Deep blue wash" (SpotLight), 12 lights, engine bearing 60 deg
[TrainHubDev] lights: arm 2, next to the blue flank = B2 "Deep blue wash" (SpotLight), 12 lights, engine bearing 120 deg
[TrainHubDev] lights: arm 3, opposite the red flank = B2 "Deep blue wash" (SpotLight), 12 lights, engine bearing 180 deg
						Lua 0:13:24:829
[TrainHubDev] lights: arm 4, opposite the blue flank = B2 "Deep blue wash" (SpotLight), 12 lights, engine bearing 240 deg
[TrainHubDev] lights: arm 5, next to the red flank = B2 "Deep blue wash" (SpotLight), 12 lights, engine bearing 300 deg
[TrainHubDev] lights: arm tune intensity 50, side 150 cm, height 200 cm, radius 500 cm, cone 50/100, colour 0,40,255
[TrainHubDev] structure lights: portal rims ON, 30 lights (intensity 4, radius 350 cm)
[TrainHubDev] structure lights: drone pit kerb OFF, 0 lights (intensity 15, radius 300 cm)
[TrainHubDev] structure lights: ring rim strip OFF, 0 lights (intensity 12, radius 400 cm)
[TrainHubDev] structure lights: floor edge strip OFF, 0 lights (intensity 30, radius 300 cm)
[TrainHubDev] structure lights: crown floor light ON, 0 lights (intensity 150, radius 4000 cm)
[TrainHubDev] structure lights: crown floor light follows the VANILLA night schedule (OnMsg.LightmodelChange -> map.NightLightsState, NightLightObjects.lua:250-259, :22 on build 1.1.0.403908); it is DAY now, so it is NOT PLACED -- hanging at z 1900 cm, colour 255,214,170, cone 0/0
[TrainHubDev] structure lights: under-deck fill ON, 0 lights (intensity 40, radius 1200 cm)
[TrainHubDev] structure lights: under-deck fill follows the VANILLA night schedule (OnMsg.LightmodelChange -> map.NightLightsState, NightLightObjects.lua:250-259, :22 on build 1.1.0.403908); it is DAY now, so it is NOT PLACED -- hanging at z 700 cm, colour 255,214,170, cone 0/0
[TrainHubDev] lights: 102 placed (72 arm + 30 structure); a stopped hub destroys them all
						Lua 0:13:25:095
[ElevatorDepotDev] cabin arrived underground (leg 111) delivered Cheese=9000,Coffee=9000,Electronics=6000,MachineParts=9000,Polymers=9000 still aboard none
[ElevatorDepotDev] cabin departed up (leg 112) loaded none aboard none arrives in 60 min
						Lua 0:13:25:691
[ElevatorDepotDev] cabin arrived surface (leg 112) delivered none still aboard none
[ElevatorDepotDev] cabin departed down (leg 113) loaded Electronics=3000,Fuel=9000,Meat=9000,Seeds=9000 aboard Electronics=3000,Fuel=9000,Meat=9000,Seeds=9000 arrives in 60 min
						Lua 0:13:26:307
[ElevatorDepotDev] cabin arrived underground (leg 113) delivered Electronics=3000,Fuel=9000,Meat=9000,Seeds=9000 still aboard none
[ElevatorDepotDev] cabin departed up (leg 114) loaded none aboard none arrives in 60 min
						Lua 0:13:26:855
[ElevatorDepotDev] cabin arrived surface (leg 114) delivered none still aboard none
						Lua 0:13:26:856
[ElevatorDepotDev] cabin departed down (leg 115) loaded Cheese=9000,Coffee=9000,Electronics=6000,MachineParts=9000,Polymers=9000 aboard Cheese=9000,Coffee=9000,Electronics=6000,MachineParts=9000,Polymers=9000 arrives in 60 min
						Lua 0:13:27:321
[mod] [SMRTest] console enable requested (flag set, no overlay) — press Enter (or Alt-Shift-C) once in a colony
[SMRTest] console enable requested (flag set, no overlay) — press Enter (or Alt-Shift-C) once in a colony
						Lua 0:13:27:332
[mod] [SMRTK] SMRTK_SHORTCUT console=true key=Ctrl-Shift-F11 t=38484676 id=117
						Lua 0:13:27:433
[ElevatorDepotDev] cabin arrived underground (leg 115) delivered Cheese=9000,Coffee=9000,Electronics=6000,MachineParts=9000,Polymers=9000 still aboard none
[ElevatorDepotDev] cabin departed up (leg 116) loaded none aboard none arrives in 60 min
						Lua 0:13:28:043
[ElevatorDepotDev] cabin arrived surface (leg 116) delivered none still aboard none
[ElevatorDepotDev] cabin departed down (leg 117) loaded none aboard none arrives in 60 min
						Lua 0:13:28:609
[ElevatorDepotDev] cabin arrived underground (leg 117) delivered none still aboard none
[ElevatorDepotDev] cabin departed up (leg 118) loaded none aboard none arrives in 60 min
						Lua 0:13:28:898
[TrainHubDev] lights: arm 0, flanks the reactor (red flank) = B2 "Deep blue wash" (SpotLight), 12 lights, engine bearing 0 deg
						Lua 0:13:28:899
[TrainHubDev] lights: arm 1, flanks the reactor (blue flank) = B2 "Deep blue wash" (SpotLight), 12 lights, engine bearing 60 deg
[TrainHubDev] lights: arm 2, next to the blue flank = B2 "Deep blue wash" (SpotLight), 12 lights, engine bearing 120 deg
[TrainHubDev] lights: arm 3, opposite the red flank = B2 "Deep blue wash" (SpotLight), 12 lights, engine bearing 180 deg
						Lua 0:13:28:900
[TrainHubDev] lights: arm 4, opposite the blue flank = B2 "Deep blue wash" (SpotLight), 12 lights, engine bearing 240 deg
[TrainHubDev] lights: arm 5, next to the red flank = B2 "Deep blue wash" (SpotLight), 12 lights, engine bearing 300 deg
[TrainHubDev] lights: arm tune intensity 50, side 150 cm, height 200 cm, radius 500 cm, cone 50/100, colour 0,40,255
[TrainHubDev] structure lights: portal rims ON, 30 lights (intensity 4, radius 350 cm)
						Lua 0:13:28:901
[TrainHubDev] structure lights: drone pit kerb OFF, 0 lights (intensity 15, radius 300 cm)
[TrainHubDev] structure lights: ring rim strip OFF, 0 lights (intensity 12, radius 400 cm)
[TrainHubDev] structure lights: floor edge strip OFF, 0 lights (intensity 30, radius 300 cm)
[TrainHubDev] structure lights: crown floor light ON, 1 lights (intensity 150, radius 4000 cm)
[TrainHubDev] structure lights: crown floor light follows the VANILLA night schedule (OnMsg.LightmodelChange -> map.NightLightsState, NightLightObjects.lua:250-259, :22 on build 1.1.0.403908); it is NIGHT now, so it is LIT -- hanging at z 1900 cm, colour 255,214,170, cone 0/0
[TrainHubDev] structure lights: under-deck fill ON, 18 lights (intensity 40, radius 1200 cm)
[TrainHubDev] structure lights: under-deck fill follows the VANILLA night schedule (OnMsg.LightmodelChange -> map.NightLightsState, NightLightObjects.lua:250-259, :22 on build 1.1.0.403908); it is NIGHT now, so it is LIT -- hanging at z 700 cm, colour 255,214,170, cone 0/0
[TrainHubDev] lights: 121 placed (72 arm + 49 structure); a stopped hub destroys them all
[TrainHubDev] lights: arm 0, flanks the reactor (red flank) = B2 "Deep blue wash" (SpotLight), 12 lights, engine bearing 0 deg
						Lua 0:13:28:902
[TrainHubDev] lights: arm 1, flanks the reactor (blue flank) = B2 "Deep blue wash" (SpotLight), 12 lights, engine bearing 60 deg
[TrainHubDev] lights: arm 2, next to the blue flank = B2 "Deep blue wash" (SpotLight), 12 lights, engine bearing 120 deg
[TrainHubDev] lights: arm 3, opposite the red flank = B2 "Deep blue wash" (SpotLight), 12 lights, engine bearing 180 deg
						Lua 0:13:28:903
[TrainHubDev] lights: arm 4, opposite the blue flank = B2 "Deep blue wash" (SpotLight), 12 lights, engine bearing 240 deg
[TrainHubDev] lights: arm 5, next to the red flank = B2 "Deep blue wash" (SpotLight), 12 lights, engine bearing 300 deg
[TrainHubDev] lights: arm tune intensity 50, side 150 cm, height 200 cm, radius 500 cm, cone 50/100, colour 0,40,255
[TrainHubDev] structure lights: portal rims ON, 30 lights (intensity 4, radius 350 cm)
						Lua 0:13:28:904
[TrainHubDev] structure lights: drone pit kerb OFF, 0 lights (intensity 15, radius 300 cm)
[TrainHubDev] structure lights: ring rim strip OFF, 0 lights (intensity 12, radius 400 cm)
[TrainHubDev] structure lights: floor edge strip OFF, 0 lights (intensity 30, radius 300 cm)
[TrainHubDev] structure lights: crown floor light ON, 1 lights (intensity 150, radius 4000 cm)
[TrainHubDev] structure lights: crown floor light follows the VANILLA night schedule (OnMsg.LightmodelChange -> map.NightLightsState, NightLightObjects.lua:250-259, :22 on build 1.1.0.403908); it is NIGHT now, so it is LIT -- hanging at z 1900 cm, colour 255,214,170, cone 0/0
[TrainHubDev] structure lights: under-deck fill ON, 18 lights (intensity 40, radius 1200 cm)
[TrainHubDev] structure lights: under-deck fill follows the VANILLA night schedule (OnMsg.LightmodelChange -> map.NightLightsState, NightLightObjects.lua:250-259, :22 on build 1.1.0.403908); it is NIGHT now, so it is LIT -- hanging at z 700 cm, colour 255,214,170, cone 0/0
[TrainHubDev] lights: 121 placed (72 arm + 49 structure); a stopped hub destroys them all
						Lua 0:13:29:203
[ElevatorDepotDev] cabin arrived surface (leg 118) delivered none still aboard none
[ElevatorDepotDev] cabin departed down (leg 119) loaded none aboard none arrives in 60 min
						Lua 0:13:31:720
[mod] [SMRTK] SMRTK_SECTION action=section_attach attached=true dialog=ipBuilding object=SMROptInElevatorDepotDev(9036) status=OK t=38600200 id=118
						Lua 0:13:33:083
[ElevatorDepotDev] row Metals = disabled word=disabled (set on the surface half 9036; underground 9041 copy updated)
						Lua 0:13:33:657
[ElevatorDepotDev] row Metals = to_surface word=export (set on the surface half 9036; underground 9041 copy updated)
						Lua 0:13:36:526
[mod] [SMRTest] console enable requested (flag set, no overlay) — press Enter (or Alt-Shift-C) once in a colony
[SMRTest] console enable requested (flag set, no overlay) — press Enter (or Alt-Shift-C) once in a colony
						Lua 0:13:36:539
[mod] [SMRTK] SMRTK_SHORTCUT console=true key=Ctrl-Shift-F11 t=38600200 id=119
						Lua 0:13:36:819
[mod] [SMRTK] SMRTK_SECTION action=section_attach attached=true dialog=ipBuilding object=StationBig(9702) status=OK t=38600200 id=120
						Lua 0:13:40:168
[mod] [SMRTK] SMRTK_ARM action=depot_next_departure cabin=down cadence=250 deadline=38690200 once=true status=OK surface=9036 trigger=depot_next_departure underground=9041 t=38600200 id=121
[SMRTK] SMRTK_ARM action=depot_next_departure cabin=down cadence=250 deadline=38690200 once=true status=OK surface=9036 trigger=depot_next_departure underground=9041 t=38600200 id=121
[mod] [SMRTK] SMRTK_SPEED action=speed_ultra before=0 factor=128000 requested=128 status=OK t=38600200 id=122
[SMRTK] SMRTK_SPEED action=speed_ultra before=0 factor=128000 requested=128 status=OK t=38600200 id=122
[mod] [SMRTK] SMRTK_ACTION action=slot_6 autosave="re-press slot 6 after a save" cabin=down deadline=38690200 status=OK trigger=depot_next_departure t=38600200 id=123
[SMRTK] SMRTK_ACTION action=slot_6 autosave="re-press slot 6 after a save" cabin=down deadline=38690200 status=OK trigger=depot_next_departure t=38600200 id=123
						Lua 0:13:40:386
[ElevatorDepotDev] cabin arrived underground (leg 119) delivered none still aboard none
[ElevatorDepotDev] cabin departed up (leg 120) loaded Metals=42000 aboard Metals=42000 arrives in 60 min
						Lua 0:13:40:418
[mod] [SMRTK] SMRTK_MARK action=mark label="Depot: the cabin's next departure" mark=462 status=OK t=38610696 id=124
[SMRTK] SMRTK_MARK action=mark label="Depot: the cabin's next departure" mark=462 status=OK t=38610696 id=124
[mod] [SMRTK] SMRTK_FINGERPRINT action=fingerprint fix_pack_present=45/45 game=406343 mark_action=mark mods=SMR_CommunityFixPack,SMR_CommunityFixPackTestKit,SMR_CommunityOptInPack,SMR_ElevatorStationDev_20260929,SMR_TrainHubDev_20260918 pack_version=26 read="live registry" save="Double Hub+elev Built Under2.savegame.sav" sol=54 status=OK t=38610696 id=125
[SMRTK] SMRTK_FINGERPRINT action=fingerprint fix_pack_present=45/45 game=406343 mark_action=mark mods=SMR_CommunityFixPack,SMR_CommunityFixPackTestKit,SMR_CommunityOptInPack,SMR_ElevatorStationDev_20260929,SMR_TrainHubDev_20260918 pack_version=26 read="live registry" save="Double Hub+elev Built Under2.savegame.sav" sol=54 status=OK t=38610696 id=125
						Lua 0:13:40:419
[mod] [SMRTK] SMRTK_TRIGGER aboard_Concrete=0 aboard_Metals=420 action=depot_next_departure cabin=up game_time=38610200 label="Depot: the cabin's next departure" legs=119 mark=462 pause=true s_Concrete=246 s_Metals=252 sound=true status=OK trigger=depot_next_departure u_Concrete=1200 u_Metals=780 verdict=departed t=38610696 id=126
[SMRTK] SMRTK_TRIGGER aboard_Concrete=0 aboard_Metals=420 action=depot_next_departure cabin=up game_time=38610200 label="Depot: the cabin's next departure" legs=119 mark=462 pause=true s_Concrete=246 s_Metals=252 sound=true status=OK trigger=depot_next_departure u_Concrete=1200 u_Metals=780 verdict=departed t=38610696 id=126
[mod] [SMRTK] SMRTK_DISARM action=depot_next_departure reason="trigger complete" status=OK trigger=depot_next_departure t=38610696 id=127
[SMRTK] SMRTK_DISARM action=depot_next_departure reason="trigger complete" status=OK trigger=depot_next_departure t=38610696 id=127
						Lua 0:13:45:482
[mod] [SMRTK] SMRTK_MARK action=mark label=STATION_ROWS_RUN mark=466 status=OK t=38610696 id=128
[SMRTK] SMRTK_MARK action=mark label=STATION_ROWS_RUN mark=466 status=OK t=38610696 id=128
						Lua 0:13:45:483
[mod] [SMRTK] SMRTK_FINGERPRINT action=fingerprint fix_pack_present=45/45 game=406343 mark_action=mark mods=SMR_CommunityFixPack,SMR_CommunityFixPackTestKit,SMR_CommunityOptInPack,SMR_ElevatorStationDev_20260929,SMR_TrainHubDev_20260918 pack_version=26 read="live registry" save="Double Hub+elev Built Under2.savegame.sav" sol=54 status=OK t=38610696 id=129
[SMRTK] SMRTK_FINGERPRINT action=fingerprint fix_pack_present=45/45 game=406343 mark_action=mark mods=SMR_CommunityFixPack,SMR_CommunityFixPackTestKit,SMR_CommunityOptInPack,SMR_ElevatorStationDev_20260929,SMR_TrainHubDev_20260918 pack_version=26 read="live registry" save="Double Hub+elev Built Under2.savegame.sav" sol=54 status=OK t=38610696 id=129
[mod] [SMRTK] SMRTK_DUMP command=GotoStation metals=0 row=train sitting=station_rows_30 station=10531 train=2000003078 t=38610696 id=130
[SMRTK] SMRTK_DUMP command=GotoStation metals=0 row=train sitting=station_rows_30 station=10531 train=2000003078 t=38610696 id=130
[mod] [SMRTK] SMRTK_DUMP command=GotoStation metals=0 row=train sitting=station_rows_30 station=9702 train=2000003402 t=38610696 id=131
[SMRTK] SMRTK_DUMP command=GotoStation metals=0 row=train sitting=station_rows_30 station=9702 train=2000003402 t=38610696 id=131
[mod] [SMRTK] SMRTK_ARM action=station_rows_30 before=48059 cadence=250 deadline=39150696 hub=none mode=export once=true station=9702 status=OK target=48000 trigger=station_rows_30 t=38610696 id=132
[SMRTK] SMRTK_ARM action=station_rows_30 before=48059 cadence=250 deadline=39150696 hub=none mode=export once=true station=9702 status=OK target=48000 trigger=station_rows_30 t=38610696 id=132
[mod] [SMRTK] SMRTK_SPEED action=speed_ultra before=0 factor=128000 requested=128 status=OK t=38610696 id=133
[SMRTK] SMRTK_SPEED action=speed_ultra before=0 factor=128000 requested=128 status=OK t=38610696 id=133
[mod] [SMRTK] SMRTK_ACTION action=slot_5 autosave="re-press slot 5 after a save; a target sample is not an unattended PASS" before=48059 cadence=250 deadline=39150696 hub=none mark=466 mode=export once=true station=9702 status=OK target=48000 trigger=station_rows_30 t=38610696 id=134
[SMRTK] SMRTK_ACTION action=slot_5 autosave="re-press slot 5 after a save; a target sample is not an unattended PASS" before=48059 cadence=250 deadline=39150696 hub=none mark=466 mode=export once=true station=9702 status=OK target=48000 trigger=station_rows_30 t=38610696 id=134
						Lua 0:13:46:222
[ElevatorDepotDev] cabin arrived surface (leg 120) delivered Metals=42000 still aboard none
[ElevatorDepotDev] cabin departed down (leg 121) loaded Cheese=5092,Coffee=9000,Electronics=9000,MachineParts=8274,Meat=4585,Polymers=6049 aboard Cheese=5092,Coffee=9000,Electronics=9000,MachineParts=8274,Meat=4585,Polymers=6049 arrives in 60 min
						Lua 0:13:46:971
[ElevatorDepotDev] cabin arrived underground (leg 121) delivered Cheese=5092,Coffee=9000,Electronics=9000,MachineParts=8274,Meat=4585,Polymers=6049 still aboard none
[ElevatorDepotDev] cabin departed up (leg 122) loaded Metals=42000 aboard Metals=42000 arrives in 60 min
						Lua 0:13:47:690
[ElevatorDepotDev] cabin arrived surface (leg 122) delivered Metals=42000 still aboard none
[ElevatorDepotDev] cabin departed down (leg 123) loaded Fuel=9000,Meat=4415,Seeds=9000 aboard Fuel=9000,Meat=4415,Seeds=9000 arrives in 60 min
						Lua 0:13:48:387
[ElevatorDepotDev] cabin arrived underground (leg 123) delivered Fuel=9000,Meat=4415,Seeds=9000 still aboard none
[ElevatorDepotDev] cabin departed up (leg 124) loaded Metals=10834 aboard Metals=10834 arrives in 60 min
						Lua 0:13:49:070
[ElevatorDepotDev] cabin arrived surface (leg 124) delivered Metals=10834 still aboard none
[ElevatorDepotDev] cabin departed down (leg 125) loaded Bread=1000,Spices=1000 aboard Bread=1000,Spices=1000 arrives in 60 min
						Lua 0:13:49:734
[ElevatorDepotDev] cabin arrived underground (leg 125) delivered Bread=1000,Spices=1000 still aboard none
[ElevatorDepotDev] cabin departed up (leg 126) loaded none aboard none arrives in 60 min
						Lua 0:13:50:403
[ElevatorDepotDev] cabin arrived surface (leg 126) delivered none still aboard none
[ElevatorDepotDev] cabin departed down (leg 127) loaded Coffee=4220,Electronics=6656,Meat=5000 aboard Coffee=4220,Electronics=6656,Meat=5000 arrives in 60 min
						Lua 0:13:51:123
[ElevatorDepotDev] cabin arrived underground (leg 127) delivered Coffee=4220,Electronics=6656,Meat=5000 still aboard none
[ElevatorDepotDev] cabin departed up (leg 128) loaded none aboard none arrives in 60 min
						Lua 0:13:51:911
[ElevatorDepotDev] cabin arrived surface (leg 128) delivered none still aboard none
[ElevatorDepotDev] cabin departed down (leg 129) loaded none aboard none arrives in 60 min
						Lua 0:13:52:710
[ElevatorDepotDev] cabin arrived underground (leg 129) delivered none still aboard none
[ElevatorDepotDev] cabin departed up (leg 130) loaded none aboard none arrives in 60 min
						Lua 0:13:53:491
[ElevatorDepotDev] cabin arrived surface (leg 130) delivered none still aboard none
[ElevatorDepotDev] cabin departed down (leg 131) loaded Fuel=9000,Meat=9000,Seeds=9000 aboard Fuel=9000,Meat=9000,Seeds=9000 arrives in 60 min
						Lua 0:13:54:296
[ElevatorDepotDev] cabin arrived underground (leg 131) delivered Fuel=9000,Meat=9000,Seeds=9000 still aboard none
[ElevatorDepotDev] cabin departed up (leg 132) loaded none aboard none arrives in 60 min
						Lua 0:13:55:159
[ElevatorDepotDev] cabin arrived surface (leg 132) delivered none still aboard none
[ElevatorDepotDev] cabin departed down (leg 133) loaded none aboard none arrives in 60 min
						Lua 0:14:01:764
[mod] [SMRTK] SMRTK_COPY action=copy flushed=true from=466 lines=33 status=OK truncated=false t=39010319 id=135
[SMRTK] SMRTK_COPY action=copy flushed=true from=466 lines=33 status=OK truncated=false t=39010319 id=135
						Lua 0:14:21:444
[ElevatorDepotDev] cabin arrived underground (leg 133) delivered none still aboard none
[ElevatorDepotDev] cabin departed up (leg 134) loaded none aboard none arrives in 60 min
						Lua 0:14:47:644
[mod] [SMRTK] SMRTK_SECTION action=section_attach attached=true dialog=ipBuilding object=SMROptInElevatorDepotDev(9041) status=OK t=39056185 id=136
						Lua 0:14:51:444
[ElevatorDepotDev] cabin arrived surface (leg 134) delivered none still aboard none
						Lua 0:14:51:446
[ElevatorDepotDev] cabin departed down (leg 135) loaded Fuel=7402,Meat=2720,Seeds=9000 aboard Fuel=7402,Meat=2720,Seeds=9000 arrives in 60 min
						Lua 0:14:59:914
[mod] [SMRTK] SMRTK_SECTION action=section_attach attached=true dialog=ipBuilding object=StationBig(9702) status=OK t=39068447 id=137
						Lua 0:15:04:618
[mod] [SMRTK] SMRTK_SECTION action=section_attach attached=true dialog=ipBuilding object=StationSmall(10531) status=OK t=39073158 id=138
						Lua 0:15:08:362
[mod] [SMRTK] SMRTK_SECTION action=section_attach attached=true dialog=ipBuilding object=SMROptInElevatorDepotDev(9041) status=OK t=39076907 id=139
						Lua 0:15:21:444
[ElevatorDepotDev] cabin arrived underground (leg 135) delivered Fuel=7402,Meat=2720,Seeds=9000 still aboard none
						Lua 0:15:21:446
[ElevatorDepotDev] cabin departed up (leg 136) loaded none aboard none arrives in 60 min
						Lua 0:15:51:456
[ElevatorDepotDev] cabin arrived surface (leg 136) delivered none still aboard none
						Lua 0:15:51:458
[ElevatorDepotDev] cabin departed down (leg 137) loaded none aboard none arrives in 60 min
						Lua 0:15:52:712
[mod] [SMRTK] SMRTK_SECTION action=section_attach attached=true dialog=ipBuilding object=StationBig(9702) status=OK t=39121244 id=140
						Lua 0:16:13:015
[mod] [SMRTK] SMRTK_MARK action=mark label=STATION_ROWS_READ mark=513 status=OK t=39123774 id=141
[SMRTK] SMRTK_MARK action=mark label=STATION_ROWS_READ mark=513 status=OK t=39123774 id=141
[mod] [SMRTK] SMRTK_FINGERPRINT action=fingerprint fix_pack_present=45/45 game=406343 mark_action=mark mods=SMR_CommunityFixPack,SMR_CommunityFixPackTestKit,SMR_CommunityOptInPack,SMR_ElevatorStationDev_20260929,SMR_TrainHubDev_20260918 pack_version=26 read="live registry" save="Double Hub+elev Built Under2.savegame.sav" sol=55 status=OK t=39123774 id=142
[SMRTK] SMRTK_FINGERPRINT action=fingerprint fix_pack_present=45/45 game=406343 mark_action=mark mods=SMR_CommunityFixPack,SMR_CommunityFixPackTestKit,SMR_CommunityOptInPack,SMR_ElevatorStationDev_20260929,SMR_TrainHubDev_20260918 pack_version=26 read="live registry" save="Double Hub+elev Built Under2.savegame.sav" sol=55 status=OK t=39123774 id=142
						Lua 0:16:13:016
[mod] [SMRTK] SMRTK_DUMP calls=109 capacity=240000 demand_desired=230000 demand_target=230840 drones=true errors=0 game_time=39123774 hub=none hub_role=none hub_room=none hub_stock=none mode=balanced percent=4 resource=Herbs row=resource sitting=station_rows_30 station=9702 stock=9160 supply_desired=10000 supply_target=9160 target=10000 t=39123774 id=143
[SMRTK] SMRTK_DUMP calls=109 capacity=240000 demand_desired=230000 demand_target=230840 drones=true errors=0 game_time=39123774 hub=none hub_role=none hub_room=none hub_stock=none mode=balanced percent=4 resource=Herbs row=resource sitting=station_rows_30 station=9702 stock=9160 supply_desired=10000 supply_target=9160 target=10000 t=39123774 id=143
[mod] [SMRTK] SMRTK_DUMP calls=109 capacity=240000 demand_desired=240000 demand_target=191941 drones=true errors=0 game_time=39123774 hub=none hub_role=none hub_room=none hub_stock=none mode=import percent=50 resource=Metals row=resource sitting=station_rows_30 station=9702 stock=48059 supply_desired=0 supply_target=48059 target=120000 t=39123774 id=144
[SMRTK] SMRTK_DUMP calls=109 capacity=240000 demand_desired=240000 demand_target=191941 drones=true errors=0 game_time=39123774 hub=none hub_role=none hub_room=none hub_stock=none mode=import percent=50 resource=Metals row=resource sitting=station_rows_30 station=9702 stock=48059 supply_desired=0 supply_target=48059 target=120000 t=39123774 id=144
[mod] [SMRTK] SMRTK_DUMP calls=109 capacity=240000 demand_desired=230000 demand_target=230596 drones=true errors=0 game_time=39123774 hub=none hub_role=none hub_room=none hub_stock=none mode=balanced percent=4 resource=Concrete row=resource sitting=station_rows_30 station=9702 stock=9404 supply_desired=10000 supply_target=9404 target=10000 t=39123774 id=145
[SMRTK] SMRTK_DUMP calls=109 capacity=240000 demand_desired=230000 demand_target=230596 drones=true errors=0 game_time=39123774 hub=none hub_role=none hub_room=none hub_stock=none mode=balanced percent=4 resource=Concrete row=resource sitting=station_rows_30 station=9702 stock=9404 supply_desired=10000 supply_target=9404 target=10000 t=39123774 id=145
[mod] [SMRTK] SMRTK_DUMP calls=109 capacity=240000 demand_desired=230000 demand_target=230887 drones=true errors=0 game_time=39123774 hub=none hub_role=none hub_room=none hub_stock=none mode=balanced percent=4 resource=Spices row=resource sitting=station_rows_30 station=9702 stock=9113 supply_desired=10000 supply_target=9113 target=10000 t=39123774 id=146
[SMRTK] SMRTK_DUMP calls=109 capacity=240000 demand_desired=230000 demand_target=230887 drones=true errors=0 game_time=39123774 hub=none hub_role=none hub_room=none hub_stock=none mode=balanced percent=4 resource=Spices row=resource sitting=station_rows_30 station=9702 stock=9113 supply_desired=10000 supply_target=9113 target=10000 t=39123774 id=146
[mod] [SMRTK] SMRTK_DUMP calls=109 capacity=240000 demand_desired=230000 demand_target=237050 drones=true errors=0 game_time=39123774 hub=none hub_role=none hub_room=none hub_stock=none mode=balanced percent=4 resource=Food row=resource sitting=station_rows_30 station=9702 stock=2950 supply_desired=10000 supply_target=2950 target=10000 t=39123774 id=147
[SMRTK] SMRTK_DUMP calls=109 capacity=240000 demand_desired=230000 demand_target=237050 drones=true errors=0 game_time=39123774 hub=none hub_role=none hub_room=none hub_stock=none mode=balanced percent=4 resource=Food row=resource sitting=station_rows_30 station=9702 stock=2950 supply_desired=10000 supply_target=2950 target=10000 t=39123774 id=147
[mod] [SMRTK] SMRTK_DUMP calls=109 capacity=240000 demand_desired=230000 demand_target=235800 drones=true errors=0 game_time=39123774 hub=none hub_role=none hub_room=none hub_stock=none mode=balanced percent=4 resource=Sugar row=resource sitting=station_rows_30 station=9702 stock=4200 supply_desired=10000 supply_target=4200 target=10000 t=39123774 id=148
[SMRTK] SMRTK_DUMP calls=109 capacity=240000 demand_desired=230000 demand_target=235800 drones=true errors=0 game_time=39123774 hub=none hub_role=none hub_room=none hub_stock=none mode=balanced percent=4 resource=Sugar row=resource sitting=station_rows_30 station=9702 stock=4200 supply_desired=10000 supply_target=4200 target=10000 t=39123774 id=148
[mod] [SMRTK] SMRTK_DUMP calls=109 capacity=240000 demand_desired=230000 demand_target=230219 drones=true errors=0 game_time=39123774 hub=none hub_role=none hub_room=none hub_stock=none mode=balanced percent=4 resource=Butter row=resource sitting=station_rows_30 station=9702 stock=9781 supply_desired=10000 supply_target=9781 target=10000 t=39123774 id=149
[SMRTK] SMRTK_DUMP calls=109 capacity=240000 demand_desired=230000 demand_target=230219 drones=true errors=0 game_time=39123774 hub=none hub_role=none hub_room=none hub_stock=none mode=balanced percent=4 resource=Butter row=resource sitting=station_rows_30 station=9702 stock=9781 supply_desired=10000 supply_target=9781 target=10000 t=39123774 id=149
[mod] [SMRTK] SMRTK_DUMP calls=109 capacity=240000 demand_desired=230000 demand_target=230860 drones=true errors=0 game_time=39123774 hub=none hub_role=none hub_room=none hub_stock=none mode=balanced percent=4 resource=PreciousMetals row=resource sitting=station_rows_30 station=9702 stock=9140 supply_desired=10000 supply_target=9140 target=10000 t=39123774 id=150
[SMRTK] SMRTK_DUMP calls=109 capacity=240000 demand_desired=230000 demand_target=230860 drones=true errors=0 game_time=39123774 hub=none hub_role=none hub_room=none hub_stock=none mode=balanced percent=4 resource=PreciousMetals row=resource sitting=station_rows_30 station=9702 stock=9140 supply_desired=10000 supply_target=9140 target=10000 t=39123774 id=150
[mod] [SMRTK] SMRTK_DUMP calls=109 capacity=240000 demand_desired=230000 demand_target=230359 drones=true errors=0 game_time=39123774 hub=none hub_role=none hub_room=none hub_stock=none mode=balanced percent=4 resource=Bread row=resource sitting=station_rows_30 station=9702 stock=9641 supply_desired=10000 supply_target=9641 target=10000 t=39123774 id=151
[SMRTK] SMRTK_DUMP calls=109 capacity=240000 demand_desired=230000 demand_target=230359 drones=true errors=0 game_time=39123774 hub=none hub_role=none hub_room=none hub_stock=none mode=balanced percent=4 resource=Bread row=resource sitting=station_rows_30 station=9702 stock=9641 supply_desired=10000 supply_target=9641 target=10000 t=39123774 id=151
[mod] [SMRTK] SMRTK_DUMP calls=109 capacity=240000 demand_desired=230000 demand_target=229365 drones=true errors=0 game_time=39123774 hub=none hub_role=none hub_room=none hub_stock=none mode=balanced percent=4 resource=PreciousMinerals row=resource sitting=station_rows_30 station=9702 stock=10635 supply_desired=10000 supply_target=10635 target=10000 t=39123774 id=152
[SMRTK] SMRTK_DUMP calls=109 capacity=240000 demand_desired=230000 demand_target=229365 drones=true errors=0 game_time=39123774 hub=none hub_role=none hub_room=none hub_stock=none mode=balanced percent=4 resource=PreciousMinerals row=resource sitting=station_rows_30 station=9702 stock=10635 supply_desired=10000 supply_target=10635 target=10000 t=39123774 id=152
[mod] [SMRTK] SMRTK_DUMP calls=109 capacity=240000 demand_desired=230000 demand_target=229960 drones=true errors=0 game_time=39123774 hub=none hub_role=none hub_room=none hub_stock=none mode=balanced percent=4 resource=Cheese row=resource sitting=station_rows_30 station=9702 stock=10040 supply_desired=10000 supply_target=10040 target=10000 t=39123774 id=153
[SMRTK] SMRTK_DUMP calls=109 capacity=240000 demand_desired=230000 demand_target=229960 drones=true errors=0 game_time=39123774 hub=none hub_role=none hub_room=none hub_stock=none mode=balanced percent=4 resource=Cheese row=resource sitting=station_rows_30 station=9702 stock=10040 supply_desired=10000 supply_target=10040 target=10000 t=39123774 id=153
[mod] [SMRTK] SMRTK_DUMP calls=109 capacity=240000 demand_desired=230000 demand_target=230728 drones=true errors=0 game_time=39123774 hub=none hub_role=none hub_room=none hub_stock=none mode=balanced percent=4 resource=Polymers row=resource sitting=station_rows_30 station=9702 stock=9272 supply_desired=10000 supply_target=9272 target=10000 t=39123774 id=154
[SMRTK] SMRTK_DUMP calls=109 capacity=240000 demand_desired=230000 demand_target=230728 drones=true errors=0 game_time=39123774 hub=none hub_role=none hub_room=none hub_stock=none mode=balanced percent=4 resource=Polymers row=resource sitting=station_rows_30 station=9702 stock=9272 supply_desired=10000 supply_target=9272 target=10000 t=39123774 id=154
[mod] [SMRTK] SMRTK_DUMP calls=109 capacity=240000 demand_desired=230000 demand_target=229680 drones=true errors=0 game_time=39123774 hub=none hub_role=none hub_room=none hub_stock=none mode=balanced percent=4 resource=Coffee row=resource sitting=station_rows_30 station=9702 stock=10320 supply_desired=10000 supply_target=10320 target=10000 t=39123774 id=155
[SMRTK] SMRTK_DUMP calls=109 capacity=240000 demand_desired=230000 demand_target=229680 drones=true errors=0 game_time=39123774 hub=none hub_role=none hub_room=none hub_stock=none mode=balanced percent=4 resource=Coffee row=resource sitting=station_rows_30 station=9702 stock=10320 supply_desired=10000 supply_target=10320 target=10000 t=39123774 id=155
[mod] [SMRTK] SMRTK_DUMP calls=109 capacity=240000 demand_desired=230000 demand_target=229511 drones=true errors=0 game_time=39123774 hub=none hub_role=none hub_room=none hub_stock=none mode=balanced percent=4 resource=MachineParts row=resource sitting=station_rows_30 station=9702 stock=10489 supply_desired=10000 supply_target=10489 target=10000 t=39123774 id=156
[SMRTK] SMRTK_DUMP calls=109 capacity=240000 demand_desired=230000 demand_target=229511 drones=true errors=0 game_time=39123774 hub=none hub_role=none hub_room=none hub_stock=none mode=balanced percent=4 resource=MachineParts row=resource sitting=station_rows_30 station=9702 stock=10489 supply_desired=10000 supply_target=10489 target=10000 t=39123774 id=156
[mod] [SMRTK] SMRTK_DUMP calls=109 capacity=240000 demand_desired=230000 demand_target=229599 drones=true errors=0 game_time=39123774 hub=none hub_role=none hub_room=none hub_stock=none mode=balanced percent=4 resource=Electronics row=resource sitting=station_rows_30 station=9702 stock=10401 supply_desired=10000 supply_target=10401 target=10000 t=39123774 id=157
[SMRTK] SMRTK_DUMP calls=109 capacity=240000 demand_desired=230000 demand_target=229599 drones=true errors=0 game_time=39123774 hub=none hub_role=none hub_room=none hub_stock=none mode=balanced percent=4 resource=Electronics row=resource sitting=station_rows_30 station=9702 stock=10401 supply_desired=10000 supply_target=10401 target=10000 t=39123774 id=157
						Lua 0:16:13:017
[mod] [SMRTK] SMRTK_DUMP calls=109 capacity=240000 demand_desired=230000 demand_target=230123 drones=true errors=0 game_time=39123774 hub=none hub_role=none hub_room=none hub_stock=none mode=balanced percent=4 resource=Meat row=resource sitting=station_rows_30 station=9702 stock=9877 supply_desired=10000 supply_target=9877 target=10000 t=39123774 id=158
[SMRTK] SMRTK_DUMP calls=109 capacity=240000 demand_desired=230000 demand_target=230123 drones=true errors=0 game_time=39123774 hub=none hub_role=none hub_room=none hub_stock=none mode=balanced percent=4 resource=Meat row=resource sitting=station_rows_30 station=9702 stock=9877 supply_desired=10000 supply_target=9877 target=10000 t=39123774 id=158
[mod] [SMRTK] SMRTK_DUMP calls=109 capacity=240000 demand_desired=230000 demand_target=229332 drones=true errors=0 game_time=39123774 hub=none hub_role=none hub_room=none hub_stock=none mode=balanced percent=4 resource=Fuel row=resource sitting=station_rows_30 station=9702 stock=10668 supply_desired=10000 supply_target=10668 target=10000 t=39123774 id=159
[SMRTK] SMRTK_DUMP calls=109 capacity=240000 demand_desired=230000 demand_target=229332 drones=true errors=0 game_time=39123774 hub=none hub_role=none hub_room=none hub_stock=none mode=balanced percent=4 resource=Fuel row=resource sitting=station_rows_30 station=9702 stock=10668 supply_desired=10000 supply_target=10668 target=10000 t=39123774 id=159
[mod] [SMRTK] SMRTK_DUMP calls=109 capacity=240000 demand_desired=230000 demand_target=229399 drones=true errors=0 game_time=39123774 hub=none hub_role=none hub_room=none hub_stock=none mode=balanced percent=4 resource=Seeds row=resource sitting=station_rows_30 station=9702 stock=10601 supply_desired=10000 supply_target=10601 target=10000 t=39123774 id=160
[SMRTK] SMRTK_DUMP calls=109 capacity=240000 demand_desired=230000 demand_target=229399 drones=true errors=0 game_time=39123774 hub=none hub_role=none hub_room=none hub_stock=none mode=balanced percent=4 resource=Seeds row=resource sitting=station_rows_30 station=9702 stock=10601 supply_desired=10000 supply_target=10601 target=10000 t=39123774 id=160
[mod] [SMRTK] SMRTK_DUMP calls=109 capacity=240000 demand_desired=230000 demand_target=109000 drones=true errors=0 game_time=39123774 hub=none hub_role=none hub_room=none hub_stock=none mode=balanced percent=4 resource=WasteRock row=resource sitting=station_rows_30 station=9702 stock=131000 supply_desired=10000 supply_target=131000 target=10000 t=39123774 id=161
[SMRTK] SMRTK_DUMP calls=109 capacity=240000 demand_desired=230000 demand_target=109000 drones=true errors=0 game_time=39123774 hub=none hub_role=none hub_room=none hub_stock=none mode=balanced percent=4 resource=WasteRock row=resource sitting=station_rows_30 station=9702 stock=131000 supply_desired=10000 supply_target=131000 target=10000 t=39123774 id=161
[mod] [SMRTK] SMRTK_DUMP command=GotoStation metals=0 row=train sitting=station_rows_30 station=9702 train=2000003078 t=39123774 id=162
[SMRTK] SMRTK_DUMP command=GotoStation metals=0 row=train sitting=station_rows_30 station=9702 train=2000003078 t=39123774 id=162
[mod] [SMRTK] SMRTK_DUMP command=UnloadTrain metals=0 row=train sitting=station_rows_30 station=9041 train=2000003402 t=39123774 id=163
[SMRTK] SMRTK_DUMP command=UnloadTrain metals=0 row=train sitting=station_rows_30 station=9041 train=2000003402 t=39123774 id=163
[mod] [SMRTK] SMRTK_ACTION action=slot_4 calls=109 capacity=240000 demand_desired=240000 demand_target=191941 drones=true errors=0 game_time=39123774 hub=none hub_role=none hub_room=none hub_stock=none mark=513 mode=import percent=50 resource=Metals station=9702 status=OK stock=48059 supply_desired=0 supply_target=48059 target=120000 t=39123774 id=164
[SMRTK] SMRTK_ACTION action=slot_4 calls=109 capacity=240000 demand_desired=240000 demand_target=191941 drones=true errors=0 game_time=39123774 hub=none hub_role=none hub_room=none hub_stock=none mark=513 mode=import percent=50 resource=Metals station=9702 status=OK stock=48059 supply_desired=0 supply_target=48059 target=120000 t=39123774 id=164
						Lua 0:16:15:984
[mod] [SMRTK] SMRTK_SECTION action=section_attach attached=true dialog=ipBuilding object=StationSmall(10531) status=OK t=39123774 id=165
						Lua 0:16:59:589
[mod] [SMRTK] SMRTK_MARK action=mark label=STATION_ROWS_FIXTURE_START mark=538 status=OK t=39123774 id=166
[SMRTK] SMRTK_MARK action=mark label=STATION_ROWS_FIXTURE_START mark=538 status=OK t=39123774 id=166
[mod] [SMRTK] SMRTK_FINGERPRINT action=fingerprint fix_pack_present=45/45 game=406343 mark_action=mark mods=SMR_CommunityFixPack,SMR_CommunityFixPackTestKit,SMR_CommunityOptInPack,SMR_ElevatorStationDev_20260929,SMR_TrainHubDev_20260918 pack_version=26 read="live registry" save="Double Hub+elev Built Under2.savegame.sav" sol=55 status=OK t=39123774 id=167
[SMRTK] SMRTK_FINGERPRINT action=fingerprint fix_pack_present=45/45 game=406343 mark_action=mark mods=SMR_CommunityFixPack,SMR_CommunityFixPackTestKit,SMR_CommunityOptInPack,SMR_ElevatorStationDev_20260929,SMR_TrainHubDev_20260918 pack_version=26 read="live registry" save="Double Hub+elev Built Under2.savegame.sav" sol=55 status=OK t=39123774 id=167
						Lua 0:16:59:590
[mod] [SMRTK] SMRTK_DUMP added=61000 before=35000 mark=538 reserved_shortfall=0 station=10531 stock=96000 target=96000 t=39123774 id=168
[SMRTK] SMRTK_DUMP added=61000 before=35000 mark=538 reserved_shortfall=0 station=10531 stock=96000 target=96000 t=39123774 id=168
[mod] [SMRTK] SMRTK_MARK action=mark label=STATION_ROWS_FIXTURE_DONE mark=541 status=OK t=39123774 id=169
[SMRTK] SMRTK_MARK action=mark label=STATION_ROWS_FIXTURE_DONE mark=541 status=OK t=39123774 id=169
[mod] [SMRTK] SMRTK_FINGERPRINT action=fingerprint fix_pack_present=45/45 game=406343 mark_action=mark mods=SMR_CommunityFixPack,SMR_CommunityFixPackTestKit,SMR_CommunityOptInPack,SMR_ElevatorStationDev_20260929,SMR_TrainHubDev_20260918 pack_version=26 read="live registry" save="Double Hub+elev Built Under2.savegame.sav" sol=55 status=OK t=39123774 id=170
[SMRTK] SMRTK_FINGERPRINT action=fingerprint fix_pack_present=45/45 game=406343 mark_action=mark mods=SMR_CommunityFixPack,SMR_CommunityFixPackTestKit,SMR_CommunityOptInPack,SMR_ElevatorStationDev_20260929,SMR_TrainHubDev_20260918 pack_version=26 read="live registry" save="Double Hub+elev Built Under2.savegame.sav" sol=55 status=OK t=39123774 id=170
[mod] [SMRTK] SMRTK_ACTION action=slot_1 added=61000 before=35000 mark=538 reserved_shortfall=0 station=10531 status=OK stock=96000 target=96000 t=39123774 id=171
[SMRTK] SMRTK_ACTION action=slot_1 added=61000 before=35000 mark=538 reserved_shortfall=0 station=10531 status=OK stock=96000 target=96000 t=39123774 id=171
						Lua 0:17:21:229
[mod] [SMRTK] SMRTK_MARK action=mark label=STATION_ROWS_READ mark=544 status=OK t=39123774 id=172
[SMRTK] SMRTK_MARK action=mark label=STATION_ROWS_READ mark=544 status=OK t=39123774 id=172
[mod] [SMRTK] SMRTK_FINGERPRINT action=fingerprint fix_pack_present=45/45 game=406343 mark_action=mark mods=SMR_CommunityFixPack,SMR_CommunityFixPackTestKit,SMR_CommunityOptInPack,SMR_ElevatorStationDev_20260929,SMR_TrainHubDev_20260918 pack_version=26 read="live registry" save="Double Hub+elev Built Under2.savegame.sav" sol=55 status=OK t=39123774 id=173
[SMRTK] SMRTK_FINGERPRINT action=fingerprint fix_pack_present=45/45 game=406343 mark_action=mark mods=SMR_CommunityFixPack,SMR_CommunityFixPackTestKit,SMR_CommunityOptInPack,SMR_ElevatorStationDev_20260929,SMR_TrainHubDev_20260918 pack_version=26 read="live registry" save="Double Hub+elev Built Under2.savegame.sav" sol=55 status=OK t=39123774 id=173
[mod] [SMRTK] SMRTK_DUMP calls=31 capacity=120000 demand_desired=110000 demand_target=120000 drones=true errors=0 game_time=39123774 hub=none hub_role=none hub_room=none hub_stock=none mode=balanced percent=8 resource=Herbs row=resource sitting=station_rows_30 station=10531 stock=0 supply_desired=10000 supply_target=0 target=10000 t=39123774 id=174
[SMRTK] SMRTK_DUMP calls=31 capacity=120000 demand_desired=110000 demand_target=120000 drones=true errors=0 game_time=39123774 hub=none hub_role=none hub_room=none hub_stock=none mode=balanced percent=8 resource=Herbs row=resource sitting=station_rows_30 station=10531 stock=0 supply_desired=10000 supply_target=0 target=10000 t=39123774 id=174
[mod] [SMRTK] SMRTK_DUMP calls=31 capacity=120000 demand_desired=0 demand_target=24000 drones=true errors=0 game_time=39123774 hub=none hub_role=none hub_room=none hub_stock=none mode=export percent=0 resource=Metals row=resource sitting=station_rows_30 station=10531 stock=96000 supply_desired=120000 supply_target=96000 target=0 t=39123774 id=175
[SMRTK] SMRTK_DUMP calls=31 capacity=120000 demand_desired=0 demand_target=24000 drones=true errors=0 game_time=39123774 hub=none hub_role=none hub_room=none hub_stock=none mode=export percent=0 resource=Metals row=resource sitting=station_rows_30 station=10531 stock=96000 supply_desired=120000 supply_target=96000 target=0 t=39123774 id=175
[mod] [SMRTK] SMRTK_DUMP calls=31 capacity=120000 demand_desired=110000 demand_target=120000 drones=true errors=0 game_time=39123774 hub=none hub_role=none hub_room=none hub_stock=none mode=balanced percent=8 resource=Concrete row=resource sitting=station_rows_30 station=10531 stock=0 supply_desired=10000 supply_target=0 target=10000 t=39123774 id=176
[SMRTK] SMRTK_DUMP calls=31 capacity=120000 demand_desired=110000 demand_target=120000 drones=true errors=0 game_time=39123774 hub=none hub_role=none hub_room=none hub_stock=none mode=balanced percent=8 resource=Concrete row=resource sitting=station_rows_30 station=10531 stock=0 supply_desired=10000 supply_target=0 target=10000 t=39123774 id=176
[mod] [SMRTK] SMRTK_DUMP calls=31 capacity=120000 demand_desired=110000 demand_target=120000 drones=true errors=0 game_time=39123774 hub=none hub_role=none hub_room=none hub_stock=none mode=balanced percent=8 resource=Spices row=resource sitting=station_rows_30 station=10531 stock=0 supply_desired=10000 supply_target=0 target=10000 t=39123774 id=177
[SMRTK] SMRTK_DUMP calls=31 capacity=120000 demand_desired=110000 demand_target=120000 drones=true errors=0 game_time=39123774 hub=none hub_role=none hub_room=none hub_stock=none mode=balanced percent=8 resource=Spices row=resource sitting=station_rows_30 station=10531 stock=0 supply_desired=10000 supply_target=0 target=10000 t=39123774 id=177
[mod] [SMRTK] SMRTK_DUMP calls=31 capacity=120000 demand_desired=110000 demand_target=120000 drones=true errors=0 game_time=39123774 hub=none hub_role=none hub_room=none hub_stock=none mode=balanced percent=8 resource=Food row=resource sitting=station_rows_30 station=10531 stock=0 supply_desired=10000 supply_target=0 target=10000 t=39123774 id=178
[SMRTK] SMRTK_DUMP calls=31 capacity=120000 demand_desired=110000 demand_target=120000 drones=true errors=0 game_time=39123774 hub=none hub_role=none hub_room=none hub_stock=none mode=balanced percent=8 resource=Food row=resource sitting=station_rows_30 station=10531 stock=0 supply_desired=10000 supply_target=0 target=10000 t=39123774 id=178
[mod] [SMRTK] SMRTK_DUMP calls=31 capacity=120000 demand_desired=110000 demand_target=120000 drones=true errors=0 game_time=39123774 hub=none hub_role=none hub_room=none hub_stock=none mode=balanced percent=8 resource=Sugar row=resource sitting=station_rows_30 station=10531 stock=0 supply_desired=10000 supply_target=0 target=10000 t=39123774 id=179
[SMRTK] SMRTK_DUMP calls=31 capacity=120000 demand_desired=110000 demand_target=120000 drones=true errors=0 game_time=39123774 hub=none hub_role=none hub_room=none hub_stock=none mode=balanced percent=8 resource=Sugar row=resource sitting=station_rows_30 station=10531 stock=0 supply_desired=10000 supply_target=0 target=10000 t=39123774 id=179
[mod] [SMRTK] SMRTK_DUMP calls=31 capacity=120000 demand_desired=110000 demand_target=120000 drones=true errors=0 game_time=39123774 hub=none hub_role=none hub_room=none hub_stock=none mode=balanced percent=8 resource=Butter row=resource sitting=station_rows_30 station=10531 stock=0 supply_desired=10000 supply_target=0 target=10000 t=39123774 id=180
[SMRTK] SMRTK_DUMP calls=31 capacity=120000 demand_desired=110000 demand_target=120000 drones=true errors=0 game_time=39123774 hub=none hub_role=none hub_room=none hub_stock=none mode=balanced percent=8 resource=Butter row=resource sitting=station_rows_30 station=10531 stock=0 supply_desired=10000 supply_target=0 target=10000 t=39123774 id=180
[mod] [SMRTK] SMRTK_DUMP calls=31 capacity=120000 demand_desired=110000 demand_target=108094 drones=true errors=0 game_time=39123774 hub=none hub_role=none hub_room=none hub_stock=none mode=balanced percent=8 resource=PreciousMetals row=resource sitting=station_rows_30 station=10531 stock=11906 supply_desired=10000 supply_target=11906 target=10000 t=39123774 id=181
[SMRTK] SMRTK_DUMP calls=31 capacity=120000 demand_desired=110000 demand_target=108094 drones=true errors=0 game_time=39123774 hub=none hub_role=none hub_room=none hub_stock=none mode=balanced percent=8 resource=PreciousMetals row=resource sitting=station_rows_30 station=10531 stock=11906 supply_desired=10000 supply_target=11906 target=10000 t=39123774 id=181
						Lua 0:17:21:230
[mod] [SMRTK] SMRTK_DUMP calls=31 capacity=120000 demand_desired=110000 demand_target=120000 drones=true errors=0 game_time=39123774 hub=none hub_role=none hub_room=none hub_stock=none mode=balanced percent=8 resource=Bread row=resource sitting=station_rows_30 station=10531 stock=0 supply_desired=10000 supply_target=0 target=10000 t=39123774 id=182
[SMRTK] SMRTK_DUMP calls=31 capacity=120000 demand_desired=110000 demand_target=120000 drones=true errors=0 game_time=39123774 hub=none hub_role=none hub_room=none hub_stock=none mode=balanced percent=8 resource=Bread row=resource sitting=station_rows_30 station=10531 stock=0 supply_desired=10000 supply_target=0 target=10000 t=39123774 id=182
[mod] [SMRTK] SMRTK_DUMP calls=31 capacity=120000 demand_desired=110000 demand_target=113000 drones=true errors=0 game_time=39123774 hub=none hub_role=none hub_room=none hub_stock=none mode=balanced percent=8 resource=PreciousMinerals row=resource sitting=station_rows_30 station=10531 stock=7000 supply_desired=10000 supply_target=7000 target=10000 t=39123774 id=183
[SMRTK] SMRTK_DUMP calls=31 capacity=120000 demand_desired=110000 demand_target=113000 drones=true errors=0 game_time=39123774 hub=none hub_role=none hub_room=none hub_stock=none mode=balanced percent=8 resource=PreciousMinerals row=resource sitting=station_rows_30 station=10531 stock=7000 supply_desired=10000 supply_target=7000 target=10000 t=39123774 id=183
[mod] [SMRTK] SMRTK_DUMP calls=31 capacity=120000 demand_desired=110000 demand_target=110118 drones=true errors=0 game_time=39123774 hub=none hub_role=none hub_room=none hub_stock=none mode=balanced percent=8 resource=Cheese row=resource sitting=station_rows_30 station=10531 stock=9882 supply_desired=10000 supply_target=9882 target=10000 t=39123774 id=184
[SMRTK] SMRTK_DUMP calls=31 capacity=120000 demand_desired=110000 demand_target=110118 drones=true errors=0 game_time=39123774 hub=none hub_role=none hub_room=none hub_stock=none mode=balanced percent=8 resource=Cheese row=resource sitting=station_rows_30 station=10531 stock=9882 supply_desired=10000 supply_target=9882 target=10000 t=39123774 id=184
[mod] [SMRTK] SMRTK_DUMP calls=31 capacity=120000 demand_desired=110000 demand_target=120000 drones=true errors=0 game_time=39123774 hub=none hub_role=none hub_room=none hub_stock=none mode=balanced percent=8 resource=Polymers row=resource sitting=station_rows_30 station=10531 stock=0 supply_desired=10000 supply_target=0 target=10000 t=39123774 id=185
[SMRTK] SMRTK_DUMP calls=31 capacity=120000 demand_desired=110000 demand_target=120000 drones=true errors=0 game_time=39123774 hub=none hub_role=none hub_room=none hub_stock=none mode=balanced percent=8 resource=Polymers row=resource sitting=station_rows_30 station=10531 stock=0 supply_desired=10000 supply_target=0 target=10000 t=39123774 id=185
[mod] [SMRTK] SMRTK_DUMP calls=31 capacity=120000 demand_desired=110000 demand_target=111560 drones=true errors=0 game_time=39123774 hub=none hub_role=none hub_room=none hub_stock=none mode=balanced percent=8 resource=Coffee row=resource sitting=station_rows_30 station=10531 stock=8440 supply_desired=10000 supply_target=8440 target=10000 t=39123774 id=186
[SMRTK] SMRTK_DUMP calls=31 capacity=120000 demand_desired=110000 demand_target=111560 drones=true errors=0 game_time=39123774 hub=none hub_role=none hub_room=none hub_stock=none mode=balanced percent=8 resource=Coffee row=resource sitting=station_rows_30 station=10531 stock=8440 supply_desired=10000 supply_target=8440 target=10000 t=39123774 id=186
[mod] [SMRTK] SMRTK_DUMP calls=31 capacity=120000 demand_desired=110000 demand_target=110183 drones=true errors=0 game_time=39123774 hub=none hub_role=none hub_room=none hub_stock=none mode=balanced percent=8 resource=MachineParts row=resource sitting=station_rows_30 station=10531 stock=9817 supply_desired=10000 supply_target=9817 target=10000 t=39123774 id=187
[SMRTK] SMRTK_DUMP calls=31 capacity=120000 demand_desired=110000 demand_target=110183 drones=true errors=0 game_time=39123774 hub=none hub_role=none hub_room=none hub_stock=none mode=balanced percent=8 resource=MachineParts row=resource sitting=station_rows_30 station=10531 stock=9817 supply_desired=10000 supply_target=9817 target=10000 t=39123774 id=187
[mod] [SMRTK] SMRTK_DUMP calls=31 capacity=120000 demand_desired=110000 demand_target=116606 drones=true errors=0 game_time=39123774 hub=none hub_role=none hub_room=none hub_stock=none mode=balanced percent=8 resource=Electronics row=resource sitting=station_rows_30 station=10531 stock=3394 supply_desired=10000 supply_target=3394 target=10000 t=39123774 id=188
[SMRTK] SMRTK_DUMP calls=31 capacity=120000 demand_desired=110000 demand_target=116606 drones=true errors=0 game_time=39123774 hub=none hub_role=none hub_room=none hub_stock=none mode=balanced percent=8 resource=Electronics row=resource sitting=station_rows_30 station=10531 stock=3394 supply_desired=10000 supply_target=3394 target=10000 t=39123774 id=188
[mod] [SMRTK] SMRTK_DUMP calls=31 capacity=120000 demand_desired=110000 demand_target=120000 drones=true errors=0 game_time=39123774 hub=none hub_role=none hub_room=none hub_stock=none mode=balanced percent=8 resource=Meat row=resource sitting=station_rows_30 station=10531 stock=0 supply_desired=10000 supply_target=0 target=10000 t=39123774 id=189
[SMRTK] SMRTK_DUMP calls=31 capacity=120000 demand_desired=110000 demand_target=120000 drones=true errors=0 game_time=39123774 hub=none hub_role=none hub_room=none hub_stock=none mode=balanced percent=8 resource=Meat row=resource sitting=station_rows_30 station=10531 stock=0 supply_desired=10000 supply_target=0 target=10000 t=39123774 id=189
[mod] [SMRTK] SMRTK_DUMP calls=31 capacity=120000 demand_desired=110000 demand_target=111782 drones=true errors=0 game_time=39123774 hub=none hub_role=none hub_room=none hub_stock=none mode=balanced percent=8 resource=Fuel row=resource sitting=station_rows_30 station=10531 stock=8218 supply_desired=10000 supply_target=8218 target=10000 t=39123774 id=190
[SMRTK] SMRTK_DUMP calls=31 capacity=120000 demand_desired=110000 demand_target=111782 drones=true errors=0 game_time=39123774 hub=none hub_role=none hub_room=none hub_stock=none mode=balanced percent=8 resource=Fuel row=resource sitting=station_rows_30 station=10531 stock=8218 supply_desired=10000 supply_target=8218 target=10000 t=39123774 id=190
[mod] [SMRTK] SMRTK_DUMP calls=31 capacity=120000 demand_desired=110000 demand_target=112764 drones=true errors=0 game_time=39123774 hub=none hub_role=none hub_room=none hub_stock=none mode=balanced percent=8 resource=Seeds row=resource sitting=station_rows_30 station=10531 stock=7236 supply_desired=10000 supply_target=7236 target=10000 t=39123774 id=191
[SMRTK] SMRTK_DUMP calls=31 capacity=120000 demand_desired=110000 demand_target=112764 drones=true errors=0 game_time=39123774 hub=none hub_role=none hub_room=none hub_stock=none mode=balanced percent=8 resource=Seeds row=resource sitting=station_rows_30 station=10531 stock=7236 supply_desired=10000 supply_target=7236 target=10000 t=39123774 id=191
[mod] [SMRTK] SMRTK_DUMP calls=31 capacity=120000 demand_desired=110000 demand_target=20000 drones=true errors=0 game_time=39123774 hub=none hub_role=none hub_room=none hub_stock=none mode=balanced percent=8 resource=WasteRock row=resource sitting=station_rows_30 station=10531 stock=100000 supply_desired=10000 supply_target=100000 target=10000 t=39123774 id=192
[SMRTK] SMRTK_DUMP calls=31 capacity=120000 demand_desired=110000 demand_target=20000 drones=true errors=0 game_time=39123774 hub=none hub_role=none hub_room=none hub_stock=none mode=balanced percent=8 resource=WasteRock row=resource sitting=station_rows_30 station=10531 stock=100000 supply_desired=10000 supply_target=100000 target=10000 t=39123774 id=192
[mod] [SMRTK] SMRTK_DUMP command=GotoStation metals=0 row=train sitting=station_rows_30 station=9702 train=2000003078 t=39123774 id=193
[SMRTK] SMRTK_DUMP command=GotoStation metals=0 row=train sitting=station_rows_30 station=9702 train=2000003078 t=39123774 id=193
[mod] [SMRTK] SMRTK_ACTION action=slot_4 calls=31 capacity=120000 demand_desired=0 demand_target=24000 drones=true errors=0 game_time=39123774 hub=none hub_role=none hub_room=none hub_stock=none mark=544 mode=export percent=0 resource=Metals station=10531 status=OK stock=96000 supply_desired=120000 supply_target=96000 target=0 t=39123774 id=194
[SMRTK] SMRTK_ACTION action=slot_4 calls=31 capacity=120000 demand_desired=0 demand_target=24000 drones=true errors=0 game_time=39123774 hub=none hub_role=none hub_room=none hub_stock=none mark=544 mode=export percent=0 resource=Metals station=10531 status=OK stock=96000 supply_desired=120000 supply_target=96000 target=0 t=39123774 id=194
						Lua 0:17:31:641
[mod] [SMRTK] SMRTK_SECTION action=section_attach attached=true dialog=ipBuilding object=StationBig(9702) status=OK t=39123774 id=195
						Lua 0:17:36:083
[mod] [SMRTK] SMRTK_ACTION action=slot_5 reason="cancel the current run first" status=REFUSED t=39123774 id=196
[SMRTK] SMRTK_ACTION action=slot_5 reason="cancel the current run first" status=REFUSED t=39123774 id=196
						Lua 0:17:39:342
[mod] [SMRTK] SMRTK_ACTION action=slot_5 reason="cancel the current run first" status=REFUSED t=39123774 id=197
[SMRTK] SMRTK_ACTION action=slot_5 reason="cancel the current run first" status=REFUSED t=39123774 id=197
						Lua 0:17:41:291
[mod] [SMRTK] SMRTK_SECTION action=section_attach attached=true dialog=ipBuilding object=StationSmall(10531) status=OK t=39123774 id=198
						Lua 0:17:42:659
[mod] [SMRTK] SMRTK_ACTION action=slot_5 reason="cancel the current run first" status=REFUSED t=39123774 id=199
[SMRTK] SMRTK_ACTION action=slot_5 reason="cancel the current run first" status=REFUSED t=39123774 id=199
						Lua 0:17:58:241
[mod] [SMRTK] SMRTK_SECTION action=section_attach attached=true dialog=ipBuilding object=StationBig(9702) status=OK t=39123774 id=200
						Lua 0:18:09:679
[mod] [SMRTK] SMRTK_ACTION action=slot_5 reason="cancel the current run first" status=REFUSED t=39123774 id=201
[SMRTK] SMRTK_ACTION action=slot_5 reason="cancel the current run first" status=REFUSED t=39123774 id=201
						Lua 0:18:19:345
[mod] [SMRTK] SMRTK_SECTION action=section_attach attached=true dialog=ipBuilding object=StationBig(9702) status=OK t=39123774 id=202
						Lua 0:18:20:352
[mod] [SMRTK] SMRTK_ACTION action=slot_5 reason="cancel the current run first" status=REFUSED t=39123774 id=203
[SMRTK] SMRTK_ACTION action=slot_5 reason="cancel the current run first" status=REFUSED t=39123774 id=203
						Lua 0:18:44:971
[mod] [SMRTK] SMRTK_MARK action=mark label="Station rows: Metals reaches the selected target" mark=576 status=OK t=39123946 id=204
[SMRTK] SMRTK_MARK action=mark label="Station rows: Metals reaches the selected target" mark=576 status=OK t=39123946 id=204
[mod] [SMRTK] SMRTK_FINGERPRINT action=fingerprint fix_pack_present=45/45 game=406343 mark_action=mark mods=SMR_CommunityFixPack,SMR_CommunityFixPackTestKit,SMR_CommunityOptInPack,SMR_ElevatorStationDev_20260929,SMR_TrainHubDev_20260918 pack_version=26 read="live registry" save="Double Hub+elev Built Under2.savegame.sav" sol=55 status=OK t=39123946 id=205
[SMRTK] SMRTK_FINGERPRINT action=fingerprint fix_pack_present=45/45 game=406343 mark_action=mark mods=SMR_CommunityFixPack,SMR_CommunityFixPackTestKit,SMR_CommunityOptInPack,SMR_ElevatorStationDev_20260929,SMR_TrainHubDev_20260918 pack_version=26 read="live registry" save="Double Hub+elev Built Under2.savegame.sav" sol=55 status=OK t=39123946 id=205
						Lua 0:18:44:972
[mod] [SMRTK] SMRTK_TRIGGER action=station_rows_30 before=48059 calls=109 calls_before=93 capacity=240000 demand_desired=240000 demand_target=191941 drones=true errors=0 game_time=39123946 hub=none hub_role=none hub_room=none hub_stock=none label="Station rows: Metals reaches the selected target" mark=576 mode=import pause=true percent=50 resource=Metals sound=true station=9702 status=OK stock=48059 supply_desired=0 supply_target=48059 target=120000 trigger=station_rows_30 verdict=row_changed t=39123946 id=206
[SMRTK] SMRTK_TRIGGER action=station_rows_30 before=48059 calls=109 calls_before=93 capacity=240000 demand_desired=240000 demand_target=191941 drones=true errors=0 game_time=39123946 hub=none hub_role=none hub_room=none hub_stock=none label="Station rows: Metals reaches the selected target" mark=576 mode=import pause=true percent=50 resource=Metals sound=true station=9702 status=OK stock=48059 supply_desired=0 supply_target=48059 target=120000 trigger=station_rows_30 verdict=row_changed t=39123946 id=206
[mod] [SMRTK] SMRTK_DISARM action=station_rows_30 reason="trigger complete" status=OK trigger=station_rows_30 t=39123946 id=207
[SMRTK] SMRTK_DISARM action=station_rows_30 reason="trigger complete" status=OK trigger=station_rows_30 t=39123946 id=207
						Lua 0:18:47:262
[mod] [SMRTK] SMRTK_ACTION action=slot_5 reason="pause first" status=REFUSED t=39125595 id=208
[SMRTK] SMRTK_ACTION action=slot_5 reason="pause first" status=REFUSED t=39125595 id=208
						Lua 0:18:49:660
[mod] [SMRTK] SMRTK_MARK action=mark label=STATION_ROWS_RUN mark=581 status=OK t=39127156 id=209
						Lua 0:18:49:661
[SMRTK] SMRTK_MARK action=mark label=STATION_ROWS_RUN mark=581 status=OK t=39127156 id=209
[mod] [SMRTK] SMRTK_FINGERPRINT action=fingerprint fix_pack_present=45/45 game=406343 mark_action=mark mods=SMR_CommunityFixPack,SMR_CommunityFixPackTestKit,SMR_CommunityOptInPack,SMR_ElevatorStationDev_20260929,SMR_TrainHubDev_20260918 pack_version=26 read="live registry" save="Double Hub+elev Built Under2.savegame.sav" sol=55 status=OK t=39127156 id=210
[SMRTK] SMRTK_FINGERPRINT action=fingerprint fix_pack_present=45/45 game=406343 mark_action=mark mods=SMR_CommunityFixPack,SMR_CommunityFixPackTestKit,SMR_CommunityOptInPack,SMR_ElevatorStationDev_20260929,SMR_TrainHubDev_20260918 pack_version=26 read="live registry" save="Double Hub+elev Built Under2.savegame.sav" sol=55 status=OK t=39127156 id=210
[mod] [SMRTK] SMRTK_DUMP command=GotoStation metals=0 row=train sitting=station_rows_30 station=9702 train=2000003078 t=39127156 id=211
[SMRTK] SMRTK_DUMP command=GotoStation metals=0 row=train sitting=station_rows_30 station=9702 train=2000003078 t=39127156 id=211
[mod] [SMRTK] SMRTK_DUMP command=LoadTrain metals=25000 row=train sitting=station_rows_30 station=9041 train=2000003402 t=39127156 id=212
[SMRTK] SMRTK_DUMP command=LoadTrain metals=25000 row=train sitting=station_rows_30 station=9041 train=2000003402 t=39127156 id=212
[mod] [SMRTK] SMRTK_DUMP destination=9702 metals=25000 row=assignment sitting=station_rows_30 train=2000003402 t=39127156 id=213
[SMRTK] SMRTK_DUMP destination=9702 metals=25000 row=assignment sitting=station_rows_30 train=2000003402 t=39127156 id=213
[mod] [SMRTK] SMRTK_ARM action=station_rows_30 before=44059 cadence=250 deadline=39667156 hub=none mode=import once=true station=9702 status=OK target=120000 trigger=station_rows_30 t=39127156 id=214
[SMRTK] SMRTK_ARM action=station_rows_30 before=44059 cadence=250 deadline=39667156 hub=none mode=import once=true station=9702 status=OK target=120000 trigger=station_rows_30 t=39127156 id=214
[mod] [SMRTK] SMRTK_SPEED action=speed_ultra before=0 factor=128000 requested=128 status=OK t=39127156 id=215
[SMRTK] SMRTK_SPEED action=speed_ultra before=0 factor=128000 requested=128 status=OK t=39127156 id=215
[mod] [SMRTK] SMRTK_ACTION action=slot_5 autosave="re-press slot 5 after a save; a target sample is not an unattended PASS" before=44059 cadence=250 deadline=39667156 hub=none mark=581 mode=import once=true station=9702 status=OK target=120000 trigger=station_rows_30 t=39127156 id=216
[SMRTK] SMRTK_ACTION action=slot_5 autosave="re-press slot 5 after a save; a target sample is not an unattended PASS" before=44059 cadence=250 deadline=39667156 hub=none mark=581 mode=import once=true station=9702 status=OK target=120000 trigger=station_rows_30 t=39127156 id=216
						Lua 0:18:50:272
[ElevatorDepotDev] cabin arrived underground (leg 137) delivered none still aboard none
[ElevatorDepotDev] cabin departed up (leg 138) loaded none aboard none arrives in 60 min
						Lua 0:18:51:132
[ElevatorDepotDev] cabin arrived surface (leg 138) delivered none still aboard none
[ElevatorDepotDev] cabin departed down (leg 139) loaded none aboard none arrives in 60 min
						Lua 0:18:51:524
[mod] [SMRTK] SMRTK_MARK action=mark label="Station rows: Metals reaches the selected target" mark=593 status=OK t=39193588 id=217
[SMRTK] SMRTK_MARK action=mark label="Station rows: Metals reaches the selected target" mark=593 status=OK t=39193588 id=217
[mod] [SMRTK] SMRTK_FINGERPRINT action=fingerprint fix_pack_present=45/45 game=406343 mark_action=mark mods=SMR_CommunityFixPack,SMR_CommunityFixPackTestKit,SMR_CommunityOptInPack,SMR_ElevatorStationDev_20260929,SMR_TrainHubDev_20260918 pack_version=26 read="live registry" save="Double Hub+elev Built Under2.savegame.sav" sol=55 status=OK t=39193588 id=218
[SMRTK] SMRTK_FINGERPRINT action=fingerprint fix_pack_present=45/45 game=406343 mark_action=mark mods=SMR_CommunityFixPack,SMR_CommunityFixPackTestKit,SMR_CommunityOptInPack,SMR_ElevatorStationDev_20260929,SMR_TrainHubDev_20260918 pack_version=26 read="live registry" save="Double Hub+elev Built Under2.savegame.sav" sol=55 status=OK t=39193588 id=218
[mod] [SMRTK] SMRTK_TRIGGER action=station_rows_30 before=44059 calls=111 calls_before=109 capacity=240000 demand_desired=240000 demand_target=120941 drones=true errors=0 game_time=39193406 hub=none hub_role=none hub_room=none hub_stock=none label="Station rows: Metals reaches the selected target" mark=593 mode=import pause=true percent=50 resource=Metals sound=true station=9702 status=OK stock=119059 supply_desired=0 supply_target=119059 target=120000 trigger=station_rows_30 verdict=target_sampled t=39193588 id=219
[SMRTK] SMRTK_TRIGGER action=station_rows_30 before=44059 calls=111 calls_before=109 capacity=240000 demand_desired=240000 demand_target=120941 drones=true errors=0 game_time=39193406 hub=none hub_role=none hub_room=none hub_stock=none label="Station rows: Metals reaches the selected target" mark=593 mode=import pause=true percent=50 resource=Metals sound=true station=9702 status=OK stock=119059 supply_desired=0 supply_target=119059 target=120000 trigger=station_rows_30 verdict=target_sampled t=39193588 id=219
[mod] [SMRTK] SMRTK_DISARM action=station_rows_30 reason="trigger complete" status=OK trigger=station_rows_30 t=39193588 id=220
[SMRTK] SMRTK_DISARM action=station_rows_30 reason="trigger complete" status=OK trigger=station_rows_30 t=39193588 id=220
						Lua 0:19:16:664
[mod] [SMRTK] SMRTK_MARK action=mark label=STATION_ROWS_READ mark=597 status=OK t=39193588 id=221
[SMRTK] SMRTK_MARK action=mark label=STATION_ROWS_READ mark=597 status=OK t=39193588 id=221
[mod] [SMRTK] SMRTK_FINGERPRINT action=fingerprint fix_pack_present=45/45 game=406343 mark_action=mark mods=SMR_CommunityFixPack,SMR_CommunityFixPackTestKit,SMR_CommunityOptInPack,SMR_ElevatorStationDev_20260929,SMR_TrainHubDev_20260918 pack_version=26 read="live registry" save="Double Hub+elev Built Under2.savegame.sav" sol=55 status=OK t=39193588 id=222
[SMRTK] SMRTK_FINGERPRINT action=fingerprint fix_pack_present=45/45 game=406343 mark_action=mark mods=SMR_CommunityFixPack,SMR_CommunityFixPackTestKit,SMR_CommunityOptInPack,SMR_ElevatorStationDev_20260929,SMR_TrainHubDev_20260918 pack_version=26 read="live registry" save="Double Hub+elev Built Under2.savegame.sav" sol=55 status=OK t=39193588 id=222
						Lua 0:19:16:665
[mod] [SMRTK] SMRTK_DUMP calls=111 capacity=240000 demand_desired=230000 demand_target=230840 drones=true errors=0 game_time=39193588 hub=none hub_role=none hub_room=none hub_stock=none mode=balanced percent=4 resource=Herbs row=resource sitting=station_rows_30 station=9702 stock=9160 supply_desired=10000 supply_target=9160 target=10000 t=39193588 id=223
[SMRTK] SMRTK_DUMP calls=111 capacity=240000 demand_desired=230000 demand_target=230840 drones=true errors=0 game_time=39193588 hub=none hub_role=none hub_room=none hub_stock=none mode=balanced percent=4 resource=Herbs row=resource sitting=station_rows_30 station=9702 stock=9160 supply_desired=10000 supply_target=9160 target=10000 t=39193588 id=223
[mod] [SMRTK] SMRTK_DUMP calls=111 capacity=240000 demand_desired=240000 demand_target=120941 drones=true errors=0 game_time=39193588 hub=none hub_role=none hub_room=none hub_stock=none mode=import percent=50 resource=Metals row=resource sitting=station_rows_30 station=9702 stock=119059 supply_desired=0 supply_target=119059 target=120000 t=39193588 id=224
[SMRTK] SMRTK_DUMP calls=111 capacity=240000 demand_desired=240000 demand_target=120941 drones=true errors=0 game_time=39193588 hub=none hub_role=none hub_room=none hub_stock=none mode=import percent=50 resource=Metals row=resource sitting=station_rows_30 station=9702 stock=119059 supply_desired=0 supply_target=119059 target=120000 t=39193588 id=224
[mod] [SMRTK] SMRTK_DUMP calls=111 capacity=240000 demand_desired=230000 demand_target=230596 drones=true errors=0 game_time=39193588 hub=none hub_role=none hub_room=none hub_stock=none mode=balanced percent=4 resource=Concrete row=resource sitting=station_rows_30 station=9702 stock=9404 supply_desired=10000 supply_target=9404 target=10000 t=39193588 id=225
[SMRTK] SMRTK_DUMP calls=111 capacity=240000 demand_desired=230000 demand_target=230596 drones=true errors=0 game_time=39193588 hub=none hub_role=none hub_room=none hub_stock=none mode=balanced percent=4 resource=Concrete row=resource sitting=station_rows_30 station=9702 stock=9404 supply_desired=10000 supply_target=9404 target=10000 t=39193588 id=225
[mod] [SMRTK] SMRTK_DUMP calls=111 capacity=240000 demand_desired=230000 demand_target=230887 drones=true errors=0 game_time=39193588 hub=none hub_role=none hub_room=none hub_stock=none mode=balanced percent=4 resource=Spices row=resource sitting=station_rows_30 station=9702 stock=9113 supply_desired=10000 supply_target=9113 target=10000 t=39193588 id=226
[SMRTK] SMRTK_DUMP calls=111 capacity=240000 demand_desired=230000 demand_target=230887 drones=true errors=0 game_time=39193588 hub=none hub_role=none hub_room=none hub_stock=none mode=balanced percent=4 resource=Spices row=resource sitting=station_rows_30 station=9702 stock=9113 supply_desired=10000 supply_target=9113 target=10000 t=39193588 id=226
[mod] [SMRTK] SMRTK_DUMP calls=111 capacity=240000 demand_desired=230000 demand_target=237050 drones=true errors=0 game_time=39193588 hub=none hub_role=none hub_room=none hub_stock=none mode=balanced percent=4 resource=Food row=resource sitting=station_rows_30 station=9702 stock=2950 supply_desired=10000 supply_target=2950 target=10000 t=39193588 id=227
[SMRTK] SMRTK_DUMP calls=111 capacity=240000 demand_desired=230000 demand_target=237050 drones=true errors=0 game_time=39193588 hub=none hub_role=none hub_room=none hub_stock=none mode=balanced percent=4 resource=Food row=resource sitting=station_rows_30 station=9702 stock=2950 supply_desired=10000 supply_target=2950 target=10000 t=39193588 id=227
[mod] [SMRTK] SMRTK_DUMP calls=111 capacity=240000 demand_desired=230000 demand_target=235800 drones=true errors=0 game_time=39193588 hub=none hub_role=none hub_room=none hub_stock=none mode=balanced percent=4 resource=Sugar row=resource sitting=station_rows_30 station=9702 stock=4200 supply_desired=10000 supply_target=4200 target=10000 t=39193588 id=228
[SMRTK] SMRTK_DUMP calls=111 capacity=240000 demand_desired=230000 demand_target=235800 drones=true errors=0 game_time=39193588 hub=none hub_role=none hub_room=none hub_stock=none mode=balanced percent=4 resource=Sugar row=resource sitting=station_rows_30 station=9702 stock=4200 supply_desired=10000 supply_target=4200 target=10000 t=39193588 id=228
[mod] [SMRTK] SMRTK_DUMP calls=111 capacity=240000 demand_desired=230000 demand_target=230219 drones=true errors=0 game_time=39193588 hub=none hub_role=none hub_room=none hub_stock=none mode=balanced percent=4 resource=Butter row=resource sitting=station_rows_30 station=9702 stock=9781 supply_desired=10000 supply_target=9781 target=10000 t=39193588 id=229
[SMRTK] SMRTK_DUMP calls=111 capacity=240000 demand_desired=230000 demand_target=230219 drones=true errors=0 game_time=39193588 hub=none hub_role=none hub_room=none hub_stock=none mode=balanced percent=4 resource=Butter row=resource sitting=station_rows_30 station=9702 stock=9781 supply_desired=10000 supply_target=9781 target=10000 t=39193588 id=229
[mod] [SMRTK] SMRTK_DUMP calls=111 capacity=240000 demand_desired=230000 demand_target=230860 drones=true errors=0 game_time=39193588 hub=none hub_role=none hub_room=none hub_stock=none mode=balanced percent=4 resource=PreciousMetals row=resource sitting=station_rows_30 station=9702 stock=9140 supply_desired=10000 supply_target=9140 target=10000 t=39193588 id=230
[SMRTK] SMRTK_DUMP calls=111 capacity=240000 demand_desired=230000 demand_target=230860 drones=true errors=0 game_time=39193588 hub=none hub_role=none hub_room=none hub_stock=none mode=balanced percent=4 resource=PreciousMetals row=resource sitting=station_rows_30 station=9702 stock=9140 supply_desired=10000 supply_target=9140 target=10000 t=39193588 id=230
[mod] [SMRTK] SMRTK_DUMP calls=111 capacity=240000 demand_desired=230000 demand_target=230359 drones=true errors=0 game_time=39193588 hub=none hub_role=none hub_room=none hub_stock=none mode=balanced percent=4 resource=Bread row=resource sitting=station_rows_30 station=9702 stock=9641 supply_desired=10000 supply_target=9641 target=10000 t=39193588 id=231
[SMRTK] SMRTK_DUMP calls=111 capacity=240000 demand_desired=230000 demand_target=230359 drones=true errors=0 game_time=39193588 hub=none hub_role=none hub_room=none hub_stock=none mode=balanced percent=4 resource=Bread row=resource sitting=station_rows_30 station=9702 stock=9641 supply_desired=10000 supply_target=9641 target=10000 t=39193588 id=231
[mod] [SMRTK] SMRTK_DUMP calls=111 capacity=240000 demand_desired=230000 demand_target=229365 drones=true errors=0 game_time=39193588 hub=none hub_role=none hub_room=none hub_stock=none mode=balanced percent=4 resource=PreciousMinerals row=resource sitting=station_rows_30 station=9702 stock=10635 supply_desired=10000 supply_target=10635 target=10000 t=39193588 id=232
[SMRTK] SMRTK_DUMP calls=111 capacity=240000 demand_desired=230000 demand_target=229365 drones=true errors=0 game_time=39193588 hub=none hub_role=none hub_room=none hub_stock=none mode=balanced percent=4 resource=PreciousMinerals row=resource sitting=station_rows_30 station=9702 stock=10635 supply_desired=10000 supply_target=10635 target=10000 t=39193588 id=232
[mod] [SMRTK] SMRTK_DUMP calls=111 capacity=240000 demand_desired=230000 demand_target=229960 drones=true errors=0 game_time=39193588 hub=none hub_role=none hub_room=none hub_stock=none mode=balanced percent=4 resource=Cheese row=resource sitting=station_rows_30 station=9702 stock=10040 supply_desired=10000 supply_target=10040 target=10000 t=39193588 id=233
[SMRTK] SMRTK_DUMP calls=111 capacity=240000 demand_desired=230000 demand_target=229960 drones=true errors=0 game_time=39193588 hub=none hub_role=none hub_room=none hub_stock=none mode=balanced percent=4 resource=Cheese row=resource sitting=station_rows_30 station=9702 stock=10040 supply_desired=10000 supply_target=10040 target=10000 t=39193588 id=233
[mod] [SMRTK] SMRTK_DUMP calls=111 capacity=240000 demand_desired=230000 demand_target=230728 drones=true errors=0 game_time=39193588 hub=none hub_role=none hub_room=none hub_stock=none mode=balanced percent=4 resource=Polymers row=resource sitting=station_rows_30 station=9702 stock=9272 supply_desired=10000 supply_target=9272 target=10000 t=39193588 id=234
[SMRTK] SMRTK_DUMP calls=111 capacity=240000 demand_desired=230000 demand_target=230728 drones=true errors=0 game_time=39193588 hub=none hub_role=none hub_room=none hub_stock=none mode=balanced percent=4 resource=Polymers row=resource sitting=station_rows_30 station=9702 stock=9272 supply_desired=10000 supply_target=9272 target=10000 t=39193588 id=234
[mod] [SMRTK] SMRTK_DUMP calls=111 capacity=240000 demand_desired=230000 demand_target=229680 drones=true errors=0 game_time=39193588 hub=none hub_role=none hub_room=none hub_stock=none mode=balanced percent=4 resource=Coffee row=resource sitting=station_rows_30 station=9702 stock=10320 supply_desired=10000 supply_target=10320 target=10000 t=39193588 id=235
[SMRTK] SMRTK_DUMP calls=111 capacity=240000 demand_desired=230000 demand_target=229680 drones=true errors=0 game_time=39193588 hub=none hub_role=none hub_room=none hub_stock=none mode=balanced percent=4 resource=Coffee row=resource sitting=station_rows_30 station=9702 stock=10320 supply_desired=10000 supply_target=10320 target=10000 t=39193588 id=235
[mod] [SMRTK] SMRTK_DUMP calls=111 capacity=240000 demand_desired=230000 demand_target=229511 drones=true errors=0 game_time=39193588 hub=none hub_role=none hub_room=none hub_stock=none mode=balanced percent=4 resource=MachineParts row=resource sitting=station_rows_30 station=9702 stock=10489 supply_desired=10000 supply_target=10489 target=10000 t=39193588 id=236
[SMRTK] SMRTK_DUMP calls=111 capacity=240000 demand_desired=230000 demand_target=229511 drones=true errors=0 game_time=39193588 hub=none hub_role=none hub_room=none hub_stock=none mode=balanced percent=4 resource=MachineParts row=resource sitting=station_rows_30 station=9702 stock=10489 supply_desired=10000 supply_target=10489 target=10000 t=39193588 id=236
[mod] [SMRTK] SMRTK_DUMP calls=111 capacity=240000 demand_desired=230000 demand_target=229599 drones=true errors=0 game_time=39193588 hub=none hub_role=none hub_room=none hub_stock=none mode=balanced percent=4 resource=Electronics row=resource sitting=station_rows_30 station=9702 stock=10401 supply_desired=10000 supply_target=10401 target=10000 t=39193588 id=237
[SMRTK] SMRTK_DUMP calls=111 capacity=240000 demand_desired=230000 demand_target=229599 drones=true errors=0 game_time=39193588 hub=none hub_role=none hub_room=none hub_stock=none mode=balanced percent=4 resource=Electronics row=resource sitting=station_rows_30 station=9702 stock=10401 supply_desired=10000 supply_target=10401 target=10000 t=39193588 id=237
[mod] [SMRTK] SMRTK_DUMP calls=111 capacity=240000 demand_desired=230000 demand_target=230123 drones=true errors=0 game_time=39193588 hub=none hub_role=none hub_room=none hub_stock=none mode=balanced percent=4 resource=Meat row=resource sitting=station_rows_30 station=9702 stock=9877 supply_desired=10000 supply_target=9877 target=10000 t=39193588 id=238
[SMRTK] SMRTK_DUMP calls=111 capacity=240000 demand_desired=230000 demand_target=230123 drones=true errors=0 game_time=39193588 hub=none hub_role=none hub_room=none hub_stock=none mode=balanced percent=4 resource=Meat row=resource sitting=station_rows_30 station=9702 stock=9877 supply_desired=10000 supply_target=9877 target=10000 t=39193588 id=238
[mod] [SMRTK] SMRTK_DUMP calls=111 capacity=240000 demand_desired=230000 demand_target=229332 drones=true errors=0 game_time=39193588 hub=none hub_role=none hub_room=none hub_stock=none mode=balanced percent=4 resource=Fuel row=resource sitting=station_rows_30 station=9702 stock=10668 supply_desired=10000 supply_target=10668 target=10000 t=39193588 id=239
[SMRTK] SMRTK_DUMP calls=111 capacity=240000 demand_desired=230000 demand_target=229332 drones=true errors=0 game_time=39193588 hub=none hub_role=none hub_room=none hub_stock=none mode=balanced percent=4 resource=Fuel row=resource sitting=station_rows_30 station=9702 stock=10668 supply_desired=10000 supply_target=10668 target=10000 t=39193588 id=239
						Lua 0:19:16:666
[mod] [SMRTK] SMRTK_DUMP calls=111 capacity=240000 demand_desired=230000 demand_target=229399 drones=true errors=0 game_time=39193588 hub=none hub_role=none hub_room=none hub_stock=none mode=balanced percent=4 resource=Seeds row=resource sitting=station_rows_30 station=9702 stock=10601 supply_desired=10000 supply_target=10601 target=10000 t=39193588 id=240
[SMRTK] SMRTK_DUMP calls=111 capacity=240000 demand_desired=230000 demand_target=229399 drones=true errors=0 game_time=39193588 hub=none hub_role=none hub_room=none hub_stock=none mode=balanced percent=4 resource=Seeds row=resource sitting=station_rows_30 station=9702 stock=10601 supply_desired=10000 supply_target=10601 target=10000 t=39193588 id=240
[mod] [SMRTK] SMRTK_DUMP calls=111 capacity=240000 demand_desired=230000 demand_target=109000 drones=true errors=0 game_time=39193588 hub=none hub_role=none hub_room=none hub_stock=none mode=balanced percent=4 resource=WasteRock row=resource sitting=station_rows_30 station=9702 stock=131000 supply_desired=10000 supply_target=131000 target=10000 t=39193588 id=241
[SMRTK] SMRTK_DUMP calls=111 capacity=240000 demand_desired=230000 demand_target=109000 drones=true errors=0 game_time=39193588 hub=none hub_role=none hub_room=none hub_stock=none mode=balanced percent=4 resource=WasteRock row=resource sitting=station_rows_30 station=9702 stock=131000 supply_desired=10000 supply_target=131000 target=10000 t=39193588 id=241
[mod] [SMRTK] SMRTK_DUMP command=LoadTrain metals=0 row=train sitting=station_rows_30 station=9702 train=2000003078 t=39193588 id=242
[SMRTK] SMRTK_DUMP command=LoadTrain metals=0 row=train sitting=station_rows_30 station=9702 train=2000003078 t=39193588 id=242
[mod] [SMRTK] SMRTK_DUMP command=GotoStation metals=0 row=train sitting=station_rows_30 station=9041 train=2000003402 t=39193588 id=243
[SMRTK] SMRTK_DUMP command=GotoStation metals=0 row=train sitting=station_rows_30 station=9041 train=2000003402 t=39193588 id=243
[mod] [SMRTK] SMRTK_ACTION action=slot_4 calls=111 capacity=240000 demand_desired=240000 demand_target=120941 drones=true errors=0 game_time=39193588 hub=none hub_role=none hub_room=none hub_stock=none mark=597 mode=import percent=50 resource=Metals station=9702 status=OK stock=119059 supply_desired=0 supply_target=119059 target=120000 t=39193588 id=244
[SMRTK] SMRTK_ACTION action=slot_4 calls=111 capacity=240000 demand_desired=240000 demand_target=120941 drones=true errors=0 game_time=39193588 hub=none hub_role=none hub_room=none hub_stock=none mark=597 mode=import percent=50 resource=Metals station=9702 status=OK stock=119059 supply_desired=0 supply_target=119059 target=120000 t=39193588 id=244
						Lua 0:19:17:690
[mod] [SMRTK] SMRTK_TAB action=tab_Saves page=Saves status=OK t=39193588 id=245
						Lua 0:19:19:169
[mod] [SMRTK] SMRTK_SAVE action=save_A name=SMRTK_A.sav session=1790952195:63725105:12011700:95995522 slot=A status=OK t=39193588 id=246
[SMRTK] SMRTK_SAVE action=save_A name=SMRTK_A.sav session=1790952195:63725105:12011700:95995522 slot=A status=OK t=39193588 id=246
						Lua 0:19:19:815
Load Game: 
	lua_revision: 406343 (last saved with) 
	orig_lua_revision: 403908 (created with) 
	assets_revision: 33225 

	dlcs: norman, thomas 

	mods: SMR_CommunityOptInPack, SMR_CommunityFixPackTestKit, SMR_CommunityFixPack, SMR_TrainHubDev_20260918, SMR_RailShaftDev_20260923, SMR_SaveBufferFix, SMR_ElevatorStationDev_20260929, SMR_TrainHubPrototype_20260918 
						Lua 0:19:19:816
[mod] [SMRTK] SMRTK_CONSOLE_ARM enabled=true hook=ChangeMap t=39193588 id=247
[SMRTK] SMRTK_CONSOLE_ARM enabled=true hook=ChangeMap t=39193588 id=247
						Lua 0:19:19:857
[mod] [SMRTK] SMRTK_CONSOLE_ARM enabled=true hook=ChangeMap t=39193588 id=248
[SMRTK] SMRTK_CONSOLE_ARM enabled=true hook=ChangeMap t=39193588 id=248
						Lua 0:19:20:771
[mod] [SMRTK] SMRTK_SHORTCUT console=false key=Ctrl-Shift-F11 t=0 id=249
						Lua 0:19:22:482
[mod] [SMRTK] SMRTK_CONSOLE_ARM enabled=true hook=PreLoadGame t=0 id=250
[SMRTK] SMRTK_CONSOLE_ARM enabled=true hook=PreLoadGame t=0 id=250
						Lua 0:19:24:560
[mod] [CommunityFixPack] SilentHitMomentFX: restored 2 missing hit-moment tracker(s) on load
[mod] [SMRTest] console enable requested (flag set, no overlay) — press Enter (or Alt-Shift-C) once in a colony
[SMRTest] console enable requested (flag set, no overlay) — press Enter (or Alt-Shift-C) once in a colony
[TrainHubDev] reactor palette: channel 1 = 18,32,78 roughness 0 metallic 0
[TrainHubDev] reactor palette: channel 2 = 18,32,78 roughness 0 metallic 0
[TrainHubDev] reactor palette: channel 3 = 200,205,210 roughness -90 metallic 110
[TrainHubDev] reactor palette: P4 "navy + steel on 3 and 4", 3 of 4 channels written on the attached copy only (vanilla's own per-object call; no material is restyled)
						Lua 0:19:24:561
[TrainHubDev] lights: arm 0, flanks the reactor (red flank) = B2 "Deep blue wash" (SpotLight), 12 lights, engine bearing 0 deg
[TrainHubDev] lights: arm 1, flanks the reactor (blue flank) = B2 "Deep blue wash" (SpotLight), 12 lights, engine bearing 60 deg
						Lua 0:19:24:562
[TrainHubDev] lights: arm 2, next to the blue flank = B2 "Deep blue wash" (SpotLight), 12 lights, engine bearing 120 deg
[TrainHubDev] lights: arm 3, opposite the red flank = B2 "Deep blue wash" (SpotLight), 12 lights, engine bearing 180 deg
						Lua 0:19:24:563
[TrainHubDev] lights: arm 4, opposite the blue flank = B2 "Deep blue wash" (SpotLight), 12 lights, engine bearing 240 deg
[TrainHubDev] lights: arm 5, next to the red flank = B2 "Deep blue wash" (SpotLight), 12 lights, engine bearing 300 deg
[TrainHubDev] lights: arm tune intensity 50, side 150 cm, height 200 cm, radius 500 cm, cone 50/100, colour 0,40,255
[TrainHubDev] structure lights: portal rims ON, 30 lights (intensity 4, radius 350 cm)
[TrainHubDev] structure lights: drone pit kerb OFF, 0 lights (intensity 15, radius 300 cm)
[TrainHubDev] structure lights: ring rim strip OFF, 0 lights (intensity 12, radius 400 cm)
[TrainHubDev] structure lights: floor edge strip OFF, 0 lights (intensity 30, radius 300 cm)
[TrainHubDev] structure lights: crown floor light ON, 1 lights (intensity 150, radius 4000 cm)
[TrainHubDev] structure lights: crown floor light follows the VANILLA night schedule (OnMsg.LightmodelChange -> map.NightLightsState, NightLightObjects.lua:250-259, :22 on build 1.1.0.403908); it is NIGHT now, so it is LIT -- hanging at z 1900 cm, colour 255,214,170, cone 0/0
						Lua 0:19:24:564
[TrainHubDev] structure lights: under-deck fill ON, 18 lights (intensity 40, radius 1200 cm)
[TrainHubDev] structure lights: under-deck fill follows the VANILLA night schedule (OnMsg.LightmodelChange -> map.NightLightsState, NightLightObjects.lua:250-259, :22 on build 1.1.0.403908); it is NIGHT now, so it is LIT -- hanging at z 700 cm, colour 255,214,170, cone 0/0
[TrainHubDev] lights: 121 placed (72 arm + 49 structure); a stopped hub destroys them all
						Lua 0:19:24:630
[TrainHubDev] reactor palette: channel 1 = 18,32,78 roughness 0 metallic 0
[TrainHubDev] reactor palette: channel 2 = 18,32,78 roughness 0 metallic 0
[TrainHubDev] reactor palette: channel 3 = 200,205,210 roughness -90 metallic 110
[TrainHubDev] reactor palette: P4 "navy + steel on 3 and 4", 3 of 4 channels written on the attached copy only (vanilla's own per-object call; no material is restyled)
						Lua 0:19:24:631
[TrainHubDev] lights: arm 0, flanks the reactor (red flank) = B2 "Deep blue wash" (SpotLight), 12 lights, engine bearing 0 deg
[TrainHubDev] lights: arm 1, flanks the reactor (blue flank) = B2 "Deep blue wash" (SpotLight), 12 lights, engine bearing 60 deg
						Lua 0:19:24:632
[TrainHubDev] lights: arm 2, next to the blue flank = B2 "Deep blue wash" (SpotLight), 12 lights, engine bearing 120 deg
[TrainHubDev] lights: arm 3, opposite the red flank = B2 "Deep blue wash" (SpotLight), 12 lights, engine bearing 180 deg
[TrainHubDev] lights: arm 4, opposite the blue flank = B2 "Deep blue wash" (SpotLight), 12 lights, engine bearing 240 deg
						Lua 0:19:24:633
[TrainHubDev] lights: arm 5, next to the red flank = B2 "Deep blue wash" (SpotLight), 12 lights, engine bearing 300 deg
[TrainHubDev] lights: arm tune intensity 50, side 150 cm, height 200 cm, radius 500 cm, cone 50/100, colour 0,40,255
[TrainHubDev] structure lights: portal rims ON, 30 lights (intensity 4, radius 350 cm)
[TrainHubDev] structure lights: drone pit kerb OFF, 0 lights (intensity 15, radius 300 cm)
[TrainHubDev] structure lights: ring rim strip OFF, 0 lights (intensity 12, radius 400 cm)
[TrainHubDev] structure lights: floor edge strip OFF, 0 lights (intensity 30, radius 300 cm)
[TrainHubDev] structure lights: crown floor light ON, 1 lights (intensity 150, radius 4000 cm)
[TrainHubDev] structure lights: crown floor light follows the VANILLA night schedule (OnMsg.LightmodelChange -> map.NightLightsState, NightLightObjects.lua:250-259, :22 on build 1.1.0.403908); it is NIGHT now, so it is LIT -- hanging at z 1900 cm, colour 255,214,170, cone 0/0
[TrainHubDev] structure lights: under-deck fill ON, 18 lights (intensity 40, radius 1200 cm)
[TrainHubDev] structure lights: under-deck fill follows the VANILLA night schedule (OnMsg.LightmodelChange -> map.NightLightsState, NightLightObjects.lua:250-259, :22 on build 1.1.0.403908); it is NIGHT now, so it is LIT -- hanging at z 700 cm, colour 255,214,170, cone 0/0
[TrainHubDev] lights: 121 placed (72 arm + 49 structure); a stopped hub destroys them all
						Lua 0:19:24:713
[ElevatorDepotDev] dressed table: 0000016906E632B0 env=Surface elevator=true tunnel=false cabin=true ropes=0 scale=75 receiver=false signs=0 cabin_hide_below=-635 palette=2
[ElevatorDepotDev] dressed table: 000001690F5647F8 env=Underground elevator=true tunnel=false cabin=true ropes=4 scale=75 receiver=true signs=0 cabin_hide_below=-635 palette=7
						Lua 0:19:24:808
game_settings:
    sponsor: SpaceY
    profile: politician
    founding_faction: UnitedColonistFront
    rival_colonies: NASA, Brazil, paradox
    mystery_random: 
    game_rules: (none)
more_game_settings: save_game_id: IsDKXg6Ddmz3wE5g, mystery: UnitedEarthMystery, coordinates: 15N179E, landing_spot: , logo: SpaceY
map_conditions: altitude: -3699, temperature: -43, cold_wave: 109, dust_devils: 39, dust_storm: 0, meteors: 37
map_resources: concrete: 243, metals: 147, precious_metals: 147, water: 147
						Lua 0:19:24:962
[mod] [CommunityFixPack] GhostPowerCells: maps=2 cleared=0 tunnel_skipped=38 shape_protected=0 reconnected=0 retry_failed=0 unbuilt_skipped=0 map_failed=0 elapsed_ms=118
						Lua 0:19:24:963
[mod] [CommunityFixPack] UniversalDepotSeedsToggle: load pass updated the resource toggles on 0 Universal Depot(s)
[mod] [CommunityFixPack] SaveSanitizer: F95 astrogeologist-residue pass removed 0 modifier(s), left 0 unidentified
Game Loaded in 5148 ms
						Lua 0:19:24:964
[mod] [SMRTK] SMRTK_PROVENANCE actions=87 last=tab_Saves last_id=245 present=true session=1790952195:63725105:12011700:95995522 t=39193588 id=251
[SMRTK] SMRTK_PROVENANCE actions=87 last=tab_Saves last_id=245 present=true session=1790952195:63725105:12011700:95995522 t=39193588 id=251
						Lua 0:19:24:974
[mod] [SMRTK] SMRTK_SHORTCUT console=true key=Ctrl-Shift-F11 t=39193588 id=252
						Lua 0:19:24:997
[mod] [SMRTK] SMRTK_SECTION action=section_attach attached=true dialog=ipBuilding object=StationBig(9702) status=OK t=39193588 id=253
						Lua 0:19:25:002
[mod] [SMRTK] SMRTK_DOCK action=dock_attach attached=true route="idBottom sibling" status=OK surface=one-toggle+tasks t=39193588 id=254
						Lua 0:19:25:004
[mod] [SMRTest] console enable requested (flag set, no overlay) — press Enter (or Alt-Shift-C) once in a colony
[SMRTest] console enable requested (flag set, no overlay) — press Enter (or Alt-Shift-C) once in a colony
						Lua 0:19:25:131
[mod] [SMRTK] SMRTK_SHORTCUT console=true key=Ctrl-Shift-F11 t=39193588 id=255
						Lua 0:19:25:405
Game loaded on map BlankUnderground_01 in 5710 ms
[mod] [SMRTK] SMRTK_LOAD action=load_A name=SMRTK_A.sav override=false session=1790952195:63725105:12011700:95995522 slot=A status=OK t=39193588 id=256
[SMRTK] SMRTK_LOAD action=load_A name=SMRTK_A.sav override=false session=1790952195:63725105:12011700:95995522 slot=A status=OK t=39193588 id=256
						Lua 0:19:25:713
[mod] [SMRTK] SMRTK_PANEL_RESTORE open=true tab=Saves t=39193588 id=257
						Lua 0:19:26:711
[mod] [SMRTest] console enable requested (flag set, no overlay) — press Enter (or Alt-Shift-C) once in a colony
[SMRTest] console enable requested (flag set, no overlay) — press Enter (or Alt-Shift-C) once in a colony
[mod] [SMRTest] console enable requested (flag set, no overlay) — press Enter (or Alt-Shift-C) once in a colony
[SMRTest] console enable requested (flag set, no overlay) — press Enter (or Alt-Shift-C) once in a colony
[mod] [SMRTest] console enable requested (flag set, no overlay) — press Enter (or Alt-Shift-C) once in a colony
[SMRTest] console enable requested (flag set, no overlay) — press Enter (or Alt-Shift-C) once in a colony
						Lua 0:19:26:722
[mod] [SMRTK] SMRTK_SHORTCUT console=true key=Ctrl-Shift-F11 t=39193588 id=258
						Lua 0:19:26:789
[mod] [SMRTK] SMRTK_SECTION action=section_attach attached=true dialog=ipBuilding object=StationBig(9702) status=OK t=39193588 id=259
						Lua 0:19:32:468
[mod] [SMRTK] SMRTK_TAB action=tab_Agent page=Agent status=OK t=39193588 id=260
						Lua 0:19:33:463
[mod] [SMRTK] SMRTK_MARK action=mark label=STATION_ROWS_READ mark=684 status=OK t=39193588 id=261
[SMRTK] SMRTK_MARK action=mark label=STATION_ROWS_READ mark=684 status=OK t=39193588 id=261
[mod] [SMRTK] SMRTK_FINGERPRINT action=fingerprint fix_pack_present=45/45 game=406343 mark_action=mark mods=SMR_CommunityFixPack,SMR_CommunityFixPackTestKit,SMR_CommunityOptInPack,SMR_ElevatorStationDev_20260929,SMR_TrainHubDev_20260918 pack_version=26 read="live registry" save=SMRTK_A.sav sol=55 status=OK t=39193588 id=262
[SMRTK] SMRTK_FINGERPRINT action=fingerprint fix_pack_present=45/45 game=406343 mark_action=mark mods=SMR_CommunityFixPack,SMR_CommunityFixPackTestKit,SMR_CommunityOptInPack,SMR_ElevatorStationDev_20260929,SMR_TrainHubDev_20260918 pack_version=26 read="live registry" save=SMRTK_A.sav sol=55 status=OK t=39193588 id=262
[mod] [SMRTK] SMRTK_DUMP calls=0 capacity=240000 demand_desired=230000 demand_target=230840 drones=true errors=0 game_time=39193588 hub=none hub_role=none hub_room=none hub_stock=none mode=balanced percent=4 resource=Herbs row=resource sitting=station_rows_30 station=9702 stock=9160 supply_desired=10000 supply_target=9160 target=10000 t=39193588 id=263
[SMRTK] SMRTK_DUMP calls=0 capacity=240000 demand_desired=230000 demand_target=230840 drones=true errors=0 game_time=39193588 hub=none hub_role=none hub_room=none hub_stock=none mode=balanced percent=4 resource=Herbs row=resource sitting=station_rows_30 station=9702 stock=9160 supply_desired=10000 supply_target=9160 target=10000 t=39193588 id=263
						Lua 0:19:33:464
[mod] [SMRTK] SMRTK_DUMP calls=0 capacity=240000 demand_desired=240000 demand_target=120941 drones=true errors=0 game_time=39193588 hub=none hub_role=none hub_room=none hub_stock=none mode=import percent=50 resource=Metals row=resource sitting=station_rows_30 station=9702 stock=119059 supply_desired=0 supply_target=119059 target=120000 t=39193588 id=264
[SMRTK] SMRTK_DUMP calls=0 capacity=240000 demand_desired=240000 demand_target=120941 drones=true errors=0 game_time=39193588 hub=none hub_role=none hub_room=none hub_stock=none mode=import percent=50 resource=Metals row=resource sitting=station_rows_30 station=9702 stock=119059 supply_desired=0 supply_target=119059 target=120000 t=39193588 id=264
[mod] [SMRTK] SMRTK_DUMP calls=0 capacity=240000 demand_desired=230000 demand_target=230596 drones=true errors=0 game_time=39193588 hub=none hub_role=none hub_room=none hub_stock=none mode=balanced percent=4 resource=Concrete row=resource sitting=station_rows_30 station=9702 stock=9404 supply_desired=10000 supply_target=9404 target=10000 t=39193588 id=265
[SMRTK] SMRTK_DUMP calls=0 capacity=240000 demand_desired=230000 demand_target=230596 drones=true errors=0 game_time=39193588 hub=none hub_role=none hub_room=none hub_stock=none mode=balanced percent=4 resource=Concrete row=resource sitting=station_rows_30 station=9702 stock=9404 supply_desired=10000 supply_target=9404 target=10000 t=39193588 id=265
[mod] [SMRTK] SMRTK_DUMP calls=0 capacity=240000 demand_desired=230000 demand_target=230887 drones=true errors=0 game_time=39193588 hub=none hub_role=none hub_room=none hub_stock=none mode=balanced percent=4 resource=Spices row=resource sitting=station_rows_30 station=9702 stock=9113 supply_desired=10000 supply_target=9113 target=10000 t=39193588 id=266
[SMRTK] SMRTK_DUMP calls=0 capacity=240000 demand_desired=230000 demand_target=230887 drones=true errors=0 game_time=39193588 hub=none hub_role=none hub_room=none hub_stock=none mode=balanced percent=4 resource=Spices row=resource sitting=station_rows_30 station=9702 stock=9113 supply_desired=10000 supply_target=9113 target=10000 t=39193588 id=266
[mod] [SMRTK] SMRTK_DUMP calls=0 capacity=240000 demand_desired=230000 demand_target=237050 drones=true errors=0 game_time=39193588 hub=none hub_role=none hub_room=none hub_stock=none mode=balanced percent=4 resource=Food row=resource sitting=station_rows_30 station=9702 stock=2950 supply_desired=10000 supply_target=2950 target=10000 t=39193588 id=267
[SMRTK] SMRTK_DUMP calls=0 capacity=240000 demand_desired=230000 demand_target=237050 drones=true errors=0 game_time=39193588 hub=none hub_role=none hub_room=none hub_stock=none mode=balanced percent=4 resource=Food row=resource sitting=station_rows_30 station=9702 stock=2950 supply_desired=10000 supply_target=2950 target=10000 t=39193588 id=267
[mod] [SMRTK] SMRTK_DUMP calls=0 capacity=240000 demand_desired=230000 demand_target=235800 drones=true errors=0 game_time=39193588 hub=none hub_role=none hub_room=none hub_stock=none mode=balanced percent=4 resource=Sugar row=resource sitting=station_rows_30 station=9702 stock=4200 supply_desired=10000 supply_target=4200 target=10000 t=39193588 id=268
[SMRTK] SMRTK_DUMP calls=0 capacity=240000 demand_desired=230000 demand_target=235800 drones=true errors=0 game_time=39193588 hub=none hub_role=none hub_room=none hub_stock=none mode=balanced percent=4 resource=Sugar row=resource sitting=station_rows_30 station=9702 stock=4200 supply_desired=10000 supply_target=4200 target=10000 t=39193588 id=268
[mod] [SMRTK] SMRTK_DUMP calls=0 capacity=240000 demand_desired=230000 demand_target=230219 drones=true errors=0 game_time=39193588 hub=none hub_role=none hub_room=none hub_stock=none mode=balanced percent=4 resource=Butter row=resource sitting=station_rows_30 station=9702 stock=9781 supply_desired=10000 supply_target=9781 target=10000 t=39193588 id=269
[SMRTK] SMRTK_DUMP calls=0 capacity=240000 demand_desired=230000 demand_target=230219 drones=true errors=0 game_time=39193588 hub=none hub_role=none hub_room=none hub_stock=none mode=balanced percent=4 resource=Butter row=resource sitting=station_rows_30 station=9702 stock=9781 supply_desired=10000 supply_target=9781 target=10000 t=39193588 id=269
[mod] [SMRTK] SMRTK_DUMP calls=0 capacity=240000 demand_desired=230000 demand_target=230860 drones=true errors=0 game_time=39193588 hub=none hub_role=none hub_room=none hub_stock=none mode=balanced percent=4 resource=PreciousMetals row=resource sitting=station_rows_30 station=9702 stock=9140 supply_desired=10000 supply_target=9140 target=10000 t=39193588 id=270
[SMRTK] SMRTK_DUMP calls=0 capacity=240000 demand_desired=230000 demand_target=230860 drones=true errors=0 game_time=39193588 hub=none hub_role=none hub_room=none hub_stock=none mode=balanced percent=4 resource=PreciousMetals row=resource sitting=station_rows_30 station=9702 stock=9140 supply_desired=10000 supply_target=9140 target=10000 t=39193588 id=270
[mod] [SMRTK] SMRTK_DUMP calls=0 capacity=240000 demand_desired=230000 demand_target=230359 drones=true errors=0 game_time=39193588 hub=none hub_role=none hub_room=none hub_stock=none mode=balanced percent=4 resource=Bread row=resource sitting=station_rows_30 station=9702 stock=9641 supply_desired=10000 supply_target=9641 target=10000 t=39193588 id=271
[SMRTK] SMRTK_DUMP calls=0 capacity=240000 demand_desired=230000 demand_target=230359 drones=true errors=0 game_time=39193588 hub=none hub_role=none hub_room=none hub_stock=none mode=balanced percent=4 resource=Bread row=resource sitting=station_rows_30 station=9702 stock=9641 supply_desired=10000 supply_target=9641 target=10000 t=39193588 id=271
[mod] [SMRTK] SMRTK_DUMP calls=0 capacity=240000 demand_desired=230000 demand_target=229365 drones=true errors=0 game_time=39193588 hub=none hub_role=none hub_room=none hub_stock=none mode=balanced percent=4 resource=PreciousMinerals row=resource sitting=station_rows_30 station=9702 stock=10635 supply_desired=10000 supply_target=10635 target=10000 t=39193588 id=272
[SMRTK] SMRTK_DUMP calls=0 capacity=240000 demand_desired=230000 demand_target=229365 drones=true errors=0 game_time=39193588 hub=none hub_role=none hub_room=none hub_stock=none mode=balanced percent=4 resource=PreciousMinerals row=resource sitting=station_rows_30 station=9702 stock=10635 supply_desired=10000 supply_target=10635 target=10000 t=39193588 id=272
[mod] [SMRTK] SMRTK_DUMP calls=0 capacity=240000 demand_desired=230000 demand_target=229960 drones=true errors=0 game_time=39193588 hub=none hub_role=none hub_room=none hub_stock=none mode=balanced percent=4 resource=Cheese row=resource sitting=station_rows_30 station=9702 stock=10040 supply_desired=10000 supply_target=10040 target=10000 t=39193588 id=273
[SMRTK] SMRTK_DUMP calls=0 capacity=240000 demand_desired=230000 demand_target=229960 drones=true errors=0 game_time=39193588 hub=none hub_role=none hub_room=none hub_stock=none mode=balanced percent=4 resource=Cheese row=resource sitting=station_rows_30 station=9702 stock=10040 supply_desired=10000 supply_target=10040 target=10000 t=39193588 id=273
[mod] [SMRTK] SMRTK_DUMP calls=0 capacity=240000 demand_desired=230000 demand_target=230728 drones=true errors=0 game_time=39193588 hub=none hub_role=none hub_room=none hub_stock=none mode=balanced percent=4 resource=Polymers row=resource sitting=station_rows_30 station=9702 stock=9272 supply_desired=10000 supply_target=9272 target=10000 t=39193588 id=274
[SMRTK] SMRTK_DUMP calls=0 capacity=240000 demand_desired=230000 demand_target=230728 drones=true errors=0 game_time=39193588 hub=none hub_role=none hub_room=none hub_stock=none mode=balanced percent=4 resource=Polymers row=resource sitting=station_rows_30 station=9702 stock=9272 supply_desired=10000 supply_target=9272 target=10000 t=39193588 id=274
[mod] [SMRTK] SMRTK_DUMP calls=0 capacity=240000 demand_desired=230000 demand_target=229680 drones=true errors=0 game_time=39193588 hub=none hub_role=none hub_room=none hub_stock=none mode=balanced percent=4 resource=Coffee row=resource sitting=station_rows_30 station=9702 stock=10320 supply_desired=10000 supply_target=10320 target=10000 t=39193588 id=275
[SMRTK] SMRTK_DUMP calls=0 capacity=240000 demand_desired=230000 demand_target=229680 drones=true errors=0 game_time=39193588 hub=none hub_role=none hub_room=none hub_stock=none mode=balanced percent=4 resource=Coffee row=resource sitting=station_rows_30 station=9702 stock=10320 supply_desired=10000 supply_target=10320 target=10000 t=39193588 id=275
[mod] [SMRTK] SMRTK_DUMP calls=0 capacity=240000 demand_desired=230000 demand_target=229511 drones=true errors=0 game_time=39193588 hub=none hub_role=none hub_room=none hub_stock=none mode=balanced percent=4 resource=MachineParts row=resource sitting=station_rows_30 station=9702 stock=10489 supply_desired=10000 supply_target=10489 target=10000 t=39193588 id=276
[SMRTK] SMRTK_DUMP calls=0 capacity=240000 demand_desired=230000 demand_target=229511 drones=true errors=0 game_time=39193588 hub=none hub_role=none hub_room=none hub_stock=none mode=balanced percent=4 resource=MachineParts row=resource sitting=station_rows_30 station=9702 stock=10489 supply_desired=10000 supply_target=10489 target=10000 t=39193588 id=276
[mod] [SMRTK] SMRTK_DUMP calls=0 capacity=240000 demand_desired=230000 demand_target=229599 drones=true errors=0 game_time=39193588 hub=none hub_role=none hub_room=none hub_stock=none mode=balanced percent=4 resource=Electronics row=resource sitting=station_rows_30 station=9702 stock=10401 supply_desired=10000 supply_target=10401 target=10000 t=39193588 id=277
[SMRTK] SMRTK_DUMP calls=0 capacity=240000 demand_desired=230000 demand_target=229599 drones=true errors=0 game_time=39193588 hub=none hub_role=none hub_room=none hub_stock=none mode=balanced percent=4 resource=Electronics row=resource sitting=station_rows_30 station=9702 stock=10401 supply_desired=10000 supply_target=10401 target=10000 t=39193588 id=277
[mod] [SMRTK] SMRTK_DUMP calls=0 capacity=240000 demand_desired=230000 demand_target=230123 drones=true errors=0 game_time=39193588 hub=none hub_role=none hub_room=none hub_stock=none mode=balanced percent=4 resource=Meat row=resource sitting=station_rows_30 station=9702 stock=9877 supply_desired=10000 supply_target=9877 target=10000 t=39193588 id=278
[SMRTK] SMRTK_DUMP calls=0 capacity=240000 demand_desired=230000 demand_target=230123 drones=true errors=0 game_time=39193588 hub=none hub_role=none hub_room=none hub_stock=none mode=balanced percent=4 resource=Meat row=resource sitting=station_rows_30 station=9702 stock=9877 supply_desired=10000 supply_target=9877 target=10000 t=39193588 id=278
[mod] [SMRTK] SMRTK_DUMP calls=0 capacity=240000 demand_desired=230000 demand_target=229332 drones=true errors=0 game_time=39193588 hub=none hub_role=none hub_room=none hub_stock=none mode=balanced percent=4 resource=Fuel row=resource sitting=station_rows_30 station=9702 stock=10668 supply_desired=10000 supply_target=10668 target=10000 t=39193588 id=279
[SMRTK] SMRTK_DUMP calls=0 capacity=240000 demand_desired=230000 demand_target=229332 drones=true errors=0 game_time=39193588 hub=none hub_role=none hub_room=none hub_stock=none mode=balanced percent=4 resource=Fuel row=resource sitting=station_rows_30 station=9702 stock=10668 supply_desired=10000 supply_target=10668 target=10000 t=39193588 id=279
[mod] [SMRTK] SMRTK_DUMP calls=0 capacity=240000 demand_desired=230000 demand_target=229399 drones=true errors=0 game_time=39193588 hub=none hub_role=none hub_room=none hub_stock=none mode=balanced percent=4 resource=Seeds row=resource sitting=station_rows_30 station=9702 stock=10601 supply_desired=10000 supply_target=10601 target=10000 t=39193588 id=280
[SMRTK] SMRTK_DUMP calls=0 capacity=240000 demand_desired=230000 demand_target=229399 drones=true errors=0 game_time=39193588 hub=none hub_role=none hub_room=none hub_stock=none mode=balanced percent=4 resource=Seeds row=resource sitting=station_rows_30 station=9702 stock=10601 supply_desired=10000 supply_target=10601 target=10000 t=39193588 id=280
						Lua 0:19:33:465
[mod] [SMRTK] SMRTK_DUMP calls=0 capacity=240000 demand_desired=230000 demand_target=109000 drones=true errors=0 game_time=39193588 hub=none hub_role=none hub_room=none hub_stock=none mode=balanced percent=4 resource=WasteRock row=resource sitting=station_rows_30 station=9702 stock=131000 supply_desired=10000 supply_target=131000 target=10000 t=39193588 id=281
[SMRTK] SMRTK_DUMP calls=0 capacity=240000 demand_desired=230000 demand_target=109000 drones=true errors=0 game_time=39193588 hub=none hub_role=none hub_room=none hub_stock=none mode=balanced percent=4 resource=WasteRock row=resource sitting=station_rows_30 station=9702 stock=131000 supply_desired=10000 supply_target=131000 target=10000 t=39193588 id=281
[mod] [SMRTK] SMRTK_DUMP command=LoadTrain metals=0 row=train sitting=station_rows_30 station=9702 train=2000003078 t=39193588 id=282
[SMRTK] SMRTK_DUMP command=LoadTrain metals=0 row=train sitting=station_rows_30 station=9702 train=2000003078 t=39193588 id=282
[mod] [SMRTK] SMRTK_DUMP command=GotoStation metals=0 row=train sitting=station_rows_30 station=9041 train=2000003402 t=39193588 id=283
[SMRTK] SMRTK_DUMP command=GotoStation metals=0 row=train sitting=station_rows_30 station=9041 train=2000003402 t=39193588 id=283
[mod] [SMRTK] SMRTK_ACTION action=slot_4 calls=0 capacity=240000 demand_desired=240000 demand_target=120941 drones=true errors=0 game_time=39193588 hub=none hub_role=none hub_room=none hub_stock=none mark=684 mode=import percent=50 resource=Metals station=9702 status=OK stock=119059 supply_desired=0 supply_target=119059 target=120000 t=39193588 id=284
[SMRTK] SMRTK_ACTION action=slot_4 calls=0 capacity=240000 demand_desired=240000 demand_target=120941 drones=true errors=0 game_time=39193588 hub=none hub_role=none hub_room=none hub_stock=none mark=684 mode=import percent=50 resource=Metals station=9702 status=OK stock=119059 supply_desired=0 supply_target=119059 target=120000 t=39193588 id=284
						Lua 0:19:42:458
[TrainHubDev] lights: arm 0, flanks the reactor (red flank) = B2 "Deep blue wash" (SpotLight), 12 lights, engine bearing 0 deg
						Lua 0:19:42:459
[TrainHubDev] lights: arm 1, flanks the reactor (blue flank) = B2 "Deep blue wash" (SpotLight), 12 lights, engine bearing 60 deg
[TrainHubDev] lights: arm 2, next to the blue flank = B2 "Deep blue wash" (SpotLight), 12 lights, engine bearing 120 deg
[TrainHubDev] lights: arm 3, opposite the red flank = B2 "Deep blue wash" (SpotLight), 12 lights, engine bearing 180 deg
						Lua 0:19:42:460
[TrainHubDev] lights: arm 4, opposite the blue flank = B2 "Deep blue wash" (SpotLight), 12 lights, engine bearing 240 deg
[TrainHubDev] lights: arm 5, next to the red flank = B2 "Deep blue wash" (SpotLight), 12 lights, engine bearing 300 deg
[TrainHubDev] lights: arm tune intensity 50, side 150 cm, height 200 cm, radius 500 cm, cone 50/100, colour 0,40,255
[TrainHubDev] structure lights: portal rims ON, 30 lights (intensity 4, radius 350 cm)
[TrainHubDev] structure lights: drone pit kerb OFF, 0 lights (intensity 15, radius 300 cm)
[TrainHubDev] structure lights: ring rim strip OFF, 0 lights (intensity 12, radius 400 cm)
						Lua 0:19:42:461
[TrainHubDev] structure lights: floor edge strip OFF, 0 lights (intensity 30, radius 300 cm)
[TrainHubDev] structure lights: crown floor light ON, 0 lights (intensity 150, radius 4000 cm)
[TrainHubDev] structure lights: crown floor light follows the VANILLA night schedule (OnMsg.LightmodelChange -> map.NightLightsState, NightLightObjects.lua:250-259, :22 on build 1.1.0.403908); it is DAY now, so it is NOT PLACED -- hanging at z 1900 cm, colour 255,214,170, cone 0/0
[TrainHubDev] structure lights: under-deck fill ON, 0 lights (intensity 40, radius 1200 cm)
[TrainHubDev] structure lights: under-deck fill follows the VANILLA night schedule (OnMsg.LightmodelChange -> map.NightLightsState, NightLightObjects.lua:250-259, :22 on build 1.1.0.403908); it is DAY now, so it is NOT PLACED -- hanging at z 700 cm, colour 255,214,170, cone 0/0
[TrainHubDev] lights: 102 placed (72 arm + 30 structure); a stopped hub destroys them all
[TrainHubDev] lights: arm 0, flanks the reactor (red flank) = B2 "Deep blue wash" (SpotLight), 12 lights, engine bearing 0 deg
						Lua 0:19:42:462
[TrainHubDev] lights: arm 1, flanks the reactor (blue flank) = B2 "Deep blue wash" (SpotLight), 12 lights, engine bearing 60 deg
[TrainHubDev] lights: arm 2, next to the blue flank = B2 "Deep blue wash" (SpotLight), 12 lights, engine bearing 120 deg
[TrainHubDev] lights: arm 3, opposite the red flank = B2 "Deep blue wash" (SpotLight), 12 lights, engine bearing 180 deg
						Lua 0:19:42:463
[TrainHubDev] lights: arm 4, opposite the blue flank = B2 "Deep blue wash" (SpotLight), 12 lights, engine bearing 240 deg
[TrainHubDev] lights: arm 5, next to the red flank = B2 "Deep blue wash" (SpotLight), 12 lights, engine bearing 300 deg
[TrainHubDev] lights: arm tune intensity 50, side 150 cm, height 200 cm, radius 500 cm, cone 50/100, colour 0,40,255
[TrainHubDev] structure lights: portal rims ON, 30 lights (intensity 4, radius 350 cm)
[TrainHubDev] structure lights: drone pit kerb OFF, 0 lights (intensity 15, radius 300 cm)
[TrainHubDev] structure lights: ring rim strip OFF, 0 lights (intensity 12, radius 400 cm)
[TrainHubDev] structure lights: floor edge strip OFF, 0 lights (intensity 30, radius 300 cm)
[TrainHubDev] structure lights: crown floor light ON, 0 lights (intensity 150, radius 4000 cm)
[TrainHubDev] structure lights: crown floor light follows the VANILLA night schedule (OnMsg.LightmodelChange -> map.NightLightsState, NightLightObjects.lua:250-259, :22 on build 1.1.0.403908); it is DAY now, so it is NOT PLACED -- hanging at z 1900 cm, colour 255,214,170, cone 0/0
[TrainHubDev] structure lights: under-deck fill ON, 0 lights (intensity 40, radius 1200 cm)
[TrainHubDev] structure lights: under-deck fill follows the VANILLA night schedule (OnMsg.LightmodelChange -> map.NightLightsState, NightLightObjects.lua:250-259, :22 on build 1.1.0.403908); it is DAY now, so it is NOT PLACED -- hanging at z 700 cm, colour 255,214,170, cone 0/0
[TrainHubDev] lights: 102 placed (72 arm + 30 structure); a stopped hub destroys them all
						Lua 0:19:43:436
[mod] [SMRTest] console enable requested (flag set, no overlay) — press Enter (or Alt-Shift-C) once in a colony
[SMRTest] console enable requested (flag set, no overlay) — press Enter (or Alt-Shift-C) once in a colony
						Lua 0:19:43:446
[mod] [SMRTK] SMRTK_SHORTCUT console=true key=Ctrl-Shift-F11 t=39193588 id=285
						Lua 0:19:44:304
[mod] [SMRTK] SMRTK_SECTION action=section_attach attached=true dialog=ipBuilding object=SMROptInElevatorDepotDev(9036) status=OK t=39193588 id=286
						Lua 0:19:53:603
[mod] [SMRTK] SMRTK_SECTION action=section_attach attached=true dialog=ipBuilding object=StationSmall(2007) status=OK t=39193588 id=287
						Lua 0:20:02:299
[mod] [SMRTK] SMRTK_MARK action=mark label=STATION_ROWS_READ mark=744 status=OK t=39193588 id=288
[SMRTK] SMRTK_MARK action=mark label=STATION_ROWS_READ mark=744 status=OK t=39193588 id=288
[mod] [SMRTK] SMRTK_FINGERPRINT action=fingerprint fix_pack_present=45/45 game=406343 mark_action=mark mods=SMR_CommunityFixPack,SMR_CommunityFixPackTestKit,SMR_CommunityOptInPack,SMR_ElevatorStationDev_20260929,SMR_TrainHubDev_20260918 pack_version=26 read="live registry" save=SMRTK_A.sav sol=55 status=OK t=39193588 id=289
[SMRTK] SMRTK_FINGERPRINT action=fingerprint fix_pack_present=45/45 game=406343 mark_action=mark mods=SMR_CommunityFixPack,SMR_CommunityFixPackTestKit,SMR_CommunityOptInPack,SMR_ElevatorStationDev_20260929,SMR_TrainHubDev_20260918 pack_version=26 read="live registry" save=SMRTK_A.sav sol=55 status=OK t=39193588 id=289
[mod] [SMRTK] SMRTK_DUMP calls=0 capacity=120000 demand_desired=110000 demand_target=110000 drones=true errors=0 game_time=39193588 hub=6430 hub_role="serving hub" hub_room=3332000 hub_stock=668000 mode=balanced percent=8 resource=Herbs row=resource sitting=station_rows_30 station=2007 stock=10000 supply_desired=10000 supply_target=10000 target=10000 t=39193588 id=290
[SMRTK] SMRTK_DUMP calls=0 capacity=120000 demand_desired=110000 demand_target=110000 drones=true errors=0 game_time=39193588 hub=6430 hub_role="serving hub" hub_room=3332000 hub_stock=668000 mode=balanced percent=8 resource=Herbs row=resource sitting=station_rows_30 station=2007 stock=10000 supply_desired=10000 supply_target=10000 target=10000 t=39193588 id=290
[mod] [SMRTK] SMRTK_DUMP calls=0 capacity=120000 demand_desired=0 demand_target=0 drones=true errors=0 game_time=39193588 hub=6430 hub_role="serving hub" hub_room=200 hub_stock=3999800 mode=export percent=9 resource=Metals row=resource sitting=station_rows_30 station=2007 stock=120000 supply_desired=120000 supply_target=120000 target=10800 t=39193588 id=291
[SMRTK] SMRTK_DUMP calls=0 capacity=120000 demand_desired=0 demand_target=0 drones=true errors=0 game_time=39193588 hub=6430 hub_role="serving hub" hub_room=200 hub_stock=3999800 mode=export percent=9 resource=Metals row=resource sitting=station_rows_30 station=2007 stock=120000 supply_desired=120000 supply_target=120000 target=10800 t=39193588 id=291
[mod] [SMRTK] SMRTK_DUMP calls=0 capacity=120000 demand_desired=110000 demand_target=110000 drones=true errors=0 game_time=39193588 hub=6430 hub_role="serving hub" hub_room=2009000 hub_stock=1991000 mode=balanced percent=8 resource=Concrete row=resource sitting=station_rows_30 station=2007 stock=10000 supply_desired=10000 supply_target=10000 target=10000 t=39193588 id=292
[SMRTK] SMRTK_DUMP calls=0 capacity=120000 demand_desired=110000 demand_target=110000 drones=true errors=0 game_time=39193588 hub=6430 hub_role="serving hub" hub_room=2009000 hub_stock=1991000 mode=balanced percent=8 resource=Concrete row=resource sitting=station_rows_30 station=2007 stock=10000 supply_desired=10000 supply_target=10000 target=10000 t=39193588 id=292
[mod] [SMRTK] SMRTK_DUMP calls=0 capacity=120000 demand_desired=110000 demand_target=110000 drones=true errors=0 game_time=39193588 hub=6430 hub_role="serving hub" hub_room=3403000 hub_stock=597000 mode=balanced percent=8 resource=Spices row=resource sitting=station_rows_30 station=2007 stock=10000 supply_desired=10000 supply_target=10000 target=10000 t=39193588 id=293
[SMRTK] SMRTK_DUMP calls=0 capacity=120000 demand_desired=110000 demand_target=110000 drones=true errors=0 game_time=39193588 hub=6430 hub_role="serving hub" hub_room=3403000 hub_stock=597000 mode=balanced percent=8 resource=Spices row=resource sitting=station_rows_30 station=2007 stock=10000 supply_desired=10000 supply_target=10000 target=10000 t=39193588 id=293
[mod] [SMRTK] SMRTK_DUMP calls=0 capacity=120000 demand_desired=110000 demand_target=110000 drones=true errors=0 game_time=39193588 hub=6430 hub_role="serving hub" hub_room=3285000 hub_stock=715000 mode=balanced percent=8 resource=Food row=resource sitting=station_rows_30 station=2007 stock=10000 supply_desired=10000 supply_target=10000 target=10000 t=39193588 id=294
[SMRTK] SMRTK_DUMP calls=0 capacity=120000 demand_desired=110000 demand_target=110000 drones=true errors=0 game_time=39193588 hub=6430 hub_role="serving hub" hub_room=3285000 hub_stock=715000 mode=balanced percent=8 resource=Food row=resource sitting=station_rows_30 station=2007 stock=10000 supply_desired=10000 supply_target=10000 target=10000 t=39193588 id=294
[mod] [SMRTK] SMRTK_DUMP calls=0 capacity=120000 demand_desired=110000 demand_target=110000 drones=true errors=0 game_time=39193588 hub=6430 hub_role="serving hub" hub_room=3326000 hub_stock=674000 mode=balanced percent=8 resource=Sugar row=resource sitting=station_rows_30 station=2007 stock=10000 supply_desired=10000 supply_target=10000 target=10000 t=39193588 id=295
[SMRTK] SMRTK_DUMP calls=0 capacity=120000 demand_desired=110000 demand_target=110000 drones=true errors=0 game_time=39193588 hub=6430 hub_role="serving hub" hub_room=3326000 hub_stock=674000 mode=balanced percent=8 resource=Sugar row=resource sitting=station_rows_30 station=2007 stock=10000 supply_desired=10000 supply_target=10000 target=10000 t=39193588 id=295
[mod] [SMRTK] SMRTK_DUMP calls=0 capacity=120000 demand_desired=110000 demand_target=110000 drones=true errors=0 game_time=39193588 hub=6430 hub_role="serving hub" hub_room=3433000 hub_stock=567000 mode=balanced percent=8 resource=Butter row=resource sitting=station_rows_30 station=2007 stock=10000 supply_desired=10000 supply_target=10000 target=10000 t=39193588 id=296
[SMRTK] SMRTK_DUMP calls=0 capacity=120000 demand_desired=110000 demand_target=110000 drones=true errors=0 game_time=39193588 hub=6430 hub_role="serving hub" hub_room=3433000 hub_stock=567000 mode=balanced percent=8 resource=Butter row=resource sitting=station_rows_30 station=2007 stock=10000 supply_desired=10000 supply_target=10000 target=10000 t=39193588 id=296
[mod] [SMRTK] SMRTK_DUMP calls=0 capacity=120000 demand_desired=110000 demand_target=110000 drones=true errors=0 game_time=39193588 hub=6430 hub_role="serving hub" hub_room=2106000 hub_stock=1894000 mode=balanced percent=8 resource=PreciousMetals row=resource sitting=station_rows_30 station=2007 stock=10000 supply_desired=10000 supply_target=10000 target=10000 t=39193588 id=297
[SMRTK] SMRTK_DUMP calls=0 capacity=120000 demand_desired=110000 demand_target=110000 drones=true errors=0 game_time=39193588 hub=6430 hub_role="serving hub" hub_room=2106000 hub_stock=1894000 mode=balanced percent=8 resource=PreciousMetals row=resource sitting=station_rows_30 station=2007 stock=10000 supply_desired=10000 supply_target=10000 target=10000 t=39193588 id=297
[mod] [SMRTK] SMRTK_DUMP calls=0 capacity=120000 demand_desired=110000 demand_target=110000 drones=true errors=0 game_time=39193588 hub=6430 hub_role="serving hub" hub_room=3448000 hub_stock=552000 mode=balanced percent=8 resource=Bread row=resource sitting=station_rows_30 station=2007 stock=10000 supply_desired=10000 supply_target=10000 target=10000 t=39193588 id=298
[SMRTK] SMRTK_DUMP calls=0 capacity=120000 demand_desired=110000 demand_target=110000 drones=true errors=0 game_time=39193588 hub=6430 hub_role="serving hub" hub_room=3448000 hub_stock=552000 mode=balanced percent=8 resource=Bread row=resource sitting=station_rows_30 station=2007 stock=10000 supply_desired=10000 supply_target=10000 target=10000 t=39193588 id=298
[mod] [SMRTK] SMRTK_DUMP calls=0 capacity=120000 demand_desired=110000 demand_target=110000 drones=true errors=0 game_time=39193588 hub=6430 hub_role="serving hub" hub_room=2222000 hub_stock=1778000 mode=balanced percent=8 resource=PreciousMinerals row=resource sitting=station_rows_30 station=2007 stock=10000 supply_desired=10000 supply_target=10000 target=10000 t=39193588 id=299
[SMRTK] SMRTK_DUMP calls=0 capacity=120000 demand_desired=110000 demand_target=110000 drones=true errors=0 game_time=39193588 hub=6430 hub_role="serving hub" hub_room=2222000 hub_stock=1778000 mode=balanced percent=8 resource=PreciousMinerals row=resource sitting=station_rows_30 station=2007 stock=10000 supply_desired=10000 supply_target=10000 target=10000 t=39193588 id=299
						Lua 0:20:02:300
[mod] [SMRTK] SMRTK_DUMP calls=0 capacity=120000 demand_desired=110000 demand_target=110000 drones=true errors=0 game_time=39193588 hub=6430 hub_role="serving hub" hub_room=3378000 hub_stock=622000 mode=balanced percent=8 resource=Cheese row=resource sitting=station_rows_30 station=2007 stock=10000 supply_desired=10000 supply_target=10000 target=10000 t=39193588 id=300
[SMRTK] SMRTK_DUMP calls=0 capacity=120000 demand_desired=110000 demand_target=110000 drones=true errors=0 game_time=39193588 hub=6430 hub_role="serving hub" hub_room=3378000 hub_stock=622000 mode=balanced percent=8 resource=Cheese row=resource sitting=station_rows_30 station=2007 stock=10000 supply_desired=10000 supply_target=10000 target=10000 t=39193588 id=300
[mod] [SMRTK] SMRTK_DUMP calls=0 capacity=120000 demand_desired=110000 demand_target=110000 drones=true errors=0 game_time=39193588 hub=6430 hub_role="serving hub" hub_room=2251000 hub_stock=1749000 mode=balanced percent=8 resource=Polymers row=resource sitting=station_rows_30 station=2007 stock=10000 supply_desired=10000 supply_target=10000 target=10000 t=39193588 id=301
[SMRTK] SMRTK_DUMP calls=0 capacity=120000 demand_desired=110000 demand_target=110000 drones=true errors=0 game_time=39193588 hub=6430 hub_role="serving hub" hub_room=2251000 hub_stock=1749000 mode=balanced percent=8 resource=Polymers row=resource sitting=station_rows_30 station=2007 stock=10000 supply_desired=10000 supply_target=10000 target=10000 t=39193588 id=301
[mod] [SMRTK] SMRTK_DUMP calls=0 capacity=120000 demand_desired=110000 demand_target=110000 drones=true errors=0 game_time=39193588 hub=6430 hub_role="serving hub" hub_room=3378000 hub_stock=622000 mode=balanced percent=8 resource=Coffee row=resource sitting=station_rows_30 station=2007 stock=10000 supply_desired=10000 supply_target=10000 target=10000 t=39193588 id=302
[SMRTK] SMRTK_DUMP calls=0 capacity=120000 demand_desired=110000 demand_target=110000 drones=true errors=0 game_time=39193588 hub=6430 hub_role="serving hub" hub_room=3378000 hub_stock=622000 mode=balanced percent=8 resource=Coffee row=resource sitting=station_rows_30 station=2007 stock=10000 supply_desired=10000 supply_target=10000 target=10000 t=39193588 id=302
[mod] [SMRTK] SMRTK_DUMP calls=0 capacity=120000 demand_desired=110000 demand_target=110100 drones=true errors=0 game_time=39193588 hub=6430 hub_role="serving hub" hub_room=2193000 hub_stock=1807000 mode=balanced percent=8 resource=MachineParts row=resource sitting=station_rows_30 station=2007 stock=9900 supply_desired=10000 supply_target=9900 target=10000 t=39193588 id=303
[SMRTK] SMRTK_DUMP calls=0 capacity=120000 demand_desired=110000 demand_target=110100 drones=true errors=0 game_time=39193588 hub=6430 hub_role="serving hub" hub_room=2193000 hub_stock=1807000 mode=balanced percent=8 resource=MachineParts row=resource sitting=station_rows_30 station=2007 stock=9900 supply_desired=10000 supply_target=9900 target=10000 t=39193588 id=303
[mod] [SMRTK] SMRTK_DUMP calls=0 capacity=120000 demand_desired=110000 demand_target=110000 drones=true errors=0 game_time=39193588 hub=6430 hub_role="serving hub" hub_room=2329200 hub_stock=1670800 mode=balanced percent=8 resource=Electronics row=resource sitting=station_rows_30 station=2007 stock=10000 supply_desired=10000 supply_target=10000 target=10000 t=39193588 id=304
[SMRTK] SMRTK_DUMP calls=0 capacity=120000 demand_desired=110000 demand_target=110000 drones=true errors=0 game_time=39193588 hub=6430 hub_role="serving hub" hub_room=2329200 hub_stock=1670800 mode=balanced percent=8 resource=Electronics row=resource sitting=station_rows_30 station=2007 stock=10000 supply_desired=10000 supply_target=10000 target=10000 t=39193588 id=304
[mod] [SMRTK] SMRTK_DUMP calls=0 capacity=120000 demand_desired=110000 demand_target=110000 drones=true errors=0 game_time=39193588 hub=6430 hub_role="serving hub" hub_room=3436000 hub_stock=564000 mode=balanced percent=8 resource=Meat row=resource sitting=station_rows_30 station=2007 stock=10000 supply_desired=10000 supply_target=10000 target=10000 t=39193588 id=305
[SMRTK] SMRTK_DUMP calls=0 capacity=120000 demand_desired=110000 demand_target=110000 drones=true errors=0 game_time=39193588 hub=6430 hub_role="serving hub" hub_room=3436000 hub_stock=564000 mode=balanced percent=8 resource=Meat row=resource sitting=station_rows_30 station=2007 stock=10000 supply_desired=10000 supply_target=10000 target=10000 t=39193588 id=305
[mod] [SMRTK] SMRTK_DUMP calls=0 capacity=120000 demand_desired=110000 demand_target=110000 drones=true errors=0 game_time=39193588 hub=6430 hub_role="serving hub" hub_room=2221000 hub_stock=1779000 mode=balanced percent=8 resource=Fuel row=resource sitting=station_rows_30 station=2007 stock=10000 supply_desired=10000 supply_target=10000 target=10000 t=39193588 id=306
[SMRTK] SMRTK_DUMP calls=0 capacity=120000 demand_desired=110000 demand_target=110000 drones=true errors=0 game_time=39193588 hub=6430 hub_role="serving hub" hub_room=2221000 hub_stock=1779000 mode=balanced percent=8 resource=Fuel row=resource sitting=station_rows_30 station=2007 stock=10000 supply_desired=10000 supply_target=10000 target=10000 t=39193588 id=306
[mod] [SMRTK] SMRTK_DUMP calls=0 capacity=120000 demand_desired=110000 demand_target=110000 drones=true errors=0 game_time=39193588 hub=6430 hub_role="serving hub" hub_room=2214000 hub_stock=1786000 mode=balanced percent=8 resource=Seeds row=resource sitting=station_rows_30 station=2007 stock=10000 supply_desired=10000 supply_target=10000 target=10000 t=39193588 id=307
[SMRTK] SMRTK_DUMP calls=0 capacity=120000 demand_desired=110000 demand_target=110000 drones=true errors=0 game_time=39193588 hub=6430 hub_role="serving hub" hub_room=2214000 hub_stock=1786000 mode=balanced percent=8 resource=Seeds row=resource sitting=station_rows_30 station=2007 stock=10000 supply_desired=10000 supply_target=10000 target=10000 t=39193588 id=307
[mod] [SMRTK] SMRTK_DUMP calls=0 capacity=120000 demand_desired=110000 demand_target=110000 drones=true errors=0 game_time=39193588 hub=6430 hub_role="serving hub" hub_room=1758000 hub_stock=2242000 mode=balanced percent=8 resource=WasteRock row=resource sitting=station_rows_30 station=2007 stock=10000 supply_desired=10000 supply_target=10000 target=10000 t=39193588 id=308
[SMRTK] SMRTK_DUMP calls=0 capacity=120000 demand_desired=110000 demand_target=110000 drones=true errors=0 game_time=39193588 hub=6430 hub_role="serving hub" hub_room=1758000 hub_stock=2242000 mode=balanced percent=8 resource=WasteRock row=resource sitting=station_rows_30 station=2007 stock=10000 supply_desired=10000 supply_target=10000 target=10000 t=39193588 id=308
[mod] [SMRTK] SMRTK_DUMP command=LoadTrain metals=0 row=train sitting=station_rows_30 station=2011 train=2000001845 t=39193588 id=309
[SMRTK] SMRTK_DUMP command=LoadTrain metals=0 row=train sitting=station_rows_30 station=2011 train=2000001845 t=39193588 id=309
[mod] [SMRTK] SMRTK_DUMP command=GotoStation metals=0 row=train sitting=station_rows_30 station=10835 train=2000001850 t=39193588 id=310
[SMRTK] SMRTK_DUMP command=GotoStation metals=0 row=train sitting=station_rows_30 station=10835 train=2000001850 t=39193588 id=310
[mod] [SMRTK] SMRTK_DUMP command=GotoStation metals=0 row=train sitting=station_rows_30 station=2011 train=2000001851 t=39193588 id=311
[SMRTK] SMRTK_DUMP command=GotoStation metals=0 row=train sitting=station_rows_30 station=2011 train=2000001851 t=39193588 id=311
[mod] [SMRTK] SMRTK_DUMP command=false metals=0 row=train sitting=station_rows_30 station=7873 train=2000002658 t=39193588 id=312
[SMRTK] SMRTK_DUMP command=false metals=0 row=train sitting=station_rows_30 station=7873 train=2000002658 t=39193588 id=312
[mod] [SMRTK] SMRTK_DUMP command=GotoStation metals=0 row=train sitting=station_rows_30 station=6430 train=2000003739 t=39193588 id=313
[SMRTK] SMRTK_DUMP command=GotoStation metals=0 row=train sitting=station_rows_30 station=6430 train=2000003739 t=39193588 id=313
[mod] [SMRTK] SMRTK_ACTION action=slot_4 calls=0 capacity=120000 demand_desired=0 demand_target=0 drones=true errors=0 game_time=39193588 hub=6430 hub_role="serving hub" hub_room=200 hub_stock=3999800 mark=744 mode=export percent=9 resource=Metals station=2007 status=OK stock=120000 supply_desired=120000 supply_target=120000 target=10800 t=39193588 id=314
[SMRTK] SMRTK_ACTION action=slot_4 calls=0 capacity=120000 demand_desired=0 demand_target=0 drones=true errors=0 game_time=39193588 hub=6430 hub_role="serving hub" hub_room=200 hub_stock=3999800 mark=744 mode=export percent=9 resource=Metals station=2007 status=OK stock=120000 supply_desired=120000 supply_target=120000 target=10800 t=39193588 id=314
						Lua 0:20:12:022
[mod] [SMRTK] SMRTK_COPY action=copy flushed=true from=744 lines=27 status=OK truncated=false t=39193588 id=315
[SMRTK] SMRTK_COPY action=copy flushed=true from=744 lines=27 status=OK truncated=false t=39193588 id=315
						Lua 0:20:25:095
[mod] [SMRTest] console enable requested (flag set, no overlay) — press Enter (or Alt-Shift-C) once in a colony
[SMRTest] console enable requested (flag set, no overlay) — press Enter (or Alt-Shift-C) once in a colony
						Lua 0:20:25:105
[mod] [SMRTK] SMRTK_SHORTCUT console=true key=Ctrl-Shift-F11 t=39193588 id=316
						Lua 0:20:27:913
[mod] [SMRTest] console enable requested (flag set, no overlay) — press Enter (or Alt-Shift-C) once in a colony
[SMRTest] console enable requested (flag set, no overlay) — press Enter (or Alt-Shift-C) once in a colony
						Lua 0:20:27:924
[mod] [SMRTK] SMRTK_SHORTCUT console=true key=Ctrl-Shift-F11 t=39193588 id=317
						Lua 0:20:32:540
[mod] [SMRTK] SMRTK_SECTION action=section_attach attached=true dialog=ipBuilding object=SMROptInElevatorDepotDev(9036) status=OK t=39193588 id=318
						Lua 0:20:37:273
[ElevatorDepotDev] pair formed: surface 9036 underground 9041 rows Concrete=to_underground,Electronics=to_underground,Food=to_surface,MachineParts=to_underground,Metals=to_surface,Polymers=to_underground,PreciousMetals=to_surface,Sugar=to_surface
						Lua 0:20:40:483
[ElevatorDepotDev] cabin arrived underground (leg 139) delivered none still aboard none
						Lua 0:20:40:485
[ElevatorDepotDev] cabin departed up (leg 140) loaded none aboard none arrives in 60 min
						Lua 0:20:42:192
[ElevatorDepotDev] half gone: surface 9036 survivor 9041 cargo delivered none stockpiled none
						Lua 0:20:42:210
[mod] [SMRTK] SMRTK_SECTION action=section_attach attached=true dialog=ipBuilding object=SMROptInElevatorDepotDev(9036) status=OK t=39218588 id=319
						Lua 0:20:42:272
[ElevatorDepotDev] no pair: surface none underground 9041
						Lua 0:20:45:481
[mod] [SMRTest] console enable requested (flag set, no overlay) — press Enter (or Alt-Shift-C) once in a colony
[SMRTest] console enable requested (flag set, no overlay) — press Enter (or Alt-Shift-C) once in a colony
						Lua 0:20:45:491
[mod] [SMRTK] SMRTK_SHORTCUT console=true key=Ctrl-Shift-F11 t=39235043 id=320
						Lua 0:20:45:839
[mod] [SMRTK] SMRTK_SECTION action=section_attach attached=true dialog=ipBuilding object=SMROptInElevatorDepotDev(9041) status=OK t=39236773 id=321
						Lua 0:20:47:935
[mod] [SMRTK] SMRTK_PANEL action=panel_toggle open=false status=OK tab=Agent t=39247318 id=322
						Lua 0:21:24:024
Stop sequence Mystery 9 - Update Mystery Log : Finished						Lua 0:21:42:475
[mod] [SMRTK] SMRTK_PANEL action=panel_toggle open=true status=OK tab=Agent t=39432018 id=323
						Lua 0:21:44:301
[mod] [SMRTK] SMRTK_TAB action=tab_Saves page=Saves status=OK t=39432018 id=324
						Lua 0:21:45:680
Load Game: 
	lua_revision: 406343 (last saved with) 
	orig_lua_revision: 403908 (created with) 
	assets_revision: 33225 

	dlcs: norman, thomas 

	mods: SMR_CommunityOptInPack, SMR_CommunityFixPackTestKit, SMR_CommunityFixPack, SMR_TrainHubDev_20260918, SMR_RailShaftDev_20260923, SMR_SaveBufferFix, SMR_ElevatorStationDev_20260929, SMR_TrainHubPrototype_20260918 
						Lua 0:21:45:681
[mod] [SMRTK] SMRTK_CONSOLE_ARM enabled=true hook=ChangeMap t=39432018 id=325
[SMRTK] SMRTK_CONSOLE_ARM enabled=true hook=ChangeMap t=39432018 id=325
						Lua 0:21:45:717
[mod] [SMRTK] SMRTK_CONSOLE_ARM enabled=true hook=ChangeMap t=39432018 id=326
[SMRTK] SMRTK_CONSOLE_ARM enabled=true hook=ChangeMap t=39432018 id=326
						Lua 0:21:46:630
[mod] [SMRTK] SMRTK_SHORTCUT console=false key=Ctrl-Shift-F11 t=0 id=327
						Lua 0:21:48:494
[mod] [SMRTK] SMRTK_CONSOLE_ARM enabled=true hook=PreLoadGame t=0 id=328
[SMRTK] SMRTK_CONSOLE_ARM enabled=true hook=PreLoadGame t=0 id=328
						Lua 0:21:50:607
[mod] [CommunityFixPack] SilentHitMomentFX: restored 2 missing hit-moment tracker(s) on load
[mod] [SMRTest] console enable requested (flag set, no overlay) — press Enter (or Alt-Shift-C) once in a colony
[SMRTest] console enable requested (flag set, no overlay) — press Enter (or Alt-Shift-C) once in a colony
						Lua 0:21:50:608
[TrainHubDev] reactor palette: channel 1 = 18,32,78 roughness 0 metallic 0
[TrainHubDev] reactor palette: channel 2 = 18,32,78 roughness 0 metallic 0
[TrainHubDev] reactor palette: channel 3 = 200,205,210 roughness -90 metallic 110
[TrainHubDev] reactor palette: P4 "navy + steel on 3 and 4", 3 of 4 channels written on the attached copy only (vanilla's own per-object call; no material is restyled)
[TrainHubDev] lights: arm 0, flanks the reactor (red flank) = B2 "Deep blue wash" (SpotLight), 12 lights, engine bearing 0 deg
						Lua 0:21:50:609
[TrainHubDev] lights: arm 1, flanks the reactor (blue flank) = B2 "Deep blue wash" (SpotLight), 12 lights, engine bearing 60 deg
[TrainHubDev] lights: arm 2, next to the blue flank = B2 "Deep blue wash" (SpotLight), 12 lights, engine bearing 120 deg
[TrainHubDev] lights: arm 3, opposite the red flank = B2 "Deep blue wash" (SpotLight), 12 lights, engine bearing 180 deg
						Lua 0:21:50:610
[TrainHubDev] lights: arm 4, opposite the blue flank = B2 "Deep blue wash" (SpotLight), 12 lights, engine bearing 240 deg
[TrainHubDev] lights: arm 5, next to the red flank = B2 "Deep blue wash" (SpotLight), 12 lights, engine bearing 300 deg
[TrainHubDev] lights: arm tune intensity 50, side 150 cm, height 200 cm, radius 500 cm, cone 50/100, colour 0,40,255
[TrainHubDev] structure lights: portal rims ON, 30 lights (intensity 4, radius 350 cm)
[TrainHubDev] structure lights: drone pit kerb OFF, 0 lights (intensity 15, radius 300 cm)
[TrainHubDev] structure lights: ring rim strip OFF, 0 lights (intensity 12, radius 400 cm)
[TrainHubDev] structure lights: floor edge strip OFF, 0 lights (intensity 30, radius 300 cm)
						Lua 0:21:50:611
[TrainHubDev] structure lights: crown floor light ON, 1 lights (intensity 150, radius 4000 cm)
[TrainHubDev] structure lights: crown floor light follows the VANILLA night schedule (OnMsg.LightmodelChange -> map.NightLightsState, NightLightObjects.lua:250-259, :22 on build 1.1.0.403908); it is NIGHT now, so it is LIT -- hanging at z 1900 cm, colour 255,214,170, cone 0/0
[TrainHubDev] structure lights: under-deck fill ON, 18 lights (intensity 40, radius 1200 cm)
[TrainHubDev] structure lights: under-deck fill follows the VANILLA night schedule (OnMsg.LightmodelChange -> map.NightLightsState, NightLightObjects.lua:250-259, :22 on build 1.1.0.403908); it is NIGHT now, so it is LIT -- hanging at z 700 cm, colour 255,214,170, cone 0/0
[TrainHubDev] lights: 121 placed (72 arm + 49 structure); a stopped hub destroys them all
						Lua 0:21:50:679
[TrainHubDev] reactor palette: channel 1 = 18,32,78 roughness 0 metallic 0
[TrainHubDev] reactor palette: channel 2 = 18,32,78 roughness 0 metallic 0
[TrainHubDev] reactor palette: channel 3 = 200,205,210 roughness -90 metallic 110
[TrainHubDev] reactor palette: P4 "navy + steel on 3 and 4", 3 of 4 channels written on the attached copy only (vanilla's own per-object call; no material is restyled)
[TrainHubDev] lights: arm 0, flanks the reactor (red flank) = B2 "Deep blue wash" (SpotLight), 12 lights, engine bearing 0 deg
[TrainHubDev] lights: arm 1, flanks the reactor (blue flank) = B2 "Deep blue wash" (SpotLight), 12 lights, engine bearing 60 deg
						Lua 0:21:50:680
[TrainHubDev] lights: arm 2, next to the blue flank = B2 "Deep blue wash" (SpotLight), 12 lights, engine bearing 120 deg
[TrainHubDev] lights: arm 3, opposite the red flank = B2 "Deep blue wash" (SpotLight), 12 lights, engine bearing 180 deg
						Lua 0:21:50:681
[TrainHubDev] lights: arm 4, opposite the blue flank = B2 "Deep blue wash" (SpotLight), 12 lights, engine bearing 240 deg
[TrainHubDev] lights: arm 5, next to the red flank = B2 "Deep blue wash" (SpotLight), 12 lights, engine bearing 300 deg
[TrainHubDev] lights: arm tune intensity 50, side 150 cm, height 200 cm, radius 500 cm, cone 50/100, colour 0,40,255
[TrainHubDev] structure lights: portal rims ON, 30 lights (intensity 4, radius 350 cm)
[TrainHubDev] structure lights: drone pit kerb OFF, 0 lights (intensity 15, radius 300 cm)
[TrainHubDev] structure lights: ring rim strip OFF, 0 lights (intensity 12, radius 400 cm)
[TrainHubDev] structure lights: floor edge strip OFF, 0 lights (intensity 30, radius 300 cm)
[TrainHubDev] structure lights: crown floor light ON, 1 lights (intensity 150, radius 4000 cm)
[TrainHubDev] structure lights: crown floor light follows the VANILLA night schedule (OnMsg.LightmodelChange -> map.NightLightsState, NightLightObjects.lua:250-259, :22 on build 1.1.0.403908); it is NIGHT now, so it is LIT -- hanging at z 1900 cm, colour 255,214,170, cone 0/0
						Lua 0:21:50:682
[TrainHubDev] structure lights: under-deck fill ON, 18 lights (intensity 40, radius 1200 cm)
[TrainHubDev] structure lights: under-deck fill follows the VANILLA night schedule (OnMsg.LightmodelChange -> map.NightLightsState, NightLightObjects.lua:250-259, :22 on build 1.1.0.403908); it is NIGHT now, so it is LIT -- hanging at z 700 cm, colour 255,214,170, cone 0/0
[TrainHubDev] lights: 121 placed (72 arm + 49 structure); a stopped hub destroys them all
						Lua 0:21:50:762
[ElevatorDepotDev] dressed table: 00000169089FCA58 env=Surface elevator=true tunnel=false cabin=true ropes=0 scale=75 receiver=false signs=0 cabin_hide_below=-635 palette=2
[ElevatorDepotDev] dressed table: 000001690F650360 env=Underground elevator=true tunnel=false cabin=true ropes=4 scale=75 receiver=true signs=0 cabin_hide_below=-635 palette=7
						Lua 0:21:50:858
game_settings:
    sponsor: SpaceY
    profile: politician
    founding_faction: UnitedColonistFront
    rival_colonies: NASA, Brazil, paradox
    mystery_random: 
    game_rules: (none)
more_game_settings: save_game_id: IsDKXg6Ddmz3wE5g, mystery: UnitedEarthMystery, coordinates: 15N179E, landing_spot: , logo: SpaceY
map_conditions: altitude: -3699, temperature: -43, cold_wave: 109, dust_devils: 39, dust_storm: 0, meteors: 37
map_resources: concrete: 243, metals: 147, precious_metals: 147, water: 147
						Lua 0:21:51:016
[mod] [CommunityFixPack] GhostPowerCells: maps=2 cleared=0 tunnel_skipped=38 shape_protected=0 reconnected=0 retry_failed=0 unbuilt_skipped=0 map_failed=0 elapsed_ms=122
						Lua 0:21:51:017
[mod] [CommunityFixPack] UniversalDepotSeedsToggle: load pass updated the resource toggles on 0 Universal Depot(s)
[mod] [CommunityFixPack] SaveSanitizer: F95 astrogeologist-residue pass removed 0 modifier(s), left 0 unidentified
						Lua 0:21:51:018
Game Loaded in 5338 ms
[mod] [SMRTK] SMRTK_PROVENANCE actions=87 last=tab_Saves last_id=245 present=true session=1790952195:63725105:12011700:95995522 t=39193588 id=329
[SMRTK] SMRTK_PROVENANCE actions=87 last=tab_Saves last_id=245 present=true session=1790952195:63725105:12011700:95995522 t=39193588 id=329
						Lua 0:21:51:028
[mod] [SMRTK] SMRTK_SHORTCUT console=true key=Ctrl-Shift-F11 t=39193588 id=330
						Lua 0:21:51:050
[mod] [SMRTK] SMRTK_SECTION action=section_attach attached=true dialog=ipBuilding object=StationBig(9702) status=OK t=39193588 id=331
						Lua 0:21:51:055
[mod] [SMRTK] SMRTK_DOCK action=dock_attach attached=true route="idBottom sibling" status=OK surface=one-toggle+tasks t=39193588 id=332
						Lua 0:21:51:057
[mod] [SMRTest] console enable requested (flag set, no overlay) — press Enter (or Alt-Shift-C) once in a colony
[SMRTest] console enable requested (flag set, no overlay) — press Enter (or Alt-Shift-C) once in a colony
						Lua 0:21:51:193
[mod] [SMRTK] SMRTK_SHORTCUT console=true key=Ctrl-Shift-F11 t=39193588 id=333
						Lua 0:21:51:488
Game loaded on map BlankUnderground_01 in 5960 ms
[mod] [SMRTK] SMRTK_LOAD action=load_A name=SMRTK_A.sav override=false session=1790952195:63725105:12011700:95995522 slot=A status=OK t=39193588 id=334
[SMRTK] SMRTK_LOAD action=load_A name=SMRTK_A.sav override=false session=1790952195:63725105:12011700:95995522 slot=A status=OK t=39193588 id=334
						Lua 0:21:51:795
[mod] [SMRTK] SMRTK_PANEL_RESTORE open=true tab=Saves t=39193588 id=335
						Lua 0:21:52:793
[mod] [SMRTest] console enable requested (flag set, no overlay) — press Enter (or Alt-Shift-C) once in a colony
[SMRTest] console enable requested (flag set, no overlay) — press Enter (or Alt-Shift-C) once in a colony
[mod] [SMRTest] console enable requested (flag set, no overlay) — press Enter (or Alt-Shift-C) once in a colony
[SMRTest] console enable requested (flag set, no overlay) — press Enter (or Alt-Shift-C) once in a colony
[mod] [SMRTest] console enable requested (flag set, no overlay) — press Enter (or Alt-Shift-C) once in a colony
[SMRTest] console enable requested (flag set, no overlay) — press Enter (or Alt-Shift-C) once in a colony
						Lua 0:21:52:804
[mod] [SMRTK] SMRTK_SHORTCUT console=true key=Ctrl-Shift-F11 t=39193588 id=336
						Lua 0:22:09:691
[TrainHubDev] lights: arm 0, flanks the reactor (red flank) = B2 "Deep blue wash" (SpotLight), 12 lights, engine bearing 0 deg
						Lua 0:22:09:692
[TrainHubDev] lights: arm 1, flanks the reactor (blue flank) = B2 "Deep blue wash" (SpotLight), 12 lights, engine bearing 60 deg
[TrainHubDev] lights: arm 2, next to the blue flank = B2 "Deep blue wash" (SpotLight), 12 lights, engine bearing 120 deg
[TrainHubDev] lights: arm 3, opposite the red flank = B2 "Deep blue wash" (SpotLight), 12 lights, engine bearing 180 deg
						Lua 0:22:09:693
[TrainHubDev] lights: arm 4, opposite the blue flank = B2 "Deep blue wash" (SpotLight), 12 lights, engine bearing 240 deg
[TrainHubDev] lights: arm 5, next to the red flank = B2 "Deep blue wash" (SpotLight), 12 lights, engine bearing 300 deg
[TrainHubDev] lights: arm tune intensity 50, side 150 cm, height 200 cm, radius 500 cm, cone 50/100, colour 0,40,255
						Lua 0:22:09:694
[TrainHubDev] structure lights: portal rims ON, 30 lights (intensity 4, radius 350 cm)
[TrainHubDev] structure lights: drone pit kerb OFF, 0 lights (intensity 15, radius 300 cm)
[TrainHubDev] structure lights: ring rim strip OFF, 0 lights (intensity 12, radius 400 cm)
[TrainHubDev] structure lights: floor edge strip OFF, 0 lights (intensity 30, radius 300 cm)
[TrainHubDev] structure lights: crown floor light ON, 0 lights (intensity 150, radius 4000 cm)
[TrainHubDev] structure lights: crown floor light follows the VANILLA night schedule (OnMsg.LightmodelChange -> map.NightLightsState, NightLightObjects.lua:250-259, :22 on build 1.1.0.403908); it is DAY now, so it is NOT PLACED -- hanging at z 1900 cm, colour 255,214,170, cone 0/0
[TrainHubDev] structure lights: under-deck fill ON, 0 lights (intensity 40, radius 1200 cm)
[TrainHubDev] structure lights: under-deck fill follows the VANILLA night schedule (OnMsg.LightmodelChange -> map.NightLightsState, NightLightObjects.lua:250-259, :22 on build 1.1.0.403908); it is DAY now, so it is NOT PLACED -- hanging at z 700 cm, colour 255,214,170, cone 0/0
[TrainHubDev] lights: 102 placed (72 arm + 30 structure); a stopped hub destroys them all
[TrainHubDev] lights: arm 0, flanks the reactor (red flank) = B2 "Deep blue wash" (SpotLight), 12 lights, engine bearing 0 deg
						Lua 0:22:09:695
[TrainHubDev] lights: arm 1, flanks the reactor (blue flank) = B2 "Deep blue wash" (SpotLight), 12 lights, engine bearing 60 deg
[TrainHubDev] lights: arm 2, next to the blue flank = B2 "Deep blue wash" (SpotLight), 12 lights, engine bearing 120 deg
[TrainHubDev] lights: arm 3, opposite the red flank = B2 "Deep blue wash" (SpotLight), 12 lights, engine bearing 180 deg
						Lua 0:22:09:696
[TrainHubDev] lights: arm 4, opposite the blue flank = B2 "Deep blue wash" (SpotLight), 12 lights, engine bearing 240 deg
[TrainHubDev] lights: arm 5, next to the red flank = B2 "Deep blue wash" (SpotLight), 12 lights, engine bearing 300 deg
[TrainHubDev] lights: arm tune intensity 50, side 150 cm, height 200 cm, radius 500 cm, cone 50/100, colour 0,40,255
						Lua 0:22:09:697
[TrainHubDev] structure lights: portal rims ON, 30 lights (intensity 4, radius 350 cm)
[TrainHubDev] structure lights: drone pit kerb OFF, 0 lights (intensity 15, radius 300 cm)
[TrainHubDev] structure lights: ring rim strip OFF, 0 lights (intensity 12, radius 400 cm)
[TrainHubDev] structure lights: floor edge strip OFF, 0 lights (intensity 30, radius 300 cm)
[TrainHubDev] structure lights: crown floor light ON, 0 lights (intensity 150, radius 4000 cm)
[TrainHubDev] structure lights: crown floor light follows the VANILLA night schedule (OnMsg.LightmodelChange -> map.NightLightsState, NightLightObjects.lua:250-259, :22 on build 1.1.0.403908); it is DAY now, so it is NOT PLACED -- hanging at z 1900 cm, colour 255,214,170, cone 0/0
[TrainHubDev] structure lights: under-deck fill ON, 0 lights (intensity 40, radius 1200 cm)
[TrainHubDev] structure lights: under-deck fill follows the VANILLA night schedule (OnMsg.LightmodelChange -> map.NightLightsState, NightLightObjects.lua:250-259, :22 on build 1.1.0.403908); it is DAY now, so it is NOT PLACED -- hanging at z 700 cm, colour 255,214,170, cone 0/0
[TrainHubDev] lights: 102 placed (72 arm + 30 structure); a stopped hub destroys them all
						Lua 0:22:10:670
[mod] [SMRTest] console enable requested (flag set, no overlay) — press Enter (or Alt-Shift-C) once in a colony
[SMRTest] console enable requested (flag set, no overlay) — press Enter (or Alt-Shift-C) once in a colony
						Lua 0:22:10:681
[mod] [SMRTK] SMRTK_SHORTCUT console=true key=Ctrl-Shift-F11 t=39193588 id=337
						Lua 0:22:16:295
[mod] [SMRTK] SMRTK_SECTION action=section_attach attached=true dialog=ipBuilding object=SMROptInElevatorDepotDev(9036) status=OK t=39193588 id=338
						Lua 0:22:18:153
[mod] [SMRTK] SMRTK_TAB action=tab_Agent page=Agent status=OK t=39193588 id=339
						Lua 0:22:19:137
[mod] [SMRTK] SMRTK_MARK action=mark label=DEPOT_PAIR_READ mark=884 status=OK t=39193588 id=340
[SMRTK] SMRTK_MARK action=mark label=DEPOT_PAIR_READ mark=884 status=OK t=39193588 id=340
[mod] [SMRTK] SMRTK_FINGERPRINT action=fingerprint fix_pack_present=45/45 game=406343 mark_action=mark mods=SMR_CommunityFixPack,SMR_CommunityFixPackTestKit,SMR_CommunityOptInPack,SMR_ElevatorStationDev_20260929,SMR_TrainHubDev_20260918 pack_version=26 read="live registry" save=SMRTK_A.sav sol=55 status=OK t=39193588 id=341
[SMRTK] SMRTK_FINGERPRINT action=fingerprint fix_pack_present=45/45 game=406343 mark_action=mark mods=SMR_CommunityFixPack,SMR_CommunityFixPackTestKit,SMR_CommunityOptInPack,SMR_ElevatorStationDev_20260929,SMR_TrainHubDev_20260918 pack_version=26 read="live registry" save=SMRTK_A.sav sol=55 status=OK t=39193588 id=341
						Lua 0:22:19:138
[ElevatorDepotDev] pair surface=9036 underground=9041 extras=0 cabin=down legs=138 ends_in_min=33 aboard=none capacity=42 leg_min=60 pause_min=0 words=station follows=true
[ElevatorDepotDev]   half Surface 9036 working=true drone_access=off controllers=3 registered=153 drones_busy=0 twin=9041 rows=set here
[ElevatorDepotDev]   half Underground 9041 working=true drone_access=off controllers=2 registered=102 drones_busy=0 twin=9036 rows=read-only
[ElevatorDepotDev]   row BlackCube    state=to_underground surface=gather   underground=hand_out target=8%(dial) u_panel=- stock_s=-1 stock_u=-1 vanilla_s=OFF/default vanilla_u=OFF/default
[ElevatorDepotDev]   row MysteryResource state=to_underground surface=gather   underground=hand_out target=8%(dial) u_panel=- stock_s=-1 stock_u=-1 vanilla_s=OFF/default vanilla_u=OFF/default
[ElevatorDepotDev]   row Herbs        state=to_underground surface=gather   underground=hand_out target=8%(dial) u_panel=down,Import(surface says down) stock_s=9564 stock_u=120000 vanilla_s=on/send vanilla_u=on/accept
[ElevatorDepotDev]   row Metals       state=to_surface     surface=hand_out underground=gather   target=21% u_panel=up,Export(surface says up) stock_s=120000 stock_u=166 vanilla_s=on/accept vanilla_u=on/send
[ElevatorDepotDev]   row Concrete     state=to_underground surface=gather   underground=hand_out target=21% u_panel=down,Import(surface says down) stock_s=24614 stock_u=120000 vanilla_s=on/send vanilla_u=on/accept
[ElevatorDepotDev]   row Spices       state=to_underground surface=gather   underground=hand_out target=8%(dial) u_panel=down,Import(surface says down) stock_s=9359 stock_u=120000 vanilla_s=on/send vanilla_u=on/accept
[ElevatorDepotDev]   row Food         state=to_surface     surface=hand_out underground=gather   target=0% u_panel=up,Export(surface says up) stock_s=697 stock_u=0 vanilla_s=on/accept vanilla_u=on/send
[ElevatorDepotDev]   row Sugar        state=to_surface     surface=hand_out underground=gather   target=0% u_panel=up,Export(surface says up) stock_s=187 stock_u=0 vanilla_s=on/accept vanilla_u=on/send
[ElevatorDepotDev]   row Butter       state=to_underground surface=gather   underground=hand_out target=8%(dial) u_panel=down,Import(surface says down) stock_s=9484 stock_u=120000 vanilla_s=on/send vanilla_u=on/accept
[ElevatorDepotDev]   row PreciousMetals state=to_surface     surface=hand_out underground=gather   target=8%(dial) u_panel=up,Export(surface says up) stock_s=10454 stock_u=0 vanilla_s=on/accept vanilla_u=on/send
[ElevatorDepotDev]   row Bread        state=to_underground surface=gather   underground=hand_out target=8%(dial) u_panel=down,Import(surface says down) stock_s=9442 stock_u=120000 vanilla_s=on/send vanilla_u=on/accept
[ElevatorDepotDev]   row PreciousMinerals state=to_underground surface=gather   underground=hand_out target=8%(dial) u_panel=down,Import(surface says down) stock_s=9307 stock_u=120000 vanilla_s=on/send vanilla_u=on/accept
[ElevatorDepotDev]   row Cheese       state=to_underground surface=gather   underground=hand_out target=8%(dial) u_panel=down,Import(surface says down) stock_s=8908 stock_u=120000 vanilla_s=on/send vanilla_u=on/accept
[ElevatorDepotDev]   row Polymers     state=to_underground surface=gather   underground=hand_out target=8%(dial) u_panel=down,Import(surface says down) stock_s=8951 stock_u=120000 vanilla_s=on/send vanilla_u=on/accept
[ElevatorDepotDev]   row Coffee       state=to_underground surface=gather   underground=hand_out target=8%(dial) u_panel=down,Import(surface says down) stock_s=8780 stock_u=120000 vanilla_s=on/send vanilla_u=on/accept
[ElevatorDepotDev]   row MachineParts state=to_underground surface=gather   underground=hand_out target=8%(dial) u_panel=down,Import(surface says down) stock_s=8726 stock_u=120000 vanilla_s=on/send vanilla_u=on/accept
[ElevatorDepotDev]   row Electronics  state=to_underground surface=gather   underground=hand_out target=8%(dial) u_panel=down,Import(surface says down) stock_s=9344 stock_u=120000 vanilla_s=on/send vanilla_u=on/accept
[ElevatorDepotDev]   row Meat         state=to_underground surface=gather   underground=hand_out target=8%(dial) u_panel=down,Import(surface says down) stock_s=6280 stock_u=120000 vanilla_s=on/send vanilla_u=on/accept
[ElevatorDepotDev]   row Fuel         state=to_underground surface=gather   underground=hand_out target=8%(dial) u_panel=down,Import(surface says down) stock_s=1598 stock_u=120000 vanilla_s=on/send vanilla_u=on/accept
[ElevatorDepotDev]   row Seeds        state=to_underground surface=gather   underground=hand_out target=8%(dial) u_panel=down,Import(surface says down) stock_s=0 stock_u=113842 vanilla_s=on/send vanilla_u=on/accept
[ElevatorDepotDev]   row WasteRock    state=to_underground surface=gather   underground=hand_out target=8%(dial) u_panel=down,Import(surface says down) stock_s=9000 stock_u=120000 vanilla_s=on/send vanilla_u=on/accept
[ElevatorDepotDev] underground panel: 19 rows match the surface setting, 0 differ; read-only copy current
[mod] [SMRTK] SMRTK_DUMP controllers=3 drone_access=off drones_busy=0 enabled=true flow=hand_out half=9036 map=Surface registered=153 row=Metals state=to_surface stock_tenths=1200 word=export working=true t=39193588 id=342
[SMRTK] SMRTK_DUMP controllers=3 drone_access=off drones_busy=0 enabled=true flow=hand_out half=9036 map=Surface registered=153 row=Metals state=to_surface stock_tenths=1200 word=export working=true t=39193588 id=342
[mod] [SMRTK] SMRTK_DUMP controllers=2 drone_access=off drones_busy=0 enabled=true flow=gather half=9041 map=Underground registered=102 row=Metals state=to_surface stock_tenths=2 word=export working=true t=39193588 id=343
[SMRTK] SMRTK_DUMP controllers=2 drone_access=off drones_busy=0 enabled=true flow=gather half=9041 map=Underground registered=102 row=Metals state=to_surface stock_tenths=2 word=export working=true t=39193588 id=343
						Lua 0:22:19:139
[mod] [SMRTK] SMRTK_ACTION aboard_metals_tenths=0 action=slot_scratch cabin=down copy=current errors=0 extras=0 game_time=39193588 legs=138 mark=884 status=OK surface=9036 underground=9041 underground_panel=matches t=39193588 id=344
[SMRTK] SMRTK_ACTION aboard_metals_tenths=0 action=slot_scratch cabin=down copy=current errors=0 extras=0 game_time=39193588 legs=138 mark=884 status=OK surface=9036 underground=9041 underground_panel=matches t=39193588 id=344
						Lua 0:22:25:676
[ElevatorDepotDev] pair formed: surface 9036 underground 9041 rows Concrete=to_underground,Electronics=to_underground,Food=to_surface,MachineParts=to_underground,Metals=to_surface,Polymers=to_underground,PreciousMetals=to_surface,Sugar=to_surface
						Lua 0:22:28:885
[ElevatorDepotDev] cabin arrived underground (leg 139) delivered none still aboard none
						Lua 0:22:28:888
[ElevatorDepotDev] cabin departed up (leg 140) loaded none aboard none arrives in 60 min
						Lua 0:22:30:596
[ElevatorDepotDev] half gone: surface 9036 survivor 9041 cargo delivered none stockpiled none
						Lua 0:22:30:613
[mod] [SMRTK] SMRTK_SECTION action=section_attach attached=true dialog=ipBuilding object=SMROptInElevatorDepotDev(9036) status=OK t=39218588 id=345
						Lua 0:22:30:677
[ElevatorDepotDev] no pair: surface none underground 9041
						Lua 0:22:39:279
[mod] [SMRTest] console enable requested (flag set, no overlay) — press Enter (or Alt-Shift-C) once in a colony
[SMRTest] console enable requested (flag set, no overlay) — press Enter (or Alt-Shift-C) once in a colony
						Lua 0:22:39:290
[mod] [SMRTK] SMRTK_SHORTCUT console=true key=Ctrl-Shift-F11 t=39236664 id=346
						Lua 0:22:39:450
[mod] [SMRTK] SMRTK_SECTION action=section_attach attached=true dialog=ipBuilding object=SMROptInElevatorDepotDev(9041) status=OK t=39236824 id=347
						Lua 0:24:01:107
[mod] [SMRTK] SMRTK_MARK action=mark label=DEPOT_HALF_READ mark=923 status=OK t=39279344 id=348
[SMRTK] SMRTK_MARK action=mark label=DEPOT_HALF_READ mark=923 status=OK t=39279344 id=348
[mod] [SMRTK] SMRTK_FINGERPRINT action=fingerprint fix_pack_present=45/45 game=406343 mark_action=mark mods=SMR_CommunityFixPack,SMR_CommunityFixPackTestKit,SMR_CommunityOptInPack,SMR_ElevatorStationDev_20260929,SMR_TrainHubDev_20260918 pack_version=26 read="live registry" save=SMRTK_A.sav sol=55 status=OK t=39279344 id=349
[SMRTK] SMRTK_FINGERPRINT action=fingerprint fix_pack_present=45/45 game=406343 mark_action=mark mods=SMR_CommunityFixPack,SMR_CommunityFixPackTestKit,SMR_CommunityOptInPack,SMR_ElevatorStationDev_20260929,SMR_TrainHubDev_20260918 pack_version=26 read="live registry" save=SMRTK_A.sav sol=55 status=OK t=39279344 id=349
						Lua 0:24:01:108
[mod] [SMRTK] SMRTK_ACTION action=slot_3 controllers=2 drone_access=off drones_busy=0 enabled=true flow=plain half=9041 map=Underground mark=923 registered=0 row=Metals state=to_surface status=OK stock_tenths=2 target_percent=21 target_set=true title_word=export twin=none word=export working=true t=39279344 id=350
[SMRTK] SMRTK_ACTION action=slot_3 controllers=2 drone_access=off drones_busy=0 enabled=true flow=plain half=9041 map=Underground mark=923 registered=0 row=Metals state=to_surface status=OK stock_tenths=2 target_percent=21 target_set=true title_word=export twin=none word=export working=true t=39279344 id=350
						Lua 0:24:10:455
[mod] [SMRTK] SMRTK_MARK action=mark label=DEPOT_PAIR_READ mark=926 status=OK t=39279344 id=351
[SMRTK] SMRTK_MARK action=mark label=DEPOT_PAIR_READ mark=926 status=OK t=39279344 id=351
[mod] [SMRTK] SMRTK_FINGERPRINT action=fingerprint fix_pack_present=45/45 game=406343 mark_action=mark mods=SMR_CommunityFixPack,SMR_CommunityFixPackTestKit,SMR_CommunityOptInPack,SMR_ElevatorStationDev_20260929,SMR_TrainHubDev_20260918 pack_version=26 read="live registry" save=SMRTK_A.sav sol=55 status=OK t=39279344 id=352
[SMRTK] SMRTK_FINGERPRINT action=fingerprint fix_pack_present=45/45 game=406343 mark_action=mark mods=SMR_CommunityFixPack,SMR_CommunityFixPackTestKit,SMR_CommunityOptInPack,SMR_ElevatorStationDev_20260929,SMR_TrainHubDev_20260918 pack_version=26 read="live registry" save=SMRTK_A.sav sol=55 status=OK t=39279344 id=352
[ElevatorDepotDev] pair surface=none underground=9041 extras=0 cabin=none legs=0 ends_in_min=0 aboard=none capacity=42 leg_min=60 pause_min=0 words=station follows=true
[ElevatorDepotDev]   half Underground 9041 working=true drone_access=off controllers=2 registered=0 drones_busy=0 twin=none rows=read-only
[ElevatorDepotDev]   row BlackCube    state=to_underground surface=-        underground=plain    target=8%(dial) u_panel=- stock_s=-1 stock_u=-1 vanilla_s=- vanilla_u=OFF/default
[ElevatorDepotDev]   row MysteryResource state=to_underground surface=-        underground=plain    target=8%(dial) u_panel=- stock_s=-1 stock_u=-1 vanilla_s=- vanilla_u=OFF/default
[ElevatorDepotDev]   row Herbs        state=to_underground surface=-        underground=plain    target=8%(dial) u_panel=- stock_s=-1 stock_u=120000 vanilla_s=- vanilla_u=on/default
[ElevatorDepotDev]   row Metals       state=to_surface     surface=-        underground=plain    target=21% u_panel=- stock_s=-1 stock_u=166 vanilla_s=- vanilla_u=on/default
[ElevatorDepotDev]   row Concrete     state=to_underground surface=-        underground=plain    target=21% u_panel=- stock_s=-1 stock_u=120000 vanilla_s=- vanilla_u=on/default
[ElevatorDepotDev]   row Spices       state=to_underground surface=-        underground=plain    target=8%(dial) u_panel=- stock_s=-1 stock_u=120000 vanilla_s=- vanilla_u=on/default
[ElevatorDepotDev]   row Food         state=to_surface     surface=-        underground=plain    target=0% u_panel=- stock_s=-1 stock_u=0 vanilla_s=- vanilla_u=on/default
[ElevatorDepotDev]   row Sugar        state=to_surface     surface=-        underground=plain    target=0% u_panel=- stock_s=-1 stock_u=0 vanilla_s=- vanilla_u=on/default
[ElevatorDepotDev]   row Butter       state=to_underground surface=-        underground=plain    target=8%(dial) u_panel=- stock_s=-1 stock_u=120000 vanilla_s=- vanilla_u=on/default
[ElevatorDepotDev]   row PreciousMetals state=to_surface     surface=-        underground=plain    target=8%(dial) u_panel=- stock_s=-1 stock_u=0 vanilla_s=- vanilla_u=on/default
[ElevatorDepotDev]   row Bread        state=to_underground surface=-        underground=plain    target=8%(dial) u_panel=- stock_s=-1 stock_u=120000 vanilla_s=- vanilla_u=on/default
[ElevatorDepotDev]   row PreciousMinerals state=to_underground surface=-        underground=plain    target=8%(dial) u_panel=- stock_s=-1 stock_u=120000 vanilla_s=- vanilla_u=on/default
[ElevatorDepotDev]   row Cheese       state=to_underground surface=-        underground=plain    target=8%(dial) u_panel=- stock_s=-1 stock_u=120000 vanilla_s=- vanilla_u=on/default
[ElevatorDepotDev]   row Polymers     state=to_underground surface=-        underground=plain    target=8%(dial) u_panel=- stock_s=-1 stock_u=120000 vanilla_s=- vanilla_u=on/default
[ElevatorDepotDev]   row Coffee       state=to_underground surface=-        underground=plain    target=8%(dial) u_panel=- stock_s=-1 stock_u=120000 vanilla_s=- vanilla_u=on/default
[ElevatorDepotDev]   row MachineParts state=to_underground surface=-        underground=plain    target=8%(dial) u_panel=- stock_s=-1 stock_u=120000 vanilla_s=- vanilla_u=on/default
[ElevatorDepotDev]   row Electronics  state=to_underground surface=-        underground=plain    target=8%(dial) u_panel=- stock_s=-1 stock_u=120000 vanilla_s=- vanilla_u=on/default
[ElevatorDepotDev]   row Meat         state=to_underground surface=-        underground=plain    target=8%(dial) u_panel=- stock_s=-1 stock_u=120000 vanilla_s=- vanilla_u=on/default
[ElevatorDepotDev]   row Fuel         state=to_underground surface=-        underground=plain    target=8%(dial) u_panel=- stock_s=-1 stock_u=120000 vanilla_s=- vanilla_u=on/default
[ElevatorDepotDev]   row Seeds        state=to_underground surface=-        underground=plain    target=8%(dial) u_panel=- stock_s=-1 stock_u=113842 vanilla_s=- vanilla_u=on/default
[ElevatorDepotDev]   row WasteRock    state=to_underground surface=-        underground=plain    target=8%(dial) u_panel=- stock_s=-1 stock_u=120000 vanilla_s=- vanilla_u=on/default
[mod] [SMRTK] SMRTK_ACTION aboard_metals_tenths=0 action=slot_scratch cabin=none copy="no pair" errors=0 extras=0 game_time=39279344 legs=0 mark=926 status=OK surface=none underground=none underground_panel="no pair" t=39279344 id=353
[SMRTK] SMRTK_ACTION aboard_metals_tenths=0 action=slot_scratch cabin=none copy="no pair" errors=0 extras=0 game_time=39279344 legs=0 mark=926 status=OK surface=none underground=none underground_panel="no pair" t=39279344 id=353
						Lua 0:24:21:406
[mod] [SMRTest] console enable requested (flag set, no overlay) — press Enter (or Alt-Shift-C) once in a colony
[SMRTest] console enable requested (flag set, no overlay) — press Enter (or Alt-Shift-C) once in a colony
						Lua 0:24:21:417
[mod] [SMRTK] SMRTK_SHORTCUT console=true key=Ctrl-Shift-F11 t=39279344 id=354
						Lua 0:24:26:021
[ElevatorDepotDev] cursor dressed elevator=true cabin=true scale=75 palette=2
						Lua 0:24:26:026
[mod] [SMRTK] SMRTK_SECTION action=section_attach attached=false reason="no supported actions" status=OK t=39279344 id=355
						Lua 0:24:30:564
[mod] [SMRTK] SMRTK_SECTION action=section_attach attached=true dialog=ipBuilding object=ConstructionSite(10914) status=OK t=39279344 id=356
						Lua 0:24:34:240
[TrainHubDev] lights: arm 0, flanks the reactor (red flank) = B2 "Deep blue wash" (SpotLight), 12 lights, engine bearing 0 deg
[TrainHubDev] lights: arm 1, flanks the reactor (blue flank) = B2 "Deep blue wash" (SpotLight), 12 lights, engine bearing 60 deg
[TrainHubDev] lights: arm 2, next to the blue flank = B2 "Deep blue wash" (SpotLight), 12 lights, engine bearing 120 deg
						Lua 0:24:34:241
[TrainHubDev] lights: arm 3, opposite the red flank = B2 "Deep blue wash" (SpotLight), 12 lights, engine bearing 180 deg
[TrainHubDev] lights: arm 4, opposite the blue flank = B2 "Deep blue wash" (SpotLight), 12 lights, engine bearing 240 deg
						Lua 0:24:34:242
[TrainHubDev] lights: arm 5, next to the red flank = B2 "Deep blue wash" (SpotLight), 12 lights, engine bearing 300 deg
[TrainHubDev] lights: arm tune intensity 50, side 150 cm, height 200 cm, radius 500 cm, cone 50/100, colour 0,40,255
[TrainHubDev] structure lights: portal rims ON, 30 lights (intensity 4, radius 350 cm)
[TrainHubDev] structure lights: drone pit kerb OFF, 0 lights (intensity 15, radius 300 cm)
[TrainHubDev] structure lights: ring rim strip OFF, 0 lights (intensity 12, radius 400 cm)
[TrainHubDev] structure lights: floor edge strip OFF, 0 lights (intensity 30, radius 300 cm)
[TrainHubDev] structure lights: crown floor light ON, 1 lights (intensity 150, radius 4000 cm)
[TrainHubDev] structure lights: crown floor light follows the VANILLA night schedule (OnMsg.LightmodelChange -> map.NightLightsState, NightLightObjects.lua:250-259, :22 on build 1.1.0.403908); it is NIGHT now, so it is LIT -- hanging at z 1900 cm, colour 255,214,170, cone 0/0
[TrainHubDev] structure lights: under-deck fill ON, 18 lights (intensity 40, radius 1200 cm)
[TrainHubDev] structure lights: under-deck fill follows the VANILLA night schedule (OnMsg.LightmodelChange -> map.NightLightsState, NightLightObjects.lua:250-259, :22 on build 1.1.0.403908); it is NIGHT now, so it is LIT -- hanging at z 700 cm, colour 255,214,170, cone 0/0
[TrainHubDev] lights: 121 placed (72 arm + 49 structure); a stopped hub destroys them all
						Lua 0:24:34:243
[TrainHubDev] lights: arm 0, flanks the reactor (red flank) = B2 "Deep blue wash" (SpotLight), 12 lights, engine bearing 0 deg
[TrainHubDev] lights: arm 1, flanks the reactor (blue flank) = B2 "Deep blue wash" (SpotLight), 12 lights, engine bearing 60 deg
						Lua 0:24:34:244
[TrainHubDev] lights: arm 2, next to the blue flank = B2 "Deep blue wash" (SpotLight), 12 lights, engine bearing 120 deg
[TrainHubDev] lights: arm 3, opposite the red flank = B2 "Deep blue wash" (SpotLight), 12 lights, engine bearing 180 deg
[TrainHubDev] lights: arm 4, opposite the blue flank = B2 "Deep blue wash" (SpotLight), 12 lights, engine bearing 240 deg
						Lua 0:24:34:245
[TrainHubDev] lights: arm 5, next to the red flank = B2 "Deep blue wash" (SpotLight), 12 lights, engine bearing 300 deg
[TrainHubDev] lights: arm tune intensity 50, side 150 cm, height 200 cm, radius 500 cm, cone 50/100, colour 0,40,255
[TrainHubDev] structure lights: portal rims ON, 30 lights (intensity 4, radius 350 cm)
[TrainHubDev] structure lights: drone pit kerb OFF, 0 lights (intensity 15, radius 300 cm)
[TrainHubDev] structure lights: ring rim strip OFF, 0 lights (intensity 12, radius 400 cm)
[TrainHubDev] structure lights: floor edge strip OFF, 0 lights (intensity 30, radius 300 cm)
[TrainHubDev] structure lights: crown floor light ON, 1 lights (intensity 150, radius 4000 cm)
[TrainHubDev] structure lights: crown floor light follows the VANILLA night schedule (OnMsg.LightmodelChange -> map.NightLightsState, NightLightObjects.lua:250-259, :22 on build 1.1.0.403908); it is NIGHT now, so it is LIT -- hanging at z 1900 cm, colour 255,214,170, cone 0/0
						Lua 0:24:34:246
[TrainHubDev] structure lights: under-deck fill ON, 18 lights (intensity 40, radius 1200 cm)
[TrainHubDev] structure lights: under-deck fill follows the VANILLA night schedule (OnMsg.LightmodelChange -> map.NightLightsState, NightLightObjects.lua:250-259, :22 on build 1.1.0.403908); it is NIGHT now, so it is LIT -- hanging at z 700 cm, colour 255,214,170, cone 0/0
[TrainHubDev] lights: 121 placed (72 arm + 49 structure); a stopped hub destroys them all
						Lua 0:24:39:055
[ElevatorDepotDev] dressed table: 000001690CBE4948 env=Surface elevator=true tunnel=false cabin=true ropes=0 scale=75 receiver=false signs=0 cabin_hide_below=-635 palette=2
						Lua 0:24:39:070
[ElevatorDepotDev] pair formed: surface 10915 underground 9041 rows Concrete=to_underground,Electronics=to_underground,Food=to_surface,MachineParts=to_underground,Metals=to_surface,Polymers=to_underground,PreciousMetals=to_surface,Sugar=to_surface
						Lua 0:24:49:682
[mod] [SMRTK] SMRTK_SECTION action=section_attach attached=true dialog=ipBuilding object=SMROptInElevatorDepotDev(10915) status=OK t=39316739 id=357
						Lua 0:24:54:918
[mod] [SMRTK] SMRTK_ARM action=depot_next_departure cabin=at_top cadence=250 deadline=39406739 once=true status=OK surface=10915 trigger=depot_next_departure underground=9041 t=39316739 id=358
[SMRTK] SMRTK_ARM action=depot_next_departure cabin=at_top cadence=250 deadline=39406739 once=true status=OK surface=10915 trigger=depot_next_departure underground=9041 t=39316739 id=358
[mod] [SMRTK] SMRTK_SPEED action=speed_ultra before=0 factor=128000 requested=128 status=OK t=39316739 id=359
[SMRTK] SMRTK_SPEED action=speed_ultra before=0 factor=128000 requested=128 status=OK t=39316739 id=359
[mod] [SMRTK] SMRTK_ACTION action=slot_6 autosave="re-press slot 6 after a save" cabin=at_top deadline=39406739 status=OK trigger=depot_next_departure t=39316739 id=360
[SMRTK] SMRTK_ACTION action=slot_6 autosave="re-press slot 6 after a save" cabin=at_top deadline=39406739 status=OK trigger=depot_next_departure t=39316739 id=360
						Lua 0:24:54:977
[TrainBay] fill line=6430:2009-6430-7873-10915 arm=3 pool=1 t=39320000
[TrainBay] spawn train=2000003797 hub=6430 arm=3 before=(278900, 166722, 10800) before_angle=10800 target=(278900, 166722, 10800) angle=10800 actual=(278900, 166722, 10800) actual_angle=10800 t=39320000
						Lua 0:24:55:173
[ElevatorDepotDev] cabin departed down (leg 1) loaded none aboard none arrives in 60 min
						Lua 0:24:55:202
[mod] [SMRTK] SMRTK_MARK action=mark label="Depot: the cabin's next departure" mark=998 status=OK t=39330563 id=361
[SMRTK] SMRTK_MARK action=mark label="Depot: the cabin's next departure" mark=998 status=OK t=39330563 id=361
[mod] [SMRTK] SMRTK_FINGERPRINT action=fingerprint fix_pack_present=45/45 game=406343 mark_action=mark mods=SMR_CommunityFixPack,SMR_CommunityFixPackTestKit,SMR_CommunityOptInPack,SMR_ElevatorStationDev_20260929,SMR_TrainHubDev_20260918 pack_version=26 read="live registry" save=SMRTK_A.sav sol=55 status=OK t=39330563 id=362
[SMRTK] SMRTK_FINGERPRINT action=fingerprint fix_pack_present=45/45 game=406343 mark_action=mark mods=SMR_CommunityFixPack,SMR_CommunityFixPackTestKit,SMR_CommunityOptInPack,SMR_ElevatorStationDev_20260929,SMR_TrainHubDev_20260918 pack_version=26 read="live registry" save=SMRTK_A.sav sol=55 status=OK t=39330563 id=362
						Lua 0:24:55:203
[mod] [SMRTK] SMRTK_TRIGGER aboard_Concrete=0 aboard_Metals=0 action=depot_next_departure cabin=down game_time=39330239 label="Depot: the cabin's next departure" legs=0 mark=998 pause=true s_Concrete=0 s_Metals=0 sound=true status=OK trigger=depot_next_departure u_Concrete=1200 u_Metals=2 verdict=departed t=39330563 id=363
[SMRTK] SMRTK_TRIGGER aboard_Concrete=0 aboard_Metals=0 action=depot_next_departure cabin=down game_time=39330239 label="Depot: the cabin's next departure" legs=0 mark=998 pause=true s_Concrete=0 s_Metals=0 sound=true status=OK trigger=depot_next_departure u_Concrete=1200 u_Metals=2 verdict=departed t=39330563 id=363
[mod] [SMRTK] SMRTK_DISARM action=depot_next_departure reason="trigger complete" status=OK trigger=depot_next_departure t=39330563 id=364
[SMRTK] SMRTK_DISARM action=depot_next_departure reason="trigger complete" status=OK trigger=depot_next_departure t=39330563 id=364
						Lua 0:25:00:726
[mod] [SMRTK] SMRTK_MARK action=mark label=DEPOT_PAIR_READ mark=1002 status=OK t=39330563 id=365
[SMRTK] SMRTK_MARK action=mark label=DEPOT_PAIR_READ mark=1002 status=OK t=39330563 id=365
[mod] [SMRTK] SMRTK_FINGERPRINT action=fingerprint fix_pack_present=45/45 game=406343 mark_action=mark mods=SMR_CommunityFixPack,SMR_CommunityFixPackTestKit,SMR_CommunityOptInPack,SMR_ElevatorStationDev_20260929,SMR_TrainHubDev_20260918 pack_version=26 read="live registry" save=SMRTK_A.sav sol=55 status=OK t=39330563 id=366
[SMRTK] SMRTK_FINGERPRINT action=fingerprint fix_pack_present=45/45 game=406343 mark_action=mark mods=SMR_CommunityFixPack,SMR_CommunityFixPackTestKit,SMR_CommunityOptInPack,SMR_ElevatorStationDev_20260929,SMR_TrainHubDev_20260918 pack_version=26 read="live registry" save=SMRTK_A.sav sol=55 status=OK t=39330563 id=366
[ElevatorDepotDev] pair surface=10915 underground=9041 extras=0 cabin=down legs=0 ends_in_min=59 aboard=none capacity=42 leg_min=60 pause_min=0 words=station follows=true
[ElevatorDepotDev]   half Underground 9041 working=true drone_access=off controllers=2 registered=0 drones_busy=0 twin=10915 rows=read-only
[ElevatorDepotDev]   half Surface 10915 working=true drone_access=off controllers=3 registered=0 drones_busy=0 twin=9041 rows=set here
[ElevatorDepotDev]   row BlackCube    state=to_underground surface=gather   underground=hand_out target=8%(dial) u_panel=- stock_s=-1 stock_u=-1 vanilla_s=OFF/default vanilla_u=OFF/default
[ElevatorDepotDev]   row MysteryResource state=to_underground surface=gather   underground=hand_out target=8%(dial) u_panel=- stock_s=-1 stock_u=-1 vanilla_s=OFF/default vanilla_u=OFF/default
[ElevatorDepotDev]   row Herbs        state=to_underground surface=gather   underground=hand_out target=8%(dial) u_panel=down,Import(surface says down) stock_s=0 stock_u=120000 vanilla_s=on/send vanilla_u=on/accept
[ElevatorDepotDev]   row Metals       state=to_surface     surface=hand_out underground=gather   target=21% u_panel=up,Export(surface says up) stock_s=0 stock_u=166 vanilla_s=on/accept vanilla_u=on/send
[ElevatorDepotDev]   row Concrete     state=to_underground surface=gather   underground=hand_out target=21% u_panel=down,Import(surface says down) stock_s=0 stock_u=120000 vanilla_s=on/send vanilla_u=on/accept
[ElevatorDepotDev]   row Spices       state=to_underground surface=gather   underground=hand_out target=8%(dial) u_panel=down,Import(surface says down) stock_s=0 stock_u=120000 vanilla_s=on/send vanilla_u=on/accept
[ElevatorDepotDev]   row Food         state=to_surface     surface=hand_out underground=gather   target=0% u_panel=up,Export(surface says up) stock_s=0 stock_u=0 vanilla_s=on/accept vanilla_u=on/send
[ElevatorDepotDev]   row Sugar        state=to_surface     surface=hand_out underground=gather   target=0% u_panel=up,Export(surface says up) stock_s=0 stock_u=0 vanilla_s=on/accept vanilla_u=on/send
[ElevatorDepotDev]   row Butter       state=to_underground surface=gather   underground=hand_out target=8%(dial) u_panel=down,Import(surface says down) stock_s=0 stock_u=120000 vanilla_s=on/send vanilla_u=on/accept
[ElevatorDepotDev]   row PreciousMetals state=to_surface     surface=hand_out underground=gather   target=8%(dial) u_panel=up,Export(surface says up) stock_s=0 stock_u=1000 vanilla_s=on/accept vanilla_u=on/send
[ElevatorDepotDev]   row Bread        state=to_underground surface=gather   underground=hand_out target=8%(dial) u_panel=down,Import(surface says down) stock_s=0 stock_u=120000 vanilla_s=on/send vanilla_u=on/accept
[ElevatorDepotDev]   row PreciousMinerals state=to_underground surface=gather   underground=hand_out target=8%(dial) u_panel=down,Import(surface says down) stock_s=0 stock_u=120000 vanilla_s=on/send vanilla_u=on/accept
						Lua 0:25:00:727
[ElevatorDepotDev]   row Cheese       state=to_underground surface=gather   underground=hand_out target=8%(dial) u_panel=down,Import(surface says down) stock_s=0 stock_u=120000 vanilla_s=on/send vanilla_u=on/accept
[ElevatorDepotDev]   row Polymers     state=to_underground surface=gather   underground=hand_out target=8%(dial) u_panel=down,Import(surface says down) stock_s=0 stock_u=120000 vanilla_s=on/send vanilla_u=on/accept
[ElevatorDepotDev]   row Coffee       state=to_underground surface=gather   underground=hand_out target=8%(dial) u_panel=down,Import(surface says down) stock_s=0 stock_u=120000 vanilla_s=on/send vanilla_u=on/accept
[ElevatorDepotDev]   row MachineParts state=to_underground surface=gather   underground=hand_out target=8%(dial) u_panel=down,Import(surface says down) stock_s=0 stock_u=120000 vanilla_s=on/send vanilla_u=on/accept
[ElevatorDepotDev]   row Electronics  state=to_underground surface=gather   underground=hand_out target=8%(dial) u_panel=down,Import(surface says down) stock_s=0 stock_u=120000 vanilla_s=on/send vanilla_u=on/accept
[ElevatorDepotDev]   row Meat         state=to_underground surface=gather   underground=hand_out target=8%(dial) u_panel=down,Import(surface says down) stock_s=0 stock_u=120000 vanilla_s=on/send vanilla_u=on/accept
[ElevatorDepotDev]   row Fuel         state=to_underground surface=gather   underground=hand_out target=8%(dial) u_panel=down,Import(surface says down) stock_s=0 stock_u=120000 vanilla_s=on/send vanilla_u=on/accept
[ElevatorDepotDev]   row Seeds        state=to_underground surface=gather   underground=hand_out target=8%(dial) u_panel=down,Import(surface says down) stock_s=0 stock_u=113842 vanilla_s=on/send vanilla_u=on/accept
[ElevatorDepotDev]   row WasteRock    state=to_underground surface=gather   underground=hand_out target=8%(dial) u_panel=down,Import(surface says down) stock_s=0 stock_u=120000 vanilla_s=on/send vanilla_u=on/accept
[ElevatorDepotDev] underground panel: 19 rows match the surface setting, 0 differ; read-only copy current
[mod] [SMRTK] SMRTK_DUMP controllers=3 drone_access=off drones_busy=0 enabled=true flow=hand_out half=10915 map=Surface registered=0 row=Metals state=to_surface stock_tenths=0 word=export working=true t=39330563 id=367
[SMRTK] SMRTK_DUMP controllers=3 drone_access=off drones_busy=0 enabled=true flow=hand_out half=10915 map=Surface registered=0 row=Metals state=to_surface stock_tenths=0 word=export working=true t=39330563 id=367
[mod] [SMRTK] SMRTK_DUMP controllers=2 drone_access=off drones_busy=0 enabled=true flow=gather half=9041 map=Underground registered=0 row=Metals state=to_surface stock_tenths=2 word=export working=true t=39330563 id=368
[SMRTK] SMRTK_DUMP controllers=2 drone_access=off drones_busy=0 enabled=true flow=gather half=9041 map=Underground registered=0 row=Metals state=to_surface stock_tenths=2 word=export working=true t=39330563 id=368
[mod] [SMRTK] SMRTK_ACTION aboard_metals_tenths=0 action=slot_scratch cabin=down copy=current errors=0 extras=0 game_time=39330563 legs=0 mark=1002 status=OK surface=10915 underground=9041 underground_panel=matches t=39330563 id=369
[SMRTK] SMRTK_ACTION aboard_metals_tenths=0 action=slot_scratch cabin=down copy=current errors=0 extras=0 game_time=39330563 legs=0 mark=1002 status=OK surface=10915 underground=9041 underground_panel=matches t=39330563 id=369
						Lua 0:25:09:333
[mod] [SMRTest] console enable requested (flag set, no overlay) — press Enter (or Alt-Shift-C) once in a colony
[SMRTest] console enable requested (flag set, no overlay) — press Enter (or Alt-Shift-C) once in a colony
						Lua 0:25:09:344
[mod] [SMRTK] SMRTK_SHORTCUT console=true key=Ctrl-Shift-F11 t=39330563 id=370
						Lua 0:25:09:414
[mod] [SMRTK] SMRTK_SECTION action=section_attach attached=true dialog=ipBuilding object=SMROptInElevatorDepotDev(9041) status=OK t=39330563 id=371
						Lua 0:25:44:735
[mod] [SMRTK] SMRTK_TAB action=tab_Saves page=Saves status=OK t=39330563 id=372
						Lua 0:25:46:422
Load Game: 
	lua_revision: 406343 (last saved with) 
	orig_lua_revision: 403908 (created with) 
	assets_revision: 33225 

	dlcs: norman, thomas 

	mods: SMR_CommunityOptInPack, SMR_CommunityFixPackTestKit, SMR_CommunityFixPack, SMR_TrainHubDev_20260918, SMR_RailShaftDev_20260923, SMR_SaveBufferFix, SMR_ElevatorStationDev_20260929, SMR_TrainHubPrototype_20260918 
						Lua 0:25:46:423
[mod] [SMRTK] SMRTK_CONSOLE_ARM enabled=true hook=ChangeMap t=39330563 id=373
[SMRTK] SMRTK_CONSOLE_ARM enabled=true hook=ChangeMap t=39330563 id=373
						Lua 0:25:46:453
[mod] [SMRTK] SMRTK_CONSOLE_ARM enabled=true hook=ChangeMap t=39330563 id=374
[SMRTK] SMRTK_CONSOLE_ARM enabled=true hook=ChangeMap t=39330563 id=374
						Lua 0:25:47:333
[mod] [SMRTK] SMRTK_SHORTCUT console=false key=Ctrl-Shift-F11 t=0 id=375
						Lua 0:25:49:094
[mod] [SMRTK] SMRTK_CONSOLE_ARM enabled=true hook=PreLoadGame t=0 id=376
[SMRTK] SMRTK_CONSOLE_ARM enabled=true hook=PreLoadGame t=0 id=376
						Lua 0:25:51:169
[mod] [CommunityFixPack] SilentHitMomentFX: restored 2 missing hit-moment tracker(s) on load
[mod] [SMRTest] console enable requested (flag set, no overlay) — press Enter (or Alt-Shift-C) once in a colony
[SMRTest] console enable requested (flag set, no overlay) — press Enter (or Alt-Shift-C) once in a colony
						Lua 0:25:51:170
[TrainHubDev] reactor palette: channel 1 = 18,32,78 roughness 0 metallic 0
[TrainHubDev] reactor palette: channel 2 = 18,32,78 roughness 0 metallic 0
[TrainHubDev] reactor palette: channel 3 = 200,205,210 roughness -90 metallic 110
[TrainHubDev] reactor palette: P4 "navy + steel on 3 and 4", 3 of 4 channels written on the attached copy only (vanilla's own per-object call; no material is restyled)
[TrainHubDev] lights: arm 0, flanks the reactor (red flank) = B2 "Deep blue wash" (SpotLight), 12 lights, engine bearing 0 deg
						Lua 0:25:51:171
[TrainHubDev] lights: arm 1, flanks the reactor (blue flank) = B2 "Deep blue wash" (SpotLight), 12 lights, engine bearing 60 deg
[TrainHubDev] lights: arm 2, next to the blue flank = B2 "Deep blue wash" (SpotLight), 12 lights, engine bearing 120 deg
[TrainHubDev] lights: arm 3, opposite the red flank = B2 "Deep blue wash" (SpotLight), 12 lights, engine bearing 180 deg
						Lua 0:25:51:172
[TrainHubDev] lights: arm 4, opposite the blue flank = B2 "Deep blue wash" (SpotLight), 12 lights, engine bearing 240 deg
[TrainHubDev] lights: arm 5, next to the red flank = B2 "Deep blue wash" (SpotLight), 12 lights, engine bearing 300 deg
[TrainHubDev] lights: arm tune intensity 50, side 150 cm, height 200 cm, radius 500 cm, cone 50/100, colour 0,40,255
						Lua 0:25:51:173
[TrainHubDev] structure lights: portal rims ON, 30 lights (intensity 4, radius 350 cm)
[TrainHubDev] structure lights: drone pit kerb OFF, 0 lights (intensity 15, radius 300 cm)
[TrainHubDev] structure lights: ring rim strip OFF, 0 lights (intensity 12, radius 400 cm)
[TrainHubDev] structure lights: floor edge strip OFF, 0 lights (intensity 30, radius 300 cm)
[TrainHubDev] structure lights: crown floor light ON, 1 lights (intensity 150, radius 4000 cm)
[TrainHubDev] structure lights: crown floor light follows the VANILLA night schedule (OnMsg.LightmodelChange -> map.NightLightsState, NightLightObjects.lua:250-259, :22 on build 1.1.0.403908); it is NIGHT now, so it is LIT -- hanging at z 1900 cm, colour 255,214,170, cone 0/0
[TrainHubDev] structure lights: under-deck fill ON, 18 lights (intensity 40, radius 1200 cm)
[TrainHubDev] structure lights: under-deck fill follows the VANILLA night schedule (OnMsg.LightmodelChange -> map.NightLightsState, NightLightObjects.lua:250-259, :22 on build 1.1.0.403908); it is NIGHT now, so it is LIT -- hanging at z 700 cm, colour 255,214,170, cone 0/0
[TrainHubDev] lights: 121 placed (72 arm + 49 structure); a stopped hub destroys them all
						Lua 0:25:51:243
[TrainHubDev] reactor palette: channel 1 = 18,32,78 roughness 0 metallic 0
[TrainHubDev] reactor palette: channel 2 = 18,32,78 roughness 0 metallic 0
[TrainHubDev] reactor palette: channel 3 = 200,205,210 roughness -90 metallic 110
[TrainHubDev] reactor palette: P4 "navy + steel on 3 and 4", 3 of 4 channels written on the attached copy only (vanilla's own per-object call; no material is restyled)
[TrainHubDev] lights: arm 0, flanks the reactor (red flank) = B2 "Deep blue wash" (SpotLight), 12 lights, engine bearing 0 deg
						Lua 0:25:51:244
[TrainHubDev] lights: arm 1, flanks the reactor (blue flank) = B2 "Deep blue wash" (SpotLight), 12 lights, engine bearing 60 deg
[TrainHubDev] lights: arm 2, next to the blue flank = B2 "Deep blue wash" (SpotLight), 12 lights, engine bearing 120 deg
[TrainHubDev] lights: arm 3, opposite the red flank = B2 "Deep blue wash" (SpotLight), 12 lights, engine bearing 180 deg
						Lua 0:25:51:245
[TrainHubDev] lights: arm 4, opposite the blue flank = B2 "Deep blue wash" (SpotLight), 12 lights, engine bearing 240 deg
[TrainHubDev] lights: arm 5, next to the red flank = B2 "Deep blue wash" (SpotLight), 12 lights, engine bearing 300 deg
[TrainHubDev] lights: arm tune intensity 50, side 150 cm, height 200 cm, radius 500 cm, cone 50/100, colour 0,40,255
						Lua 0:25:51:246
[TrainHubDev] structure lights: portal rims ON, 30 lights (intensity 4, radius 350 cm)
[TrainHubDev] structure lights: drone pit kerb OFF, 0 lights (intensity 15, radius 300 cm)
[TrainHubDev] structure lights: ring rim strip OFF, 0 lights (intensity 12, radius 400 cm)
[TrainHubDev] structure lights: floor edge strip OFF, 0 lights (intensity 30, radius 300 cm)
[TrainHubDev] structure lights: crown floor light ON, 1 lights (intensity 150, radius 4000 cm)
[TrainHubDev] structure lights: crown floor light follows the VANILLA night schedule (OnMsg.LightmodelChange -> map.NightLightsState, NightLightObjects.lua:250-259, :22 on build 1.1.0.403908); it is NIGHT now, so it is LIT -- hanging at z 1900 cm, colour 255,214,170, cone 0/0
[TrainHubDev] structure lights: under-deck fill ON, 18 lights (intensity 40, radius 1200 cm)
[TrainHubDev] structure lights: under-deck fill follows the VANILLA night schedule (OnMsg.LightmodelChange -> map.NightLightsState, NightLightObjects.lua:250-259, :22 on build 1.1.0.403908); it is NIGHT now, so it is LIT -- hanging at z 700 cm, colour 255,214,170, cone 0/0
[TrainHubDev] lights: 121 placed (72 arm + 49 structure); a stopped hub destroys them all
						Lua 0:25:51:325
[ElevatorDepotDev] dressed table: 0000016909325298 env=Surface elevator=true tunnel=false cabin=true ropes=0 scale=75 receiver=false signs=0 cabin_hide_below=-635 palette=2
[ElevatorDepotDev] dressed table: 000001690FAFF780 env=Underground elevator=true tunnel=false cabin=true ropes=4 scale=75 receiver=true signs=0 cabin_hide_below=-635 palette=7
						Lua 0:25:51:423
game_settings:
    sponsor: SpaceY
    profile: politician
    founding_faction: UnitedColonistFront
    rival_colonies: NASA, Brazil, paradox
    mystery_random: 
    game_rules: (none)
more_game_settings: save_game_id: IsDKXg6Ddmz3wE5g, mystery: UnitedEarthMystery, coordinates: 15N179E, landing_spot: , logo: SpaceY
map_conditions: altitude: -3699, temperature: -43, cold_wave: 109, dust_devils: 39, dust_storm: 0, meteors: 37
map_resources: concrete: 243, metals: 147, precious_metals: 147, water: 147
						Lua 0:25:51:584
[mod] [CommunityFixPack] GhostPowerCells: maps=2 cleared=0 tunnel_skipped=38 shape_protected=0 reconnected=0 retry_failed=0 unbuilt_skipped=0 map_failed=0 elapsed_ms=123
						Lua 0:25:51:585
[mod] [CommunityFixPack] UniversalDepotSeedsToggle: load pass updated the resource toggles on 0 Universal Depot(s)
[mod] [CommunityFixPack] SaveSanitizer: F95 astrogeologist-residue pass removed 0 modifier(s), left 0 unidentified
Game Loaded in 5163 ms
[mod] [SMRTK] SMRTK_PROVENANCE actions=87 last=tab_Saves last_id=245 present=true session=1790952195:63725105:12011700:95995522 t=39193588 id=377
[SMRTK] SMRTK_PROVENANCE actions=87 last=tab_Saves last_id=245 present=true session=1790952195:63725105:12011700:95995522 t=39193588 id=377
						Lua 0:25:51:597
[mod] [SMRTK] SMRTK_SHORTCUT console=true key=Ctrl-Shift-F11 t=39193588 id=378
						Lua 0:25:51:623
[mod] [SMRTK] SMRTK_SECTION action=section_attach attached=true dialog=ipBuilding object=StationBig(9702) status=OK t=39193588 id=379
						Lua 0:25:51:628
[mod] [SMRTK] SMRTK_DOCK action=dock_attach attached=true route="idBottom sibling" status=OK surface=one-toggle+tasks t=39193588 id=380
						Lua 0:25:51:630
[mod] [SMRTest] console enable requested (flag set, no overlay) — press Enter (or Alt-Shift-C) once in a colony
[SMRTest] console enable requested (flag set, no overlay) — press Enter (or Alt-Shift-C) once in a colony
						Lua 0:25:51:765
[mod] [SMRTK] SMRTK_SHORTCUT console=true key=Ctrl-Shift-F11 t=39193588 id=381
						Lua 0:25:52:047
Game loaded on map BlankUnderground_01 in 5781 ms
[mod] [SMRTK] SMRTK_LOAD action=load_A name=SMRTK_A.sav override=false session=1790952195:63725105:12011700:95995522 slot=A status=OK t=39193588 id=382
[SMRTK] SMRTK_LOAD action=load_A name=SMRTK_A.sav override=false session=1790952195:63725105:12011700:95995522 slot=A status=OK t=39193588 id=382
						Lua 0:25:52:356
[mod] [SMRTK] SMRTK_PANEL_RESTORE open=true tab=Saves t=39193588 id=383
						Lua 0:25:53:188
[mod] [SMRTK] SMRTK_COPY action=copy flushed=true from=1002 lines=89 status=OK truncated=false t=39193588 id=384
[SMRTK] SMRTK_COPY action=copy flushed=true from=1002 lines=89 status=OK truncated=false t=39193588 id=384
						Lua 0:25:53:354
[mod] [SMRTest] console enable requested (flag set, no overlay) — press Enter (or Alt-Shift-C) once in a colony
[SMRTest] console enable requested (flag set, no overlay) — press Enter (or Alt-Shift-C) once in a colony
[mod] [SMRTest] console enable requested (flag set, no overlay) — press Enter (or Alt-Shift-C) once in a colony
[SMRTest] console enable requested (flag set, no overlay) — press Enter (or Alt-Shift-C) once in a colony
[mod] [SMRTest] console enable requested (flag set, no overlay) — press Enter (or Alt-Shift-C) once in a colony
[SMRTest] console enable requested (flag set, no overlay) — press Enter (or Alt-Shift-C) once in a colony
						Lua 0:25:53:364
[mod] [SMRTK] SMRTK_SHORTCUT console=true key=Ctrl-Shift-F11 t=39193588 id=385						Lua 0:25:53:365

						Lua 0:26:34:876
[mod] [SMRTK] SMRTK_SECTION action=section_attach attached=true dialog=ipBuilding object=SMROptInElevatorDepotDev(9041) status=OK t=39193588 id=386
						Lua 0:26:37:439
[mod] [SMRTK] SMRTK_SECTION action=section_attach attached=true dialog=ipBuilding object=StationBig(9702) status=OK t=39193588 id=387
						Lua 0:26:41:554
[mod] [SMRTK] SMRTK_SECTION action=section_attach attached=true dialog=ipBuilding object=SMROptInElevatorDepotDev(9041) status=OK t=39193588 id=388
						Lua 0:27:06:074
[mod] [SMRTK] SMRTK_SECTION action=section_attach attached=true dialog=ipBuilding object=SMROptInElevatorDepotDev(9041) status=OK t=39193588 id=389
						Lua 0:39:20:893
[TrainHubDev] lights: arm 0, flanks the reactor (red flank) = B2 "Deep blue wash" (SpotLight), 12 lights, engine bearing 0 deg
[TrainHubDev] lights: arm 1, flanks the reactor (blue flank) = B2 "Deep blue wash" (SpotLight), 12 lights, engine bearing 60 deg
						Lua 0:39:20:894
[TrainHubDev] lights: arm 2, next to the blue flank = B2 "Deep blue wash" (SpotLight), 12 lights, engine bearing 120 deg
[TrainHubDev] lights: arm 3, opposite the red flank = B2 "Deep blue wash" (SpotLight), 12 lights, engine bearing 180 deg
[TrainHubDev] lights: arm 4, opposite the blue flank = B2 "Deep blue wash" (SpotLight), 12 lights, engine bearing 240 deg
						Lua 0:39:20:895
[TrainHubDev] lights: arm 5, next to the red flank = B2 "Deep blue wash" (SpotLight), 12 lights, engine bearing 300 deg
[TrainHubDev] lights: arm tune intensity 50, side 150 cm, height 200 cm, radius 500 cm, cone 50/100, colour 0,40,255
[TrainHubDev] structure lights: portal rims ON, 30 lights (intensity 4, radius 350 cm)
[TrainHubDev] structure lights: drone pit kerb OFF, 0 lights (intensity 15, radius 300 cm)
[TrainHubDev] structure lights: ring rim strip OFF, 0 lights (intensity 12, radius 400 cm)
[TrainHubDev] structure lights: floor edge strip OFF, 0 lights (intensity 30, radius 300 cm)
[TrainHubDev] structure lights: crown floor light ON, 0 lights (intensity 150, radius 4000 cm)
[TrainHubDev] structure lights: crown floor light follows the VANILLA night schedule (OnMsg.LightmodelChange -> map.NightLightsState, NightLightObjects.lua:250-259, :22 on build 1.1.0.403908); it is DAY now, so it is NOT PLACED -- hanging at z 1900 cm, colour 255,214,170, cone 0/0
[TrainHubDev] structure lights: under-deck fill ON, 0 lights (intensity 40, radius 1200 cm)
[TrainHubDev] structure lights: under-deck fill follows the VANILLA night schedule (OnMsg.LightmodelChange -> map.NightLightsState, NightLightObjects.lua:250-259, :22 on build 1.1.0.403908); it is DAY now, so it is NOT PLACED -- hanging at z 700 cm, colour 255,214,170, cone 0/0
[TrainHubDev] lights: 102 placed (72 arm + 30 structure); a stopped hub destroys them all
						Lua 0:39:20:896
[TrainHubDev] lights: arm 0, flanks the reactor (red flank) = B2 "Deep blue wash" (SpotLight), 12 lights, engine bearing 0 deg
[TrainHubDev] lights: arm 1, flanks the reactor (blue flank) = B2 "Deep blue wash" (SpotLight), 12 lights, engine bearing 60 deg
[TrainHubDev] lights: arm 2, next to the blue flank = B2 "Deep blue wash" (SpotLight), 12 lights, engine bearing 120 deg
						Lua 0:39:20:897
[TrainHubDev] lights: arm 3, opposite the red flank = B2 "Deep blue wash" (SpotLight), 12 lights, engine bearing 180 deg
[TrainHubDev] lights: arm 4, opposite the blue flank = B2 "Deep blue wash" (SpotLight), 12 lights, engine bearing 240 deg
						Lua 0:39:20:898
[TrainHubDev] lights: arm 5, next to the red flank = B2 "Deep blue wash" (SpotLight), 12 lights, engine bearing 300 deg
[TrainHubDev] lights: arm tune intensity 50, side 150 cm, height 200 cm, radius 500 cm, cone 50/100, colour 0,40,255
[TrainHubDev] structure lights: portal rims ON, 30 lights (intensity 4, radius 350 cm)
[TrainHubDev] structure lights: drone pit kerb OFF, 0 lights (intensity 15, radius 300 cm)
[TrainHubDev] structure lights: ring rim strip OFF, 0 lights (intensity 12, radius 400 cm)
[TrainHubDev] structure lights: floor edge strip OFF, 0 lights (intensity 30, radius 300 cm)
[TrainHubDev] structure lights: crown floor light ON, 0 lights (intensity 150, radius 4000 cm)
[TrainHubDev] structure lights: crown floor light follows the VANILLA night schedule (OnMsg.LightmodelChange -> map.NightLightsState, NightLightObjects.lua:250-259, :22 on build 1.1.0.403908); it is DAY now, so it is NOT PLACED -- hanging at z 1900 cm, colour 255,214,170, cone 0/0
[TrainHubDev] structure lights: under-deck fill ON, 0 lights (intensity 40, radius 1200 cm)
[TrainHubDev] structure lights: under-deck fill follows the VANILLA night schedule (OnMsg.LightmodelChange -> map.NightLightsState, NightLightObjects.lua:250-259, :22 on build 1.1.0.403908); it is DAY now, so it is NOT PLACED -- hanging at z 700 cm, colour 255,214,170, cone 0/0
[TrainHubDev] lights: 102 placed (72 arm + 30 structure); a stopped hub destroys them all
						Lua 0:39:21:868
[mod] [SMRTest] console enable requested (flag set, no overlay) — press Enter (or Alt-Shift-C) once in a colony
[SMRTest] console enable requested (flag set, no overlay) — press Enter (or Alt-Shift-C) once in a colony
						Lua 0:39:21:879
[mod] [SMRTK] SMRTK_SHORTCUT console=true key=Ctrl-Shift-F11 t=39193588 id=390
						Lua 0:39:22:498
[mod] [SMRTK] SMRTK_SECTION action=section_attach attached=true dialog=ipTrackElement object=TrackGridElement(8943) status=OK t=39193588 id=391
						Lua 0:39:25:795
[mod] [SMRTK] SMRTK_PANEL action=panel_toggle open=false status=OK tab=Saves t=39193588 id=392
						Lua 0:39:26:981
[mod] [SMRTK] SMRTK_SECTION action=section_attach attached=true dialog=ipTrackElement object=TrackGridElement(8943) status=OK t=39193588 id=393
						Lua 0:39:33:018
[mod] [SMRTK] SMRTK_SECTION action=section_attach attached=true dialog=ipBuilding object=StationBig(7873) status=OK t=39193588 id=394
						Lua 0:39:37:600
[mod] [SMRTK] SMRTK_SECTION action=section_attach attached=true dialog=ipTrain object=Train(2000001846) status=OK t=39193588 id=395
						Lua 0:39:44:459
[mod] [SMRTest] console enable requested (flag set, no overlay) — press Enter (or Alt-Shift-C) once in a colony
[SMRTest] console enable requested (flag set, no overlay) — press Enter (or Alt-Shift-C) once in a colony
						Lua 0:39:44:470
[mod] [SMRTK] SMRTK_SHORTCUT console=true key=Ctrl-Shift-F11 t=39193588 id=396						Lua 0:39:44:471

						Lua 0:39:45:620
[mod] [SMRTK] SMRTK_SECTION action=section_attach attached=true dialog=ipBuilding object=SMROptInElevatorDepotDev(9041) status=OK t=39193588 id=397
						Lua 0:41:09:083
[mod] [SMRTest] console enable requested (flag set, no overlay) — press Enter (or Alt-Shift-C) once in a colony
[SMRTest] console enable requested (flag set, no overlay) — press Enter (or Alt-Shift-C) once in a colony
						Lua 0:41:09:093
[mod] [SMRTK] SMRTK_SHORTCUT console=true key=Ctrl-Shift-F11 t=39193588 id=398
						Lua 0:41:11:311
[mod] [SMRTK] SMRTK_SECTION action=section_attach attached=true dialog=ipBuilding object=SMROptInElevatorDepotDev(9036) status=OK t=39193588 id=399
						Lua 0:41:16:593
[mod] [SMRTK] SMRTK_ACTION action=selected_empty after=0 before=264695 method=CheatEmpty object=SMROptInElevatorDepotDev(9036) resource=multiple resources=21 status=OK valid_after=true t=39193588 id=400
[SMRTK] SMRTK_ACTION action=selected_empty after=0 before=264695 method=CheatEmpty object=SMROptInElevatorDepotDev(9036) resource=multiple resources=21 status=OK valid_after=true t=39193588 id=400
						Lua 0:41:17:857
[mod] [SMRTK] SMRTK_SECTION action=section_attach attached=true dialog=ipBuilding object=StationBig(7873) status=OK t=39193588 id=401
						Lua 0:41:24:409
[mod] [SMRTK] SMRTK_SECTION action=section_attach attached=true dialog=ipBuilding object=SMROptInTrainHub6(6430) status=OK t=39193588 id=402
						Lua 0:41:25:972
[mod] [SMRTK] SMRTK_ACTION action=selected_fill after=76000000 before=26277600 method=CheatFill object=SMROptInTrainHub6(6430) resource=multiple resources=21 status=OK valid_after=true t=39193588 id=403
[SMRTK] SMRTK_ACTION action=selected_fill after=76000000 before=26277600 method=CheatFill object=SMROptInTrainHub6(6430) resource=multiple resources=21 status=OK valid_after=true t=39193588 id=403
						Lua 0:41:37:618
[ElevatorDepotDev] pair formed: surface 9036 underground 9041 rows Concrete=to_underground,Electronics=to_underground,Food=to_surface,MachineParts=to_underground,Metals=to_surface,Polymers=to_underground,PreciousMetals=to_surface,Sugar=to_surface
						Lua 0:41:44:166
[ElevatorDepotDev] cabin arrived underground (leg 139) delivered none still aboard none
[ElevatorDepotDev] cabin departed up (leg 140) loaded Metals=166 aboard Metals=166 arrives in 60 min
						Lua 0:41:50:160
[ElevatorDepotDev] cabin arrived surface (leg 140) delivered Metals=166 still aboard none
[ElevatorDepotDev] cabin departed down (leg 141) loaded Seeds=6158 aboard Seeds=6158 arrives in 60 min
						Lua 0:41:56:159
[ElevatorDepotDev] cabin arrived underground (leg 141) delivered Seeds=6158 still aboard none
[ElevatorDepotDev] cabin departed up (leg 142) loaded none aboard none arrives in 60 min
						Lua 0:41:59:162
[TrainHubDev] lights: arm 0, flanks the reactor (red flank) = B2 "Deep blue wash" (SpotLight), 12 lights, engine bearing 0 deg
[TrainHubDev] lights: arm 1, flanks the reactor (blue flank) = B2 "Deep blue wash" (SpotLight), 12 lights, engine bearing 60 deg
[TrainHubDev] lights: arm 2, next to the blue flank = B2 "Deep blue wash" (SpotLight), 12 lights, engine bearing 120 deg
						Lua 0:41:59:163
[TrainHubDev] lights: arm 3, opposite the red flank = B2 "Deep blue wash" (SpotLight), 12 lights, engine bearing 180 deg
[TrainHubDev] lights: arm 4, opposite the blue flank = B2 "Deep blue wash" (SpotLight), 12 lights, engine bearing 240 deg
[TrainHubDev] lights: arm 5, next to the red flank = B2 "Deep blue wash" (SpotLight), 12 lights, engine bearing 300 deg
[TrainHubDev] lights: arm tune intensity 50, side 150 cm, height 200 cm, radius 500 cm, cone 50/100, colour 0,40,255
						Lua 0:41:59:164
[TrainHubDev] structure lights: portal rims ON, 30 lights (intensity 4, radius 350 cm)
[TrainHubDev] structure lights: drone pit kerb OFF, 0 lights (intensity 15, radius 300 cm)
[TrainHubDev] structure lights: ring rim strip OFF, 0 lights (intensity 12, radius 400 cm)
[TrainHubDev] structure lights: floor edge strip OFF, 0 lights (intensity 30, radius 300 cm)
[TrainHubDev] structure lights: crown floor light ON, 1 lights (intensity 150, radius 4000 cm)
[TrainHubDev] structure lights: crown floor light follows the VANILLA night schedule (OnMsg.LightmodelChange -> map.NightLightsState, NightLightObjects.lua:250-259, :22 on build 1.1.0.403908); it is NIGHT now, so it is LIT -- hanging at z 1900 cm, colour 255,214,170, cone 0/0
[TrainHubDev] structure lights: under-deck fill ON, 18 lights (intensity 40, radius 1200 cm)
[TrainHubDev] structure lights: under-deck fill follows the VANILLA night schedule (OnMsg.LightmodelChange -> map.NightLightsState, NightLightObjects.lua:250-259, :22 on build 1.1.0.403908); it is NIGHT now, so it is LIT -- hanging at z 700 cm, colour 255,214,170, cone 0/0
[TrainHubDev] lights: 121 placed (72 arm + 49 structure); a stopped hub destroys them all
						Lua 0:41:59:165
[TrainHubDev] lights: arm 0, flanks the reactor (red flank) = B2 "Deep blue wash" (SpotLight), 12 lights, engine bearing 0 deg
[TrainHubDev] lights: arm 1, flanks the reactor (blue flank) = B2 "Deep blue wash" (SpotLight), 12 lights, engine bearing 60 deg
[TrainHubDev] lights: arm 2, next to the blue flank = B2 "Deep blue wash" (SpotLight), 12 lights, engine bearing 120 deg
						Lua 0:41:59:166
[TrainHubDev] lights: arm 3, opposite the red flank = B2 "Deep blue wash" (SpotLight), 12 lights, engine bearing 180 deg
[TrainHubDev] lights: arm 4, opposite the blue flank = B2 "Deep blue wash" (SpotLight), 12 lights, engine bearing 240 deg
[TrainHubDev] lights: arm 5, next to the red flank = B2 "Deep blue wash" (SpotLight), 12 lights, engine bearing 300 deg
[TrainHubDev] lights: arm tune intensity 50, side 150 cm, height 200 cm, radius 500 cm, cone 50/100, colour 0,40,255
						Lua 0:41:59:167
[TrainHubDev] structure lights: portal rims ON, 30 lights (intensity 4, radius 350 cm)
[TrainHubDev] structure lights: drone pit kerb OFF, 0 lights (intensity 15, radius 300 cm)
[TrainHubDev] structure lights: ring rim strip OFF, 0 lights (intensity 12, radius 400 cm)
[TrainHubDev] structure lights: floor edge strip OFF, 0 lights (intensity 30, radius 300 cm)
[TrainHubDev] structure lights: crown floor light ON, 1 lights (intensity 150, radius 4000 cm)
[TrainHubDev] structure lights: crown floor light follows the VANILLA night schedule (OnMsg.LightmodelChange -> map.NightLightsState, NightLightObjects.lua:250-259, :22 on build 1.1.0.403908); it is NIGHT now, so it is LIT -- hanging at z 1900 cm, colour 255,214,170, cone 0/0
[TrainHubDev] structure lights: under-deck fill ON, 18 lights (intensity 40, radius 1200 cm)
[TrainHubDev] structure lights: under-deck fill follows the VANILLA night schedule (OnMsg.LightmodelChange -> map.NightLightsState, NightLightObjects.lua:250-259, :22 on build 1.1.0.403908); it is NIGHT now, so it is LIT -- hanging at z 700 cm, colour 255,214,170, cone 0/0
[TrainHubDev] lights: 121 placed (72 arm + 49 structure); a stopped hub destroys them all
						Lua 0:42:02:159
[ElevatorDepotDev] cabin arrived surface (leg 142) delivered none still aboard none
[ElevatorDepotDev] cabin departed down (leg 143) loaded none aboard none arrives in 60 min
						Lua 0:42:08:158
[ElevatorDepotDev] cabin arrived underground (leg 143) delivered none still aboard none
[ElevatorDepotDev] cabin departed up (leg 144) loaded none aboard none arrives in 60 min
						Lua 0:42:14:158
[ElevatorDepotDev] cabin arrived surface (leg 144) delivered none still aboard none
[ElevatorDepotDev] cabin departed down (leg 145) loaded none aboard none arrives in 60 min
						Lua 0:42:26:391
[mod] [SMRTK] SMRTK_SECTION action=section_attach attached=true dialog=ipBuilding object=SMROptInElevatorDepotDev(9036) status=OK t=39379938 id=404
						Lua 0:42:36:439
[ElevatorDepotDev] cabin arrived underground (leg 145) delivered none still aboard none
						Lua 0:42:36:442
[ElevatorDepotDev] cabin departed up (leg 146) loaded none aboard none arrives in 60 min
						Lua 0:43:06:442
[ElevatorDepotDev] cabin arrived surface (leg 146) delivered none still aboard none
						Lua 0:43:06:445
[ElevatorDepotDev] cabin departed down (leg 147) loaded none aboard none arrives in 60 min
						Lua 0:43:36:439
[ElevatorDepotDev] cabin arrived underground (leg 147) delivered none still aboard none
						Lua 0:43:36:442
[ElevatorDepotDev] cabin departed up (leg 148) loaded none aboard none arrives in 60 min
						Lua 0:43:56:819
[mod] [SMRTK] SMRTK_SECTION action=section_attach attached=true dialog=ipBuilding object=SMROptInElevatorDepotDev(9036) status=OK t=39470365 id=405
						Lua 0:44:02:043
[mod] [SMRTK] SMRTK_SECTION action=section_attach attached=true dialog=ipBuilding object=SMROptInElevatorDepotDev(9036) status=OK t=39475591 id=406
						Lua 0:44:06:439
[ElevatorDepotDev] cabin arrived surface (leg 148) delivered none still aboard none
						Lua 0:44:06:442
[ElevatorDepotDev] cabin departed down (leg 149) loaded Bread=1000,Spices=1000 aboard Bread=1000,Spices=1000 arrives in 60 min
						Lua 0:44:07:407
[mod] [SMRTK] SMRTK_SECTION action=section_attach attached=true dialog=ipBuilding object=StationBig(7873) status=OK t=39480948 id=407
						Lua 0:44:16:236
[ElevatorDepotDev] cabin arrived underground (leg 149) delivered Bread=1000,Spices=1000 still aboard none
[ElevatorDepotDev] cabin departed up (leg 150) loaded none aboard none arrives in 60 min
						Lua 0:44:22:235
[ElevatorDepotDev] cabin arrived surface (leg 150) delivered none still aboard none
[ElevatorDepotDev] cabin departed down (leg 151) loaded none aboard none arrives in 60 min
						Lua 0:44:28:236
[ElevatorDepotDev] cabin arrived underground (leg 151) delivered none still aboard none
[ElevatorDepotDev] cabin departed up (leg 152) loaded none aboard none arrives in 60 min
						Lua 0:44:28:259
[TrainHubDev] lights: arm 0, flanks the reactor (red flank) = B2 "Deep blue wash" (SpotLight), 12 lights, engine bearing 0 deg
[TrainHubDev] lights: arm 1, flanks the reactor (blue flank) = B2 "Deep blue wash" (SpotLight), 12 lights, engine bearing 60 deg
						Lua 0:44:28:260
[TrainHubDev] lights: arm 2, next to the blue flank = B2 "Deep blue wash" (SpotLight), 12 lights, engine bearing 120 deg
[TrainHubDev] lights: arm 3, opposite the red flank = B2 "Deep blue wash" (SpotLight), 12 lights, engine bearing 180 deg
[TrainHubDev] lights: arm 4, opposite the blue flank = B2 "Deep blue wash" (SpotLight), 12 lights, engine bearing 240 deg
						Lua 0:44:28:261
[TrainHubDev] lights: arm 5, next to the red flank = B2 "Deep blue wash" (SpotLight), 12 lights, engine bearing 300 deg
[TrainHubDev] lights: arm tune intensity 50, side 150 cm, height 200 cm, radius 500 cm, cone 50/100, colour 0,40,255
[TrainHubDev] structure lights: portal rims ON, 30 lights (intensity 4, radius 350 cm)
[TrainHubDev] structure lights: drone pit kerb OFF, 0 lights (intensity 15, radius 300 cm)
[TrainHubDev] structure lights: ring rim strip OFF, 0 lights (intensity 12, radius 400 cm)
[TrainHubDev] structure lights: floor edge strip OFF, 0 lights (intensity 30, radius 300 cm)
[TrainHubDev] structure lights: crown floor light ON, 0 lights (intensity 150, radius 4000 cm)
[TrainHubDev] structure lights: crown floor light follows the VANILLA night schedule (OnMsg.LightmodelChange -> map.NightLightsState, NightLightObjects.lua:250-259, :22 on build 1.1.0.403908); it is DAY now, so it is NOT PLACED -- hanging at z 1900 cm, colour 255,214,170, cone 0/0
[TrainHubDev] structure lights: under-deck fill ON, 0 lights (intensity 40, radius 1200 cm)
[TrainHubDev] structure lights: under-deck fill follows the VANILLA night schedule (OnMsg.LightmodelChange -> map.NightLightsState, NightLightObjects.lua:250-259, :22 on build 1.1.0.403908); it is DAY now, so it is NOT PLACED -- hanging at z 700 cm, colour 255,214,170, cone 0/0
[TrainHubDev] lights: 102 placed (72 arm + 30 structure); a stopped hub destroys them all
						Lua 0:44:28:262
[TrainHubDev] lights: arm 0, flanks the reactor (red flank) = B2 "Deep blue wash" (SpotLight), 12 lights, engine bearing 0 deg
[TrainHubDev] lights: arm 1, flanks the reactor (blue flank) = B2 "Deep blue wash" (SpotLight), 12 lights, engine bearing 60 deg
[TrainHubDev] lights: arm 2, next to the blue flank = B2 "Deep blue wash" (SpotLight), 12 lights, engine bearing 120 deg
						Lua 0:44:28:263
[TrainHubDev] lights: arm 3, opposite the red flank = B2 "Deep blue wash" (SpotLight), 12 lights, engine bearing 180 deg
[TrainHubDev] lights: arm 4, opposite the blue flank = B2 "Deep blue wash" (SpotLight), 12 lights, engine bearing 240 deg
[TrainHubDev] lights: arm 5, next to the red flank = B2 "Deep blue wash" (SpotLight), 12 lights, engine bearing 300 deg
[TrainHubDev] lights: arm tune intensity 50, side 150 cm, height 200 cm, radius 500 cm, cone 50/100, colour 0,40,255
						Lua 0:44:28:264
[TrainHubDev] structure lights: portal rims ON, 30 lights (intensity 4, radius 350 cm)
[TrainHubDev] structure lights: drone pit kerb OFF, 0 lights (intensity 15, radius 300 cm)
[TrainHubDev] structure lights: ring rim strip OFF, 0 lights (intensity 12, radius 400 cm)
[TrainHubDev] structure lights: floor edge strip OFF, 0 lights (intensity 30, radius 300 cm)
[TrainHubDev] structure lights: crown floor light ON, 0 lights (intensity 150, radius 4000 cm)
[TrainHubDev] structure lights: crown floor light follows the VANILLA night schedule (OnMsg.LightmodelChange -> map.NightLightsState, NightLightObjects.lua:250-259, :22 on build 1.1.0.403908); it is DAY now, so it is NOT PLACED -- hanging at z 1900 cm, colour 255,214,170, cone 0/0
[TrainHubDev] structure lights: under-deck fill ON, 0 lights (intensity 40, radius 1200 cm)
[TrainHubDev] structure lights: under-deck fill follows the VANILLA night schedule (OnMsg.LightmodelChange -> map.NightLightsState, NightLightObjects.lua:250-259, :22 on build 1.1.0.403908); it is DAY now, so it is NOT PLACED -- hanging at z 700 cm, colour 255,214,170, cone 0/0
[TrainHubDev] lights: 102 placed (72 arm + 30 structure); a stopped hub destroys them all
						Lua 0:44:39:622
[ElevatorDepotDev] cabin arrived surface (leg 152) delivered none still aboard none
[ElevatorDepotDev] cabin departed down (leg 153) loaded none aboard none arrives in 60 min
						Lua 0:44:42:530
[mod] [SMRTK] SMRTK_SECTION action=section_attach attached=true dialog=ipBuilding object=StationBig(7873) status=OK t=39614473 id=408
						Lua 0:44:45:622
[ElevatorDepotDev] cabin arrived underground (leg 153) delivered none still aboard none
[ElevatorDepotDev] cabin departed up (leg 154) loaded none aboard none arrives in 60 min
						Lua 0:44:50:881
Stop sequence Mystery 9 - Update Mystery Log : Finished						Lua 0:44:52:808
[ElevatorDepotDev] cabin arrived surface (leg 154) delivered none still aboard none
[ElevatorDepotDev] cabin departed down (leg 155) loaded none aboard none arrives in 60 min
						Lua 0:44:58:809
[ElevatorDepotDev] cabin arrived underground (leg 155) delivered none still aboard none
[ElevatorDepotDev] cabin departed up (leg 156) loaded none aboard none arrives in 60 min
						Lua 0:45:03:385
[mod] [SMRTK] SMRTK_PANEL action=panel_toggle open=true status=OK tab=Saves t=39712888 id=409
						Lua 0:45:04:483
[mod] [SMRTK] SMRTK_SPEED action=speed_fastest before=5000 factor=20000 requested=20 status=OK t=39718378 id=410
[SMRTK] SMRTK_SPEED action=speed_fastest before=5000 factor=20000 requested=20 status=OK t=39718378 id=410
						Lua 0:45:04:565
[ElevatorDepotDev] cabin arrived surface (leg 156) delivered none still aboard none
[ElevatorDepotDev] cabin departed down (leg 157) loaded none aboard none arrives in 60 min
						Lua 0:45:06:065
[ElevatorDepotDev] cabin arrived underground (leg 157) delivered none still aboard none
[ElevatorDepotDev] cabin departed up (leg 158) loaded none aboard none arrives in 60 min
						Lua 0:45:08:181
[ElevatorDepotDev] cabin arrived surface (leg 158) delivered none still aboard none
[ElevatorDepotDev] cabin departed down (leg 159) loaded none aboard none arrives in 60 min
						Lua 0:45:08:961
[mod] [SMRTK] SMRTK_SPEED action=speed_fast before=20000 factor=5000 requested=5 status=OK t=39795398 id=411
[SMRTK] SMRTK_SPEED action=speed_fast before=20000 factor=5000 requested=5 status=OK t=39795398 id=411
						Lua 0:45:11:872
[ElevatorDepotDev] cabin arrived underground (leg 159) delivered none still aboard none
[ElevatorDepotDev] cabin departed up (leg 160) loaded none aboard none arrives in 60 min
						Lua 0:45:16:897
[mod] [SMRTK] SMRTK_SECTION action=section_attach attached=true dialog=ipBuilding object=StationSmall(10650) status=OK t=39834983 id=412
						Lua 0:45:17:872
[ElevatorDepotDev] cabin arrived surface (leg 160) delivered none still aboard none
[ElevatorDepotDev] cabin departed down (leg 161) loaded none aboard none arrives in 60 min
						Lua 0:45:20:477
[mod] [SMRTK] SMRTK_SECTION action=section_attach attached=true dialog=ipBuilding object=StationBig(7873) status=OK t=39852943 id=413
						Lua 0:45:23:482
[mod] [SMRTK] SMRTK_SECTION action=section_attach attached=true dialog=ipBuilding object=StationSmall(10650) status=OK t=39867958 id=414
						Lua 0:45:23:871
[ElevatorDepotDev] cabin arrived underground (leg 161) delivered none still aboard none
[ElevatorDepotDev] cabin departed up (leg 162) loaded none aboard none arrives in 60 min
						Lua 0:45:29:871
[ElevatorDepotDev] cabin arrived surface (leg 162) delivered none still aboard none
						Lua 0:45:29:872
[ElevatorDepotDev] cabin departed down (leg 163) loaded none aboard none arrives in 60 min
						Lua 0:45:30:965
[mod] [SMRTK] SMRTK_SECTION action=section_attach attached=true dialog=ipBuilding object=StationSmall(2007) status=OK t=39905353 id=415
						Lua 0:45:35:872
[ElevatorDepotDev] cabin arrived underground (leg 163) delivered none still aboard none
[ElevatorDepotDev] cabin departed up (leg 164) loaded none aboard none arrives in 60 min
						Lua 0:45:38:668
[mod] [SMRTK] SMRTK_SPEED action=speed_fast before=5000 factor=5000 requested=5 status=OK t=39943983 id=416
[SMRTK] SMRTK_SPEED action=speed_fast before=5000 factor=5000 requested=5 status=OK t=39943983 id=416
						Lua 0:45:41:170
[mod] [SMRTK] SMRTK_SECTION action=section_attach attached=true dialog=ipBuilding object=SMROptInElevatorDepotDev(9036) status=OK t=39956418 id=417
						Lua 0:45:41:873
[ElevatorDepotDev] cabin arrived surface (leg 164) delivered none still aboard none
						Lua 0:45:41:876
[ElevatorDepotDev] cabin departed down (leg 165) loaded none aboard none arrives in 60 min
						Lua 0:45:47:871
[ElevatorDepotDev] cabin arrived underground (leg 165) delivered none still aboard none
						Lua 0:45:47:873
[ElevatorDepotDev] cabin departed up (leg 166) loaded none aboard none arrives in 60 min
						Lua 0:45:50:535
[ElevatorDepotDev] target Fuel = 7% (set on the surface half 9036; underground 9041 copy updated)
						Lua 0:45:50:556
[ElevatorDepotDev] target Fuel = 8% (set on the surface half 9036; underground 9041 copy updated)
						Lua 0:45:50:570
[ElevatorDepotDev] target Fuel = 10% (set on the surface half 9036; underground 9041 copy updated)
						Lua 0:45:50:572
[ElevatorDepotDev] target Fuel = 11% (set on the surface half 9036; underground 9041 copy updated)
						Lua 0:45:50:578
[ElevatorDepotDev] target Fuel = 12% (set on the surface half 9036; underground 9041 copy updated)
						Lua 0:45:50:581
[ElevatorDepotDev] target Fuel = 14% (set on the surface half 9036; underground 9041 copy updated)
						Lua 0:45:50:586
[ElevatorDepotDev] target Fuel = 16% (set on the surface half 9036; underground 9041 copy updated)
						Lua 0:45:50:589
[ElevatorDepotDev] target Fuel = 17% (set on the surface half 9036; underground 9041 copy updated)
						Lua 0:45:50:595
[ElevatorDepotDev] target Fuel = 20% (set on the surface half 9036; underground 9041 copy updated)
						Lua 0:45:50:598
[ElevatorDepotDev] target Fuel = 22% (set on the surface half 9036; underground 9041 copy updated)
						Lua 0:45:50:603
[ElevatorDepotDev] target Fuel = 26% (set on the surface half 9036; underground 9041 copy updated)
						Lua 0:45:50:605
[ElevatorDepotDev] target Fuel = 28% (set on the surface half 9036; underground 9041 copy updated)
						Lua 0:45:50:611
[ElevatorDepotDev] target Fuel = 31% (set on the surface half 9036; underground 9041 copy updated)
						Lua 0:45:50:614
[ElevatorDepotDev] target Fuel = 33% (set on the surface half 9036; underground 9041 copy updated)
						Lua 0:45:50:620
[ElevatorDepotDev] target Fuel = 37% (set on the surface half 9036; underground 9041 copy updated)
						Lua 0:45:50:622
[ElevatorDepotDev] target Fuel = 39% (set on the surface half 9036; underground 9041 copy updated)
						Lua 0:45:50:628
[ElevatorDepotDev] target Fuel = 43% (set on the surface half 9036; underground 9041 copy updated)
						Lua 0:45:50:630
[ElevatorDepotDev] target Fuel = 45% (set on the surface half 9036; underground 9041 copy updated)
						Lua 0:45:50:638
[ElevatorDepotDev] target Fuel = 48% (set on the surface half 9036; underground 9041 copy updated)
						Lua 0:45:50:640
[ElevatorDepotDev] target Fuel = 51% (set on the surface half 9036; underground 9041 copy updated)
						Lua 0:45:50:645
[ElevatorDepotDev] target Fuel = 54% (set on the surface half 9036; underground 9041 copy updated)
						Lua 0:45:50:648
[ElevatorDepotDev] target Fuel = 56% (set on the surface half 9036; underground 9041 copy updated)
						Lua 0:45:50:653
[ElevatorDepotDev] target Fuel = 61% (set on the surface half 9036; underground 9041 copy updated)
						Lua 0:45:50:655
[ElevatorDepotDev] target Fuel = 63% (set on the surface half 9036; underground 9041 copy updated)
						Lua 0:45:50:662
[ElevatorDepotDev] target Fuel = 67% (set on the surface half 9036; underground 9041 copy updated)
						Lua 0:45:50:664
[ElevatorDepotDev] target Fuel = 71% (set on the surface half 9036; underground 9041 copy updated)
						Lua 0:45:50:670
[ElevatorDepotDev] target Fuel = 74% (set on the surface half 9036; underground 9041 copy updated)
						Lua 0:45:50:672
[ElevatorDepotDev] target Fuel = 77% (set on the surface half 9036; underground 9041 copy updated)
						Lua 0:45:50:678
[ElevatorDepotDev] target Fuel = 81% (set on the surface half 9036; underground 9041 copy updated)
						Lua 0:45:50:681
[ElevatorDepotDev] target Fuel = 84% (set on the surface half 9036; underground 9041 copy updated)
						Lua 0:45:50:688
[ElevatorDepotDev] target Fuel = 89% (set on the surface half 9036; underground 9041 copy updated)
						Lua 0:45:50:695
[ElevatorDepotDev] target Fuel = 94% (set on the surface half 9036; underground 9041 copy updated)
						Lua 0:45:50:697
[ElevatorDepotDev] target Fuel = 95% (set on the surface half 9036; underground 9041 copy updated)
						Lua 0:45:50:703
[ElevatorDepotDev] target Fuel = 99% (set on the surface half 9036; underground 9041 copy updated)
						Lua 0:45:50:705
[ElevatorDepotDev] target Fuel = 100% (set on the surface half 9036; underground 9041 copy updated)
						Lua 0:45:50:874
[TrainHubDev] lights: arm 0, flanks the reactor (red flank) = B2 "Deep blue wash" (SpotLight), 12 lights, engine bearing 0 deg
[TrainHubDev] lights: arm 1, flanks the reactor (blue flank) = B2 "Deep blue wash" (SpotLight), 12 lights, engine bearing 60 deg
						Lua 0:45:50:875
[TrainHubDev] lights: arm 2, next to the blue flank = B2 "Deep blue wash" (SpotLight), 12 lights, engine bearing 120 deg
[TrainHubDev] lights: arm 3, opposite the red flank = B2 "Deep blue wash" (SpotLight), 12 lights, engine bearing 180 deg
[TrainHubDev] lights: arm 4, opposite the blue flank = B2 "Deep blue wash" (SpotLight), 12 lights, engine bearing 240 deg
						Lua 0:45:50:876
[TrainHubDev] lights: arm 5, next to the red flank = B2 "Deep blue wash" (SpotLight), 12 lights, engine bearing 300 deg
[TrainHubDev] lights: arm tune intensity 50, side 150 cm, height 200 cm, radius 500 cm, cone 50/100, colour 0,40,255
[TrainHubDev] structure lights: portal rims ON, 30 lights (intensity 4, radius 350 cm)
[TrainHubDev] structure lights: drone pit kerb OFF, 0 lights (intensity 15, radius 300 cm)
[TrainHubDev] structure lights: ring rim strip OFF, 0 lights (intensity 12, radius 400 cm)
[TrainHubDev] structure lights: floor edge strip OFF, 0 lights (intensity 30, radius 300 cm)
[TrainHubDev] structure lights: crown floor light ON, 1 lights (intensity 150, radius 4000 cm)
[TrainHubDev] structure lights: crown floor light follows the VANILLA night schedule (OnMsg.LightmodelChange -> map.NightLightsState, NightLightObjects.lua:250-259, :22 on build 1.1.0.403908); it is NIGHT now, so it is LIT -- hanging at z 1900 cm, colour 255,214,170, cone 0/0
[TrainHubDev] structure lights: under-deck fill ON, 18 lights (intensity 40, radius 1200 cm)
						Lua 0:45:50:877
[TrainHubDev] structure lights: under-deck fill follows the VANILLA night schedule (OnMsg.LightmodelChange -> map.NightLightsState, NightLightObjects.lua:250-259, :22 on build 1.1.0.403908); it is NIGHT now, so it is LIT -- hanging at z 700 cm, colour 255,214,170, cone 0/0
[TrainHubDev] lights: 121 placed (72 arm + 49 structure); a stopped hub destroys them all
[TrainHubDev] lights: arm 0, flanks the reactor (red flank) = B2 "Deep blue wash" (SpotLight), 12 lights, engine bearing 0 deg
[TrainHubDev] lights: arm 1, flanks the reactor (blue flank) = B2 "Deep blue wash" (SpotLight), 12 lights, engine bearing 60 deg
						Lua 0:45:50:878
[TrainHubDev] lights: arm 2, next to the blue flank = B2 "Deep blue wash" (SpotLight), 12 lights, engine bearing 120 deg
[TrainHubDev] lights: arm 3, opposite the red flank = B2 "Deep blue wash" (SpotLight), 12 lights, engine bearing 180 deg
						Lua 0:45:50:879
[TrainHubDev] lights: arm 4, opposite the blue flank = B2 "Deep blue wash" (SpotLight), 12 lights, engine bearing 240 deg
[TrainHubDev] lights: arm 5, next to the red flank = B2 "Deep blue wash" (SpotLight), 12 lights, engine bearing 300 deg
[TrainHubDev] lights: arm tune intensity 50, side 150 cm, height 200 cm, radius 500 cm, cone 50/100, colour 0,40,255
[TrainHubDev] structure lights: portal rims ON, 30 lights (intensity 4, radius 350 cm)
[TrainHubDev] structure lights: drone pit kerb OFF, 0 lights (intensity 15, radius 300 cm)
						Lua 0:45:50:880
[TrainHubDev] structure lights: ring rim strip OFF, 0 lights (intensity 12, radius 400 cm)
[TrainHubDev] structure lights: floor edge strip OFF, 0 lights (intensity 30, radius 300 cm)
[TrainHubDev] structure lights: crown floor light ON, 1 lights (intensity 150, radius 4000 cm)
[TrainHubDev] structure lights: crown floor light follows the VANILLA night schedule (OnMsg.LightmodelChange -> map.NightLightsState, NightLightObjects.lua:250-259, :22 on build 1.1.0.403908); it is NIGHT now, so it is LIT -- hanging at z 1900 cm, colour 255,214,170, cone 0/0
[TrainHubDev] structure lights: under-deck fill ON, 18 lights (intensity 40, radius 1200 cm)
[TrainHubDev] structure lights: under-deck fill follows the VANILLA night schedule (OnMsg.LightmodelChange -> map.NightLightsState, NightLightObjects.lua:250-259, :22 on build 1.1.0.403908); it is NIGHT now, so it is LIT -- hanging at z 700 cm, colour 255,214,170, cone 0/0
[TrainHubDev] lights: 121 placed (72 arm + 49 structure); a stopped hub destroys them all
						Lua 0:45:51:168
[ElevatorDepotDev] target Electronics = 7% (set on the surface half 9036; underground 9041 copy updated)
						Lua 0:45:51:201
[ElevatorDepotDev] target Electronics = 8% (set on the surface half 9036; underground 9041 copy updated)
						Lua 0:45:51:219
[ElevatorDepotDev] target Electronics = 11% (set on the surface half 9036; underground 9041 copy updated)
						Lua 0:45:51:222
[ElevatorDepotDev] target Electronics = 12% (set on the surface half 9036; underground 9041 copy updated)
						Lua 0:45:51:228
[ElevatorDepotDev] target Electronics = 14% (set on the surface half 9036; underground 9041 copy updated)
						Lua 0:45:51:230
[ElevatorDepotDev] target Electronics = 16% (set on the surface half 9036; underground 9041 copy updated)
						Lua 0:45:51:237
[ElevatorDepotDev] target Electronics = 19% (set on the surface half 9036; underground 9041 copy updated)
						Lua 0:45:51:240
[ElevatorDepotDev] target Electronics = 20% (set on the surface half 9036; underground 9041 copy updated)
						Lua 0:45:51:245
[ElevatorDepotDev] target Electronics = 23% (set on the surface half 9036; underground 9041 copy updated)
						Lua 0:45:51:247
[ElevatorDepotDev] target Electronics = 25% (set on the surface half 9036; underground 9041 copy updated)
						Lua 0:45:51:253
[ElevatorDepotDev] target Electronics = 27% (set on the surface half 9036; underground 9041 copy updated)
						Lua 0:45:51:256
[ElevatorDepotDev] target Electronics = 29% (set on the surface half 9036; underground 9041 copy updated)
						Lua 0:45:51:262
[ElevatorDepotDev] target Electronics = 31% (set on the surface half 9036; underground 9041 copy updated)
						Lua 0:45:51:264
[ElevatorDepotDev] target Electronics = 33% (set on the surface half 9036; underground 9041 copy updated)
						Lua 0:45:51:270
[ElevatorDepotDev] target Electronics = 37% (set on the surface half 9036; underground 9041 copy updated)
						Lua 0:45:51:278
[ElevatorDepotDev] target Electronics = 41% (set on the surface half 9036; underground 9041 copy updated)
						Lua 0:45:51:285
[ElevatorDepotDev] target Electronics = 47% (set on the surface half 9036; underground 9041 copy updated)
						Lua 0:45:51:290
[ElevatorDepotDev] target Electronics = 49% (set on the surface half 9036; underground 9041 copy updated)
						Lua 0:45:51:296
[ElevatorDepotDev] target Electronics = 54% (set on the surface half 9036; underground 9041 copy updated)
						Lua 0:45:51:299
[ElevatorDepotDev] target Electronics = 56% (set on the surface half 9036; underground 9041 copy updated)
						Lua 0:45:51:304
[ElevatorDepotDev] target Electronics = 62% (set on the surface half 9036; underground 9041 copy updated)
						Lua 0:45:51:307
[ElevatorDepotDev] target Electronics = 64% (set on the surface half 9036; underground 9041 copy updated)
						Lua 0:45:51:313
[ElevatorDepotDev] target Electronics = 69% (set on the surface half 9036; underground 9041 copy updated)
						Lua 0:45:51:315
[ElevatorDepotDev] target Electronics = 71% (set on the surface half 9036; underground 9041 copy updated)
						Lua 0:45:51:322
[ElevatorDepotDev] target Electronics = 77% (set on the surface half 9036; underground 9041 copy updated)
						Lua 0:45:51:324
[ElevatorDepotDev] target Electronics = 80% (set on the surface half 9036; underground 9041 copy updated)
						Lua 0:45:51:329
[ElevatorDepotDev] target Electronics = 83% (set on the surface half 9036; underground 9041 copy updated)
						Lua 0:45:51:331
[ElevatorDepotDev] target Electronics = 85% (set on the surface half 9036; underground 9041 copy updated)
						Lua 0:45:51:337
[ElevatorDepotDev] target Electronics = 90% (set on the surface half 9036; underground 9041 copy updated)
						Lua 0:45:51:340
[ElevatorDepotDev] target Electronics = 91% (set on the surface half 9036; underground 9041 copy updated)
						Lua 0:45:51:346
[ElevatorDepotDev] target Electronics = 95% (set on the surface half 9036; underground 9041 copy updated)
						Lua 0:45:51:348
[ElevatorDepotDev] target Electronics = 96% (set on the surface half 9036; underground 9041 copy updated)
						Lua 0:45:51:354
[ElevatorDepotDev] target Electronics = 98% (set on the surface half 9036; underground 9041 copy updated)
						Lua 0:45:51:357
[ElevatorDepotDev] target Electronics = 100% (set on the surface half 9036; underground 9041 copy updated)
						Lua 0:45:51:842
[ElevatorDepotDev] target MachineParts = 7% (set on the surface half 9036; underground 9041 copy updated)
						Lua 0:45:51:850
[ElevatorDepotDev] target MachineParts = 8% (set on the surface half 9036; underground 9041 copy updated)
						Lua 0:45:51:858
[ElevatorDepotDev] target MachineParts = 9% (set on the surface half 9036; underground 9041 copy updated)
						Lua 0:45:51:861
[ElevatorDepotDev] target MachineParts = 10% (set on the surface half 9036; underground 9041 copy updated)
						Lua 0:45:51:868
[ElevatorDepotDev] target MachineParts = 11% (set on the surface half 9036; underground 9041 copy updated)
						Lua 0:45:51:877
[ElevatorDepotDev] target MachineParts = 14% (set on the surface half 9036; underground 9041 copy updated)
						Lua 0:45:51:879
[ElevatorDepotDev] target MachineParts = 16% (set on the surface half 9036; underground 9041 copy updated)
						Lua 0:45:51:885
[ElevatorDepotDev] target MachineParts = 18% (set on the surface half 9036; underground 9041 copy updated)
						Lua 0:45:51:887
[ElevatorDepotDev] target MachineParts = 20% (set on the surface half 9036; underground 9041 copy updated)
						Lua 0:45:51:893
[ElevatorDepotDev] target MachineParts = 23% (set on the surface half 9036; underground 9041 copy updated)
						Lua 0:45:51:896
[ElevatorDepotDev] target MachineParts = 26% (set on the surface half 9036; underground 9041 copy updated)
						Lua 0:45:51:902
[ElevatorDepotDev] target MachineParts = 29% (set on the surface half 9036; underground 9041 copy updated)
						Lua 0:45:51:905
[ElevatorDepotDev] target MachineParts = 30% (set on the surface half 9036; underground 9041 copy updated)
						Lua 0:45:51:910
[ElevatorDepotDev] target MachineParts = 34% (set on the surface half 9036; underground 9041 copy updated)
						Lua 0:45:51:912
[ElevatorDepotDev] target MachineParts = 35% (set on the surface half 9036; underground 9041 copy updated)
						Lua 0:45:51:918
[ElevatorDepotDev] target MachineParts = 38% (set on the surface half 9036; underground 9041 copy updated)
						Lua 0:45:51:921
[ElevatorDepotDev] target MachineParts = 39% (set on the surface half 9036; underground 9041 copy updated)
						Lua 0:45:51:925
[ElevatorDepotDev] target MachineParts = 42% (set on the surface half 9036; underground 9041 copy updated)
						Lua 0:45:51:929
[ElevatorDepotDev] target MachineParts = 44% (set on the surface half 9036; underground 9041 copy updated)
						Lua 0:45:51:935
[ElevatorDepotDev] target MachineParts = 46% (set on the surface half 9036; underground 9041 copy updated)
						Lua 0:45:51:938
[ElevatorDepotDev] target MachineParts = 49% (set on the surface half 9036; underground 9041 copy updated)
						Lua 0:45:51:943
[ElevatorDepotDev] target MachineParts = 51% (set on the surface half 9036; underground 9041 copy updated)
						Lua 0:45:51:946
[ElevatorDepotDev] target MachineParts = 54% (set on the surface half 9036; underground 9041 copy updated)
						Lua 0:45:51:961
[ElevatorDepotDev] target MachineParts = 62% (set on the surface half 9036; underground 9041 copy updated)
						Lua 0:45:51:964
[ElevatorDepotDev] target MachineParts = 64% (set on the surface half 9036; underground 9041 copy updated)
						Lua 0:45:51:969
[ElevatorDepotDev] target MachineParts = 68% (set on the surface half 9036; underground 9041 copy updated)
						Lua 0:45:51:971
[ElevatorDepotDev] target MachineParts = 71% (set on the surface half 9036; underground 9041 copy updated)
						Lua 0:45:51:978
[ElevatorDepotDev] target MachineParts = 74% (set on the surface half 9036; underground 9041 copy updated)
						Lua 0:45:51:980
[ElevatorDepotDev] target MachineParts = 77% (set on the surface half 9036; underground 9041 copy updated)
						Lua 0:45:51:985
[ElevatorDepotDev] target MachineParts = 80% (set on the surface half 9036; underground 9041 copy updated)
						Lua 0:45:51:987
[ElevatorDepotDev] target MachineParts = 84% (set on the surface half 9036; underground 9041 copy updated)
						Lua 0:45:51:995
[ElevatorDepotDev] target MachineParts = 89% (set on the surface half 9036; underground 9041 copy updated)
						Lua 0:45:52:002
[ElevatorDepotDev] target MachineParts = 94% (set on the surface half 9036; underground 9041 copy updated)
						Lua 0:45:52:005
[ElevatorDepotDev] target MachineParts = 95% (set on the surface half 9036; underground 9041 copy updated)
						Lua 0:45:52:010
[ElevatorDepotDev] target MachineParts = 98% (set on the surface half 9036; underground 9041 copy updated)
						Lua 0:45:52:013
[ElevatorDepotDev] target MachineParts = 100% (set on the surface half 9036; underground 9041 copy updated)
						Lua 0:45:53:263
[ElevatorDepotDev] target Polymers = 7% (set on the surface half 9036; underground 9041 copy updated)
						Lua 0:45:53:267
[ElevatorDepotDev] target Polymers = 8% (set on the surface half 9036; underground 9041 copy updated)
						Lua 0:45:53:281
[ElevatorDepotDev] target Polymers = 9% (set on the surface half 9036; underground 9041 copy updated)
						Lua 0:45:53:288
[ElevatorDepotDev] target Polymers = 10% (set on the surface half 9036; underground 9041 copy updated)
						Lua 0:45:53:297
[ElevatorDepotDev] target Polymers = 11% (set on the surface half 9036; underground 9041 copy updated)
						Lua 0:45:53:300
[ElevatorDepotDev] target Polymers = 12% (set on the surface half 9036; underground 9041 copy updated)
						Lua 0:45:53:310
[ElevatorDepotDev] target Polymers = 16% (set on the surface half 9036; underground 9041 copy updated)
						Lua 0:45:53:313
[ElevatorDepotDev] target Polymers = 18% (set on the surface half 9036; underground 9041 copy updated)
						Lua 0:45:53:316
[ElevatorDepotDev] target Polymers = 20% (set on the surface half 9036; underground 9041 copy updated)
						Lua 0:45:53:322
[ElevatorDepotDev] target Polymers = 25% (set on the surface half 9036; underground 9041 copy updated)
						Lua 0:45:53:325
[ElevatorDepotDev] target Polymers = 27% (set on the surface half 9036; underground 9041 copy updated)
						Lua 0:45:53:331
[ElevatorDepotDev] target Polymers = 32% (set on the surface half 9036; underground 9041 copy updated)
						Lua 0:45:53:334
[ElevatorDepotDev] target Polymers = 34% (set on the surface half 9036; underground 9041 copy updated)
						Lua 0:45:53:340
[ElevatorDepotDev] target Polymers = 39% (set on the surface half 9036; underground 9041 copy updated)
						Lua 0:45:53:342
[ElevatorDepotDev] target Polymers = 41% (set on the surface half 9036; underground 9041 copy updated)
						Lua 0:45:53:348
[ElevatorDepotDev] target Polymers = 46% (set on the surface half 9036; underground 9041 copy updated)
						Lua 0:45:53:351
[ElevatorDepotDev] target Polymers = 48% (set on the surface half 9036; underground 9041 copy updated)
						Lua 0:45:53:357
[ElevatorDepotDev] target Polymers = 53% (set on the surface half 9036; underground 9041 copy updated)
						Lua 0:45:53:359
[ElevatorDepotDev] target Polymers = 56% (set on the surface half 9036; underground 9041 copy updated)
						Lua 0:45:53:365
[ElevatorDepotDev] target Polymers = 62% (set on the surface half 9036; underground 9041 copy updated)
						Lua 0:45:53:367
[ElevatorDepotDev] target Polymers = 64% (set on the surface half 9036; underground 9041 copy updated)
						Lua 0:45:53:373
[ElevatorDepotDev] target Polymers = 68% (set on the surface half 9036; underground 9041 copy updated)
						Lua 0:45:53:375
[ElevatorDepotDev] target Polymers = 73% (set on the surface half 9036; underground 9041 copy updated)
						Lua 0:45:53:382
[ElevatorDepotDev] target Polymers = 77% (set on the surface half 9036; underground 9041 copy updated)
						Lua 0:45:53:384
[ElevatorDepotDev] target Polymers = 80% (set on the surface half 9036; underground 9041 copy updated)
						Lua 0:45:53:391
[ElevatorDepotDev] target Polymers = 86% (set on the surface half 9036; underground 9041 copy updated)
						Lua 0:45:53:398
[ElevatorDepotDev] target Polymers = 91% (set on the surface half 9036; underground 9041 copy updated)
						Lua 0:45:53:401
[ElevatorDepotDev] target Polymers = 94% (set on the surface half 9036; underground 9041 copy updated)
						Lua 0:45:53:417
[ElevatorDepotDev] target Polymers = 100% (set on the surface half 9036; underground 9041 copy updated)
						Lua 0:45:53:871
[ElevatorDepotDev] cabin arrived surface (leg 166) delivered none still aboard none
						Lua 0:45:53:874
[ElevatorDepotDev] cabin departed down (leg 167) loaded none aboard none arrives in 60 min
						Lua 0:45:55:072
[ElevatorDepotDev] target Herbs = 9% (set on the surface half 9036; underground 9041 copy updated)
						Lua 0:45:55:082
[ElevatorDepotDev] target Herbs = 10% (set on the surface half 9036; underground 9041 copy updated)
						Lua 0:45:55:084
[ElevatorDepotDev] target Herbs = 11% (set on the surface half 9036; underground 9041 copy updated)
						Lua 0:45:55:090
[ElevatorDepotDev] target Herbs = 12% (set on the surface half 9036; underground 9041 copy updated)
						Lua 0:45:55:099
[ElevatorDepotDev] target Herbs = 17% (set on the surface half 9036; underground 9041 copy updated)
						Lua 0:45:55:116
[ElevatorDepotDev] target Herbs = 29% (set on the surface half 9036; underground 9041 copy updated)
						Lua 0:45:55:123
[ElevatorDepotDev] target Herbs = 34% (set on the surface half 9036; underground 9041 copy updated)
						Lua 0:45:55:125
[ElevatorDepotDev] target Herbs = 38% (set on the surface half 9036; underground 9041 copy updated)
						Lua 0:45:55:142
[ElevatorDepotDev] target Herbs = 53% (set on the surface half 9036; underground 9041 copy updated)
						Lua 0:45:55:149
[ElevatorDepotDev] target Herbs = 57% (set on the surface half 9036; underground 9041 copy updated)
						Lua 0:45:55:152
[ElevatorDepotDev] target Herbs = 60% (set on the surface half 9036; underground 9041 copy updated)
						Lua 0:45:55:157
[ElevatorDepotDev] target Herbs = 63% (set on the surface half 9036; underground 9041 copy updated)
						Lua 0:45:55:160
[ElevatorDepotDev] target Herbs = 65% (set on the surface half 9036; underground 9041 copy updated)
						Lua 0:45:55:166
[ElevatorDepotDev] target Herbs = 67% (set on the surface half 9036; underground 9041 copy updated)
						Lua 0:45:55:174
[ElevatorDepotDev] target Herbs = 69% (set on the surface half 9036; underground 9041 copy updated)
						Lua 0:45:55:176
[ElevatorDepotDev] target Herbs = 70% (set on the surface half 9036; underground 9041 copy updated)
						Lua 0:45:55:498
[ElevatorDepotDev] target Spices = 0% (set on the surface half 9036; underground 9041 copy updated)
						Lua 0:45:55:582
[ElevatorDepotDev] target Spices = 1% (set on the surface half 9036; underground 9041 copy updated)
						Lua 0:45:55:591
[ElevatorDepotDev] target Spices = 5% (set on the surface half 9036; underground 9041 copy updated)
						Lua 0:45:55:593
[ElevatorDepotDev] target Spices = 6% (set on the surface half 9036; underground 9041 copy updated)
						Lua 0:45:55:599
[ElevatorDepotDev] target Spices = 12% (set on the surface half 9036; underground 9041 copy updated)
						Lua 0:45:55:602
[ElevatorDepotDev] target Spices = 16% (set on the surface half 9036; underground 9041 copy updated)
						Lua 0:45:55:611
[ElevatorDepotDev] target Spices = 26% (set on the surface half 9036; underground 9041 copy updated)
						Lua 0:45:55:614
[ElevatorDepotDev] target Spices = 27% (set on the surface half 9036; underground 9041 copy updated)
						Lua 0:45:55:616
[ElevatorDepotDev] target Spices = 29% (set on the surface half 9036; underground 9041 copy updated)
						Lua 0:45:55:619
[ElevatorDepotDev] target Spices = 32% (set on the surface half 9036; underground 9041 copy updated)
						Lua 0:45:55:624
[ElevatorDepotDev] target Spices = 38% (set on the surface half 9036; underground 9041 copy updated)
						Lua 0:45:55:627
[ElevatorDepotDev] target Spices = 40% (set on the surface half 9036; underground 9041 copy updated)
						Lua 0:45:55:643
[ElevatorDepotDev] target Spices = 54% (set on the surface half 9036; underground 9041 copy updated)
						Lua 0:45:55:650
[ElevatorDepotDev] target Spices = 59% (set on the surface half 9036; underground 9041 copy updated)
						Lua 0:45:55:660
[ElevatorDepotDev] target Spices = 65% (set on the surface half 9036; underground 9041 copy updated)
						Lua 0:45:55:666
[ElevatorDepotDev] target Spices = 67% (set on the surface half 9036; underground 9041 copy updated)
						Lua 0:45:55:669
[ElevatorDepotDev] target Spices = 68% (set on the surface half 9036; underground 9041 copy updated)
						Lua 0:45:55:675
[ElevatorDepotDev] target Spices = 70% (set on the surface half 9036; underground 9041 copy updated)
						Lua 0:45:55:683
[ElevatorDepotDev] target Spices = 72% (set on the surface half 9036; underground 9041 copy updated)
						Lua 0:45:56:016
[ElevatorDepotDev] target Sugar = 15% (set on the surface half 9036; underground 9041 copy updated)
						Lua 0:45:56:098
[ElevatorDepotDev] target Sugar = 16% (set on the surface half 9036; underground 9041 copy updated)
						Lua 0:45:56:101
[ElevatorDepotDev] target Sugar = 17% (set on the surface half 9036; underground 9041 copy updated)
						Lua 0:45:56:106
[ElevatorDepotDev] target Sugar = 18% (set on the surface half 9036; underground 9041 copy updated)
						Lua 0:45:56:109
[ElevatorDepotDev] target Sugar = 19% (set on the surface half 9036; underground 9041 copy updated)
						Lua 0:45:56:124
[ElevatorDepotDev] target Sugar = 26% (set on the surface half 9036; underground 9041 copy updated)
						Lua 0:45:56:127
[ElevatorDepotDev] target Sugar = 27% (set on the surface half 9036; underground 9041 copy updated)
						Lua 0:45:56:133
[ElevatorDepotDev] target Sugar = 32% (set on the surface half 9036; underground 9041 copy updated)
						Lua 0:45:56:141
[ElevatorDepotDev] target Sugar = 39% (set on the surface half 9036; underground 9041 copy updated)
						Lua 0:45:56:150
[ElevatorDepotDev] target Sugar = 45% (set on the surface half 9036; underground 9041 copy updated)
						Lua 0:45:56:158
[ElevatorDepotDev] target Sugar = 51% (set on the surface half 9036; underground 9041 copy updated)
						Lua 0:45:56:166
[ElevatorDepotDev] target Sugar = 56% (set on the surface half 9036; underground 9041 copy updated)
						Lua 0:45:56:174
[ElevatorDepotDev] target Sugar = 60% (set on the surface half 9036; underground 9041 copy updated)
						Lua 0:45:56:177
[ElevatorDepotDev] target Sugar = 62% (set on the surface half 9036; underground 9041 copy updated)
						Lua 0:45:56:193
[ElevatorDepotDev] target Sugar = 70% (set on the surface half 9036; underground 9041 copy updated)
						Lua 0:45:56:200
[ElevatorDepotDev] target Sugar = 72% (set on the surface half 9036; underground 9041 copy updated)
						Lua 0:45:56:206
[ElevatorDepotDev] target Sugar = 74% (set on the surface half 9036; underground 9041 copy updated)
						Lua 0:45:56:215
[ElevatorDepotDev] target Sugar = 76% (set on the surface half 9036; underground 9041 copy updated)
						Lua 0:45:56:217
[ElevatorDepotDev] target Sugar = 77% (set on the surface half 9036; underground 9041 copy updated)
						Lua 0:45:56:225
[ElevatorDepotDev] target Sugar = 80% (set on the surface half 9036; underground 9041 copy updated)
						Lua 0:45:56:233
[ElevatorDepotDev] target Sugar = 82% (set on the surface half 9036; underground 9041 copy updated)
						Lua 0:45:56:241
[ElevatorDepotDev] target Sugar = 85% (set on the surface half 9036; underground 9041 copy updated)
						Lua 0:45:56:252
[ElevatorDepotDev] target Sugar = 86% (set on the surface half 9036; underground 9041 copy updated)
						Lua 0:45:56:258
[ElevatorDepotDev] target Sugar = 87% (set on the surface half 9036; underground 9041 copy updated)
						Lua 0:45:56:468
[ElevatorDepotDev] row Butter = disabled word=disabled (set on the surface half 9036; underground 9041 copy updated)
						Lua 0:45:57:370
[ElevatorDepotDev] row Butter = to_surface word=export (set on the surface half 9036; underground 9041 copy updated)
						Lua 0:45:59:872
[ElevatorDepotDev] cabin arrived underground (leg 167) delivered none still aboard none
						Lua 0:45:59:874
[ElevatorDepotDev] cabin departed up (leg 168) loaded Butter=42000 aboard Butter=42000 arrives in 60 min
						Lua 0:46:01:062
[ElevatorDepotDev] target Metals = 20% (set on the surface half 9036; underground 9041 copy updated)
						Lua 0:46:01:087
[ElevatorDepotDev] target Metals = 21% (set on the surface half 9036; underground 9041 copy updated)
						Lua 0:46:01:095
[ElevatorDepotDev] target Metals = 22% (set on the surface half 9036; underground 9041 copy updated)
						Lua 0:46:01:130
[ElevatorDepotDev] target Metals = 23% (set on the surface half 9036; underground 9041 copy updated)
						Lua 0:46:01:147
[ElevatorDepotDev] target Metals = 25% (set on the surface half 9036; underground 9041 copy updated)
						Lua 0:46:01:155
[ElevatorDepotDev] target Metals = 27% (set on the surface half 9036; underground 9041 copy updated)
						Lua 0:46:01:162
[ElevatorDepotDev] target Metals = 28% (set on the surface half 9036; underground 9041 copy updated)
						Lua 0:46:01:266
[ElevatorDepotDev] target Metals = 29% (set on the surface half 9036; underground 9041 copy updated)
						Lua 0:46:01:280
[ElevatorDepotDev] target Metals = 30% (set on the surface half 9036; underground 9041 copy updated)
						Lua 0:46:01:289
[ElevatorDepotDev] target Metals = 31% (set on the surface half 9036; underground 9041 copy updated)
						Lua 0:46:01:295
[ElevatorDepotDev] target Metals = 32% (set on the surface half 9036; underground 9041 copy updated)
						Lua 0:46:01:304
[ElevatorDepotDev] target Metals = 34% (set on the surface half 9036; underground 9041 copy updated)
						Lua 0:46:01:314
[ElevatorDepotDev] target Metals = 35% (set on the surface half 9036; underground 9041 copy updated)
						Lua 0:46:01:505
[ElevatorDepotDev] target Metals = 34% (set on the surface half 9036; underground 9041 copy updated)
						Lua 0:46:01:514
[ElevatorDepotDev] target Metals = 32% (set on the surface half 9036; underground 9041 copy updated)
						Lua 0:46:01:523
[ElevatorDepotDev] target Metals = 31% (set on the surface half 9036; underground 9041 copy updated)
						Lua 0:46:01:526
[ElevatorDepotDev] target Metals = 30% (set on the surface half 9036; underground 9041 copy updated)
						Lua 0:46:01:531
[ElevatorDepotDev] target Metals = 28% (set on the surface half 9036; underground 9041 copy updated)
						Lua 0:46:01:533
[ElevatorDepotDev] target Metals = 27% (set on the surface half 9036; underground 9041 copy updated)
						Lua 0:46:01:539
[ElevatorDepotDev] target Metals = 25% (set on the surface half 9036; underground 9041 copy updated)
						Lua 0:46:01:547
[ElevatorDepotDev] target Metals = 23% (set on the surface half 9036; underground 9041 copy updated)
						Lua 0:46:01:550
[ElevatorDepotDev] target Metals = 22% (set on the surface half 9036; underground 9041 copy updated)
						Lua 0:46:01:566
[ElevatorDepotDev] target Metals = 16% (set on the surface half 9036; underground 9041 copy updated)
						Lua 0:46:01:575
[ElevatorDepotDev] target Metals = 13% (set on the surface half 9036; underground 9041 copy updated)
						Lua 0:46:01:585
[ElevatorDepotDev] target Metals = 11% (set on the surface half 9036; underground 9041 copy updated)
						Lua 0:46:01:594
[ElevatorDepotDev] target Metals = 9% (set on the surface half 9036; underground 9041 copy updated)
						Lua 0:46:01:603
[ElevatorDepotDev] target Metals = 7% (set on the surface half 9036; underground 9041 copy updated)
						Lua 0:46:01:610
[ElevatorDepotDev] target Metals = 6% (set on the surface half 9036; underground 9041 copy updated)
						Lua 0:46:01:613
[ElevatorDepotDev] target Metals = 5% (set on the surface half 9036; underground 9041 copy updated)
						Lua 0:46:01:631
[ElevatorDepotDev] target Metals = 4% (set on the surface half 9036; underground 9041 copy updated)
						Lua 0:46:02:591
[ElevatorDepotDev] target Concrete = 20% (set on the surface half 9036; underground 9041 copy updated)
						Lua 0:46:02:613
[ElevatorDepotDev] target Concrete = 21% (set on the surface half 9036; underground 9041 copy updated)
						Lua 0:46:02:630
[ElevatorDepotDev] target Concrete = 24% (set on the surface half 9036; underground 9041 copy updated)
						Lua 0:46:02:633
[ElevatorDepotDev] target Concrete = 25% (set on the surface half 9036; underground 9041 copy updated)
						Lua 0:46:02:639
[ElevatorDepotDev] target Concrete = 28% (set on the surface half 9036; underground 9041 copy updated)
						Lua 0:46:02:642
[ElevatorDepotDev] target Concrete = 30% (set on the surface half 9036; underground 9041 copy updated)
						Lua 0:46:02:651
[ElevatorDepotDev] target Concrete = 38% (set on the surface half 9036; underground 9041 copy updated)
						Lua 0:46:02:654
[ElevatorDepotDev] target Concrete = 39% (set on the surface half 9036; underground 9041 copy updated)
						Lua 0:46:02:656
[ElevatorDepotDev] target Concrete = 40% (set on the surface half 9036; underground 9041 copy updated)
						Lua 0:46:02:663
[ElevatorDepotDev] target Concrete = 46% (set on the surface half 9036; underground 9041 copy updated)
						Lua 0:46:02:666
[ElevatorDepotDev] target Concrete = 49% (set on the surface half 9036; underground 9041 copy updated)
						Lua 0:46:02:673
[ElevatorDepotDev] target Concrete = 53% (set on the surface half 9036; underground 9041 copy updated)
						Lua 0:46:02:675
[ElevatorDepotDev] target Concrete = 55% (set on the surface half 9036; underground 9041 copy updated)
						Lua 0:46:02:681
[ElevatorDepotDev] target Concrete = 58% (set on the surface half 9036; underground 9041 copy updated)
						Lua 0:46:02:683
[ElevatorDepotDev] target Concrete = 59% (set on the surface half 9036; underground 9041 copy updated)
						Lua 0:46:02:690
[ElevatorDepotDev] target Concrete = 62% (set on the surface half 9036; underground 9041 copy updated)
						Lua 0:46:02:696
[ElevatorDepotDev] target Concrete = 65% (set on the surface half 9036; underground 9041 copy updated)
						Lua 0:46:02:704
[ElevatorDepotDev] target Concrete = 66% (set on the surface half 9036; underground 9041 copy updated)
						Lua 0:46:02:754
[ElevatorDepotDev] target Concrete = 67% (set on the surface half 9036; underground 9041 copy updated)
						Lua 0:46:02:758
[ElevatorDepotDev] target Concrete = 68% (set on the surface half 9036; underground 9041 copy updated)
						Lua 0:46:02:764
[ElevatorDepotDev] target Concrete = 69% (set on the surface half 9036; underground 9041 copy updated)
						Lua 0:46:02:767
[ElevatorDepotDev] target Concrete = 72% (set on the surface half 9036; underground 9041 copy updated)
						Lua 0:46:02:773
[ElevatorDepotDev] target Concrete = 75% (set on the surface half 9036; underground 9041 copy updated)
						Lua 0:46:02:775
[ElevatorDepotDev] target Concrete = 77% (set on the surface half 9036; underground 9041 copy updated)
						Lua 0:46:02:781
[ElevatorDepotDev] target Concrete = 81% (set on the surface half 9036; underground 9041 copy updated)
						Lua 0:46:02:783
[ElevatorDepotDev] target Concrete = 84% (set on the surface half 9036; underground 9041 copy updated)
						Lua 0:46:02:789
[ElevatorDepotDev] target Concrete = 91% (set on the surface half 9036; underground 9041 copy updated)
						Lua 0:46:02:792
[ElevatorDepotDev] target Concrete = 93% (set on the surface half 9036; underground 9041 copy updated)
						Lua 0:46:02:798
[ElevatorDepotDev] target Concrete = 100% (set on the surface half 9036; underground 9041 copy updated)
						Lua 0:46:04:812
[ElevatorDepotDev] target PreciousMinerals = 9% (set on the surface half 9036; underground 9041 copy updated)
						Lua 0:46:04:817
[ElevatorDepotDev] target PreciousMinerals = 10% (set on the surface half 9036; underground 9041 copy updated)
						Lua 0:46:04:824
[ElevatorDepotDev] target PreciousMinerals = 11% (set on the surface half 9036; underground 9041 copy updated)
						Lua 0:46:04:826
[ElevatorDepotDev] target PreciousMinerals = 12% (set on the surface half 9036; underground 9041 copy updated)
						Lua 0:46:04:829
[ElevatorDepotDev] target PreciousMinerals = 15% (set on the surface half 9036; underground 9041 copy updated)
						Lua 0:46:04:831
[ElevatorDepotDev] target PreciousMinerals = 16% (set on the surface half 9036; underground 9041 copy updated)
						Lua 0:46:04:838
[ElevatorDepotDev] target PreciousMinerals = 20% (set on the surface half 9036; underground 9041 copy updated)
						Lua 0:46:04:841
[ElevatorDepotDev] target PreciousMinerals = 22% (set on the surface half 9036; underground 9041 copy updated)
						Lua 0:46:04:849
[ElevatorDepotDev] target PreciousMinerals = 28% (set on the surface half 9036; underground 9041 copy updated)
						Lua 0:46:04:851
[ElevatorDepotDev] target PreciousMinerals = 32% (set on the surface half 9036; underground 9041 copy updated)
						Lua 0:46:04:854
[ElevatorDepotDev] target PreciousMinerals = 37% (set on the surface half 9036; underground 9041 copy updated)
						Lua 0:46:04:857
[ElevatorDepotDev] target PreciousMinerals = 41% (set on the surface half 9036; underground 9041 copy updated)
						Lua 0:46:04:862
[ElevatorDepotDev] target PreciousMinerals = 48% (set on the surface half 9036; underground 9041 copy updated)
						Lua 0:46:04:867
[ElevatorDepotDev] target PreciousMinerals = 52% (set on the surface half 9036; underground 9041 copy updated)
						Lua 0:46:04:871
[ElevatorDepotDev] target PreciousMinerals = 58% (set on the surface half 9036; underground 9041 copy updated)
						Lua 0:46:04:874
[ElevatorDepotDev] target PreciousMinerals = 60% (set on the surface half 9036; underground 9041 copy updated)
						Lua 0:46:04:879
[ElevatorDepotDev] target PreciousMinerals = 65% (set on the surface half 9036; underground 9041 copy updated)
						Lua 0:46:04:882
[ElevatorDepotDev] target PreciousMinerals = 68% (set on the surface half 9036; underground 9041 copy updated)
						Lua 0:46:04:887
[ElevatorDepotDev] target PreciousMinerals = 71% (set on the surface half 9036; underground 9041 copy updated)
						Lua 0:46:04:891
[ElevatorDepotDev] target PreciousMinerals = 73% (set on the surface half 9036; underground 9041 copy updated)
						Lua 0:46:04:895
[ElevatorDepotDev] target PreciousMinerals = 76% (set on the surface half 9036; underground 9041 copy updated)
						Lua 0:46:04:898
[ElevatorDepotDev] target PreciousMinerals = 77% (set on the surface half 9036; underground 9041 copy updated)
						Lua 0:46:04:904
[ElevatorDepotDev] target PreciousMinerals = 80% (set on the surface half 9036; underground 9041 copy updated)
						Lua 0:46:04:907
[ElevatorDepotDev] target PreciousMinerals = 81% (set on the surface half 9036; underground 9041 copy updated)
						Lua 0:46:04:915
[ElevatorDepotDev] target PreciousMinerals = 82% (set on the surface half 9036; underground 9041 copy updated)
						Lua 0:46:04:923
[ElevatorDepotDev] target PreciousMinerals = 83% (set on the surface half 9036; underground 9041 copy updated)
						Lua 0:46:05:872
[ElevatorDepotDev] cabin arrived surface (leg 168) delivered Butter=42000 still aboard none
						Lua 0:46:05:875
[ElevatorDepotDev] cabin departed down (leg 169) loaded none aboard none arrives in 60 min
						Lua 0:46:11:872
[ElevatorDepotDev] cabin arrived underground (leg 169) delivered none still aboard none
[ElevatorDepotDev] cabin departed up (leg 170) loaded Butter=42000 aboard Butter=42000 arrives in 60 min
						Lua 0:46:17:928
[ElevatorDepotDev] cabin arrived surface (leg 170) delivered Butter=42000 still aboard none
[ElevatorDepotDev] cabin departed down (leg 171) loaded none aboard none arrives in 60 min
						Lua 0:46:23:872
[ElevatorDepotDev] cabin arrived underground (leg 171) delivered none still aboard none
						Lua 0:46:23:873
[ElevatorDepotDev] cabin departed up (leg 172) loaded Butter=36000 aboard Butter=36000 arrives in 60 min
						Lua 0:46:53:340
[ElevatorDepotDev] cabin arrived surface (leg 172) delivered Butter=36000 still aboard none
						Lua 0:46:53:341
[ElevatorDepotDev] cabin departed down (leg 173) loaded Herbs=1000 aboard Herbs=1000 arrives in 60 min
						Lua 0:47:23:340
[ElevatorDepotDev] cabin arrived underground (leg 173) delivered Herbs=1000 still aboard none
[ElevatorDepotDev] cabin departed up (leg 174) loaded none aboard none arrives in 60 min
						Lua 0:47:53:340
[ElevatorDepotDev] cabin arrived surface (leg 174) delivered none still aboard none
[ElevatorDepotDev] cabin departed down (leg 175) loaded none aboard none arrives in 60 min
						Lua 0:48:23:343
[ElevatorDepotDev] cabin arrived underground (leg 175) delivered none still aboard none
[ElevatorDepotDev] cabin departed up (leg 176) loaded none aboard none arrives in 60 min
						Lua 0:48:23:365
[TrainHubDev] lights: arm 0, flanks the reactor (red flank) = B2 "Deep blue wash" (SpotLight), 12 lights, engine bearing 0 deg
						Lua 0:48:23:366
[TrainHubDev] lights: arm 1, flanks the reactor (blue flank) = B2 "Deep blue wash" (SpotLight), 12 lights, engine bearing 60 deg
[TrainHubDev] lights: arm 2, next to the blue flank = B2 "Deep blue wash" (SpotLight), 12 lights, engine bearing 120 deg
						Lua 0:48:23:367
[TrainHubDev] lights: arm 3, opposite the red flank = B2 "Deep blue wash" (SpotLight), 12 lights, engine bearing 180 deg
[TrainHubDev] lights: arm 4, opposite the blue flank = B2 "Deep blue wash" (SpotLight), 12 lights, engine bearing 240 deg
						Lua 0:48:23:368
[TrainHubDev] lights: arm 5, next to the red flank = B2 "Deep blue wash" (SpotLight), 12 lights, engine bearing 300 deg
[TrainHubDev] lights: arm tune intensity 50, side 150 cm, height 200 cm, radius 500 cm, cone 50/100, colour 0,40,255
[TrainHubDev] structure lights: portal rims ON, 30 lights (intensity 4, radius 350 cm)
[TrainHubDev] structure lights: drone pit kerb OFF, 0 lights (intensity 15, radius 300 cm)
[TrainHubDev] structure lights: ring rim strip OFF, 0 lights (intensity 12, radius 400 cm)
[TrainHubDev] structure lights: floor edge strip OFF, 0 lights (intensity 30, radius 300 cm)
[TrainHubDev] structure lights: crown floor light ON, 0 lights (intensity 150, radius 4000 cm)
[TrainHubDev] structure lights: crown floor light follows the VANILLA night schedule (OnMsg.LightmodelChange -> map.NightLightsState, NightLightObjects.lua:250-259, :22 on build 1.1.0.403908); it is DAY now, so it is NOT PLACED -- hanging at z 1900 cm, colour 255,214,170, cone 0/0
[TrainHubDev] structure lights: under-deck fill ON, 0 lights (intensity 40, radius 1200 cm)
[TrainHubDev] structure lights: under-deck fill follows the VANILLA night schedule (OnMsg.LightmodelChange -> map.NightLightsState, NightLightObjects.lua:250-259, :22 on build 1.1.0.403908); it is DAY now, so it is NOT PLACED -- hanging at z 700 cm, colour 255,214,170, cone 0/0
[TrainHubDev] lights: 102 placed (72 arm + 30 structure); a stopped hub destroys them all
						Lua 0:48:23:369
[TrainHubDev] lights: arm 0, flanks the reactor (red flank) = B2 "Deep blue wash" (SpotLight), 12 lights, engine bearing 0 deg
[TrainHubDev] lights: arm 1, flanks the reactor (blue flank) = B2 "Deep blue wash" (SpotLight), 12 lights, engine bearing 60 deg
						Lua 0:48:23:370
[TrainHubDev] lights: arm 2, next to the blue flank = B2 "Deep blue wash" (SpotLight), 12 lights, engine bearing 120 deg
[TrainHubDev] lights: arm 3, opposite the red flank = B2 "Deep blue wash" (SpotLight), 12 lights, engine bearing 180 deg
[TrainHubDev] lights: arm 4, opposite the blue flank = B2 "Deep blue wash" (SpotLight), 12 lights, engine bearing 240 deg
						Lua 0:48:23:371
[TrainHubDev] lights: arm 5, next to the red flank = B2 "Deep blue wash" (SpotLight), 12 lights, engine bearing 300 deg
[TrainHubDev] lights: arm tune intensity 50, side 150 cm, height 200 cm, radius 500 cm, cone 50/100, colour 0,40,255
[TrainHubDev] structure lights: portal rims ON, 30 lights (intensity 4, radius 350 cm)
[TrainHubDev] structure lights: drone pit kerb OFF, 0 lights (intensity 15, radius 300 cm)
[TrainHubDev] structure lights: ring rim strip OFF, 0 lights (intensity 12, radius 400 cm)
[TrainHubDev] structure lights: floor edge strip OFF, 0 lights (intensity 30, radius 300 cm)
[TrainHubDev] structure lights: crown floor light ON, 0 lights (intensity 150, radius 4000 cm)
[TrainHubDev] structure lights: crown floor light follows the VANILLA night schedule (OnMsg.LightmodelChange -> map.NightLightsState, NightLightObjects.lua:250-259, :22 on build 1.1.0.403908); it is DAY now, so it is NOT PLACED -- hanging at z 1900 cm, colour 255,214,170, cone 0/0
[TrainHubDev] structure lights: under-deck fill ON, 0 lights (intensity 40, radius 1200 cm)
[TrainHubDev] structure lights: under-deck fill follows the VANILLA night schedule (OnMsg.LightmodelChange -> map.NightLightsState, NightLightObjects.lua:250-259, :22 on build 1.1.0.403908); it is DAY now, so it is NOT PLACED -- hanging at z 700 cm, colour 255,214,170, cone 0/0
[TrainHubDev] lights: 102 placed (72 arm + 30 structure); a stopped hub destroys them all
						Lua 0:48:53:340
[ElevatorDepotDev] cabin arrived surface (leg 176) delivered none still aboard none
[ElevatorDepotDev] cabin departed down (leg 177) loaded none aboard none arrives in 60 min
						Lua 0:49:23:341
[ElevatorDepotDev] cabin arrived underground (leg 177) delivered none still aboard none
[ElevatorDepotDev] cabin departed up (leg 178) loaded none aboard none arrives in 60 min
						Lua 0:49:53:341
[ElevatorDepotDev] cabin arrived surface (leg 178) delivered none still aboard none
[ElevatorDepotDev] cabin departed down (leg 179) loaded none aboard none arrives in 60 min
						Lua 0:50:23:341
[ElevatorDepotDev] cabin arrived underground (leg 179) delivered none still aboard none
[ElevatorDepotDev] cabin departed up (leg 180) loaded none aboard none arrives in 60 min
						Lua 0:50:53:342
[ElevatorDepotDev] cabin arrived surface (leg 180) delivered none still aboard none
[ElevatorDepotDev] cabin departed down (leg 181) loaded none aboard none arrives in 60 min
						Lua 0:51:23:340
[ElevatorDepotDev] cabin arrived underground (leg 181) delivered none still aboard none
[ElevatorDepotDev] cabin departed up (leg 182) loaded none aboard none arrives in 60 min
						Lua 0:51:53:340
[ElevatorDepotDev] cabin arrived surface (leg 182) delivered none still aboard none
[ElevatorDepotDev] cabin departed down (leg 183) loaded none aboard none arrives in 60 min
						Lua 0:52:23:341
[ElevatorDepotDev] cabin arrived underground (leg 183) delivered none still aboard none
[ElevatorDepotDev] cabin departed up (leg 184) loaded none aboard none arrives in 60 min
						Lua 0:52:25:164
[mod] [SMRTK] SMRTK_SECTION action=section_attach attached=true dialog=ipBuilding object=SMROptInElevatorDepotDev(9036) status=OK t=40531809 id=418
						Lua 0:52:31:898
[mod] [SMRTK] SMRTK_SECTION action=section_attach attached=true dialog=ipTrain object=Train(2000002658) status=OK t=40538548 id=419
						Lua 0:52:34:299
[mod] [SMRTK] SMRTK_SECTION action=section_attach attached=true dialog=ipBuilding object=SMROptInTrainHub6(6430) status=OK t=40540943 id=420
						Lua 0:52:38:609
[mod] [SMRTK] SMRTK_SPEED action=speed_ultra before=1000 factor=128000 requested=128 status=OK t=40545270 id=421
[SMRTK] SMRTK_SPEED action=speed_ultra before=1000 factor=128000 requested=128 status=OK t=40545270 id=421
						Lua 0:52:38:889
[TrainHubDev] lights: arm 0, flanks the reactor (red flank) = B2 "Deep blue wash" (SpotLight), 12 lights, engine bearing 0 deg
						Lua 0:52:38:890
[TrainHubDev] lights: arm 1, flanks the reactor (blue flank) = B2 "Deep blue wash" (SpotLight), 12 lights, engine bearing 60 deg
						Lua 0:52:38:891
[TrainHubDev] lights: arm 2, next to the blue flank = B2 "Deep blue wash" (SpotLight), 12 lights, engine bearing 120 deg
[TrainHubDev] lights: arm 3, opposite the red flank = B2 "Deep blue wash" (SpotLight), 12 lights, engine bearing 180 deg
						Lua 0:52:38:892
[TrainHubDev] lights: arm 4, opposite the blue flank = B2 "Deep blue wash" (SpotLight), 12 lights, engine bearing 240 deg
						Lua 0:52:38:893
[TrainHubDev] lights: arm 5, next to the red flank = B2 "Deep blue wash" (SpotLight), 12 lights, engine bearing 300 deg
[TrainHubDev] lights: arm tune intensity 50, side 150 cm, height 200 cm, radius 500 cm, cone 50/100, colour 0,40,255
[TrainHubDev] structure lights: portal rims ON, 30 lights (intensity 4, radius 350 cm)
[TrainHubDev] structure lights: drone pit kerb OFF, 0 lights (intensity 15, radius 300 cm)
[TrainHubDev] structure lights: ring rim strip OFF, 0 lights (intensity 12, radius 400 cm)
[TrainHubDev] structure lights: floor edge strip OFF, 0 lights (intensity 30, radius 300 cm)
						Lua 0:52:38:894
[TrainHubDev] structure lights: crown floor light ON, 0 lights (intensity 150, radius 4000 cm)
[TrainHubDev] structure lights: crown floor light follows the VANILLA night schedule (OnMsg.LightmodelChange -> map.NightLightsState, NightLightObjects.lua:250-259, :22 on build 1.1.0.403908); it is DAY now, so it is NOT PLACED -- hanging at z 1900 cm, colour 255,214,170, cone 0/0
[TrainHubDev] structure lights: under-deck fill ON, 0 lights (intensity 40, radius 1200 cm)
[TrainHubDev] structure lights: under-deck fill follows the VANILLA night schedule (OnMsg.LightmodelChange -> map.NightLightsState, NightLightObjects.lua:250-259, :22 on build 1.1.0.403908); it is DAY now, so it is NOT PLACED -- hanging at z 700 cm, colour 255,214,170, cone 0/0
[TrainHubDev] lights: 102 placed (72 arm + 30 structure); a stopped hub destroys them all
						Lua 0:52:38:966
[ElevatorDepotDev] cabin arrived surface (leg 184) delivered none still aboard none
[ElevatorDepotDev] cabin departed down (leg 185) loaded none aboard none arrives in 60 min
						Lua 0:52:39:647
[ElevatorDepotDev] cabin arrived underground (leg 185) delivered none still aboard none
[ElevatorDepotDev] cabin departed up (leg 186) loaded none aboard none arrives in 60 min
						Lua 0:52:40:298
[ElevatorDepotDev] cabin arrived surface (leg 186) delivered none still aboard none
[ElevatorDepotDev] cabin departed down (leg 187) loaded none aboard none arrives in 60 min
						Lua 0:52:40:907
[ElevatorDepotDev] cabin arrived underground (leg 187) delivered none still aboard none
[ElevatorDepotDev] cabin departed up (leg 188) loaded none aboard none arrives in 60 min
						Lua 0:52:41:573
[ElevatorDepotDev] cabin arrived surface (leg 188) delivered none still aboard none
[ElevatorDepotDev] cabin departed down (leg 189) loaded none aboard none arrives in 60 min
						Lua 0:52:42:181
[ElevatorDepotDev] cabin arrived underground (leg 189) delivered none still aboard none
[ElevatorDepotDev] cabin departed up (leg 190) loaded none aboard none arrives in 60 min
						Lua 0:52:42:505
[TrainHubDev] lights: arm 0, flanks the reactor (red flank) = B2 "Deep blue wash" (SpotLight), 12 lights, engine bearing 0 deg
[TrainHubDev] lights: arm 1, flanks the reactor (blue flank) = B2 "Deep blue wash" (SpotLight), 12 lights, engine bearing 60 deg
						Lua 0:52:42:506
[TrainHubDev] lights: arm 2, next to the blue flank = B2 "Deep blue wash" (SpotLight), 12 lights, engine bearing 120 deg
						Lua 0:52:42:507
[TrainHubDev] lights: arm 3, opposite the red flank = B2 "Deep blue wash" (SpotLight), 12 lights, engine bearing 180 deg
						Lua 0:52:42:508
[TrainHubDev] lights: arm 4, opposite the blue flank = B2 "Deep blue wash" (SpotLight), 12 lights, engine bearing 240 deg
[TrainHubDev] lights: arm 5, next to the red flank = B2 "Deep blue wash" (SpotLight), 12 lights, engine bearing 300 deg
[TrainHubDev] lights: arm tune intensity 50, side 150 cm, height 200 cm, radius 500 cm, cone 50/100, colour 0,40,255
						Lua 0:52:42:509
[TrainHubDev] structure lights: portal rims ON, 30 lights (intensity 4, radius 350 cm)
[TrainHubDev] structure lights: drone pit kerb OFF, 0 lights (intensity 15, radius 300 cm)
[TrainHubDev] structure lights: ring rim strip OFF, 0 lights (intensity 12, radius 400 cm)
[TrainHubDev] structure lights: floor edge strip OFF, 0 lights (intensity 30, radius 300 cm)
[TrainHubDev] structure lights: crown floor light ON, 1 lights (intensity 150, radius 4000 cm)
[TrainHubDev] structure lights: crown floor light follows the VANILLA night schedule (OnMsg.LightmodelChange -> map.NightLightsState, NightLightObjects.lua:250-259, :22 on build 1.1.0.403908); it is NIGHT now, so it is LIT -- hanging at z 1900 cm, colour 255,214,170, cone 0/0
						Lua 0:52:42:510
[TrainHubDev] structure lights: under-deck fill ON, 18 lights (intensity 40, radius 1200 cm)
[TrainHubDev] structure lights: under-deck fill follows the VANILLA night schedule (OnMsg.LightmodelChange -> map.NightLightsState, NightLightObjects.lua:250-259, :22 on build 1.1.0.403908); it is NIGHT now, so it is LIT -- hanging at z 700 cm, colour 255,214,170, cone 0/0
[TrainHubDev] lights: 121 placed (72 arm + 49 structure); a stopped hub destroys them all
[TrainHubDev] lights: arm 0, flanks the reactor (red flank) = B2 "Deep blue wash" (SpotLight), 12 lights, engine bearing 0 deg
						Lua 0:52:42:511
[TrainHubDev] lights: arm 1, flanks the reactor (blue flank) = B2 "Deep blue wash" (SpotLight), 12 lights, engine bearing 60 deg
[TrainHubDev] lights: arm 2, next to the blue flank = B2 "Deep blue wash" (SpotLight), 12 lights, engine bearing 120 deg
[TrainHubDev] lights: arm 3, opposite the red flank = B2 "Deep blue wash" (SpotLight), 12 lights, engine bearing 180 deg
						Lua 0:52:42:512
[TrainHubDev] lights: arm 4, opposite the blue flank = B2 "Deep blue wash" (SpotLight), 12 lights, engine bearing 240 deg
[TrainHubDev] lights: arm 5, next to the red flank = B2 "Deep blue wash" (SpotLight), 12 lights, engine bearing 300 deg
[TrainHubDev] lights: arm tune intensity 50, side 150 cm, height 200 cm, radius 500 cm, cone 50/100, colour 0,40,255
						Lua 0:52:42:513
[TrainHubDev] structure lights: portal rims ON, 30 lights (intensity 4, radius 350 cm)
[TrainHubDev] structure lights: drone pit kerb OFF, 0 lights (intensity 15, radius 300 cm)
[TrainHubDev] structure lights: ring rim strip OFF, 0 lights (intensity 12, radius 400 cm)
[TrainHubDev] structure lights: floor edge strip OFF, 0 lights (intensity 30, radius 300 cm)
[TrainHubDev] structure lights: crown floor light ON, 1 lights (intensity 150, radius 4000 cm)
[TrainHubDev] structure lights: crown floor light follows the VANILLA night schedule (OnMsg.LightmodelChange -> map.NightLightsState, NightLightObjects.lua:250-259, :22 on build 1.1.0.403908); it is NIGHT now, so it is LIT -- hanging at z 1900 cm, colour 255,214,170, cone 0/0
[TrainHubDev] structure lights: under-deck fill ON, 18 lights (intensity 40, radius 1200 cm)
[TrainHubDev] structure lights: under-deck fill follows the VANILLA night schedule (OnMsg.LightmodelChange -> map.NightLightsState, NightLightObjects.lua:250-259, :22 on build 1.1.0.403908); it is NIGHT now, so it is LIT -- hanging at z 700 cm, colour 255,214,170, cone 0/0
[TrainHubDev] lights: 121 placed (72 arm + 49 structure); a stopped hub destroys them all
						Lua 0:52:42:830
[ElevatorDepotDev] cabin arrived surface (leg 190) delivered none still aboard none
[ElevatorDepotDev] cabin departed down (leg 191) loaded none aboard none arrives in 60 min
						Lua 0:52:43:082
[mod] [SMRTK] SMRTK_SPEED action=speed_fast before=128000 factor=5000 requested=5 status=OK t=40752630 id=422
[SMRTK] SMRTK_SPEED action=speed_fast before=128000 factor=5000 requested=5 status=OK t=40752630 id=422
						Lua 0:52:46:481
[ElevatorDepotDev] cabin arrived underground (leg 191) delivered none still aboard none
[ElevatorDepotDev] cabin departed up (leg 192) loaded none aboard none arrives in 60 min
						Lua 0:52:48:769
[mod] [SMRTK] SMRTK_SECTION action=section_attach attached=true dialog=ipTrain object=Train(2000001845) status=OK t=40776569 id=423
						Lua 0:53:12:193
[ElevatorDepotDev] cabin arrived surface (leg 192) delivered none still aboard none
[ElevatorDepotDev] cabin departed down (leg 193) loaded none aboard none arrives in 60 min
						Lua 0:53:42:194
[ElevatorDepotDev] cabin arrived underground (leg 193) delivered none still aboard none
[ElevatorDepotDev] cabin departed up (leg 194) loaded none aboard none arrives in 60 min
						Lua 0:54:12:194
[ElevatorDepotDev] cabin arrived surface (leg 194) delivered none still aboard none
[ElevatorDepotDev] cabin departed down (leg 195) loaded none aboard none arrives in 60 min
						Lua 0:54:42:194
[ElevatorDepotDev] cabin arrived underground (leg 195) delivered none still aboard none
[ElevatorDepotDev] cabin departed up (leg 196) loaded none aboard none arrives in 60 min
						Lua 0:55:12:194
[ElevatorDepotDev] cabin arrived surface (leg 196) delivered none still aboard none
[ElevatorDepotDev] cabin departed down (leg 197) loaded Herbs=1000 aboard Herbs=1000 arrives in 60 min
						Lua 0:55:42:193
[ElevatorDepotDev] cabin arrived underground (leg 197) delivered Herbs=1000 still aboard none
[ElevatorDepotDev] cabin departed up (leg 198) loaded none aboard none arrives in 60 min
						Lua 0:56:12:194
[ElevatorDepotDev] cabin arrived surface (leg 198) delivered none still aboard none
[ElevatorDepotDev] cabin departed down (leg 199) loaded none aboard none arrives in 60 min
						Lua 0:56:42:194
[ElevatorDepotDev] cabin arrived underground (leg 199) delivered none still aboard none
[ElevatorDepotDev] cabin departed up (leg 200) loaded none aboard none arrives in 60 min
						Lua 0:56:42:215
[TrainHubDev] lights: arm 0, flanks the reactor (red flank) = B2 "Deep blue wash" (SpotLight), 12 lights, engine bearing 0 deg
						Lua 0:56:42:216
[TrainHubDev] lights: arm 1, flanks the reactor (blue flank) = B2 "Deep blue wash" (SpotLight), 12 lights, engine bearing 60 deg
[TrainHubDev] lights: arm 2, next to the blue flank = B2 "Deep blue wash" (SpotLight), 12 lights, engine bearing 120 deg
[TrainHubDev] lights: arm 3, opposite the red flank = B2 "Deep blue wash" (SpotLight), 12 lights, engine bearing 180 deg
						Lua 0:56:42:217
[TrainHubDev] lights: arm 4, opposite the blue flank = B2 "Deep blue wash" (SpotLight), 12 lights, engine bearing 240 deg
[TrainHubDev] lights: arm 5, next to the red flank = B2 "Deep blue wash" (SpotLight), 12 lights, engine bearing 300 deg
[TrainHubDev] lights: arm tune intensity 50, side 150 cm, height 200 cm, radius 500 cm, cone 50/100, colour 0,40,255
						Lua 0:56:42:218
[TrainHubDev] structure lights: portal rims ON, 30 lights (intensity 4, radius 350 cm)
[TrainHubDev] structure lights: drone pit kerb OFF, 0 lights (intensity 15, radius 300 cm)
[TrainHubDev] structure lights: ring rim strip OFF, 0 lights (intensity 12, radius 400 cm)
[TrainHubDev] structure lights: floor edge strip OFF, 0 lights (intensity 30, radius 300 cm)
[TrainHubDev] structure lights: crown floor light ON, 0 lights (intensity 150, radius 4000 cm)
[TrainHubDev] structure lights: crown floor light follows the VANILLA night schedule (OnMsg.LightmodelChange -> map.NightLightsState, NightLightObjects.lua:250-259, :22 on build 1.1.0.403908); it is DAY now, so it is NOT PLACED -- hanging at z 1900 cm, colour 255,214,170, cone 0/0
[TrainHubDev] structure lights: under-deck fill ON, 0 lights (intensity 40, radius 1200 cm)
[TrainHubDev] structure lights: under-deck fill follows the VANILLA night schedule (OnMsg.LightmodelChange -> map.NightLightsState, NightLightObjects.lua:250-259, :22 on build 1.1.0.403908); it is DAY now, so it is NOT PLACED -- hanging at z 700 cm, colour 255,214,170, cone 0/0
[TrainHubDev] lights: 102 placed (72 arm + 30 structure); a stopped hub destroys them all
[TrainHubDev] lights: arm 0, flanks the reactor (red flank) = B2 "Deep blue wash" (SpotLight), 12 lights, engine bearing 0 deg
						Lua 0:56:42:219
[TrainHubDev] lights: arm 1, flanks the reactor (blue flank) = B2 "Deep blue wash" (SpotLight), 12 lights, engine bearing 60 deg
[TrainHubDev] lights: arm 2, next to the blue flank = B2 "Deep blue wash" (SpotLight), 12 lights, engine bearing 120 deg
[TrainHubDev] lights: arm 3, opposite the red flank = B2 "Deep blue wash" (SpotLight), 12 lights, engine bearing 180 deg
						Lua 0:56:42:220
[TrainHubDev] lights: arm 4, opposite the blue flank = B2 "Deep blue wash" (SpotLight), 12 lights, engine bearing 240 deg
[TrainHubDev] lights: arm 5, next to the red flank = B2 "Deep blue wash" (SpotLight), 12 lights, engine bearing 300 deg
[TrainHubDev] lights: arm tune intensity 50, side 150 cm, height 200 cm, radius 500 cm, cone 50/100, colour 0,40,255
[TrainHubDev] structure lights: portal rims ON, 30 lights (intensity 4, radius 350 cm)
[TrainHubDev] structure lights: drone pit kerb OFF, 0 lights (intensity 15, radius 300 cm)
[TrainHubDev] structure lights: ring rim strip OFF, 0 lights (intensity 12, radius 400 cm)
[TrainHubDev] structure lights: floor edge strip OFF, 0 lights (intensity 30, radius 300 cm)
[TrainHubDev] structure lights: crown floor light ON, 0 lights (intensity 150, radius 4000 cm)
[TrainHubDev] structure lights: crown floor light follows the VANILLA night schedule (OnMsg.LightmodelChange -> map.NightLightsState, NightLightObjects.lua:250-259, :22 on build 1.1.0.403908); it is DAY now, so it is NOT PLACED -- hanging at z 1900 cm, colour 255,214,170, cone 0/0
[TrainHubDev] structure lights: under-deck fill ON, 0 lights (intensity 40, radius 1200 cm)
[TrainHubDev] structure lights: under-deck fill follows the VANILLA night schedule (OnMsg.LightmodelChange -> map.NightLightsState, NightLightObjects.lua:250-259, :22 on build 1.1.0.403908); it is DAY now, so it is NOT PLACED -- hanging at z 700 cm, colour 255,214,170, cone 0/0
[TrainHubDev] lights: 102 placed (72 arm + 30 structure); a stopped hub destroys them all
						Lua 0:56:51:611
[mod] [SMRTK] SMRTK_SECTION action=section_attach attached=true dialog=ipBuilding object=StationBig(7873) status=OK t=41019403 id=424
						Lua 0:57:12:193
[ElevatorDepotDev] cabin arrived surface (leg 200) delivered none still aboard none
[ElevatorDepotDev] cabin departed down (leg 201) loaded none aboard none arrives in 60 min
						Lua 0:57:15:914
[mod] [SMRTK] SMRTK_SECTION action=section_attach attached=false reason="no supported actions" status=OK t=41043714 id=425
						Lua 0:57:17:800
[mod] [SMRTK] SMRTK_SECTION action=section_attach attached=true dialog=ipBuilding object=ConstructionSite(10914) status=OK t=41045585 id=426
						Lua 0:57:18:588
[mod] [SMRTK] SMRTK_ACTION action=selected_quick_build body=ConstructionSite.Complete(quick_build) building_class=DroneHub completed=true group_members=0 leader=ConstructionSite(10914) leader_valid_after=false object=ConstructionSite(10914) selected_valid_after=false status=OK t=41046385 id=427
[SMRTK] SMRTK_ACTION action=selected_quick_build body=ConstructionSite.Complete(quick_build) building_class=DroneHub completed=true group_members=0 leader=ConstructionSite(10914) leader_valid_after=false object=ConstructionSite(10914) selected_valid_after=false status=OK t=41046385 id=427
						Lua 0:57:18:621

!!! Quick Build !!!
						Lua 0:57:18:626
[mod] [SMRTK] SMRTK_SECTION action=section_attach attached=true dialog=ipBuilding object=DroneHub(10915) status=OK t=41046389 id=428
						Lua 0:57:24:097
[mod] [SMRTK] SMRTK_SECTION action=section_attach attached=false reason="no supported actions" status=OK t=41051900 id=429
						Lua 0:57:25:089
[mod] [SMRTK] SMRTK_SECTION action=section_attach attached=true dialog=ipBuilding object=UniversalStorageDepot(10916) status=OK t=41052888 id=430
						Lua 0:57:26:215
[mod] [SMRTK] SMRTK_ACTION action=selected_fill after=300000 before=0 method=CheatFill object=UniversalStorageDepot(10916) resource=multiple resources=10 status=OK valid_after=true t=41054019 id=431
[SMRTK] SMRTK_ACTION action=selected_fill after=300000 before=0 method=CheatFill object=UniversalStorageDepot(10916) resource=multiple resources=10 status=OK valid_after=true t=41054019 id=431
						Lua 0:57:27:654
[mod] [SMRTK] SMRTK_SECTION action=section_attach attached=true dialog=ipBuilding object=StationBig(7873) status=OK t=41055445 id=432
						Lua 0:57:31:963
[ElevatorDepotDev] cabin arrived underground (leg 201) delivered none still aboard none
[ElevatorDepotDev] cabin departed up (leg 202) loaded none aboard none arrives in 60 min
						Lua 0:57:32:815
[mod] [SMRTK] SMRTK_SECTION action=section_attach attached=true dialog=ipBuilding object=DroneHub(10915) status=OK t=41070829 id=433
						Lua 0:57:39:296
[mod] [SMRTK] SMRTK_SECTION action=section_attach attached=true dialog=ipBuilding object=UniversalStorageDepot(10916) status=OK t=41077323 id=434
						Lua 0:57:40:434
[mod] [SMRTK] SMRTK_ACTION action=selected_empty after=0 before=234500 method=CheatEmpty object=UniversalStorageDepot(10916) resource=multiple resources=10 status=OK valid_after=true t=41078471 id=435
[SMRTK] SMRTK_ACTION action=selected_empty after=0 before=234500 method=CheatEmpty object=UniversalStorageDepot(10916) resource=multiple resources=10 status=OK valid_after=true t=41078471 id=435
						Lua 0:57:42:321
[mod] [SMRTK] SMRTK_ACTION action=selected_delete method=CheatDelete object=UniversalStorageDepot(10916) status=OK valid_after=false t=41080356 id=436
[SMRTK] SMRTK_ACTION action=selected_delete method=CheatDelete object=UniversalStorageDepot(10916) status=OK valid_after=false t=41080356 id=436
						Lua 0:57:43:248
[mod] [SMRTK] SMRTK_SECTION action=section_attach attached=true dialog=ipBuilding object=StationBig(7873) status=OK t=41081273 id=437
						Lua 0:58:01:961
[ElevatorDepotDev] cabin arrived surface (leg 202) delivered none still aboard none
[ElevatorDepotDev] cabin departed down (leg 203) loaded none aboard none arrives in 60 min
						Lua 0:58:23:310
[mod] [SMRTK] SMRTK_SECTION action=section_attach attached=true dialog=ipBuilding object=SMROptInElevatorDepotDev(9036) status=OK t=41121335 id=438
						Lua 0:58:31:962
[ElevatorDepotDev] cabin arrived underground (leg 203) delivered none still aboard none
						Lua 0:58:31:964
[ElevatorDepotDev] cabin departed up (leg 204) loaded none aboard none arrives in 60 min
						Lua 0:59:01:961
[ElevatorDepotDev] cabin arrived surface (leg 204) delivered none still aboard none
						Lua 0:59:01:963
[ElevatorDepotDev] cabin departed down (leg 205) loaded none aboard none arrives in 60 min
						Lua 0:59:31:962
[ElevatorDepotDev] cabin arrived underground (leg 205) delivered none still aboard none
						Lua 0:59:31:965
[ElevatorDepotDev] cabin departed up (leg 206) loaded none aboard none arrives in 60 min
						Lua 0:59:59:752
[mod] [SMRTK] SMRTK_SECTION action=section_attach attached=true dialog=ipBuilding object=StationSmall(2007) status=OK t=41217775 id=439
						Lua 1:00:01:964
[ElevatorDepotDev] cabin arrived surface (leg 206) delivered none still aboard none
[ElevatorDepotDev] cabin departed down (leg 207) loaded none aboard none arrives in 60 min
						Lua 1:00:06:848
[mod] [SMRTK] SMRTK_SECTION action=section_attach attached=true dialog=ipBuilding object=SMROptInElevatorDepotDev(9036) status=OK t=41224872 id=440
						Lua 1:00:19:723
[mod] [SMRTK] SMRTK_SECTION action=section_attach attached=true dialog=ipBuilding object=StationBig(7873) status=OK t=41237743 id=441
						Lua 1:00:31:962
[ElevatorDepotDev] cabin arrived underground (leg 207) delivered none still aboard none
[ElevatorDepotDev] cabin departed up (leg 208) loaded none aboard none arrives in 60 min
						Lua 1:00:48:824
[mod] [SMRTK] SMRTK_SECTION action=section_attach attached=true dialog=ipBuilding object=StationSmall(2007) status=OK t=41266842 id=442
						Lua 1:01:01:963
[ElevatorDepotDev] cabin arrived surface (leg 208) delivered none still aboard none
[ElevatorDepotDev] cabin departed down (leg 209) loaded none aboard none arrives in 60 min
						Lua 1:01:31:962
[ElevatorDepotDev] cabin arrived underground (leg 209) delivered none still aboard none
[ElevatorDepotDev] cabin departed up (leg 210) loaded none aboard none arrives in 60 min
						Lua 1:02:01:961
[ElevatorDepotDev] cabin arrived surface (leg 210) delivered none still aboard none
[ElevatorDepotDev] cabin departed down (leg 211) loaded none aboard none arrives in 60 min
						Lua 1:02:31:923


Stopping the game threads from the Lua side with exit code 0.

					Render 1:02:31:924


Stopping the game threads after receiving WM_QUIT.

					Render 1:02:32:366


*** Debug::Done()
Time (ms)	3752366


