					Render 0:00:00:006
*** executable info
					Render 0:00:00:007
Timestamp:     	6aad2d75
Date:          	Fri Sep 18 08:24:21 2026
Command line:  	
Compiler:      	195136247, 142 (VS 2019) or newer


*** hardware info
CPU name      	Intel(R) Core(TM) i7-14700K
CPU MHz       	3418
CPU cores     	20/28
Phys. Memory   	65278 MBytes
Memory In Use  	36%
Disk Free      	1222865 MBytes


*** OS info
OS:            	Windows 11
Version:       	10.0.26100 


*** Debug::Init()


					Render 0:00:00:104
Steam initialized (AppId 3215050)
					Render 0:00:00:107
Drive type for game installation: SSD, savegames: SSD
Language: English
					Render 0:00:01:635
*** graphics info
GPU                            	NVIDIA GeForce RTX 4080 Feature Level: 12.1 {  DoublePrecisionFloatShaderOps: 1 OutputMergerLogicOp: 1 MinPrecisionSupport: 2 TiledResourcesTier: 4 ResourceBindingTier: 3 PSSpecifiedStencilRefSupported: 0 TypedUAVLoadAdditionalFormats: 1 ROVsSupported: 1 ConservativeRasterizationTier: 3 MaxGPUVirtualAddressBitsPerResource: 40 StandardSwizzle64KBSupported: 0 CrossNodeSharingTier: 0 CrossAdapterRowMajorTextureSupported: 0 VPAndRTArrayIndexFromAnyShaderFeedingRasterizerSupportedWithoutGSEmulation: 1 ResourceHeapTier: 2 NotZeroedPools: 1 UMA: 0 UnalignedBlockTextures: 1}
API                            	d3d12
GPU Driver Version             	32.0.16.1074
GPU Driver Package Version     	610.74
GPU Dedicated Video Memory     	16048 MB
					Render 0:00:01:779

Libs: Network, Sequences, MouseTrackWin, DumbAI, MapGen, Paradox, TriggersAndEvents, Notifications, Research, Resources, Tutorial, Objectives 

					Render 0:00:02:009

Platform: desktop, editor, goldmaster, paradox, pc, steam

					Render 0:00:02:937
*** audio info
Audio Endpoint                 	Speakers (Razer Leviathan V2)
						Lua 0:00:02:938
Lua revision: 405907
Assets revision: 33225
						Lua 0:00:02:942
Steam AppID: 3215050
Build version: 1.1.1.405907
Build branch:  Release
						Lua 0:00:09:195
Account storage loaded successfully in 4 ms
DLC norman loaded, lua revision 405907, assets revision 33225
DLC thomas loaded, lua revision 405907, assets revision 33225
						Lua 0:00:09:201
[mod] Loaded mod def TEMPORARY - Linux NVIDIA 580 Crash Workaround (id SMR_FR1TempWorkaround, v0.00-003) unpacked from appdata
[mod] Loaded mod def DEV ONLY - Rail Shaft (cross-map train tunnel prototype) (id SMR_RailShaftDev_20260923, v0.00-001) unpacked from appdata
[mod] Loaded mod def DEV ONLY - Train Hub (Module B build) (id SMR_TrainHubDev_20260918, v0.00-057) unpacked from appdata
[mod] Loaded mod def Passage Network (id iooW34Y, v1.00-038) packed from steam
[mod] Loaded mod def Grom (id DoEpVdS, v2.00-968) packed from steam
[mod] Loaded mod def Relaunched Fix Pack (id SMR_CommunityFixPack, v1.00-026) unpacked from appdata
[mod] Loaded mod def DEV ONLY - Train Hub Prototype (id SMR_TrainHubPrototype_20260918, v0.00-002) unpacked from appdata
[mod] Loaded mod def Save Buffer Fix (id SMR_SaveBufferFix, v0.00-001) unpacked from appdata
[mod] Loaded mod def Community Fix Pack — Test Kit (id SMR_CommunityFixPackTestKit, v0.00-001) unpacked from appdata
[mod] Loaded mod def Relaunched Fix Pack: Opt-In Modules (id SMR_CommunityOptInPack, v1.00-000) unpacked from appdata
						Lua 0:00:09:576
[mod] [CommunityFixPack] LoadFirst: already first of 5 (SMR_CommunityFixPack, SMR_CommunityFixPackTestKit, SMR_TrainHubDev_20260918, SMR_CommunityOptInPack, SMR_RailShaftDev_20260923); nothing written
[mod] [CommunityFixPack] LoadFirst: applied
[mod] [CommunityFixPack] LanderEmptyLaunch: applied
[mod] [CommunityFixPack] ShelterReflex: applied
[mod] [CommunityFixPack] TrackSalvageWipe: applied
[mod] [CommunityFixPack] LakeEntombment: applied
						Lua 0:00:09:577
[mod] [CommunityFixPack] RocketDroneChurn: applied
[mod] [CommunityFixPack] ShuttleTransportCache: applied
[mod] [CommunityFixPack] VacuumWalks: applied
[mod] [CommunityFixPack] ArrivalDeaths: applied
[mod] [CommunityFixPack] PassageHubSalvageDrain: applied
[mod] [CommunityFixPack] HubLocalAccess: applied
[mod] [CommunityFixPack] HubMarkerDeparture: applied
[mod] [CommunityFixPack] RescueReturnText: applied
[mod] [CommunityFixPack] ObsoleteHomeRescue: applied
						Lua 0:00:09:578
[mod] [CommunityFixPack] StaleReservations: applied
[mod] [CommunityFixPack] CrystalMysteryHang: applied
[mod] [CommunityFixPack] DustSicknessBiorobots: applied
[mod] [CommunityFixPack] PayloadTemplateRefill: applied
[mod] [CommunityFixPack] ShuttleHubOffAvailable: applied
[mod] [CommunityFixPack] FreedHousingNotice: applied
[mod] [CommunityFixPack] LandscapeUnitFilter: applied
						Lua 0:00:09:579
[mod] [CommunityFixPack] RocketInteractGuard: applied
[mod] [CommunityFixPack] TrackConnectorPingPong: applied
[mod] [CommunityFixPack] TrackTunnelPowerBridge: applied
						Lua 0:00:09:580
[mod] [CommunityFixPack] SequenceLatents: applied
[mod] [CommunityFixPack] TrackSalvageRefund: applied
[mod] [CommunityFixPack] DroneTransportMinors: applied
[mod] [CommunityFixPack] ScanDowngrade: applied
[mod] [CommunityFixPack] BombardmentSpread: applied
[mod] [CommunityFixPack] ExtenderFlapChurn: applied
[mod] [CommunityFixPack] SaintBlessing: applied
[mod] [CommunityFixPack] ExoticDepositSign: applied
[mod] [CommunityFixPack] JumboCaveReinforcementWedge: applied
						Lua 0:00:09:581
[mod] [CommunityFixPack] SilentHitMomentFX: applied
[mod] [CommunityFixPack] CloggedBuildingRelease: applied
[mod] [CommunityFixPack] FactionDomeSizeGate: applied
[mod] [CommunityFixPack] HabitatExpeditionReturn: applied
						Lua 0:00:09:582
[mod] [CommunityFixPack] HabitatExpeditionDraft: applied
[mod] [CommunityFixPack] RoverSubclassManifest: applied
[mod] [CommunityFixPack] DryFarmingFarms: applied
[mod] [CommunityFixPack] WildfireCureVisit: applied
[mod] [CommunityFixPack] GhostPowerCells: applied
[mod] [CommunityFixPack] DeportRocketLaunch: applied
[mod] [CommunityFixPack] UniversalDepotSeedsToggle: applied
						Lua 0:00:09:583
[mod] [CommunityFixPack] SaveSanitizer: applied
[mod] [SMRTest] console enable requested (flag set, no overlay) — press Enter (or Alt-Shift-C) once in a colony
[SMRTest] console enable requested (flag set, no overlay) — press Enter (or Alt-Shift-C) once in a colony
[mod] [SMRTest] no debug.getinfo (mod sandbox) — [install] probes will SKIP
[SMRTest] no debug.getinfo (mod sandbox) — [install] probes will SKIP
[mod] [SMRTest] test kit loaded — SMRTest.RunAll(), SMRTest.List(), SMRTest.<ProbeId>()
[SMRTest] test kit loaded — SMRTest.RunAll(), SMRTest.List(), SMRTest.<ProbeId>()
						Lua 0:00:09:587
[mod] [SMRTK] SMRTK_CORE loaded=true tee=false t=5035 id=1
[SMRTK] SMRTK_CORE loaded=true tee=false t=5035 id=1
						Lua 0:00:09:592
[mod] [SMRTest][carry] fixture-carry dump available — run SMRTest.FixtureCarry()
						Lua 0:00:09:594
[TrainHubDev] hub classes loaded: six-connector hub, built-in drone controller, maintenance reserve
						Lua 0:00:09:595
[TrainHubDev] train export floor loaded (standing + transient holds)
[TrainDistribution] hub settings and transient train allocation loaded
						Lua 0:00:09:596
[TrainDistribution] native storage-row UI registered
[TrainBay] loaded: vanilla auto-fill and siding placement; legacy HubTrain compatibility
[mod] [CommunityOptInPack] AcknowledgedWarnings: applied
						Lua 0:00:09:597
[mod] [CommunityOptInPack] ResidencyControl: inactive (opt-in module, off by default — enable it in Options → Mod Options)
[mod] [CommunityOptInPack] MultipleSuns: applied
[mod] [CommunityOptInPack] DroneStatDials: applied
[RailShaftDev] loaded: cross-map train tunnel prototype. UNVERIFIED IN GAME.
						Lua 0:00:10:276
[TrainHubDev] save guard: native waiter snapshot; legacy hub load mapping retained
						Lua 0:00:10:347
[mod] [CommunityFixPack] SaintBlessing: inactive (no dome-colonists trait presets)
						Lua 0:00:10:435
Reloading done in 1234 ms
						Lua 0:00:10:441
Available DLCs: norman(Feeding the Future),thomas(Interplanetary Codex) 
						Lua 0:00:10:486
[mod] [SMRTK] SMRTK_CONSOLE_ARM enabled=true hook=DataLoading t=5035 id=2
[SMRTK] SMRTK_CONSOLE_ARM enabled=true hook=DataLoading t=5035 id=2
						Lua 0:00:10:863
[preset] Preset postprocess took 160 ms.
						Lua 0:00:10:923
482 / 482 particle streams loaded in 54 ms.
						Lua 0:00:10:924
5 / 5 particle streams loaded in 1 ms.
						Lua 0:00:10:925
[mod] [CommunityFixPack] SilentHitMomentFX: registered 11 missing animation-moment preset(s)
						Lua 0:00:10:926
[mod] [CommunityFixPack] FactionDomeSizeGate: 7 faction dislike(s) now wait for 10 colonists in a dome
[mod] [CommunityFixPack] DryFarmingFarms: left 1 farm(s) alone because DryFarming already reaches them (FarmUnderground via Farm)
[mod] [CommunityFixPack] DryFarmingFarms: added 2 water entr(y/ies) at -50% to DryFarming (1 adopted, 4 of 4 farms loaded)
[mod] [CommunityOptInPack] MultipleSuns: BuildingTemplates.ArtificialSun not found — build limit NOT lifted (binding fix still active)
						Lua 0:00:11:135
[mod] [CommunityFixPack] SaintBlessing: the shipped code resolves the trait label itself — data left untouched; save re-base armed for 1 preset(s) of 2
[mod] [CommunityFixPack] DryFarmingFarms: left 1 farm(s) alone because DryFarming already reaches them (FarmUnderground via Farm)
[mod] [CommunityOptInPack] MultipleSuns: Artificial Sun build-once limit lifted
						Lua 0:00:11:227
[mod] [SMRTK] SMRTK_SHORTCUT console=true key=Ctrl-Shift-F11 t=5035 id=3
						Lua 0:00:11:261
[mod] [SMRTK] SMRTK_SHORTCUT console=true key=Ctrl-Shift-F11 t=5035 id=4
						Lua 0:00:11:276
[mod] Loaded mod items for: SMR_CommunityFixPack, SMR_CommunityFixPackTestKit, SMR_TrainHubDev_20260918, SMR_CommunityOptInPack, SMR_RailShaftDev_20260923
						Lua 0:00:11:523
[mod] [CommunityFixPack] SaintBlessing: the shipped code resolves the trait label itself — data left untouched; save re-base armed for 1 preset(s) of 2
[mod] [CommunityFixPack] DryFarmingFarms: left 1 farm(s) alone because DryFarming already reaches them (FarmUnderground via Farm)
						Lua 0:00:11:620
[mod] [SMRTK] SMRTK_SHORTCUT console=true key=Ctrl-Shift-F11 t=5035 id=5
						Lua 0:00:11:899
[PdxSDK] Started up. Took 904
						Lua 0:00:12:302
[Braze] SessionStart error The server name or address could not be resolved

[Braze] Failed sending launcher ev The server name or address could not be resolved

[Braze] Failed to init
						Lua 0:00:12:645
[Braze] SessionStart error The server name or address could not be resolved

						Lua 0:00:12:646
[Braze] Failed sending launcher ev The server name or address could not be resolved

[Braze] Failed to init
						Lua 0:00:54:713
Load Game: 
	lua_revision: 405907 (last saved with) 
	orig_lua_revision: 403908 (created with) 
	assets_revision: 33225 

	dlcs: norman, thomas 

	mods: SMR_CommunityOptInPack, SMR_CommunityFixPackTestKit, SMR_CommunityFixPack, SMR_TrainHubDev_20260918, SMR_RailShaftDev_20260923, SMR_SaveBufferFix 
						Lua 0:00:54:723
*** Reloading assets from folder 'BinAssets/'
						Lua 0:00:56:461
*** Assets reloaded in 1.7 s, read 359.0 MB, read speed 206.6 MB/s, average read 8138 bytes.
						Lua 0:00:57:402
[mod] [SMRTK] SMRTK_SHORTCUT console=true key=Ctrl-Shift-F11 t=47726 id=6
						Lua 0:00:58:201
[mod] [SMRTK] SMRTK_CONSOLE_ARM enabled=true hook=PreLoadGame t=47726 id=7
[SMRTK] SMRTK_CONSOLE_ARM enabled=true hook=PreLoadGame t=47726 id=7
						Lua 0:00:58:843
[mod] This savegame tries to load Mod DEV ONLY - Train Hub (Module B build) (id SMR_TrainHubDev_20260918, v0.00-054), which is loaded with a different version 0.00-057
						Lua 0:01:00:197
[mod] [CommunityFixPack] SilentHitMomentFX: restored 2 missing hit-moment tracker(s) on load
[mod] [SMRTest] console enable requested (flag set, no overlay) — press Enter (or Alt-Shift-C) once in a colony
[SMRTest] console enable requested (flag set, no overlay) — press Enter (or Alt-Shift-C) once in a colony
[TrainHubDev] SMROptInTrainHub6 line radii d0..d5 = 6 6 6 6 6 6
[TrainHubDev] SMROptInTrainHub6 connector spots: from the body
[TrainHubDev] reactor palette: channel 1 = 18,32,78 roughness 0 metallic 0
[TrainHubDev] reactor palette: channel 2 = 18,32,78 roughness 0 metallic 0
[TrainHubDev] reactor palette: channel 3 = 200,205,210 roughness -90 metallic 110
[TrainHubDev] reactor palette: P4 "navy + steel on 3 and 4", 3 of 4 channels written on the attached copy only (vanilla's own per-object call; no material is restyled)
						Lua 0:01:00:198
[TrainHubDev] lights: arm 0, flanks the reactor (red flank) = B2 "Deep blue wash" (SpotLight), 12 lights, engine bearing 0 deg
[TrainHubDev] lights: arm 1, flanks the reactor (blue flank) = B2 "Deep blue wash" (SpotLight), 12 lights, engine bearing 60 deg
						Lua 0:01:00:199
[TrainHubDev] lights: arm 2, next to the blue flank = B2 "Deep blue wash" (SpotLight), 12 lights, engine bearing 120 deg
[TrainHubDev] lights: arm 3, opposite the red flank = B2 "Deep blue wash" (SpotLight), 12 lights, engine bearing 180 deg
[TrainHubDev] lights: arm 4, opposite the blue flank = B2 "Deep blue wash" (SpotLight), 12 lights, engine bearing 240 deg
						Lua 0:01:00:200
[TrainHubDev] lights: arm 5, next to the red flank = B2 "Deep blue wash" (SpotLight), 12 lights, engine bearing 300 deg
[TrainHubDev] lights: arm tune intensity 50, side 150 cm, height 200 cm, radius 500 cm, cone 50/100, colour 0,40,255
[TrainHubDev] structure lights: portal rims ON, 30 lights (intensity 4, radius 350 cm)
[TrainHubDev] structure lights: drone pit kerb OFF, 0 lights (intensity 15, radius 300 cm)
[TrainHubDev] structure lights: ring rim strip OFF, 0 lights (intensity 12, radius 400 cm)
[TrainHubDev] structure lights: floor edge strip OFF, 0 lights (intensity 30, radius 300 cm)
[TrainHubDev] structure lights: crown floor light ON, 0 lights (intensity 150, radius 4000 cm)
[TrainHubDev] structure lights: crown floor light follows the VANILLA night schedule (OnMsg.LightmodelChange -> map.NightLightsState, NightLightObjects.lua:250-259, :22 on build 1.1.0.403908); it is DAY now, so it is NOT PLACED -- hanging at z 1900 cm, colour 255,214,170, cone 0/0
[TrainHubDev] structure lights: under-deck fill ON, 0 lights (intensity 40, radius 1200 cm)
[TrainHubDev] structure lights: under-deck fill follows the VANILLA night schedule (OnMsg.LightmodelChange -> map.NightLightsState, NightLightObjects.lua:250-259, :22 on build 1.1.0.403908); it is DAY now, so it is NOT PLACED -- hanging at z 700 cm, colour 255,214,170, cone 0/0
[TrainHubDev] lights: 102 placed (72 arm + 30 structure); a stopped hub destroys them all
						Lua 0:01:00:264
[TrainHubDev] reactor palette: channel 1 = 18,32,78 roughness 0 metallic 0
[TrainHubDev] reactor palette: channel 2 = 18,32,78 roughness 0 metallic 0
[TrainHubDev] reactor palette: channel 3 = 200,205,210 roughness -90 metallic 110
[TrainHubDev] reactor palette: P4 "navy + steel on 3 and 4", 3 of 4 channels written on the attached copy only (vanilla's own per-object call; no material is restyled)
						Lua 0:01:00:265
[TrainHubDev] lights: arm 0, flanks the reactor (red flank) = B2 "Deep blue wash" (SpotLight), 12 lights, engine bearing 0 deg
[TrainHubDev] lights: arm 1, flanks the reactor (blue flank) = B2 "Deep blue wash" (SpotLight), 12 lights, engine bearing 60 deg
[TrainHubDev] lights: arm 2, next to the blue flank = B2 "Deep blue wash" (SpotLight), 12 lights, engine bearing 120 deg
						Lua 0:01:00:266
[TrainHubDev] lights: arm 3, opposite the red flank = B2 "Deep blue wash" (SpotLight), 12 lights, engine bearing 180 deg
[TrainHubDev] lights: arm 4, opposite the blue flank = B2 "Deep blue wash" (SpotLight), 12 lights, engine bearing 240 deg
[TrainHubDev] lights: arm 5, next to the red flank = B2 "Deep blue wash" (SpotLight), 12 lights, engine bearing 300 deg
[TrainHubDev] lights: arm tune intensity 50, side 150 cm, height 200 cm, radius 500 cm, cone 50/100, colour 0,40,255
						Lua 0:01:00:267
[TrainHubDev] structure lights: portal rims ON, 30 lights (intensity 4, radius 350 cm)
[TrainHubDev] structure lights: drone pit kerb OFF, 0 lights (intensity 15, radius 300 cm)
[TrainHubDev] structure lights: ring rim strip OFF, 0 lights (intensity 12, radius 400 cm)
[TrainHubDev] structure lights: floor edge strip OFF, 0 lights (intensity 30, radius 300 cm)
[TrainHubDev] structure lights: crown floor light ON, 0 lights (intensity 150, radius 4000 cm)
[TrainHubDev] structure lights: crown floor light follows the VANILLA night schedule (OnMsg.LightmodelChange -> map.NightLightsState, NightLightObjects.lua:250-259, :22 on build 1.1.0.403908); it is DAY now, so it is NOT PLACED -- hanging at z 1900 cm, colour 255,214,170, cone 0/0
[TrainHubDev] structure lights: under-deck fill ON, 0 lights (intensity 40, radius 1200 cm)
[TrainHubDev] structure lights: under-deck fill follows the VANILLA night schedule (OnMsg.LightmodelChange -> map.NightLightsState, NightLightObjects.lua:250-259, :22 on build 1.1.0.403908); it is DAY now, so it is NOT PLACED -- hanging at z 700 cm, colour 255,214,170, cone 0/0
[TrainHubDev] lights: 102 placed (72 arm + 30 structure); a stopped hub destroys them all
						Lua 0:01:00:278
[RailShaftDev] loaded; underground is locked in this save, so the tunnel stays surface-only.
[RailShaftDev] ready. SMRRailShaft.Status() for where things stand.
						Lua 0:01:00:366
game_settings:
    sponsor: SpaceY
    profile: politician
    founding_faction: UnitedColonistFront
    rival_colonies: NASA, paradox, Brazil
    mystery_random: 
    game_rules: (none)
more_game_settings: save_game_id: IsDKXg6Ddmz3wE5g, mystery: UnitedEarthMystery, coordinates: 15N179E, landing_spot: , logo: SpaceY
map_conditions: altitude: -3699, temperature: -43, cold_wave: 109, dust_devils: 39, dust_storm: 0, meteors: 37
map_resources: concrete: 243, metals: 147, precious_metals: 147, water: 147
						Lua 0:01:00:538
[mod] [CommunityFixPack] GhostPowerCells: maps=2 cleared=0 tunnel_skipped=26 shape_protected=0 reconnected=0 retry_failed=0 unbuilt_skipped=0 map_failed=0 elapsed_ms=132
[mod] [CommunityFixPack] UniversalDepotSeedsToggle: load pass updated the resource toggles on 2 Universal Depot(s)
[mod] [CommunityFixPack] SaveSanitizer: F95 astrogeologist-residue pass removed 0 modifier(s), left 0 unidentified
						Lua 0:01:00:539
Game Loaded in 5827 ms
[mod] [SMRTK] SMRTK_PROVENANCE actions=128 last=section_attach last_id=139 present=true session=1790630007:418276596:1051963009:1347790644 t=20344961 id=8
[SMRTK] SMRTK_PROVENANCE actions=128 last=section_attach last_id=139 present=true session=1790630007:418276596:1051963009:1347790644 t=20344961 id=8
						Lua 0:01:00:550
[mod] [SMRTK] SMRTK_SHORTCUT console=true key=Ctrl-Shift-F11 t=20344961 id=9
						Lua 0:01:00:563
[mod] [SMRTK] SMRTK_DOCK action=dock_attach attached=true route="idBottom sibling" status=OK surface=one-toggle+tasks t=20344961 id=10
						Lua 0:01:00:568
[mod] [SMRTest] console enable requested (flag set, no overlay) — press Enter (or Alt-Shift-C) once in a colony
[SMRTest] console enable requested (flag set, no overlay) — press Enter (or Alt-Shift-C) once in a colony
						Lua 0:01:00:685
[mod] [SMRTK] SMRTK_SHORTCUT console=true key=Ctrl-Shift-F11 t=20344961 id=11
						Lua 0:01:01:060
Game loaded on map BlankBig_01 in 6479 ms
						Lua 0:01:01:364
[mod] [SMRTK] SMRTK_PANEL_RESTORE open=true tab=Agent t=20344961 id=12
						Lua 0:01:09:925
[mod] [SMRTK] SMRTK_SECTION action=section_attach attached=true dialog=ipBuilding object=SMROptInTrainHub6(6430) status=OK t=20344961 id=13
						Lua 0:01:41:823
[mod] [SMRTK] SMRTK_SECTION action=section_attach attached=true dialog=ipBuilding object=SMROptInTrainHub6(6430) status=OK t=20344961 id=14
						Lua 0:02:25:104
[TrainHubDev] lights: arm 0, flanks the reactor (red flank) = B2 "Deep blue wash" (SpotLight), 12 lights, engine bearing 0 deg
						Lua 0:02:25:105
[TrainHubDev] lights: arm 1, flanks the reactor (blue flank) = B2 "Deep blue wash" (SpotLight), 12 lights, engine bearing 60 deg
[TrainHubDev] lights: arm 2, next to the blue flank = B2 "Deep blue wash" (SpotLight), 12 lights, engine bearing 120 deg
						Lua 0:02:25:106
[TrainHubDev] lights: arm 3, opposite the red flank = B2 "Deep blue wash" (SpotLight), 12 lights, engine bearing 180 deg
						Lua 0:02:25:107
[TrainHubDev] lights: arm 4, opposite the blue flank = B2 "Deep blue wash" (SpotLight), 12 lights, engine bearing 240 deg
						Lua 0:02:25:108
[TrainHubDev] lights: arm 5, next to the red flank = B2 "Deep blue wash" (SpotLight), 12 lights, engine bearing 300 deg
[TrainHubDev] lights: arm tune intensity 50, side 150 cm, height 200 cm, radius 500 cm, cone 50/100, colour 0,40,255
[TrainHubDev] structure lights: portal rims ON, 30 lights (intensity 4, radius 350 cm)
[TrainHubDev] structure lights: drone pit kerb OFF, 0 lights (intensity 15, radius 300 cm)
[TrainHubDev] structure lights: ring rim strip OFF, 0 lights (intensity 12, radius 400 cm)
[TrainHubDev] structure lights: floor edge strip OFF, 0 lights (intensity 30, radius 300 cm)
[TrainHubDev] structure lights: crown floor light ON, 0 lights (intensity 150, radius 4000 cm)
[TrainHubDev] structure lights: crown floor light follows the VANILLA night schedule (OnMsg.LightmodelChange -> map.NightLightsState, NightLightObjects.lua:250-259, :22 on build 1.1.0.403908); it is DAY now, so it is NOT PLACED -- hanging at z 1900 cm, colour 255,214,170, cone 0/0
[TrainHubDev] structure lights: under-deck fill ON, 0 lights (intensity 40, radius 1200 cm)
[TrainHubDev] structure lights: under-deck fill follows the VANILLA night schedule (OnMsg.LightmodelChange -> map.NightLightsState, NightLightObjects.lua:250-259, :22 on build 1.1.0.403908); it is DAY now, so it is NOT PLACED -- hanging at z 700 cm, colour 255,214,170, cone 0/0
[TrainHubDev] lights: 102 placed (72 arm + 30 structure); a stopped hub destroys them all
						Lua 0:02:46:408
[mod] [SMRTK] SMRTK_SECTION action=section_attach attached=true dialog=ipBuilding object=SMROptInTrainHub6(6430) status=OK t=20391321 id=15
						Lua 0:03:16:210
[mod] [SMRTK] SMRTK_PANEL action=panel_toggle open=false status=OK tab=Agent t=20421139 id=16						Lua 0:03:16:211

						Lua 0:03:39:800
145 255 255 255
						Lua 0:03:49:517
[TrainHubDev] engine leg back: 51 m in 3250 ms = 1578 units per s (move_speed 8960) at t=20454445
						Lua 0:03:54:535
[mod] [SMRTK] SMRTK_PANEL action=panel_toggle open=true status=OK tab=Agent t=20459463 id=17
						Lua 0:03:56:871
[mod] [SMRTK] SMRTK_MARK action=mark label=CAPACITY_upgrade_read mark=94 status=OK t=20460613 id=18
[SMRTK] SMRTK_MARK action=mark label=CAPACITY_upgrade_read mark=94 status=OK t=20460613 id=18
[mod] [SMRTK] SMRTK_FINGERPRINT action=fingerprint fix_pack_present=45/45 game=405907 mark_action=mark mods=SMR_CommunityFixPack,SMR_CommunityFixPackTestKit,SMR_CommunityOptInPack,SMR_RailShaftDev_20260923,SMR_TrainHubDev_20260918 pack_version=26 read="live registry" save="Double Hub Build.savegame.sav" sol=29 status=OK t=20460613 id=19
[SMRTK] SMRTK_FINGERPRINT action=fingerprint fix_pack_present=45/45 game=405907 mark_action=mark mods=SMR_CommunityFixPack,SMR_CommunityFixPackTestKit,SMR_CommunityOptInPack,SMR_RailShaftDev_20260923,SMR_TrainHubDev_20260918 pack_version=26 read="live registry" save="Double Hub Build.savegame.sav" sol=29 status=OK t=20460613 id=19
[mod] [SMRTK] SMRTK_DUMP cap=120000 class=StationSmall demand=110000 leg=upgrade_read object=1994 res=Herbs row=stock slider_max=120 stored=10000 t=20460613 id=20
[SMRTK] SMRTK_DUMP cap=120000 class=StationSmall demand=110000 leg=upgrade_read object=1994 res=Herbs row=stock slider_max=120 stored=10000 t=20460613 id=20
[mod] [SMRTK] SMRTK_DUMP cap=120000 class=StationSmall demand=110000 leg=upgrade_read object=1994 res=Metals row=stock slider_max=120 stored=10000 t=20460613 id=21
[SMRTK] SMRTK_DUMP cap=120000 class=StationSmall demand=110000 leg=upgrade_read object=1994 res=Metals row=stock slider_max=120 stored=10000 t=20460613 id=21
[mod] [SMRTK] SMRTK_DUMP cap=120000 class=StationSmall demand=110000 leg=upgrade_read object=1994 res=Concrete row=stock slider_max=120 stored=10000 t=20460613 id=22
[SMRTK] SMRTK_DUMP cap=120000 class=StationSmall demand=110000 leg=upgrade_read object=1994 res=Concrete row=stock slider_max=120 stored=10000 t=20460613 id=22
[mod] [SMRTK] SMRTK_DUMP cap=120000 class=StationSmall demand=110000 leg=upgrade_read object=1994 res=Spices row=stock slider_max=120 stored=10000 t=20460613 id=23
[SMRTK] SMRTK_DUMP cap=120000 class=StationSmall demand=110000 leg=upgrade_read object=1994 res=Spices row=stock slider_max=120 stored=10000 t=20460613 id=23
[mod] [SMRTK] SMRTK_DUMP cap=120000 class=StationSmall demand=110000 leg=upgrade_read object=1994 res=Food row=stock slider_max=120 stored=10000 t=20460613 id=24
[SMRTK] SMRTK_DUMP cap=120000 class=StationSmall demand=110000 leg=upgrade_read object=1994 res=Food row=stock slider_max=120 stored=10000 t=20460613 id=24
[mod] [SMRTK] SMRTK_DUMP cap=120000 class=StationSmall demand=110000 leg=upgrade_read object=1994 res=Sugar row=stock slider_max=120 stored=10000 t=20460613 id=25
[SMRTK] SMRTK_DUMP cap=120000 class=StationSmall demand=110000 leg=upgrade_read object=1994 res=Sugar row=stock slider_max=120 stored=10000 t=20460613 id=25
[mod] [SMRTK] SMRTK_DUMP cap=120000 class=StationSmall demand=110000 leg=upgrade_read object=1994 res=Butter row=stock slider_max=120 stored=10000 t=20460613 id=26
[SMRTK] SMRTK_DUMP cap=120000 class=StationSmall demand=110000 leg=upgrade_read object=1994 res=Butter row=stock slider_max=120 stored=10000 t=20460613 id=26
[mod] [SMRTK] SMRTK_DUMP cap=120000 class=StationSmall demand=110000 leg=upgrade_read object=1994 res=PreciousMetals row=stock slider_max=120 stored=10000 t=20460613 id=27
[SMRTK] SMRTK_DUMP cap=120000 class=StationSmall demand=110000 leg=upgrade_read object=1994 res=PreciousMetals row=stock slider_max=120 stored=10000 t=20460613 id=27
[mod] [SMRTK] SMRTK_DUMP cap=120000 class=StationSmall demand=110000 leg=upgrade_read object=1994 res=Bread row=stock slider_max=120 stored=10000 t=20460613 id=28
[SMRTK] SMRTK_DUMP cap=120000 class=StationSmall demand=110000 leg=upgrade_read object=1994 res=Bread row=stock slider_max=120 stored=10000 t=20460613 id=28
[mod] [SMRTK] SMRTK_DUMP cap=120000 class=StationSmall demand=110000 leg=upgrade_read object=1994 res=PreciousMinerals row=stock slider_max=120 stored=10000 t=20460613 id=29
[SMRTK] SMRTK_DUMP cap=120000 class=StationSmall demand=110000 leg=upgrade_read object=1994 res=PreciousMinerals row=stock slider_max=120 stored=10000 t=20460613 id=29
[mod] [SMRTK] SMRTK_DUMP cap=120000 class=StationSmall demand=110000 leg=upgrade_read object=1994 res=Cheese row=stock slider_max=120 stored=10000 t=20460613 id=30
[SMRTK] SMRTK_DUMP cap=120000 class=StationSmall demand=110000 leg=upgrade_read object=1994 res=Cheese row=stock slider_max=120 stored=10000 t=20460613 id=30
[mod] [SMRTK] SMRTK_DUMP cap=120000 class=StationSmall demand=110000 leg=upgrade_read object=1994 res=Polymers row=stock slider_max=120 stored=10000 t=20460613 id=31
[SMRTK] SMRTK_DUMP cap=120000 class=StationSmall demand=110000 leg=upgrade_read object=1994 res=Polymers row=stock slider_max=120 stored=10000 t=20460613 id=31
[mod] [SMRTK] SMRTK_DUMP cap=120000 class=StationSmall demand=110000 leg=upgrade_read object=1994 res=Coffee row=stock slider_max=120 stored=10000 t=20460613 id=32
[SMRTK] SMRTK_DUMP cap=120000 class=StationSmall demand=110000 leg=upgrade_read object=1994 res=Coffee row=stock slider_max=120 stored=10000 t=20460613 id=32
[mod] [SMRTK] SMRTK_DUMP cap=120000 class=StationSmall demand=110000 leg=upgrade_read object=1994 res=MachineParts row=stock slider_max=120 stored=10000 t=20460613 id=33
[SMRTK] SMRTK_DUMP cap=120000 class=StationSmall demand=110000 leg=upgrade_read object=1994 res=MachineParts row=stock slider_max=120 stored=10000 t=20460613 id=33
[mod] [SMRTK] SMRTK_DUMP cap=120000 class=StationSmall demand=110000 leg=upgrade_read object=1994 res=Electronics row=stock slider_max=120 stored=10000 t=20460613 id=34
[SMRTK] SMRTK_DUMP cap=120000 class=StationSmall demand=110000 leg=upgrade_read object=1994 res=Electronics row=stock slider_max=120 stored=10000 t=20460613 id=34
[mod] [SMRTK] SMRTK_DUMP cap=120000 class=StationSmall demand=110000 leg=upgrade_read object=1994 res=Meat row=stock slider_max=120 stored=10000 t=20460613 id=35
[SMRTK] SMRTK_DUMP cap=120000 class=StationSmall demand=110000 leg=upgrade_read object=1994 res=Meat row=stock slider_max=120 stored=10000 t=20460613 id=35
[mod] [SMRTK] SMRTK_DUMP cap=120000 class=StationSmall demand=110000 leg=upgrade_read object=1994 res=Fuel row=stock slider_max=120 stored=10000 t=20460613 id=36
[SMRTK] SMRTK_DUMP cap=120000 class=StationSmall demand=110000 leg=upgrade_read object=1994 res=Fuel row=stock slider_max=120 stored=10000 t=20460613 id=36
[mod] [SMRTK] SMRTK_DUMP cap=120000 class=StationSmall demand=110000 leg=upgrade_read object=1994 res=Seeds row=stock slider_max=120 stored=10000 t=20460613 id=37
[SMRTK] SMRTK_DUMP cap=120000 class=StationSmall demand=110000 leg=upgrade_read object=1994 res=Seeds row=stock slider_max=120 stored=10000 t=20460613 id=37
[mod] [SMRTK] SMRTK_DUMP cap=120000 class=StationSmall demand=110000 leg=upgrade_read object=1994 res=WasteRock row=stock slider_max=120 stored=10000 t=20460613 id=38
[SMRTK] SMRTK_DUMP cap=120000 class=StationSmall demand=110000 leg=upgrade_read object=1994 res=WasteRock row=stock slider_max=120 stored=10000 t=20460613 id=38
[mod] [SMRTK] SMRTK_DUMP cap=120000 class=StationSmall demand=110000 leg=upgrade_read object=2007 res=Herbs row=stock slider_max=120 stored=10000 t=20460613 id=39
[SMRTK] SMRTK_DUMP cap=120000 class=StationSmall demand=110000 leg=upgrade_read object=2007 res=Herbs row=stock slider_max=120 stored=10000 t=20460613 id=39
[mod] [SMRTK] SMRTK_DUMP cap=120000 class=StationSmall demand=110000 leg=upgrade_read object=2007 res=Metals row=stock slider_max=120 stored=10000 t=20460613 id=40
[SMRTK] SMRTK_DUMP cap=120000 class=StationSmall demand=110000 leg=upgrade_read object=2007 res=Metals row=stock slider_max=120 stored=10000 t=20460613 id=40
[mod] [SMRTK] SMRTK_DUMP cap=120000 class=StationSmall demand=110000 leg=upgrade_read object=2007 res=Concrete row=stock slider_max=120 stored=10000 t=20460613 id=41
[SMRTK] SMRTK_DUMP cap=120000 class=StationSmall demand=110000 leg=upgrade_read object=2007 res=Concrete row=stock slider_max=120 stored=10000 t=20460613 id=41
[mod] [SMRTK] SMRTK_DUMP cap=120000 class=StationSmall demand=110000 leg=upgrade_read object=2007 res=Spices row=stock slider_max=120 stored=10000 t=20460613 id=42
[SMRTK] SMRTK_DUMP cap=120000 class=StationSmall demand=110000 leg=upgrade_read object=2007 res=Spices row=stock slider_max=120 stored=10000 t=20460613 id=42
						Lua 0:03:56:872
[mod] [SMRTK] SMRTK_DUMP cap=120000 class=StationSmall demand=110000 leg=upgrade_read object=2007 res=Food row=stock slider_max=120 stored=10000 t=20460613 id=43
[SMRTK] SMRTK_DUMP cap=120000 class=StationSmall demand=110000 leg=upgrade_read object=2007 res=Food row=stock slider_max=120 stored=10000 t=20460613 id=43
[mod] [SMRTK] SMRTK_DUMP cap=120000 class=StationSmall demand=110000 leg=upgrade_read object=2007 res=Sugar row=stock slider_max=120 stored=10000 t=20460613 id=44
[SMRTK] SMRTK_DUMP cap=120000 class=StationSmall demand=110000 leg=upgrade_read object=2007 res=Sugar row=stock slider_max=120 stored=10000 t=20460613 id=44
[mod] [SMRTK] SMRTK_DUMP cap=120000 class=StationSmall demand=110000 leg=upgrade_read object=2007 res=Butter row=stock slider_max=120 stored=10000 t=20460613 id=45
[SMRTK] SMRTK_DUMP cap=120000 class=StationSmall demand=110000 leg=upgrade_read object=2007 res=Butter row=stock slider_max=120 stored=10000 t=20460613 id=45
[mod] [SMRTK] SMRTK_DUMP cap=120000 class=StationSmall demand=110000 leg=upgrade_read object=2007 res=PreciousMetals row=stock slider_max=120 stored=10000 t=20460613 id=46
[SMRTK] SMRTK_DUMP cap=120000 class=StationSmall demand=110000 leg=upgrade_read object=2007 res=PreciousMetals row=stock slider_max=120 stored=10000 t=20460613 id=46
[mod] [SMRTK] SMRTK_DUMP cap=120000 class=StationSmall demand=110000 leg=upgrade_read object=2007 res=Bread row=stock slider_max=120 stored=10000 t=20460613 id=47
[SMRTK] SMRTK_DUMP cap=120000 class=StationSmall demand=110000 leg=upgrade_read object=2007 res=Bread row=stock slider_max=120 stored=10000 t=20460613 id=47
[mod] [SMRTK] SMRTK_DUMP cap=120000 class=StationSmall demand=110000 leg=upgrade_read object=2007 res=PreciousMinerals row=stock slider_max=120 stored=10000 t=20460613 id=48
[SMRTK] SMRTK_DUMP cap=120000 class=StationSmall demand=110000 leg=upgrade_read object=2007 res=PreciousMinerals row=stock slider_max=120 stored=10000 t=20460613 id=48
[mod] [SMRTK] SMRTK_DUMP cap=120000 class=StationSmall demand=110000 leg=upgrade_read object=2007 res=Cheese row=stock slider_max=120 stored=10000 t=20460613 id=49
[SMRTK] SMRTK_DUMP cap=120000 class=StationSmall demand=110000 leg=upgrade_read object=2007 res=Cheese row=stock slider_max=120 stored=10000 t=20460613 id=49
[mod] [SMRTK] SMRTK_DUMP cap=120000 class=StationSmall demand=110000 leg=upgrade_read object=2007 res=Polymers row=stock slider_max=120 stored=10000 t=20460613 id=50
[SMRTK] SMRTK_DUMP cap=120000 class=StationSmall demand=110000 leg=upgrade_read object=2007 res=Polymers row=stock slider_max=120 stored=10000 t=20460613 id=50
[mod] [SMRTK] SMRTK_DUMP cap=120000 class=StationSmall demand=110000 leg=upgrade_read object=2007 res=Coffee row=stock slider_max=120 stored=10000 t=20460613 id=51
[SMRTK] SMRTK_DUMP cap=120000 class=StationSmall demand=110000 leg=upgrade_read object=2007 res=Coffee row=stock slider_max=120 stored=10000 t=20460613 id=51
[mod] [SMRTK] SMRTK_DUMP cap=120000 class=StationSmall demand=110000 leg=upgrade_read object=2007 res=MachineParts row=stock slider_max=120 stored=10000 t=20460613 id=52
[SMRTK] SMRTK_DUMP cap=120000 class=StationSmall demand=110000 leg=upgrade_read object=2007 res=MachineParts row=stock slider_max=120 stored=10000 t=20460613 id=52
[mod] [SMRTK] SMRTK_DUMP cap=120000 class=StationSmall demand=110000 leg=upgrade_read object=2007 res=Electronics row=stock slider_max=120 stored=10000 t=20460613 id=53
[SMRTK] SMRTK_DUMP cap=120000 class=StationSmall demand=110000 leg=upgrade_read object=2007 res=Electronics row=stock slider_max=120 stored=10000 t=20460613 id=53
[mod] [SMRTK] SMRTK_DUMP cap=120000 class=StationSmall demand=110000 leg=upgrade_read object=2007 res=Meat row=stock slider_max=120 stored=10000 t=20460613 id=54
[SMRTK] SMRTK_DUMP cap=120000 class=StationSmall demand=110000 leg=upgrade_read object=2007 res=Meat row=stock slider_max=120 stored=10000 t=20460613 id=54
[mod] [SMRTK] SMRTK_DUMP cap=120000 class=StationSmall demand=110000 leg=upgrade_read object=2007 res=Fuel row=stock slider_max=120 stored=10000 t=20460613 id=55
[SMRTK] SMRTK_DUMP cap=120000 class=StationSmall demand=110000 leg=upgrade_read object=2007 res=Fuel row=stock slider_max=120 stored=10000 t=20460613 id=55
[mod] [SMRTK] SMRTK_DUMP cap=120000 class=StationSmall demand=110000 leg=upgrade_read object=2007 res=Seeds row=stock slider_max=120 stored=10000 t=20460613 id=56
[SMRTK] SMRTK_DUMP cap=120000 class=StationSmall demand=110000 leg=upgrade_read object=2007 res=Seeds row=stock slider_max=120 stored=10000 t=20460613 id=56
[mod] [SMRTK] SMRTK_DUMP cap=120000 class=StationSmall demand=110000 leg=upgrade_read object=2007 res=WasteRock row=stock slider_max=120 stored=10000 t=20460613 id=57
[SMRTK] SMRTK_DUMP cap=120000 class=StationSmall demand=110000 leg=upgrade_read object=2007 res=WasteRock row=stock slider_max=120 stored=10000 t=20460613 id=57
[mod] [SMRTK] SMRTK_DUMP cap=120000 class=StationSmall demand=110000 leg=upgrade_read object=2008 res=Herbs row=stock slider_max=120 stored=10000 t=20460613 id=58
[SMRTK] SMRTK_DUMP cap=120000 class=StationSmall demand=110000 leg=upgrade_read object=2008 res=Herbs row=stock slider_max=120 stored=10000 t=20460613 id=58
[mod] [SMRTK] SMRTK_DUMP cap=120000 class=StationSmall demand=110000 leg=upgrade_read object=2008 res=Metals row=stock slider_max=120 stored=10000 t=20460613 id=59
[SMRTK] SMRTK_DUMP cap=120000 class=StationSmall demand=110000 leg=upgrade_read object=2008 res=Metals row=stock slider_max=120 stored=10000 t=20460613 id=59
[mod] [SMRTK] SMRTK_DUMP cap=120000 class=StationSmall demand=110000 leg=upgrade_read object=2008 res=Concrete row=stock slider_max=120 stored=10000 t=20460613 id=60
[SMRTK] SMRTK_DUMP cap=120000 class=StationSmall demand=110000 leg=upgrade_read object=2008 res=Concrete row=stock slider_max=120 stored=10000 t=20460613 id=60
[mod] [SMRTK] SMRTK_DUMP cap=120000 class=StationSmall demand=110000 leg=upgrade_read object=2008 res=Spices row=stock slider_max=120 stored=10000 t=20460613 id=61
[SMRTK] SMRTK_DUMP cap=120000 class=StationSmall demand=110000 leg=upgrade_read object=2008 res=Spices row=stock slider_max=120 stored=10000 t=20460613 id=61
[mod] [SMRTK] SMRTK_DUMP cap=120000 class=StationSmall demand=110000 leg=upgrade_read object=2008 res=Food row=stock slider_max=120 stored=10000 t=20460613 id=62
[SMRTK] SMRTK_DUMP cap=120000 class=StationSmall demand=110000 leg=upgrade_read object=2008 res=Food row=stock slider_max=120 stored=10000 t=20460613 id=62
[mod] [SMRTK] SMRTK_DUMP cap=120000 class=StationSmall demand=110000 leg=upgrade_read object=2008 res=Sugar row=stock slider_max=120 stored=10000 t=20460613 id=63
[SMRTK] SMRTK_DUMP cap=120000 class=StationSmall demand=110000 leg=upgrade_read object=2008 res=Sugar row=stock slider_max=120 stored=10000 t=20460613 id=63
[mod] [SMRTK] SMRTK_DUMP cap=120000 class=StationSmall demand=110000 leg=upgrade_read object=2008 res=Butter row=stock slider_max=120 stored=10000 t=20460613 id=64
[SMRTK] SMRTK_DUMP cap=120000 class=StationSmall demand=110000 leg=upgrade_read object=2008 res=Butter row=stock slider_max=120 stored=10000 t=20460613 id=64
[mod] [SMRTK] SMRTK_DUMP cap=120000 class=StationSmall demand=110000 leg=upgrade_read object=2008 res=PreciousMetals row=stock slider_max=120 stored=10000 t=20460613 id=65
[SMRTK] SMRTK_DUMP cap=120000 class=StationSmall demand=110000 leg=upgrade_read object=2008 res=PreciousMetals row=stock slider_max=120 stored=10000 t=20460613 id=65
[mod] [SMRTK] SMRTK_DUMP cap=120000 class=StationSmall demand=110000 leg=upgrade_read object=2008 res=Bread row=stock slider_max=120 stored=10000 t=20460613 id=66
[SMRTK] SMRTK_DUMP cap=120000 class=StationSmall demand=110000 leg=upgrade_read object=2008 res=Bread row=stock slider_max=120 stored=10000 t=20460613 id=66
[mod] [SMRTK] SMRTK_DUMP cap=120000 class=StationSmall demand=110000 leg=upgrade_read object=2008 res=PreciousMinerals row=stock slider_max=120 stored=10000 t=20460613 id=67
[SMRTK] SMRTK_DUMP cap=120000 class=StationSmall demand=110000 leg=upgrade_read object=2008 res=PreciousMinerals row=stock slider_max=120 stored=10000 t=20460613 id=67
[mod] [SMRTK] SMRTK_DUMP cap=120000 class=StationSmall demand=110000 leg=upgrade_read object=2008 res=Cheese row=stock slider_max=120 stored=10000 t=20460613 id=68
[SMRTK] SMRTK_DUMP cap=120000 class=StationSmall demand=110000 leg=upgrade_read object=2008 res=Cheese row=stock slider_max=120 stored=10000 t=20460613 id=68
[mod] [SMRTK] SMRTK_DUMP cap=120000 class=StationSmall demand=110000 leg=upgrade_read object=2008 res=Polymers row=stock slider_max=120 stored=10000 t=20460613 id=69
[SMRTK] SMRTK_DUMP cap=120000 class=StationSmall demand=110000 leg=upgrade_read object=2008 res=Polymers row=stock slider_max=120 stored=10000 t=20460613 id=69
[mod] [SMRTK] SMRTK_DUMP cap=120000 class=StationSmall demand=110000 leg=upgrade_read object=2008 res=Coffee row=stock slider_max=120 stored=10000 t=20460613 id=70
[SMRTK] SMRTK_DUMP cap=120000 class=StationSmall demand=110000 leg=upgrade_read object=2008 res=Coffee row=stock slider_max=120 stored=10000 t=20460613 id=70
						Lua 0:03:56:873
[mod] [SMRTK] SMRTK_DUMP cap=120000 class=StationSmall demand=110000 leg=upgrade_read object=2008 res=MachineParts row=stock slider_max=120 stored=10000 t=20460613 id=71
[SMRTK] SMRTK_DUMP cap=120000 class=StationSmall demand=110000 leg=upgrade_read object=2008 res=MachineParts row=stock slider_max=120 stored=10000 t=20460613 id=71
[mod] [SMRTK] SMRTK_DUMP cap=120000 class=StationSmall demand=110000 leg=upgrade_read object=2008 res=Electronics row=stock slider_max=120 stored=10000 t=20460613 id=72
[SMRTK] SMRTK_DUMP cap=120000 class=StationSmall demand=110000 leg=upgrade_read object=2008 res=Electronics row=stock slider_max=120 stored=10000 t=20460613 id=72
[mod] [SMRTK] SMRTK_DUMP cap=120000 class=StationSmall demand=110000 leg=upgrade_read object=2008 res=Meat row=stock slider_max=120 stored=10000 t=20460613 id=73
[SMRTK] SMRTK_DUMP cap=120000 class=StationSmall demand=110000 leg=upgrade_read object=2008 res=Meat row=stock slider_max=120 stored=10000 t=20460613 id=73
[mod] [SMRTK] SMRTK_DUMP cap=120000 class=StationSmall demand=110000 leg=upgrade_read object=2008 res=Fuel row=stock slider_max=120 stored=10000 t=20460613 id=74
[SMRTK] SMRTK_DUMP cap=120000 class=StationSmall demand=110000 leg=upgrade_read object=2008 res=Fuel row=stock slider_max=120 stored=10000 t=20460613 id=74
[mod] [SMRTK] SMRTK_DUMP cap=120000 class=StationSmall demand=110000 leg=upgrade_read object=2008 res=Seeds row=stock slider_max=120 stored=10000 t=20460613 id=75
[SMRTK] SMRTK_DUMP cap=120000 class=StationSmall demand=110000 leg=upgrade_read object=2008 res=Seeds row=stock slider_max=120 stored=10000 t=20460613 id=75
[mod] [SMRTK] SMRTK_DUMP cap=120000 class=StationSmall demand=110000 leg=upgrade_read object=2008 res=WasteRock row=stock slider_max=120 stored=10000 t=20460613 id=76
[SMRTK] SMRTK_DUMP cap=120000 class=StationSmall demand=110000 leg=upgrade_read object=2008 res=WasteRock row=stock slider_max=120 stored=10000 t=20460613 id=76
[mod] [SMRTK] SMRTK_DUMP cap=240000 class=StationBig demand=230000 leg=upgrade_read object=2009 res=Herbs row=stock slider_max=240 stored=10000 t=20460613 id=77
[SMRTK] SMRTK_DUMP cap=240000 class=StationBig demand=230000 leg=upgrade_read object=2009 res=Herbs row=stock slider_max=240 stored=10000 t=20460613 id=77
[mod] [SMRTK] SMRTK_DUMP cap=240000 class=StationBig demand=230000 leg=upgrade_read object=2009 res=Metals row=stock slider_max=240 stored=10000 t=20460613 id=78
[SMRTK] SMRTK_DUMP cap=240000 class=StationBig demand=230000 leg=upgrade_read object=2009 res=Metals row=stock slider_max=240 stored=10000 t=20460613 id=78
[mod] [SMRTK] SMRTK_DUMP cap=240000 class=StationBig demand=230000 leg=upgrade_read object=2009 res=Concrete row=stock slider_max=240 stored=10000 t=20460613 id=79
[SMRTK] SMRTK_DUMP cap=240000 class=StationBig demand=230000 leg=upgrade_read object=2009 res=Concrete row=stock slider_max=240 stored=10000 t=20460613 id=79
[mod] [SMRTK] SMRTK_DUMP cap=240000 class=StationBig demand=230000 leg=upgrade_read object=2009 res=Spices row=stock slider_max=240 stored=10000 t=20460613 id=80
[SMRTK] SMRTK_DUMP cap=240000 class=StationBig demand=230000 leg=upgrade_read object=2009 res=Spices row=stock slider_max=240 stored=10000 t=20460613 id=80
[mod] [SMRTK] SMRTK_DUMP cap=240000 class=StationBig demand=230000 leg=upgrade_read object=2009 res=Food row=stock slider_max=240 stored=10000 t=20460613 id=81
[SMRTK] SMRTK_DUMP cap=240000 class=StationBig demand=230000 leg=upgrade_read object=2009 res=Food row=stock slider_max=240 stored=10000 t=20460613 id=81
[mod] [SMRTK] SMRTK_DUMP cap=240000 class=StationBig demand=230000 leg=upgrade_read object=2009 res=Sugar row=stock slider_max=240 stored=10000 t=20460613 id=82
[SMRTK] SMRTK_DUMP cap=240000 class=StationBig demand=230000 leg=upgrade_read object=2009 res=Sugar row=stock slider_max=240 stored=10000 t=20460613 id=82
[mod] [SMRTK] SMRTK_DUMP cap=240000 class=StationBig demand=230000 leg=upgrade_read object=2009 res=Butter row=stock slider_max=240 stored=10000 t=20460613 id=83
[SMRTK] SMRTK_DUMP cap=240000 class=StationBig demand=230000 leg=upgrade_read object=2009 res=Butter row=stock slider_max=240 stored=10000 t=20460613 id=83
[mod] [SMRTK] SMRTK_DUMP cap=240000 class=StationBig demand=230000 leg=upgrade_read object=2009 res=PreciousMetals row=stock slider_max=240 stored=10000 t=20460613 id=84
[SMRTK] SMRTK_DUMP cap=240000 class=StationBig demand=230000 leg=upgrade_read object=2009 res=PreciousMetals row=stock slider_max=240 stored=10000 t=20460613 id=84
[mod] [SMRTK] SMRTK_DUMP cap=240000 class=StationBig demand=230000 leg=upgrade_read object=2009 res=Bread row=stock slider_max=240 stored=10000 t=20460613 id=85
[SMRTK] SMRTK_DUMP cap=240000 class=StationBig demand=230000 leg=upgrade_read object=2009 res=Bread row=stock slider_max=240 stored=10000 t=20460613 id=85
[mod] [SMRTK] SMRTK_DUMP cap=240000 class=StationBig demand=230000 leg=upgrade_read object=2009 res=PreciousMinerals row=stock slider_max=240 stored=10000 t=20460613 id=86
[SMRTK] SMRTK_DUMP cap=240000 class=StationBig demand=230000 leg=upgrade_read object=2009 res=PreciousMinerals row=stock slider_max=240 stored=10000 t=20460613 id=86
[mod] [SMRTK] SMRTK_DUMP cap=240000 class=StationBig demand=230000 leg=upgrade_read object=2009 res=Cheese row=stock slider_max=240 stored=10000 t=20460613 id=87
[SMRTK] SMRTK_DUMP cap=240000 class=StationBig demand=230000 leg=upgrade_read object=2009 res=Cheese row=stock slider_max=240 stored=10000 t=20460613 id=87
[mod] [SMRTK] SMRTK_DUMP cap=240000 class=StationBig demand=230000 leg=upgrade_read object=2009 res=Polymers row=stock slider_max=240 stored=10000 t=20460613 id=88
[SMRTK] SMRTK_DUMP cap=240000 class=StationBig demand=230000 leg=upgrade_read object=2009 res=Polymers row=stock slider_max=240 stored=10000 t=20460613 id=88
[mod] [SMRTK] SMRTK_DUMP cap=240000 class=StationBig demand=230000 leg=upgrade_read object=2009 res=Coffee row=stock slider_max=240 stored=10000 t=20460613 id=89
[SMRTK] SMRTK_DUMP cap=240000 class=StationBig demand=230000 leg=upgrade_read object=2009 res=Coffee row=stock slider_max=240 stored=10000 t=20460613 id=89
[mod] [SMRTK] SMRTK_DUMP cap=240000 class=StationBig demand=230000 leg=upgrade_read object=2009 res=MachineParts row=stock slider_max=240 stored=10000 t=20460613 id=90
[SMRTK] SMRTK_DUMP cap=240000 class=StationBig demand=230000 leg=upgrade_read object=2009 res=MachineParts row=stock slider_max=240 stored=10000 t=20460613 id=90
[mod] [SMRTK] SMRTK_DUMP cap=240000 class=StationBig demand=230000 leg=upgrade_read object=2009 res=Electronics row=stock slider_max=240 stored=10000 t=20460613 id=91
[SMRTK] SMRTK_DUMP cap=240000 class=StationBig demand=230000 leg=upgrade_read object=2009 res=Electronics row=stock slider_max=240 stored=10000 t=20460613 id=91
[mod] [SMRTK] SMRTK_DUMP cap=240000 class=StationBig demand=230000 leg=upgrade_read object=2009 res=Meat row=stock slider_max=240 stored=10000 t=20460613 id=92
[SMRTK] SMRTK_DUMP cap=240000 class=StationBig demand=230000 leg=upgrade_read object=2009 res=Meat row=stock slider_max=240 stored=10000 t=20460613 id=92
[mod] [SMRTK] SMRTK_DUMP cap=240000 class=StationBig demand=230000 leg=upgrade_read object=2009 res=Fuel row=stock slider_max=240 stored=10000 t=20460613 id=93
[SMRTK] SMRTK_DUMP cap=240000 class=StationBig demand=230000 leg=upgrade_read object=2009 res=Fuel row=stock slider_max=240 stored=10000 t=20460613 id=93
[mod] [SMRTK] SMRTK_DUMP cap=240000 class=StationBig demand=230000 leg=upgrade_read object=2009 res=Seeds row=stock slider_max=240 stored=10000 t=20460613 id=94
[SMRTK] SMRTK_DUMP cap=240000 class=StationBig demand=230000 leg=upgrade_read object=2009 res=Seeds row=stock slider_max=240 stored=10000 t=20460613 id=94
[mod] [SMRTK] SMRTK_DUMP cap=240000 class=StationBig demand=230000 leg=upgrade_read object=2009 res=WasteRock row=stock slider_max=240 stored=10000 t=20460613 id=95
[SMRTK] SMRTK_DUMP cap=240000 class=StationBig demand=230000 leg=upgrade_read object=2009 res=WasteRock row=stock slider_max=240 stored=10000 t=20460613 id=95
[mod] [SMRTK] SMRTK_DUMP cap=120000 class=StationSmall demand=110000 leg=upgrade_read object=2011 res=Herbs row=stock slider_max=120 stored=10000 t=20460613 id=96
[SMRTK] SMRTK_DUMP cap=120000 class=StationSmall demand=110000 leg=upgrade_read object=2011 res=Herbs row=stock slider_max=120 stored=10000 t=20460613 id=96
[mod] [SMRTK] SMRTK_DUMP cap=120000 class=StationSmall demand=110000 leg=upgrade_read object=2011 res=Metals row=stock slider_max=120 stored=10000 t=20460613 id=97
[SMRTK] SMRTK_DUMP cap=120000 class=StationSmall demand=110000 leg=upgrade_read object=2011 res=Metals row=stock slider_max=120 stored=10000 t=20460613 id=97
[mod] [SMRTK] SMRTK_DUMP cap=120000 class=StationSmall demand=110000 leg=upgrade_read object=2011 res=Concrete row=stock slider_max=120 stored=10000 t=20460613 id=98
[SMRTK] SMRTK_DUMP cap=120000 class=StationSmall demand=110000 leg=upgrade_read object=2011 res=Concrete row=stock slider_max=120 stored=10000 t=20460613 id=98
[mod] [SMRTK] SMRTK_DUMP cap=120000 class=StationSmall demand=110000 leg=upgrade_read object=2011 res=Spices row=stock slider_max=120 stored=10000 t=20460613 id=99
[SMRTK] SMRTK_DUMP cap=120000 class=StationSmall demand=110000 leg=upgrade_read object=2011 res=Spices row=stock slider_max=120 stored=10000 t=20460613 id=99
[mod] [SMRTK] SMRTK_DUMP cap=120000 class=StationSmall demand=110000 leg=upgrade_read object=2011 res=Food row=stock slider_max=120 stored=10000 t=20460613 id=100
[SMRTK] SMRTK_DUMP cap=120000 class=StationSmall demand=110000 leg=upgrade_read object=2011 res=Food row=stock slider_max=120 stored=10000 t=20460613 id=100
[mod] [SMRTK] SMRTK_DUMP cap=120000 class=StationSmall demand=110000 leg=upgrade_read object=2011 res=Sugar row=stock slider_max=120 stored=10000 t=20460613 id=101
[SMRTK] SMRTK_DUMP cap=120000 class=StationSmall demand=110000 leg=upgrade_read object=2011 res=Sugar row=stock slider_max=120 stored=10000 t=20460613 id=101
[mod] [SMRTK] SMRTK_DUMP cap=120000 class=StationSmall demand=110000 leg=upgrade_read object=2011 res=Butter row=stock slider_max=120 stored=10000 t=20460613 id=102
[SMRTK] SMRTK_DUMP cap=120000 class=StationSmall demand=110000 leg=upgrade_read object=2011 res=Butter row=stock slider_max=120 stored=10000 t=20460613 id=102
						Lua 0:03:56:874
[mod] [SMRTK] SMRTK_DUMP cap=120000 class=StationSmall demand=110000 leg=upgrade_read object=2011 res=PreciousMetals row=stock slider_max=120 stored=10000 t=20460613 id=103
[SMRTK] SMRTK_DUMP cap=120000 class=StationSmall demand=110000 leg=upgrade_read object=2011 res=PreciousMetals row=stock slider_max=120 stored=10000 t=20460613 id=103
[mod] [SMRTK] SMRTK_DUMP cap=120000 class=StationSmall demand=110000 leg=upgrade_read object=2011 res=Bread row=stock slider_max=120 stored=10000 t=20460613 id=104
[SMRTK] SMRTK_DUMP cap=120000 class=StationSmall demand=110000 leg=upgrade_read object=2011 res=Bread row=stock slider_max=120 stored=10000 t=20460613 id=104
[mod] [SMRTK] SMRTK_DUMP cap=120000 class=StationSmall demand=110000 leg=upgrade_read object=2011 res=PreciousMinerals row=stock slider_max=120 stored=10000 t=20460613 id=105
[SMRTK] SMRTK_DUMP cap=120000 class=StationSmall demand=110000 leg=upgrade_read object=2011 res=PreciousMinerals row=stock slider_max=120 stored=10000 t=20460613 id=105
[mod] [SMRTK] SMRTK_DUMP cap=120000 class=StationSmall demand=110000 leg=upgrade_read object=2011 res=Cheese row=stock slider_max=120 stored=10000 t=20460613 id=106
[SMRTK] SMRTK_DUMP cap=120000 class=StationSmall demand=110000 leg=upgrade_read object=2011 res=Cheese row=stock slider_max=120 stored=10000 t=20460613 id=106
[mod] [SMRTK] SMRTK_DUMP cap=120000 class=StationSmall demand=110000 leg=upgrade_read object=2011 res=Polymers row=stock slider_max=120 stored=10000 t=20460613 id=107
[SMRTK] SMRTK_DUMP cap=120000 class=StationSmall demand=110000 leg=upgrade_read object=2011 res=Polymers row=stock slider_max=120 stored=10000 t=20460613 id=107
[mod] [SMRTK] SMRTK_DUMP cap=120000 class=StationSmall demand=110000 leg=upgrade_read object=2011 res=Coffee row=stock slider_max=120 stored=10000 t=20460613 id=108
[SMRTK] SMRTK_DUMP cap=120000 class=StationSmall demand=110000 leg=upgrade_read object=2011 res=Coffee row=stock slider_max=120 stored=10000 t=20460613 id=108
[mod] [SMRTK] SMRTK_DUMP cap=120000 class=StationSmall demand=110000 leg=upgrade_read object=2011 res=MachineParts row=stock slider_max=120 stored=10000 t=20460613 id=109
[SMRTK] SMRTK_DUMP cap=120000 class=StationSmall demand=110000 leg=upgrade_read object=2011 res=MachineParts row=stock slider_max=120 stored=10000 t=20460613 id=109
[mod] [SMRTK] SMRTK_DUMP cap=120000 class=StationSmall demand=110000 leg=upgrade_read object=2011 res=Electronics row=stock slider_max=120 stored=10000 t=20460613 id=110
[SMRTK] SMRTK_DUMP cap=120000 class=StationSmall demand=110000 leg=upgrade_read object=2011 res=Electronics row=stock slider_max=120 stored=10000 t=20460613 id=110
[mod] [SMRTK] SMRTK_DUMP cap=120000 class=StationSmall demand=110000 leg=upgrade_read object=2011 res=Meat row=stock slider_max=120 stored=10000 t=20460613 id=111
[SMRTK] SMRTK_DUMP cap=120000 class=StationSmall demand=110000 leg=upgrade_read object=2011 res=Meat row=stock slider_max=120 stored=10000 t=20460613 id=111
[mod] [SMRTK] SMRTK_DUMP cap=120000 class=StationSmall demand=110000 leg=upgrade_read object=2011 res=Fuel row=stock slider_max=120 stored=10000 t=20460613 id=112
[SMRTK] SMRTK_DUMP cap=120000 class=StationSmall demand=110000 leg=upgrade_read object=2011 res=Fuel row=stock slider_max=120 stored=10000 t=20460613 id=112
[mod] [SMRTK] SMRTK_DUMP cap=120000 class=StationSmall demand=110000 leg=upgrade_read object=2011 res=Seeds row=stock slider_max=120 stored=10000 t=20460613 id=113
[SMRTK] SMRTK_DUMP cap=120000 class=StationSmall demand=110000 leg=upgrade_read object=2011 res=Seeds row=stock slider_max=120 stored=10000 t=20460613 id=113
[mod] [SMRTK] SMRTK_DUMP cap=120000 class=StationSmall demand=110000 leg=upgrade_read object=2011 res=WasteRock row=stock slider_max=120 stored=10000 t=20460613 id=114
[SMRTK] SMRTK_DUMP cap=120000 class=StationSmall demand=110000 leg=upgrade_read object=2011 res=WasteRock row=stock slider_max=120 stored=10000 t=20460613 id=114
[mod] [SMRTK] SMRTK_DUMP cap=120000 class=StationSmall demand=110000 leg=upgrade_read object=2012 res=Herbs row=stock slider_max=120 stored=10000 t=20460613 id=115
[SMRTK] SMRTK_DUMP cap=120000 class=StationSmall demand=110000 leg=upgrade_read object=2012 res=Herbs row=stock slider_max=120 stored=10000 t=20460613 id=115
[mod] [SMRTK] SMRTK_DUMP cap=120000 class=StationSmall demand=110000 leg=upgrade_read object=2012 res=Metals row=stock slider_max=120 stored=10000 t=20460613 id=116
[SMRTK] SMRTK_DUMP cap=120000 class=StationSmall demand=110000 leg=upgrade_read object=2012 res=Metals row=stock slider_max=120 stored=10000 t=20460613 id=116
[mod] [SMRTK] SMRTK_DUMP cap=120000 class=StationSmall demand=110000 leg=upgrade_read object=2012 res=Concrete row=stock slider_max=120 stored=10000 t=20460613 id=117
[SMRTK] SMRTK_DUMP cap=120000 class=StationSmall demand=110000 leg=upgrade_read object=2012 res=Concrete row=stock slider_max=120 stored=10000 t=20460613 id=117
[mod] [SMRTK] SMRTK_DUMP cap=120000 class=StationSmall demand=110000 leg=upgrade_read object=2012 res=Spices row=stock slider_max=120 stored=10000 t=20460613 id=118
[SMRTK] SMRTK_DUMP cap=120000 class=StationSmall demand=110000 leg=upgrade_read object=2012 res=Spices row=stock slider_max=120 stored=10000 t=20460613 id=118
[mod] [SMRTK] SMRTK_DUMP cap=120000 class=StationSmall demand=110000 leg=upgrade_read object=2012 res=Food row=stock slider_max=120 stored=10000 t=20460613 id=119
[SMRTK] SMRTK_DUMP cap=120000 class=StationSmall demand=110000 leg=upgrade_read object=2012 res=Food row=stock slider_max=120 stored=10000 t=20460613 id=119
[mod] [SMRTK] SMRTK_DUMP cap=120000 class=StationSmall demand=110000 leg=upgrade_read object=2012 res=Sugar row=stock slider_max=120 stored=10000 t=20460613 id=120
[SMRTK] SMRTK_DUMP cap=120000 class=StationSmall demand=110000 leg=upgrade_read object=2012 res=Sugar row=stock slider_max=120 stored=10000 t=20460613 id=120
[mod] [SMRTK] SMRTK_DUMP cap=120000 class=StationSmall demand=110000 leg=upgrade_read object=2012 res=Butter row=stock slider_max=120 stored=10000 t=20460613 id=121
[SMRTK] SMRTK_DUMP cap=120000 class=StationSmall demand=110000 leg=upgrade_read object=2012 res=Butter row=stock slider_max=120 stored=10000 t=20460613 id=121
[mod] [SMRTK] SMRTK_DUMP cap=120000 class=StationSmall demand=110000 leg=upgrade_read object=2012 res=PreciousMetals row=stock slider_max=120 stored=10000 t=20460613 id=122
[SMRTK] SMRTK_DUMP cap=120000 class=StationSmall demand=110000 leg=upgrade_read object=2012 res=PreciousMetals row=stock slider_max=120 stored=10000 t=20460613 id=122
[mod] [SMRTK] SMRTK_DUMP cap=120000 class=StationSmall demand=110000 leg=upgrade_read object=2012 res=Bread row=stock slider_max=120 stored=10000 t=20460613 id=123
[SMRTK] SMRTK_DUMP cap=120000 class=StationSmall demand=110000 leg=upgrade_read object=2012 res=Bread row=stock slider_max=120 stored=10000 t=20460613 id=123
[mod] [SMRTK] SMRTK_DUMP cap=120000 class=StationSmall demand=110000 leg=upgrade_read object=2012 res=PreciousMinerals row=stock slider_max=120 stored=10000 t=20460613 id=124
[SMRTK] SMRTK_DUMP cap=120000 class=StationSmall demand=110000 leg=upgrade_read object=2012 res=PreciousMinerals row=stock slider_max=120 stored=10000 t=20460613 id=124
[mod] [SMRTK] SMRTK_DUMP cap=120000 class=StationSmall demand=110000 leg=upgrade_read object=2012 res=Cheese row=stock slider_max=120 stored=10000 t=20460613 id=125
[SMRTK] SMRTK_DUMP cap=120000 class=StationSmall demand=110000 leg=upgrade_read object=2012 res=Cheese row=stock slider_max=120 stored=10000 t=20460613 id=125
[mod] [SMRTK] SMRTK_DUMP cap=120000 class=StationSmall demand=110000 leg=upgrade_read object=2012 res=Polymers row=stock slider_max=120 stored=10000 t=20460613 id=126
[SMRTK] SMRTK_DUMP cap=120000 class=StationSmall demand=110000 leg=upgrade_read object=2012 res=Polymers row=stock slider_max=120 stored=10000 t=20460613 id=126
[mod] [SMRTK] SMRTK_DUMP cap=120000 class=StationSmall demand=110000 leg=upgrade_read object=2012 res=Coffee row=stock slider_max=120 stored=10000 t=20460613 id=127
[SMRTK] SMRTK_DUMP cap=120000 class=StationSmall demand=110000 leg=upgrade_read object=2012 res=Coffee row=stock slider_max=120 stored=10000 t=20460613 id=127
[mod] [SMRTK] SMRTK_DUMP cap=120000 class=StationSmall demand=110000 leg=upgrade_read object=2012 res=MachineParts row=stock slider_max=120 stored=10000 t=20460613 id=128
[SMRTK] SMRTK_DUMP cap=120000 class=StationSmall demand=110000 leg=upgrade_read object=2012 res=MachineParts row=stock slider_max=120 stored=10000 t=20460613 id=128
[mod] [SMRTK] SMRTK_DUMP cap=120000 class=StationSmall demand=110000 leg=upgrade_read object=2012 res=Electronics row=stock slider_max=120 stored=10000 t=20460613 id=129
[SMRTK] SMRTK_DUMP cap=120000 class=StationSmall demand=110000 leg=upgrade_read object=2012 res=Electronics row=stock slider_max=120 stored=10000 t=20460613 id=129
[mod] [SMRTK] SMRTK_DUMP cap=120000 class=StationSmall demand=110000 leg=upgrade_read object=2012 res=Meat row=stock slider_max=120 stored=10000 t=20460613 id=130
[SMRTK] SMRTK_DUMP cap=120000 class=StationSmall demand=110000 leg=upgrade_read object=2012 res=Meat row=stock slider_max=120 stored=10000 t=20460613 id=130
[mod] [SMRTK] SMRTK_DUMP cap=120000 class=StationSmall demand=110000 leg=upgrade_read object=2012 res=Fuel row=stock slider_max=120 stored=10000 t=20460613 id=131
[SMRTK] SMRTK_DUMP cap=120000 class=StationSmall demand=110000 leg=upgrade_read object=2012 res=Fuel row=stock slider_max=120 stored=10000 t=20460613 id=131
[mod] [SMRTK] SMRTK_DUMP cap=120000 class=StationSmall demand=110000 leg=upgrade_read object=2012 res=Seeds row=stock slider_max=120 stored=10000 t=20460613 id=132
[SMRTK] SMRTK_DUMP cap=120000 class=StationSmall demand=110000 leg=upgrade_read object=2012 res=Seeds row=stock slider_max=120 stored=10000 t=20460613 id=132
[mod] [SMRTK] SMRTK_DUMP cap=120000 class=StationSmall demand=110000 leg=upgrade_read object=2012 res=WasteRock row=stock slider_max=120 stored=10000 t=20460613 id=133
[SMRTK] SMRTK_DUMP cap=120000 class=StationSmall demand=110000 leg=upgrade_read object=2012 res=WasteRock row=stock slider_max=120 stored=10000 t=20460613 id=133
						Lua 0:03:56:875
[mod] [SMRTK] SMRTK_DUMP cap=120000 class=StationSmall demand=110000 leg=upgrade_read object=6243 res=Herbs row=stock slider_max=120 stored=10000 t=20460613 id=134
[SMRTK] SMRTK_DUMP cap=120000 class=StationSmall demand=110000 leg=upgrade_read object=6243 res=Herbs row=stock slider_max=120 stored=10000 t=20460613 id=134
[mod] [SMRTK] SMRTK_DUMP cap=120000 class=StationSmall demand=110000 leg=upgrade_read object=6243 res=Metals row=stock slider_max=120 stored=10000 t=20460613 id=135
[SMRTK] SMRTK_DUMP cap=120000 class=StationSmall demand=110000 leg=upgrade_read object=6243 res=Metals row=stock slider_max=120 stored=10000 t=20460613 id=135
[mod] [SMRTK] SMRTK_DUMP cap=120000 class=StationSmall demand=110000 leg=upgrade_read object=6243 res=Concrete row=stock slider_max=120 stored=10000 t=20460613 id=136
[SMRTK] SMRTK_DUMP cap=120000 class=StationSmall demand=110000 leg=upgrade_read object=6243 res=Concrete row=stock slider_max=120 stored=10000 t=20460613 id=136
[mod] [SMRTK] SMRTK_DUMP cap=120000 class=StationSmall demand=110000 leg=upgrade_read object=6243 res=Spices row=stock slider_max=120 stored=10000 t=20460613 id=137
[SMRTK] SMRTK_DUMP cap=120000 class=StationSmall demand=110000 leg=upgrade_read object=6243 res=Spices row=stock slider_max=120 stored=10000 t=20460613 id=137
[mod] [SMRTK] SMRTK_DUMP cap=120000 class=StationSmall demand=110000 leg=upgrade_read object=6243 res=Food row=stock slider_max=120 stored=10000 t=20460613 id=138
[SMRTK] SMRTK_DUMP cap=120000 class=StationSmall demand=110000 leg=upgrade_read object=6243 res=Food row=stock slider_max=120 stored=10000 t=20460613 id=138
[mod] [SMRTK] SMRTK_DUMP cap=120000 class=StationSmall demand=110000 leg=upgrade_read object=6243 res=Sugar row=stock slider_max=120 stored=10000 t=20460613 id=139
[SMRTK] SMRTK_DUMP cap=120000 class=StationSmall demand=110000 leg=upgrade_read object=6243 res=Sugar row=stock slider_max=120 stored=10000 t=20460613 id=139
[mod] [SMRTK] SMRTK_DUMP cap=120000 class=StationSmall demand=110000 leg=upgrade_read object=6243 res=Butter row=stock slider_max=120 stored=10000 t=20460613 id=140
[SMRTK] SMRTK_DUMP cap=120000 class=StationSmall demand=110000 leg=upgrade_read object=6243 res=Butter row=stock slider_max=120 stored=10000 t=20460613 id=140
[mod] [SMRTK] SMRTK_DUMP cap=120000 class=StationSmall demand=110000 leg=upgrade_read object=6243 res=PreciousMetals row=stock slider_max=120 stored=10000 t=20460613 id=141
[SMRTK] SMRTK_DUMP cap=120000 class=StationSmall demand=110000 leg=upgrade_read object=6243 res=PreciousMetals row=stock slider_max=120 stored=10000 t=20460613 id=141
[mod] [SMRTK] SMRTK_DUMP cap=120000 class=StationSmall demand=110000 leg=upgrade_read object=6243 res=Bread row=stock slider_max=120 stored=10000 t=20460613 id=142
[SMRTK] SMRTK_DUMP cap=120000 class=StationSmall demand=110000 leg=upgrade_read object=6243 res=Bread row=stock slider_max=120 stored=10000 t=20460613 id=142
[mod] [SMRTK] SMRTK_DUMP cap=120000 class=StationSmall demand=110000 leg=upgrade_read object=6243 res=PreciousMinerals row=stock slider_max=120 stored=10000 t=20460613 id=143
[SMRTK] SMRTK_DUMP cap=120000 class=StationSmall demand=110000 leg=upgrade_read object=6243 res=PreciousMinerals row=stock slider_max=120 stored=10000 t=20460613 id=143
[mod] [SMRTK] SMRTK_DUMP cap=120000 class=StationSmall demand=110000 leg=upgrade_read object=6243 res=Cheese row=stock slider_max=120 stored=10000 t=20460613 id=144
[SMRTK] SMRTK_DUMP cap=120000 class=StationSmall demand=110000 leg=upgrade_read object=6243 res=Cheese row=stock slider_max=120 stored=10000 t=20460613 id=144
[mod] [SMRTK] SMRTK_DUMP cap=120000 class=StationSmall demand=110000 leg=upgrade_read object=6243 res=Polymers row=stock slider_max=120 stored=10000 t=20460613 id=145
[SMRTK] SMRTK_DUMP cap=120000 class=StationSmall demand=110000 leg=upgrade_read object=6243 res=Polymers row=stock slider_max=120 stored=10000 t=20460613 id=145
[mod] [SMRTK] SMRTK_DUMP cap=120000 class=StationSmall demand=110000 leg=upgrade_read object=6243 res=Coffee row=stock slider_max=120 stored=10000 t=20460613 id=146
[SMRTK] SMRTK_DUMP cap=120000 class=StationSmall demand=110000 leg=upgrade_read object=6243 res=Coffee row=stock slider_max=120 stored=10000 t=20460613 id=146
[mod] [SMRTK] SMRTK_DUMP cap=120000 class=StationSmall demand=110000 leg=upgrade_read object=6243 res=MachineParts row=stock slider_max=120 stored=10000 t=20460613 id=147
[SMRTK] SMRTK_DUMP cap=120000 class=StationSmall demand=110000 leg=upgrade_read object=6243 res=MachineParts row=stock slider_max=120 stored=10000 t=20460613 id=147
[mod] [SMRTK] SMRTK_DUMP cap=120000 class=StationSmall demand=110000 leg=upgrade_read object=6243 res=Electronics row=stock slider_max=120 stored=10000 t=20460613 id=148
[SMRTK] SMRTK_DUMP cap=120000 class=StationSmall demand=110000 leg=upgrade_read object=6243 res=Electronics row=stock slider_max=120 stored=10000 t=20460613 id=148
[mod] [SMRTK] SMRTK_DUMP cap=120000 class=StationSmall demand=110000 leg=upgrade_read object=6243 res=Meat row=stock slider_max=120 stored=10000 t=20460613 id=149
[SMRTK] SMRTK_DUMP cap=120000 class=StationSmall demand=110000 leg=upgrade_read object=6243 res=Meat row=stock slider_max=120 stored=10000 t=20460613 id=149
[mod] [SMRTK] SMRTK_DUMP cap=120000 class=StationSmall demand=110000 leg=upgrade_read object=6243 res=Fuel row=stock slider_max=120 stored=10000 t=20460613 id=150
[SMRTK] SMRTK_DUMP cap=120000 class=StationSmall demand=110000 leg=upgrade_read object=6243 res=Fuel row=stock slider_max=120 stored=10000 t=20460613 id=150
[mod] [SMRTK] SMRTK_DUMP cap=120000 class=StationSmall demand=110000 leg=upgrade_read object=6243 res=Seeds row=stock slider_max=120 stored=10000 t=20460613 id=151
[SMRTK] SMRTK_DUMP cap=120000 class=StationSmall demand=110000 leg=upgrade_read object=6243 res=Seeds row=stock slider_max=120 stored=10000 t=20460613 id=151
[mod] [SMRTK] SMRTK_DUMP cap=120000 class=StationSmall demand=110000 leg=upgrade_read object=6243 res=WasteRock row=stock slider_max=120 stored=10000 t=20460613 id=152
[SMRTK] SMRTK_DUMP cap=120000 class=StationSmall demand=110000 leg=upgrade_read object=6243 res=WasteRock row=stock slider_max=120 stored=10000 t=20460613 id=152
[mod] [SMRTK] SMRTK_DUMP answers=true building=false can_switch=true destroyed=false leg=upgrade_read max_storage=480000 max_z=9 object=6430 on=true own=true row=hub slider_max=480 working=true t=20460613 id=153
[SMRTK] SMRTK_DUMP answers=true building=false can_switch=true destroyed=false leg=upgrade_read max_storage=480000 max_z=9 object=6430 on=true own=true row=hub slider_max=480 working=true t=20460613 id=153
[mod] [SMRTK] SMRTK_DUMP answers=false building=false can_switch=true destroyed=false leg=upgrade_read object=6430 on=false own=false row=cargo_upgrade upgrade=SMROptInTrainHub6_TrainCargo t=20460613 id=154
[SMRTK] SMRTK_DUMP answers=false building=false can_switch=true destroyed=false leg=upgrade_read object=6430 on=false own=false row=cargo_upgrade upgrade=SMROptInTrainHub6_TrainCargo t=20460613 id=154
[mod] [SMRTK] SMRTK_DUMP cap=480000 class=hub demand=316000 leg=upgrade_read object=6430 res=Herbs row=stock slider_max=480 stored=164000 t=20460613 id=155
[SMRTK] SMRTK_DUMP cap=480000 class=hub demand=316000 leg=upgrade_read object=6430 res=Herbs row=stock slider_max=480 stored=164000 t=20460613 id=155
[mod] [SMRTK] SMRTK_DUMP cap=480000 class=hub demand=240500 leg=upgrade_read object=6430 res=Metals row=stock slider_max=480 stored=239500 t=20460613 id=156
[SMRTK] SMRTK_DUMP cap=480000 class=hub demand=240500 leg=upgrade_read object=6430 res=Metals row=stock slider_max=480 stored=239500 t=20460613 id=156
[mod] [SMRTK] SMRTK_DUMP cap=480000 class=hub demand=330000 leg=upgrade_read object=6430 res=Concrete row=stock slider_max=480 stored=150000 t=20460613 id=157
[SMRTK] SMRTK_DUMP cap=480000 class=hub demand=330000 leg=upgrade_read object=6430 res=Concrete row=stock slider_max=480 stored=150000 t=20460613 id=157
[mod] [SMRTK] SMRTK_DUMP cap=480000 class=hub demand=317000 leg=upgrade_read object=6430 res=Spices row=stock slider_max=480 stored=163000 t=20460613 id=158
[SMRTK] SMRTK_DUMP cap=480000 class=hub demand=317000 leg=upgrade_read object=6430 res=Spices row=stock slider_max=480 stored=163000 t=20460613 id=158
[mod] [SMRTK] SMRTK_DUMP cap=480000 class=hub demand=318000 leg=upgrade_read object=6430 res=Food row=stock slider_max=480 stored=162000 t=20460613 id=159
[SMRTK] SMRTK_DUMP cap=480000 class=hub demand=318000 leg=upgrade_read object=6430 res=Food row=stock slider_max=480 stored=162000 t=20460613 id=159
[mod] [SMRTK] SMRTK_DUMP cap=480000 class=hub demand=317000 leg=upgrade_read object=6430 res=Sugar row=stock slider_max=480 stored=163000 t=20460613 id=160
[SMRTK] SMRTK_DUMP cap=480000 class=hub demand=317000 leg=upgrade_read object=6430 res=Sugar row=stock slider_max=480 stored=163000 t=20460613 id=160
[mod] [SMRTK] SMRTK_DUMP cap=480000 class=hub demand=317000 leg=upgrade_read object=6430 res=Butter row=stock slider_max=480 stored=163000 t=20460613 id=161
[SMRTK] SMRTK_DUMP cap=480000 class=hub demand=317000 leg=upgrade_read object=6430 res=Butter row=stock slider_max=480 stored=163000 t=20460613 id=161
[mod] [SMRTK] SMRTK_DUMP cap=480000 class=hub demand=310000 leg=upgrade_read object=6430 res=PreciousMetals row=stock slider_max=480 stored=170000 t=20460613 id=162
[SMRTK] SMRTK_DUMP cap=480000 class=hub demand=310000 leg=upgrade_read object=6430 res=PreciousMetals row=stock slider_max=480 stored=170000 t=20460613 id=162
[mod] [SMRTK] SMRTK_DUMP cap=480000 class=hub demand=317000 leg=upgrade_read object=6430 res=Bread row=stock slider_max=480 stored=163000 t=20460613 id=163
[SMRTK] SMRTK_DUMP cap=480000 class=hub demand=317000 leg=upgrade_read object=6430 res=Bread row=stock slider_max=480 stored=163000 t=20460613 id=163
[mod] [SMRTK] SMRTK_DUMP cap=480000 class=hub demand=310000 leg=upgrade_read object=6430 res=PreciousMinerals row=stock slider_max=480 stored=170000 t=20460613 id=164
[SMRTK] SMRTK_DUMP cap=480000 class=hub demand=310000 leg=upgrade_read object=6430 res=PreciousMinerals row=stock slider_max=480 stored=170000 t=20460613 id=164
						Lua 0:03:56:876
[mod] [SMRTK] SMRTK_DUMP cap=480000 class=hub demand=317000 leg=upgrade_read object=6430 res=Cheese row=stock slider_max=480 stored=163000 t=20460613 id=165
[SMRTK] SMRTK_DUMP cap=480000 class=hub demand=317000 leg=upgrade_read object=6430 res=Cheese row=stock slider_max=480 stored=163000 t=20460613 id=165
[mod] [SMRTK] SMRTK_DUMP cap=480000 class=hub demand=310000 leg=upgrade_read object=6430 res=Polymers row=stock slider_max=480 stored=170000 t=20460613 id=166
[SMRTK] SMRTK_DUMP cap=480000 class=hub demand=310000 leg=upgrade_read object=6430 res=Polymers row=stock slider_max=480 stored=170000 t=20460613 id=166
[mod] [SMRTK] SMRTK_DUMP cap=480000 class=hub demand=317000 leg=upgrade_read object=6430 res=Coffee row=stock slider_max=480 stored=163000 t=20460613 id=167
[SMRTK] SMRTK_DUMP cap=480000 class=hub demand=317000 leg=upgrade_read object=6430 res=Coffee row=stock slider_max=480 stored=163000 t=20460613 id=167
[mod] [SMRTK] SMRTK_DUMP cap=480000 class=hub demand=310000 leg=upgrade_read object=6430 res=MachineParts row=stock slider_max=480 stored=170000 t=20460613 id=168
[SMRTK] SMRTK_DUMP cap=480000 class=hub demand=310000 leg=upgrade_read object=6430 res=MachineParts row=stock slider_max=480 stored=170000 t=20460613 id=168
[mod] [SMRTK] SMRTK_DUMP cap=480000 class=hub demand=330000 leg=upgrade_read object=6430 res=Electronics row=stock slider_max=480 stored=150000 t=20460613 id=169
[SMRTK] SMRTK_DUMP cap=480000 class=hub demand=330000 leg=upgrade_read object=6430 res=Electronics row=stock slider_max=480 stored=150000 t=20460613 id=169
[mod] [SMRTK] SMRTK_DUMP cap=480000 class=hub demand=317000 leg=upgrade_read object=6430 res=Meat row=stock slider_max=480 stored=163000 t=20460613 id=170
[SMRTK] SMRTK_DUMP cap=480000 class=hub demand=317000 leg=upgrade_read object=6430 res=Meat row=stock slider_max=480 stored=163000 t=20460613 id=170
[mod] [SMRTK] SMRTK_DUMP cap=480000 class=hub demand=310000 leg=upgrade_read object=6430 res=Fuel row=stock slider_max=480 stored=170000 t=20460613 id=171
[SMRTK] SMRTK_DUMP cap=480000 class=hub demand=310000 leg=upgrade_read object=6430 res=Fuel row=stock slider_max=480 stored=170000 t=20460613 id=171
[mod] [SMRTK] SMRTK_DUMP cap=480000 class=hub demand=310000 leg=upgrade_read object=6430 res=Seeds row=stock slider_max=480 stored=170000 t=20460613 id=172
[SMRTK] SMRTK_DUMP cap=480000 class=hub demand=310000 leg=upgrade_read object=6430 res=Seeds row=stock slider_max=480 stored=170000 t=20460613 id=172
[mod] [SMRTK] SMRTK_DUMP cap=480000 class=hub demand=310000 leg=upgrade_read object=6430 res=WasteRock row=stock slider_max=480 stored=170000 t=20460613 id=173
[SMRTK] SMRTK_DUMP cap=480000 class=hub demand=310000 leg=upgrade_read object=6430 res=WasteRock row=stock slider_max=480 stored=170000 t=20460613 id=173
[mod] [SMRTK] SMRTK_DUMP answers=true building=false can_switch=false destroyed=false leg=upgrade_read max_storage=480000 max_z=9 object=6495 on=false own=false row=hub slider_max=480 working=true t=20460613 id=174
[SMRTK] SMRTK_DUMP answers=true building=false can_switch=false destroyed=false leg=upgrade_read max_storage=480000 max_z=9 object=6495 on=false own=false row=hub slider_max=480 working=true t=20460613 id=174
[mod] [SMRTK] SMRTK_DUMP answers=false building=false can_switch=true destroyed=false leg=upgrade_read object=6495 on=false own=false row=cargo_upgrade upgrade=SMROptInTrainHub6_TrainCargo t=20460613 id=175
[SMRTK] SMRTK_DUMP answers=false building=false can_switch=true destroyed=false leg=upgrade_read object=6495 on=false own=false row=cargo_upgrade upgrade=SMROptInTrainHub6_TrainCargo t=20460613 id=175
[mod] [SMRTK] SMRTK_DUMP cap=480000 class=hub demand=480000 leg=upgrade_read object=6495 res=Metals row=stock slider_max=480 stored=0 t=20460613 id=176
[SMRTK] SMRTK_DUMP cap=480000 class=hub demand=480000 leg=upgrade_read object=6495 res=Metals row=stock slider_max=480 stored=0 t=20460613 id=176
[mod] [SMRTK] SMRTK_DUMP cap=120000 class=StationSmall demand=120000 leg=upgrade_read object=6827 res=Metals row=stock slider_max=120 stored=0 t=20460613 id=177
[SMRTK] SMRTK_DUMP cap=120000 class=StationSmall demand=120000 leg=upgrade_read object=6827 res=Metals row=stock slider_max=120 stored=0 t=20460613 id=177
[mod] [SMRTK] SMRTK_DUMP cap=120000 class=StationSmall demand=120000 leg=upgrade_read object=6883 res=Metals row=stock slider_max=120 stored=0 t=20460613 id=178
[SMRTK] SMRTK_DUMP cap=120000 class=StationSmall demand=120000 leg=upgrade_read object=6883 res=Metals row=stock slider_max=120 stored=0 t=20460613 id=178
[mod] [SMRTK] SMRTK_DUMP cap=120000 class=StationSmall demand=120000 leg=upgrade_read object=6951 res=Metals row=stock slider_max=120 stored=0 t=20460613 id=179
[SMRTK] SMRTK_DUMP cap=120000 class=StationSmall demand=120000 leg=upgrade_read object=6951 res=Metals row=stock slider_max=120 stored=0 t=20460613 id=179
[mod] [SMRTK] SMRTK_DUMP cap=120000 class=StationSmall demand=120000 leg=upgrade_read object=7411 res=Metals row=stock slider_max=120 stored=0 t=20460613 id=180
[SMRTK] SMRTK_DUMP cap=120000 class=StationSmall demand=120000 leg=upgrade_read object=7411 res=Metals row=stock slider_max=120 stored=0 t=20460613 id=180
[mod] [SMRTK] SMRTK_DUMP cargo_cap=105000 class=Train leg=upgrade_read nominal_speed=1500 object=2000001652 passenger_cap=30 passengers=0 row=train turn_anim_speed=4500 t=20460613 id=181
[SMRTK] SMRTK_DUMP cargo_cap=105000 class=Train leg=upgrade_read nominal_speed=1500 object=2000001652 passenger_cap=30 passengers=0 row=train turn_anim_speed=4500 t=20460613 id=181
[mod] [SMRTK] SMRTK_DUMP cargo_cap=105000 class=Train leg=upgrade_read nominal_speed=1500 object=2000001844 passenger_cap=30 passengers=0 row=train turn_anim_speed=4500 t=20460613 id=182
[SMRTK] SMRTK_DUMP cargo_cap=105000 class=Train leg=upgrade_read nominal_speed=1500 object=2000001844 passenger_cap=30 passengers=0 row=train turn_anim_speed=4500 t=20460613 id=182
[mod] [SMRTK] SMRTK_DUMP cargo_cap=105000 class=Train leg=upgrade_read nominal_speed=1500 object=2000001845 passenger_cap=30 passengers=0 row=train turn_anim_speed=4500 t=20460613 id=183
[SMRTK] SMRTK_DUMP cargo_cap=105000 class=Train leg=upgrade_read nominal_speed=1500 object=2000001845 passenger_cap=30 passengers=0 row=train turn_anim_speed=4500 t=20460613 id=183
[mod] [SMRTK] SMRTK_DUMP cargo_cap=105000 class=Train leg=upgrade_read nominal_speed=1500 object=2000001846 passenger_cap=30 passengers=0 row=train turn_anim_speed=4500 t=20460613 id=184
[SMRTK] SMRTK_DUMP cargo_cap=105000 class=Train leg=upgrade_read nominal_speed=1500 object=2000001846 passenger_cap=30 passengers=0 row=train turn_anim_speed=4500 t=20460613 id=184
[mod] [SMRTK] SMRTK_DUMP cargo_cap=105000 class=Train leg=upgrade_read nominal_speed=1500 object=2000001847 passenger_cap=30 passengers=0 row=train turn_anim_speed=4500 t=20460613 id=185
[SMRTK] SMRTK_DUMP cargo_cap=105000 class=Train leg=upgrade_read nominal_speed=1500 object=2000001847 passenger_cap=30 passengers=0 row=train turn_anim_speed=4500 t=20460613 id=185
[mod] [SMRTK] SMRTK_DUMP cargo_cap=105000 class=Train leg=upgrade_read nominal_speed=1500 object=2000001848 passenger_cap=30 passengers=0 row=train turn_anim_speed=4500 t=20460613 id=186
[SMRTK] SMRTK_DUMP cargo_cap=105000 class=Train leg=upgrade_read nominal_speed=1500 object=2000001848 passenger_cap=30 passengers=0 row=train turn_anim_speed=4500 t=20460613 id=186
[mod] [SMRTK] SMRTK_DUMP cargo_cap=105000 class=Train leg=upgrade_read nominal_speed=1500 object=2000001849 passenger_cap=30 passengers=0 row=train turn_anim_speed=4500 t=20460613 id=187
[SMRTK] SMRTK_DUMP cargo_cap=105000 class=Train leg=upgrade_read nominal_speed=1500 object=2000001849 passenger_cap=30 passengers=0 row=train turn_anim_speed=4500 t=20460613 id=187
[mod] [SMRTK] SMRTK_DUMP cargo_cap=105000 class=Train leg=upgrade_read nominal_speed=1500 object=2000001850 passenger_cap=30 passengers=0 row=train turn_anim_speed=4500 t=20460613 id=188
[SMRTK] SMRTK_DUMP cargo_cap=105000 class=Train leg=upgrade_read nominal_speed=1500 object=2000001850 passenger_cap=30 passengers=0 row=train turn_anim_speed=4500 t=20460613 id=188
[mod] [SMRTK] SMRTK_DUMP cargo_cap=105000 class=Train leg=upgrade_read nominal_speed=1500 object=2000001851 passenger_cap=30 passengers=0 row=train turn_anim_speed=4500 t=20460613 id=189
[SMRTK] SMRTK_DUMP cargo_cap=105000 class=Train leg=upgrade_read nominal_speed=1500 object=2000001851 passenger_cap=30 passengers=0 row=train turn_anim_speed=4500 t=20460613 id=189
						Lua 0:03:56:877
[mod] [SMRTK] SMRTK_DUMP cargo_cap=105000 class=Train leg=upgrade_read nominal_speed=1500 object=2000002387 passenger_cap=30 passengers=0 row=train turn_anim_speed=4500 t=20460613 id=190
[SMRTK] SMRTK_DUMP cargo_cap=105000 class=Train leg=upgrade_read nominal_speed=1500 object=2000002387 passenger_cap=30 passengers=0 row=train turn_anim_speed=4500 t=20460613 id=190
[mod] [SMRTK] SMRTK_DUMP cargo_cap=105000 class=Train leg=upgrade_read nominal_speed=1500 object=2000002388 passenger_cap=30 passengers=0 row=train turn_anim_speed=4500 t=20460613 id=191
[SMRTK] SMRTK_DUMP cargo_cap=105000 class=Train leg=upgrade_read nominal_speed=1500 object=2000002388 passenger_cap=30 passengers=0 row=train turn_anim_speed=4500 t=20460613 id=191
[mod] [SMRTK] SMRTK_DUMP cargo_cap=105000 class=Train leg=upgrade_read nominal_speed=1500 object=2000002389 passenger_cap=30 passengers=0 row=train turn_anim_speed=4500 t=20460613 id=192
[SMRTK] SMRTK_DUMP cargo_cap=105000 class=Train leg=upgrade_read nominal_speed=1500 object=2000002389 passenger_cap=30 passengers=0 row=train turn_anim_speed=4500 t=20460613 id=192
[mod] [SMRTK] SMRTK_DUMP cargo_cap=105000 class=Train leg=upgrade_read nominal_speed=1500 object=2000002390 passenger_cap=30 passengers=0 row=train turn_anim_speed=4500 t=20460613 id=193
[SMRTK] SMRTK_DUMP cargo_cap=105000 class=Train leg=upgrade_read nominal_speed=1500 object=2000002390 passenger_cap=30 passengers=0 row=train turn_anim_speed=4500 t=20460613 id=193
[mod] [SMRTK] SMRTK_DUMP cargo_cap=105000 class=Train leg=upgrade_read nominal_speed=1500 object=2000002391 passenger_cap=30 passengers=0 row=train turn_anim_speed=4500 t=20460613 id=194
[SMRTK] SMRTK_DUMP cargo_cap=105000 class=Train leg=upgrade_read nominal_speed=1500 object=2000002391 passenger_cap=30 passengers=0 row=train turn_anim_speed=4500 t=20460613 id=194
[mod] [SMRTK] SMRTK_DUMP cargo_cap=105000 class=Train leg=upgrade_read nominal_speed=1500 object=2000002392 passenger_cap=30 passengers=0 row=train turn_anim_speed=4500 t=20460613 id=195
[SMRTK] SMRTK_DUMP cargo_cap=105000 class=Train leg=upgrade_read nominal_speed=1500 object=2000002392 passenger_cap=30 passengers=0 row=train turn_anim_speed=4500 t=20460613 id=195
[mod] [SMRTK] SMRTK_DUMP amount=0 applied=true label=Train leg=upgrade_read percent=100 prop=max_colonists_to_transport row=modifier upgrade=SMROptInTrainHub6_CapacityNetwork t=20460613 id=196
[SMRTK] SMRTK_DUMP amount=0 applied=true label=Train leg=upgrade_read percent=100 prop=max_colonists_to_transport row=modifier upgrade=SMROptInTrainHub6_CapacityNetwork t=20460613 id=196
[mod] [SMRTK] SMRTK_DUMP amount=0 applied=true label=Train leg=upgrade_read percent=100 prop=max_shared_storage row=modifier upgrade=SMROptInTrainHub6_CapacityNetwork t=20460613 id=197
[SMRTK] SMRTK_DUMP amount=0 applied=true label=Train leg=upgrade_read percent=100 prop=max_shared_storage row=modifier upgrade=SMROptInTrainHub6_CapacityNetwork t=20460613 id=197
[mod] [SMRTK] SMRTK_DUMP amount=0 applied=true label=Station leg=upgrade_read percent=100 prop=max_storage_per_resource row=modifier upgrade=SMROptInTrainHub6_CapacityNetwork t=20460613 id=198
[SMRTK] SMRTK_DUMP amount=0 applied=true label=Station leg=upgrade_read percent=100 prop=max_storage_per_resource row=modifier upgrade=SMROptInTrainHub6_CapacityNetwork t=20460613 id=198
[mod] [SMRTK] SMRTK_ACTION action=slot_3 applied=3 cargo_unlocked=true errors=0 game_time=20460613 hubs=2 mark=94 modifiers=3 owner=6430 phase=upgrade_read sitting=build6_capacity stations=11 status=OK storage_StationBig=240000 storage_StationSmall=120000,120000,120000,120000,120000,120000,120000,120000,120000,120000 storage_hub=480000,480000 trains=15 unlocked=true t=20460613 id=199
[SMRTK] SMRTK_ACTION action=slot_3 applied=3 cargo_unlocked=true errors=0 game_time=20460613 hubs=2 mark=94 modifiers=3 owner=6430 phase=upgrade_read sitting=build6_capacity stations=11 status=OK storage_StationBig=240000 storage_StationSmall=120000,120000,120000,120000,120000,120000,120000,120000,120000,120000 storage_hub=480000,480000 trains=15 unlocked=true t=20460613 id=199
						Lua 0:03:58:601
[mod] [SMRTK] SMRTK_CLEAR action=clear status=OK t=20460613 id=200
						Lua 0:04:04:694
[mod] [SMRTK] SMRTK_MARK action=screenshot_mark capture="native accepted" capture_id=0086 fallback=false label="Screenshot 0086" mark=277 path=B:/Dev/SMR/SMR-ScreenCaptures/SMRTK_0086.png status=OK t=20460613 id=201
[SMRTK] SMRTK_MARK action=screenshot_mark capture="native accepted" capture_id=0086 fallback=false label="Screenshot 0086" mark=277 path=B:/Dev/SMR/SMR-ScreenCaptures/SMRTK_0086.png status=OK t=20460613 id=201
						Lua 0:04:04:695
[mod] [SMRTK] SMRTK_FINGERPRINT action=fingerprint fix_pack_present=45/45 game=405907 mark_action=screenshot_mark mods=SMR_CommunityFixPack,SMR_CommunityFixPackTestKit,SMR_CommunityOptInPack,SMR_RailShaftDev_20260923,SMR_TrainHubDev_20260918 pack_version=26 read="live registry" save="Double Hub Build.savegame.sav" sol=29 status=OK t=20460613 id=202
[SMRTK] SMRTK_FINGERPRINT action=fingerprint fix_pack_present=45/45 game=405907 mark_action=screenshot_mark mods=SMR_CommunityFixPack,SMR_CommunityFixPackTestKit,SMR_CommunityOptInPack,SMR_RailShaftDev_20260923,SMR_TrainHubDev_20260918 pack_version=26 read="live registry" save="Double Hub Build.savegame.sav" sol=29 status=OK t=20460613 id=202
						Lua 0:04:05:953
[mod] [SMRTK] SMRTK_TAB action=tab_World page=World status=OK t=20460613 id=203
						Lua 0:04:07:759
[mod] [SMRTK] SMRTK_DISASTER action=cold_wave outcome=leaf_dispatched position=global setting=ColdWave_GameRule status=OK t=20460613 id=204
[SMRTK] SMRTK_DISASTER action=cold_wave outcome=leaf_dispatched position=global setting=ColdWave_GameRule status=OK t=20460613 id=204
						Lua 0:04:09:885
[mod] [SMRTK] SMRTK_TAB action=tab_Agent page=Agent status=OK t=20460613 id=205
						Lua 0:04:20:791
[TrainHubDev] engine leg back: 58 m in 3500 ms = 1662 units per s (move_speed 8960) at t=20469695
						Lua 0:04:28:417
[mod] [SMRTK] SMRTK_TAB action=tab_World page=World status=OK t=20477317 id=206
						Lua 0:04:35:016
[mod] [SMRTK] SMRTK_DISASTER_STOP action=stop_disaster outcome=stop_requested status=OK t=20483920 id=207
[SMRTK] SMRTK_DISASTER_STOP action=stop_disaster outcome=stop_requested status=OK t=20483920 id=207
						Lua 0:04:36:292
[TrainHubDev] engine leg back: 62 m in 4000 ms = 1551 units per s (move_speed 8960) at t=20485195
						Lua 0:04:41:395
[mod] [SMRTK] SMRTK_SECTION action=section_attach attached=true dialog=ipBuilding object=SMROptInTrainHub6(6430) status=OK t=20498511 id=208
						Lua 0:04:42:814
[TrainHubDev] engine leg back: 46 m in 3750 ms = 1224 units per s (move_speed 8960) at t=20499945
						Lua 0:04:48:416
[mod] [SMRTK] SMRTK_TAB action=tab_Agent page=Agent status=OK t=20505546 id=209
						Lua 0:04:49:640
[mod] [SMRTK] SMRTK_ACTION action=slot_3 reason="pause first" status=REFUSED t=20506771 id=210
[SMRTK] SMRTK_ACTION action=slot_3 reason="pause first" status=REFUSED t=20506771 id=210
						Lua 0:04:52:501
[mod] [SMRTK] SMRTK_MARK action=mark label=CAPACITY_upgrade_read mark=290 status=OK t=20508658 id=211
[SMRTK] SMRTK_MARK action=mark label=CAPACITY_upgrade_read mark=290 status=OK t=20508658 id=211
[mod] [SMRTK] SMRTK_FINGERPRINT action=fingerprint fix_pack_present=45/45 game=405907 mark_action=mark mods=SMR_CommunityFixPack,SMR_CommunityFixPackTestKit,SMR_CommunityOptInPack,SMR_RailShaftDev_20260923,SMR_TrainHubDev_20260918 pack_version=26 read="live registry" save="Double Hub Build.savegame.sav" sol=29 status=OK t=20508658 id=212
[SMRTK] SMRTK_FINGERPRINT action=fingerprint fix_pack_present=45/45 game=405907 mark_action=mark mods=SMR_CommunityFixPack,SMR_CommunityFixPackTestKit,SMR_CommunityOptInPack,SMR_RailShaftDev_20260923,SMR_TrainHubDev_20260918 pack_version=26 read="live registry" save="Double Hub Build.savegame.sav" sol=29 status=OK t=20508658 id=212
[mod] [SMRTK] SMRTK_DUMP cap=120000 class=StationSmall demand=110000 leg=upgrade_read object=1994 res=Herbs row=stock slider_max=120 stored=10000 t=20508658 id=213
[SMRTK] SMRTK_DUMP cap=120000 class=StationSmall demand=110000 leg=upgrade_read object=1994 res=Herbs row=stock slider_max=120 stored=10000 t=20508658 id=213
[mod] [SMRTK] SMRTK_DUMP cap=120000 class=StationSmall demand=110000 leg=upgrade_read object=1994 res=Metals row=stock slider_max=120 stored=10000 t=20508658 id=214
[SMRTK] SMRTK_DUMP cap=120000 class=StationSmall demand=110000 leg=upgrade_read object=1994 res=Metals row=stock slider_max=120 stored=10000 t=20508658 id=214
[mod] [SMRTK] SMRTK_DUMP cap=120000 class=StationSmall demand=110000 leg=upgrade_read object=1994 res=Concrete row=stock slider_max=120 stored=10000 t=20508658 id=215
[SMRTK] SMRTK_DUMP cap=120000 class=StationSmall demand=110000 leg=upgrade_read object=1994 res=Concrete row=stock slider_max=120 stored=10000 t=20508658 id=215
[mod] [SMRTK] SMRTK_DUMP cap=120000 class=StationSmall demand=110000 leg=upgrade_read object=1994 res=Spices row=stock slider_max=120 stored=10000 t=20508658 id=216
[SMRTK] SMRTK_DUMP cap=120000 class=StationSmall demand=110000 leg=upgrade_read object=1994 res=Spices row=stock slider_max=120 stored=10000 t=20508658 id=216
[mod] [SMRTK] SMRTK_DUMP cap=120000 class=StationSmall demand=110000 leg=upgrade_read object=1994 res=Food row=stock slider_max=120 stored=10000 t=20508658 id=217
[SMRTK] SMRTK_DUMP cap=120000 class=StationSmall demand=110000 leg=upgrade_read object=1994 res=Food row=stock slider_max=120 stored=10000 t=20508658 id=217
[mod] [SMRTK] SMRTK_DUMP cap=120000 class=StationSmall demand=110000 leg=upgrade_read object=1994 res=Sugar row=stock slider_max=120 stored=10000 t=20508658 id=218
[SMRTK] SMRTK_DUMP cap=120000 class=StationSmall demand=110000 leg=upgrade_read object=1994 res=Sugar row=stock slider_max=120 stored=10000 t=20508658 id=218
[mod] [SMRTK] SMRTK_DUMP cap=120000 class=StationSmall demand=110000 leg=upgrade_read object=1994 res=Butter row=stock slider_max=120 stored=10000 t=20508658 id=219
[SMRTK] SMRTK_DUMP cap=120000 class=StationSmall demand=110000 leg=upgrade_read object=1994 res=Butter row=stock slider_max=120 stored=10000 t=20508658 id=219
[mod] [SMRTK] SMRTK_DUMP cap=120000 class=StationSmall demand=110000 leg=upgrade_read object=1994 res=PreciousMetals row=stock slider_max=120 stored=10000 t=20508658 id=220
[SMRTK] SMRTK_DUMP cap=120000 class=StationSmall demand=110000 leg=upgrade_read object=1994 res=PreciousMetals row=stock slider_max=120 stored=10000 t=20508658 id=220
[mod] [SMRTK] SMRTK_DUMP cap=120000 class=StationSmall demand=110000 leg=upgrade_read object=1994 res=Bread row=stock slider_max=120 stored=10000 t=20508658 id=221
[SMRTK] SMRTK_DUMP cap=120000 class=StationSmall demand=110000 leg=upgrade_read object=1994 res=Bread row=stock slider_max=120 stored=10000 t=20508658 id=221
[mod] [SMRTK] SMRTK_DUMP cap=120000 class=StationSmall demand=110000 leg=upgrade_read object=1994 res=PreciousMinerals row=stock slider_max=120 stored=10000 t=20508658 id=222
[SMRTK] SMRTK_DUMP cap=120000 class=StationSmall demand=110000 leg=upgrade_read object=1994 res=PreciousMinerals row=stock slider_max=120 stored=10000 t=20508658 id=222
[mod] [SMRTK] SMRTK_DUMP cap=120000 class=StationSmall demand=110000 leg=upgrade_read object=1994 res=Cheese row=stock slider_max=120 stored=10000 t=20508658 id=223
[SMRTK] SMRTK_DUMP cap=120000 class=StationSmall demand=110000 leg=upgrade_read object=1994 res=Cheese row=stock slider_max=120 stored=10000 t=20508658 id=223
[mod] [SMRTK] SMRTK_DUMP cap=120000 class=StationSmall demand=110000 leg=upgrade_read object=1994 res=Polymers row=stock slider_max=120 stored=10000 t=20508658 id=224
[SMRTK] SMRTK_DUMP cap=120000 class=StationSmall demand=110000 leg=upgrade_read object=1994 res=Polymers row=stock slider_max=120 stored=10000 t=20508658 id=224
[mod] [SMRTK] SMRTK_DUMP cap=120000 class=StationSmall demand=110000 leg=upgrade_read object=1994 res=Coffee row=stock slider_max=120 stored=10000 t=20508658 id=225
[SMRTK] SMRTK_DUMP cap=120000 class=StationSmall demand=110000 leg=upgrade_read object=1994 res=Coffee row=stock slider_max=120 stored=10000 t=20508658 id=225
[mod] [SMRTK] SMRTK_DUMP cap=120000 class=StationSmall demand=110000 leg=upgrade_read object=1994 res=MachineParts row=stock slider_max=120 stored=10000 t=20508658 id=226
[SMRTK] SMRTK_DUMP cap=120000 class=StationSmall demand=110000 leg=upgrade_read object=1994 res=MachineParts row=stock slider_max=120 stored=10000 t=20508658 id=226
						Lua 0:04:52:502
[mod] [SMRTK] SMRTK_DUMP cap=120000 class=StationSmall demand=110000 leg=upgrade_read object=1994 res=Electronics row=stock slider_max=120 stored=10000 t=20508658 id=227
[SMRTK] SMRTK_DUMP cap=120000 class=StationSmall demand=110000 leg=upgrade_read object=1994 res=Electronics row=stock slider_max=120 stored=10000 t=20508658 id=227
[mod] [SMRTK] SMRTK_DUMP cap=120000 class=StationSmall demand=110000 leg=upgrade_read object=1994 res=Meat row=stock slider_max=120 stored=10000 t=20508658 id=228
[SMRTK] SMRTK_DUMP cap=120000 class=StationSmall demand=110000 leg=upgrade_read object=1994 res=Meat row=stock slider_max=120 stored=10000 t=20508658 id=228
[mod] [SMRTK] SMRTK_DUMP cap=120000 class=StationSmall demand=110000 leg=upgrade_read object=1994 res=Fuel row=stock slider_max=120 stored=10000 t=20508658 id=229
[SMRTK] SMRTK_DUMP cap=120000 class=StationSmall demand=110000 leg=upgrade_read object=1994 res=Fuel row=stock slider_max=120 stored=10000 t=20508658 id=229
[mod] [SMRTK] SMRTK_DUMP cap=120000 class=StationSmall demand=110000 leg=upgrade_read object=1994 res=Seeds row=stock slider_max=120 stored=10000 t=20508658 id=230
[SMRTK] SMRTK_DUMP cap=120000 class=StationSmall demand=110000 leg=upgrade_read object=1994 res=Seeds row=stock slider_max=120 stored=10000 t=20508658 id=230
[mod] [SMRTK] SMRTK_DUMP cap=120000 class=StationSmall demand=110000 leg=upgrade_read object=1994 res=WasteRock row=stock slider_max=120 stored=10000 t=20508658 id=231
[SMRTK] SMRTK_DUMP cap=120000 class=StationSmall demand=110000 leg=upgrade_read object=1994 res=WasteRock row=stock slider_max=120 stored=10000 t=20508658 id=231
[mod] [SMRTK] SMRTK_DUMP cap=120000 class=StationSmall demand=110000 leg=upgrade_read object=2007 res=Herbs row=stock slider_max=120 stored=10000 t=20508658 id=232
[SMRTK] SMRTK_DUMP cap=120000 class=StationSmall demand=110000 leg=upgrade_read object=2007 res=Herbs row=stock slider_max=120 stored=10000 t=20508658 id=232
[mod] [SMRTK] SMRTK_DUMP cap=120000 class=StationSmall demand=110000 leg=upgrade_read object=2007 res=Metals row=stock slider_max=120 stored=10000 t=20508658 id=233
[SMRTK] SMRTK_DUMP cap=120000 class=StationSmall demand=110000 leg=upgrade_read object=2007 res=Metals row=stock slider_max=120 stored=10000 t=20508658 id=233
[mod] [SMRTK] SMRTK_DUMP cap=120000 class=StationSmall demand=110000 leg=upgrade_read object=2007 res=Concrete row=stock slider_max=120 stored=10000 t=20508658 id=234
[SMRTK] SMRTK_DUMP cap=120000 class=StationSmall demand=110000 leg=upgrade_read object=2007 res=Concrete row=stock slider_max=120 stored=10000 t=20508658 id=234
[mod] [SMRTK] SMRTK_DUMP cap=120000 class=StationSmall demand=110000 leg=upgrade_read object=2007 res=Spices row=stock slider_max=120 stored=10000 t=20508658 id=235
[SMRTK] SMRTK_DUMP cap=120000 class=StationSmall demand=110000 leg=upgrade_read object=2007 res=Spices row=stock slider_max=120 stored=10000 t=20508658 id=235
[mod] [SMRTK] SMRTK_DUMP cap=120000 class=StationSmall demand=110000 leg=upgrade_read object=2007 res=Food row=stock slider_max=120 stored=10000 t=20508658 id=236
[SMRTK] SMRTK_DUMP cap=120000 class=StationSmall demand=110000 leg=upgrade_read object=2007 res=Food row=stock slider_max=120 stored=10000 t=20508658 id=236
[mod] [SMRTK] SMRTK_DUMP cap=120000 class=StationSmall demand=110000 leg=upgrade_read object=2007 res=Sugar row=stock slider_max=120 stored=10000 t=20508658 id=237
[SMRTK] SMRTK_DUMP cap=120000 class=StationSmall demand=110000 leg=upgrade_read object=2007 res=Sugar row=stock slider_max=120 stored=10000 t=20508658 id=237
[mod] [SMRTK] SMRTK_DUMP cap=120000 class=StationSmall demand=110000 leg=upgrade_read object=2007 res=Butter row=stock slider_max=120 stored=10000 t=20508658 id=238
[SMRTK] SMRTK_DUMP cap=120000 class=StationSmall demand=110000 leg=upgrade_read object=2007 res=Butter row=stock slider_max=120 stored=10000 t=20508658 id=238
[mod] [SMRTK] SMRTK_DUMP cap=120000 class=StationSmall demand=110000 leg=upgrade_read object=2007 res=PreciousMetals row=stock slider_max=120 stored=10000 t=20508658 id=239
[SMRTK] SMRTK_DUMP cap=120000 class=StationSmall demand=110000 leg=upgrade_read object=2007 res=PreciousMetals row=stock slider_max=120 stored=10000 t=20508658 id=239
[mod] [SMRTK] SMRTK_DUMP cap=120000 class=StationSmall demand=110000 leg=upgrade_read object=2007 res=Bread row=stock slider_max=120 stored=10000 t=20508658 id=240
[SMRTK] SMRTK_DUMP cap=120000 class=StationSmall demand=110000 leg=upgrade_read object=2007 res=Bread row=stock slider_max=120 stored=10000 t=20508658 id=240
[mod] [SMRTK] SMRTK_DUMP cap=120000 class=StationSmall demand=110000 leg=upgrade_read object=2007 res=PreciousMinerals row=stock slider_max=120 stored=10000 t=20508658 id=241
[SMRTK] SMRTK_DUMP cap=120000 class=StationSmall demand=110000 leg=upgrade_read object=2007 res=PreciousMinerals row=stock slider_max=120 stored=10000 t=20508658 id=241
[mod] [SMRTK] SMRTK_DUMP cap=120000 class=StationSmall demand=110000 leg=upgrade_read object=2007 res=Cheese row=stock slider_max=120 stored=10000 t=20508658 id=242
[SMRTK] SMRTK_DUMP cap=120000 class=StationSmall demand=110000 leg=upgrade_read object=2007 res=Cheese row=stock slider_max=120 stored=10000 t=20508658 id=242
[mod] [SMRTK] SMRTK_DUMP cap=120000 class=StationSmall demand=110000 leg=upgrade_read object=2007 res=Polymers row=stock slider_max=120 stored=10000 t=20508658 id=243
[SMRTK] SMRTK_DUMP cap=120000 class=StationSmall demand=110000 leg=upgrade_read object=2007 res=Polymers row=stock slider_max=120 stored=10000 t=20508658 id=243
[mod] [SMRTK] SMRTK_DUMP cap=120000 class=StationSmall demand=110000 leg=upgrade_read object=2007 res=Coffee row=stock slider_max=120 stored=10000 t=20508658 id=244
[SMRTK] SMRTK_DUMP cap=120000 class=StationSmall demand=110000 leg=upgrade_read object=2007 res=Coffee row=stock slider_max=120 stored=10000 t=20508658 id=244
[mod] [SMRTK] SMRTK_DUMP cap=120000 class=StationSmall demand=110000 leg=upgrade_read object=2007 res=MachineParts row=stock slider_max=120 stored=10000 t=20508658 id=245
[SMRTK] SMRTK_DUMP cap=120000 class=StationSmall demand=110000 leg=upgrade_read object=2007 res=MachineParts row=stock slider_max=120 stored=10000 t=20508658 id=245
[mod] [SMRTK] SMRTK_DUMP cap=120000 class=StationSmall demand=110000 leg=upgrade_read object=2007 res=Electronics row=stock slider_max=120 stored=10000 t=20508658 id=246
[SMRTK] SMRTK_DUMP cap=120000 class=StationSmall demand=110000 leg=upgrade_read object=2007 res=Electronics row=stock slider_max=120 stored=10000 t=20508658 id=246
[mod] [SMRTK] SMRTK_DUMP cap=120000 class=StationSmall demand=110000 leg=upgrade_read object=2007 res=Meat row=stock slider_max=120 stored=10000 t=20508658 id=247
[SMRTK] SMRTK_DUMP cap=120000 class=StationSmall demand=110000 leg=upgrade_read object=2007 res=Meat row=stock slider_max=120 stored=10000 t=20508658 id=247
[mod] [SMRTK] SMRTK_DUMP cap=120000 class=StationSmall demand=110000 leg=upgrade_read object=2007 res=Fuel row=stock slider_max=120 stored=10000 t=20508658 id=248
[SMRTK] SMRTK_DUMP cap=120000 class=StationSmall demand=110000 leg=upgrade_read object=2007 res=Fuel row=stock slider_max=120 stored=10000 t=20508658 id=248
[mod] [SMRTK] SMRTK_DUMP cap=120000 class=StationSmall demand=110000 leg=upgrade_read object=2007 res=Seeds row=stock slider_max=120 stored=10000 t=20508658 id=249
[SMRTK] SMRTK_DUMP cap=120000 class=StationSmall demand=110000 leg=upgrade_read object=2007 res=Seeds row=stock slider_max=120 stored=10000 t=20508658 id=249
[mod] [SMRTK] SMRTK_DUMP cap=120000 class=StationSmall demand=110000 leg=upgrade_read object=2007 res=WasteRock row=stock slider_max=120 stored=10000 t=20508658 id=250
[SMRTK] SMRTK_DUMP cap=120000 class=StationSmall demand=110000 leg=upgrade_read object=2007 res=WasteRock row=stock slider_max=120 stored=10000 t=20508658 id=250
[mod] [SMRTK] SMRTK_DUMP cap=120000 class=StationSmall demand=110000 leg=upgrade_read object=2008 res=Herbs row=stock slider_max=120 stored=10000 t=20508658 id=251
[SMRTK] SMRTK_DUMP cap=120000 class=StationSmall demand=110000 leg=upgrade_read object=2008 res=Herbs row=stock slider_max=120 stored=10000 t=20508658 id=251
[mod] [SMRTK] SMRTK_DUMP cap=120000 class=StationSmall demand=110000 leg=upgrade_read object=2008 res=Metals row=stock slider_max=120 stored=10000 t=20508658 id=252
[SMRTK] SMRTK_DUMP cap=120000 class=StationSmall demand=110000 leg=upgrade_read object=2008 res=Metals row=stock slider_max=120 stored=10000 t=20508658 id=252
[mod] [SMRTK] SMRTK_DUMP cap=120000 class=StationSmall demand=110000 leg=upgrade_read object=2008 res=Concrete row=stock slider_max=120 stored=10000 t=20508658 id=253
[SMRTK] SMRTK_DUMP cap=120000 class=StationSmall demand=110000 leg=upgrade_read object=2008 res=Concrete row=stock slider_max=120 stored=10000 t=20508658 id=253
[mod] [SMRTK] SMRTK_DUMP cap=120000 class=StationSmall demand=110000 leg=upgrade_read object=2008 res=Spices row=stock slider_max=120 stored=10000 t=20508658 id=254
[SMRTK] SMRTK_DUMP cap=120000 class=StationSmall demand=110000 leg=upgrade_read object=2008 res=Spices row=stock slider_max=120 stored=10000 t=20508658 id=254
						Lua 0:04:52:503
[mod] [SMRTK] SMRTK_DUMP cap=120000 class=StationSmall demand=110000 leg=upgrade_read object=2008 res=Food row=stock slider_max=120 stored=10000 t=20508658 id=255
[SMRTK] SMRTK_DUMP cap=120000 class=StationSmall demand=110000 leg=upgrade_read object=2008 res=Food row=stock slider_max=120 stored=10000 t=20508658 id=255
[mod] [SMRTK] SMRTK_DUMP cap=120000 class=StationSmall demand=110000 leg=upgrade_read object=2008 res=Sugar row=stock slider_max=120 stored=10000 t=20508658 id=256
[SMRTK] SMRTK_DUMP cap=120000 class=StationSmall demand=110000 leg=upgrade_read object=2008 res=Sugar row=stock slider_max=120 stored=10000 t=20508658 id=256
[mod] [SMRTK] SMRTK_DUMP cap=120000 class=StationSmall demand=110000 leg=upgrade_read object=2008 res=Butter row=stock slider_max=120 stored=10000 t=20508658 id=257
[SMRTK] SMRTK_DUMP cap=120000 class=StationSmall demand=110000 leg=upgrade_read object=2008 res=Butter row=stock slider_max=120 stored=10000 t=20508658 id=257
[mod] [SMRTK] SMRTK_DUMP cap=120000 class=StationSmall demand=110000 leg=upgrade_read object=2008 res=PreciousMetals row=stock slider_max=120 stored=10000 t=20508658 id=258
[SMRTK] SMRTK_DUMP cap=120000 class=StationSmall demand=110000 leg=upgrade_read object=2008 res=PreciousMetals row=stock slider_max=120 stored=10000 t=20508658 id=258
[mod] [SMRTK] SMRTK_DUMP cap=120000 class=StationSmall demand=110000 leg=upgrade_read object=2008 res=Bread row=stock slider_max=120 stored=10000 t=20508658 id=259
[SMRTK] SMRTK_DUMP cap=120000 class=StationSmall demand=110000 leg=upgrade_read object=2008 res=Bread row=stock slider_max=120 stored=10000 t=20508658 id=259
[mod] [SMRTK] SMRTK_DUMP cap=120000 class=StationSmall demand=110000 leg=upgrade_read object=2008 res=PreciousMinerals row=stock slider_max=120 stored=10000 t=20508658 id=260
[SMRTK] SMRTK_DUMP cap=120000 class=StationSmall demand=110000 leg=upgrade_read object=2008 res=PreciousMinerals row=stock slider_max=120 stored=10000 t=20508658 id=260
[mod] [SMRTK] SMRTK_DUMP cap=120000 class=StationSmall demand=110000 leg=upgrade_read object=2008 res=Cheese row=stock slider_max=120 stored=10000 t=20508658 id=261
[SMRTK] SMRTK_DUMP cap=120000 class=StationSmall demand=110000 leg=upgrade_read object=2008 res=Cheese row=stock slider_max=120 stored=10000 t=20508658 id=261
[mod] [SMRTK] SMRTK_DUMP cap=120000 class=StationSmall demand=110000 leg=upgrade_read object=2008 res=Polymers row=stock slider_max=120 stored=10000 t=20508658 id=262
[SMRTK] SMRTK_DUMP cap=120000 class=StationSmall demand=110000 leg=upgrade_read object=2008 res=Polymers row=stock slider_max=120 stored=10000 t=20508658 id=262
[mod] [SMRTK] SMRTK_DUMP cap=120000 class=StationSmall demand=110000 leg=upgrade_read object=2008 res=Coffee row=stock slider_max=120 stored=10000 t=20508658 id=263
[SMRTK] SMRTK_DUMP cap=120000 class=StationSmall demand=110000 leg=upgrade_read object=2008 res=Coffee row=stock slider_max=120 stored=10000 t=20508658 id=263
[mod] [SMRTK] SMRTK_DUMP cap=120000 class=StationSmall demand=110000 leg=upgrade_read object=2008 res=MachineParts row=stock slider_max=120 stored=10000 t=20508658 id=264
[SMRTK] SMRTK_DUMP cap=120000 class=StationSmall demand=110000 leg=upgrade_read object=2008 res=MachineParts row=stock slider_max=120 stored=10000 t=20508658 id=264
[mod] [SMRTK] SMRTK_DUMP cap=120000 class=StationSmall demand=110000 leg=upgrade_read object=2008 res=Electronics row=stock slider_max=120 stored=10000 t=20508658 id=265
[SMRTK] SMRTK_DUMP cap=120000 class=StationSmall demand=110000 leg=upgrade_read object=2008 res=Electronics row=stock slider_max=120 stored=10000 t=20508658 id=265
[mod] [SMRTK] SMRTK_DUMP cap=120000 class=StationSmall demand=110000 leg=upgrade_read object=2008 res=Meat row=stock slider_max=120 stored=10000 t=20508658 id=266
[SMRTK] SMRTK_DUMP cap=120000 class=StationSmall demand=110000 leg=upgrade_read object=2008 res=Meat row=stock slider_max=120 stored=10000 t=20508658 id=266
[mod] [SMRTK] SMRTK_DUMP cap=120000 class=StationSmall demand=110000 leg=upgrade_read object=2008 res=Fuel row=stock slider_max=120 stored=10000 t=20508658 id=267
[SMRTK] SMRTK_DUMP cap=120000 class=StationSmall demand=110000 leg=upgrade_read object=2008 res=Fuel row=stock slider_max=120 stored=10000 t=20508658 id=267
[mod] [SMRTK] SMRTK_DUMP cap=120000 class=StationSmall demand=110000 leg=upgrade_read object=2008 res=Seeds row=stock slider_max=120 stored=10000 t=20508658 id=268
[SMRTK] SMRTK_DUMP cap=120000 class=StationSmall demand=110000 leg=upgrade_read object=2008 res=Seeds row=stock slider_max=120 stored=10000 t=20508658 id=268
[mod] [SMRTK] SMRTK_DUMP cap=120000 class=StationSmall demand=110000 leg=upgrade_read object=2008 res=WasteRock row=stock slider_max=120 stored=10000 t=20508658 id=269
[SMRTK] SMRTK_DUMP cap=120000 class=StationSmall demand=110000 leg=upgrade_read object=2008 res=WasteRock row=stock slider_max=120 stored=10000 t=20508658 id=269
[mod] [SMRTK] SMRTK_DUMP cap=240000 class=StationBig demand=230000 leg=upgrade_read object=2009 res=Herbs row=stock slider_max=240 stored=10000 t=20508658 id=270
[SMRTK] SMRTK_DUMP cap=240000 class=StationBig demand=230000 leg=upgrade_read object=2009 res=Herbs row=stock slider_max=240 stored=10000 t=20508658 id=270
[mod] [SMRTK] SMRTK_DUMP cap=240000 class=StationBig demand=230000 leg=upgrade_read object=2009 res=Metals row=stock slider_max=240 stored=10000 t=20508658 id=271
[SMRTK] SMRTK_DUMP cap=240000 class=StationBig demand=230000 leg=upgrade_read object=2009 res=Metals row=stock slider_max=240 stored=10000 t=20508658 id=271
[mod] [SMRTK] SMRTK_DUMP cap=240000 class=StationBig demand=230000 leg=upgrade_read object=2009 res=Concrete row=stock slider_max=240 stored=10000 t=20508658 id=272
[SMRTK] SMRTK_DUMP cap=240000 class=StationBig demand=230000 leg=upgrade_read object=2009 res=Concrete row=stock slider_max=240 stored=10000 t=20508658 id=272
[mod] [SMRTK] SMRTK_DUMP cap=240000 class=StationBig demand=230000 leg=upgrade_read object=2009 res=Spices row=stock slider_max=240 stored=10000 t=20508658 id=273
[SMRTK] SMRTK_DUMP cap=240000 class=StationBig demand=230000 leg=upgrade_read object=2009 res=Spices row=stock slider_max=240 stored=10000 t=20508658 id=273
[mod] [SMRTK] SMRTK_DUMP cap=240000 class=StationBig demand=230000 leg=upgrade_read object=2009 res=Food row=stock slider_max=240 stored=10000 t=20508658 id=274
[SMRTK] SMRTK_DUMP cap=240000 class=StationBig demand=230000 leg=upgrade_read object=2009 res=Food row=stock slider_max=240 stored=10000 t=20508658 id=274
[mod] [SMRTK] SMRTK_DUMP cap=240000 class=StationBig demand=230000 leg=upgrade_read object=2009 res=Sugar row=stock slider_max=240 stored=10000 t=20508658 id=275
[SMRTK] SMRTK_DUMP cap=240000 class=StationBig demand=230000 leg=upgrade_read object=2009 res=Sugar row=stock slider_max=240 stored=10000 t=20508658 id=275
[mod] [SMRTK] SMRTK_DUMP cap=240000 class=StationBig demand=230000 leg=upgrade_read object=2009 res=Butter row=stock slider_max=240 stored=10000 t=20508658 id=276
[SMRTK] SMRTK_DUMP cap=240000 class=StationBig demand=230000 leg=upgrade_read object=2009 res=Butter row=stock slider_max=240 stored=10000 t=20508658 id=276
[mod] [SMRTK] SMRTK_DUMP cap=240000 class=StationBig demand=230000 leg=upgrade_read object=2009 res=PreciousMetals row=stock slider_max=240 stored=10000 t=20508658 id=277
[SMRTK] SMRTK_DUMP cap=240000 class=StationBig demand=230000 leg=upgrade_read object=2009 res=PreciousMetals row=stock slider_max=240 stored=10000 t=20508658 id=277
[mod] [SMRTK] SMRTK_DUMP cap=240000 class=StationBig demand=230000 leg=upgrade_read object=2009 res=Bread row=stock slider_max=240 stored=10000 t=20508658 id=278
[SMRTK] SMRTK_DUMP cap=240000 class=StationBig demand=230000 leg=upgrade_read object=2009 res=Bread row=stock slider_max=240 stored=10000 t=20508658 id=278
[mod] [SMRTK] SMRTK_DUMP cap=240000 class=StationBig demand=230000 leg=upgrade_read object=2009 res=PreciousMinerals row=stock slider_max=240 stored=10000 t=20508658 id=279
[SMRTK] SMRTK_DUMP cap=240000 class=StationBig demand=230000 leg=upgrade_read object=2009 res=PreciousMinerals row=stock slider_max=240 stored=10000 t=20508658 id=279
[mod] [SMRTK] SMRTK_DUMP cap=240000 class=StationBig demand=230000 leg=upgrade_read object=2009 res=Cheese row=stock slider_max=240 stored=10000 t=20508658 id=280
[SMRTK] SMRTK_DUMP cap=240000 class=StationBig demand=230000 leg=upgrade_read object=2009 res=Cheese row=stock slider_max=240 stored=10000 t=20508658 id=280
[mod] [SMRTK] SMRTK_DUMP cap=240000 class=StationBig demand=230000 leg=upgrade_read object=2009 res=Polymers row=stock slider_max=240 stored=10000 t=20508658 id=281
[SMRTK] SMRTK_DUMP cap=240000 class=StationBig demand=230000 leg=upgrade_read object=2009 res=Polymers row=stock slider_max=240 stored=10000 t=20508658 id=281
[mod] [SMRTK] SMRTK_DUMP cap=240000 class=StationBig demand=230000 leg=upgrade_read object=2009 res=Coffee row=stock slider_max=240 stored=10000 t=20508658 id=282
[SMRTK] SMRTK_DUMP cap=240000 class=StationBig demand=230000 leg=upgrade_read object=2009 res=Coffee row=stock slider_max=240 stored=10000 t=20508658 id=282
[mod] [SMRTK] SMRTK_DUMP cap=240000 class=StationBig demand=230000 leg=upgrade_read object=2009 res=MachineParts row=stock slider_max=240 stored=10000 t=20508658 id=283
[SMRTK] SMRTK_DUMP cap=240000 class=StationBig demand=230000 leg=upgrade_read object=2009 res=MachineParts row=stock slider_max=240 stored=10000 t=20508658 id=283
						Lua 0:04:52:504
[mod] [SMRTK] SMRTK_DUMP cap=240000 class=StationBig demand=230000 leg=upgrade_read object=2009 res=Electronics row=stock slider_max=240 stored=10000 t=20508658 id=284
[SMRTK] SMRTK_DUMP cap=240000 class=StationBig demand=230000 leg=upgrade_read object=2009 res=Electronics row=stock slider_max=240 stored=10000 t=20508658 id=284
[mod] [SMRTK] SMRTK_DUMP cap=240000 class=StationBig demand=230000 leg=upgrade_read object=2009 res=Meat row=stock slider_max=240 stored=10000 t=20508658 id=285
[SMRTK] SMRTK_DUMP cap=240000 class=StationBig demand=230000 leg=upgrade_read object=2009 res=Meat row=stock slider_max=240 stored=10000 t=20508658 id=285
[mod] [SMRTK] SMRTK_DUMP cap=240000 class=StationBig demand=230000 leg=upgrade_read object=2009 res=Fuel row=stock slider_max=240 stored=10000 t=20508658 id=286
[SMRTK] SMRTK_DUMP cap=240000 class=StationBig demand=230000 leg=upgrade_read object=2009 res=Fuel row=stock slider_max=240 stored=10000 t=20508658 id=286
[mod] [SMRTK] SMRTK_DUMP cap=240000 class=StationBig demand=230000 leg=upgrade_read object=2009 res=Seeds row=stock slider_max=240 stored=10000 t=20508658 id=287
[SMRTK] SMRTK_DUMP cap=240000 class=StationBig demand=230000 leg=upgrade_read object=2009 res=Seeds row=stock slider_max=240 stored=10000 t=20508658 id=287
[mod] [SMRTK] SMRTK_DUMP cap=240000 class=StationBig demand=230000 leg=upgrade_read object=2009 res=WasteRock row=stock slider_max=240 stored=10000 t=20508658 id=288
[SMRTK] SMRTK_DUMP cap=240000 class=StationBig demand=230000 leg=upgrade_read object=2009 res=WasteRock row=stock slider_max=240 stored=10000 t=20508658 id=288
[mod] [SMRTK] SMRTK_DUMP cap=120000 class=StationSmall demand=110000 leg=upgrade_read object=2011 res=Herbs row=stock slider_max=120 stored=10000 t=20508658 id=289
[SMRTK] SMRTK_DUMP cap=120000 class=StationSmall demand=110000 leg=upgrade_read object=2011 res=Herbs row=stock slider_max=120 stored=10000 t=20508658 id=289
[mod] [SMRTK] SMRTK_DUMP cap=120000 class=StationSmall demand=110000 leg=upgrade_read object=2011 res=Metals row=stock slider_max=120 stored=10000 t=20508658 id=290
[SMRTK] SMRTK_DUMP cap=120000 class=StationSmall demand=110000 leg=upgrade_read object=2011 res=Metals row=stock slider_max=120 stored=10000 t=20508658 id=290
[mod] [SMRTK] SMRTK_DUMP cap=120000 class=StationSmall demand=110000 leg=upgrade_read object=2011 res=Concrete row=stock slider_max=120 stored=10000 t=20508658 id=291
[SMRTK] SMRTK_DUMP cap=120000 class=StationSmall demand=110000 leg=upgrade_read object=2011 res=Concrete row=stock slider_max=120 stored=10000 t=20508658 id=291
[mod] [SMRTK] SMRTK_DUMP cap=120000 class=StationSmall demand=110000 leg=upgrade_read object=2011 res=Spices row=stock slider_max=120 stored=10000 t=20508658 id=292
[SMRTK] SMRTK_DUMP cap=120000 class=StationSmall demand=110000 leg=upgrade_read object=2011 res=Spices row=stock slider_max=120 stored=10000 t=20508658 id=292
[mod] [SMRTK] SMRTK_DUMP cap=120000 class=StationSmall demand=110000 leg=upgrade_read object=2011 res=Food row=stock slider_max=120 stored=10000 t=20508658 id=293
[SMRTK] SMRTK_DUMP cap=120000 class=StationSmall demand=110000 leg=upgrade_read object=2011 res=Food row=stock slider_max=120 stored=10000 t=20508658 id=293
[mod] [SMRTK] SMRTK_DUMP cap=120000 class=StationSmall demand=110000 leg=upgrade_read object=2011 res=Sugar row=stock slider_max=120 stored=10000 t=20508658 id=294
[SMRTK] SMRTK_DUMP cap=120000 class=StationSmall demand=110000 leg=upgrade_read object=2011 res=Sugar row=stock slider_max=120 stored=10000 t=20508658 id=294
[mod] [SMRTK] SMRTK_DUMP cap=120000 class=StationSmall demand=110000 leg=upgrade_read object=2011 res=Butter row=stock slider_max=120 stored=10000 t=20508658 id=295
[SMRTK] SMRTK_DUMP cap=120000 class=StationSmall demand=110000 leg=upgrade_read object=2011 res=Butter row=stock slider_max=120 stored=10000 t=20508658 id=295
[mod] [SMRTK] SMRTK_DUMP cap=120000 class=StationSmall demand=110000 leg=upgrade_read object=2011 res=PreciousMetals row=stock slider_max=120 stored=10000 t=20508658 id=296
[SMRTK] SMRTK_DUMP cap=120000 class=StationSmall demand=110000 leg=upgrade_read object=2011 res=PreciousMetals row=stock slider_max=120 stored=10000 t=20508658 id=296
[mod] [SMRTK] SMRTK_DUMP cap=120000 class=StationSmall demand=110000 leg=upgrade_read object=2011 res=Bread row=stock slider_max=120 stored=10000 t=20508658 id=297
[SMRTK] SMRTK_DUMP cap=120000 class=StationSmall demand=110000 leg=upgrade_read object=2011 res=Bread row=stock slider_max=120 stored=10000 t=20508658 id=297
[mod] [SMRTK] SMRTK_DUMP cap=120000 class=StationSmall demand=110000 leg=upgrade_read object=2011 res=PreciousMinerals row=stock slider_max=120 stored=10000 t=20508658 id=298
[SMRTK] SMRTK_DUMP cap=120000 class=StationSmall demand=110000 leg=upgrade_read object=2011 res=PreciousMinerals row=stock slider_max=120 stored=10000 t=20508658 id=298
[mod] [SMRTK] SMRTK_DUMP cap=120000 class=StationSmall demand=110000 leg=upgrade_read object=2011 res=Cheese row=stock slider_max=120 stored=10000 t=20508658 id=299
[SMRTK] SMRTK_DUMP cap=120000 class=StationSmall demand=110000 leg=upgrade_read object=2011 res=Cheese row=stock slider_max=120 stored=10000 t=20508658 id=299
[mod] [SMRTK] SMRTK_DUMP cap=120000 class=StationSmall demand=110000 leg=upgrade_read object=2011 res=Polymers row=stock slider_max=120 stored=10000 t=20508658 id=300
[SMRTK] SMRTK_DUMP cap=120000 class=StationSmall demand=110000 leg=upgrade_read object=2011 res=Polymers row=stock slider_max=120 stored=10000 t=20508658 id=300
[mod] [SMRTK] SMRTK_DUMP cap=120000 class=StationSmall demand=110000 leg=upgrade_read object=2011 res=Coffee row=stock slider_max=120 stored=10000 t=20508658 id=301
[SMRTK] SMRTK_DUMP cap=120000 class=StationSmall demand=110000 leg=upgrade_read object=2011 res=Coffee row=stock slider_max=120 stored=10000 t=20508658 id=301
[mod] [SMRTK] SMRTK_DUMP cap=120000 class=StationSmall demand=110000 leg=upgrade_read object=2011 res=MachineParts row=stock slider_max=120 stored=10000 t=20508658 id=302
[SMRTK] SMRTK_DUMP cap=120000 class=StationSmall demand=110000 leg=upgrade_read object=2011 res=MachineParts row=stock slider_max=120 stored=10000 t=20508658 id=302
[mod] [SMRTK] SMRTK_DUMP cap=120000 class=StationSmall demand=110000 leg=upgrade_read object=2011 res=Electronics row=stock slider_max=120 stored=10000 t=20508658 id=303
[SMRTK] SMRTK_DUMP cap=120000 class=StationSmall demand=110000 leg=upgrade_read object=2011 res=Electronics row=stock slider_max=120 stored=10000 t=20508658 id=303
[mod] [SMRTK] SMRTK_DUMP cap=120000 class=StationSmall demand=110000 leg=upgrade_read object=2011 res=Meat row=stock slider_max=120 stored=10000 t=20508658 id=304
[SMRTK] SMRTK_DUMP cap=120000 class=StationSmall demand=110000 leg=upgrade_read object=2011 res=Meat row=stock slider_max=120 stored=10000 t=20508658 id=304
[mod] [SMRTK] SMRTK_DUMP cap=120000 class=StationSmall demand=110000 leg=upgrade_read object=2011 res=Fuel row=stock slider_max=120 stored=10000 t=20508658 id=305
[SMRTK] SMRTK_DUMP cap=120000 class=StationSmall demand=110000 leg=upgrade_read object=2011 res=Fuel row=stock slider_max=120 stored=10000 t=20508658 id=305
[mod] [SMRTK] SMRTK_DUMP cap=120000 class=StationSmall demand=110000 leg=upgrade_read object=2011 res=Seeds row=stock slider_max=120 stored=10000 t=20508658 id=306
[SMRTK] SMRTK_DUMP cap=120000 class=StationSmall demand=110000 leg=upgrade_read object=2011 res=Seeds row=stock slider_max=120 stored=10000 t=20508658 id=306
[mod] [SMRTK] SMRTK_DUMP cap=120000 class=StationSmall demand=110000 leg=upgrade_read object=2011 res=WasteRock row=stock slider_max=120 stored=10000 t=20508658 id=307
[SMRTK] SMRTK_DUMP cap=120000 class=StationSmall demand=110000 leg=upgrade_read object=2011 res=WasteRock row=stock slider_max=120 stored=10000 t=20508658 id=307
[mod] [SMRTK] SMRTK_DUMP cap=120000 class=StationSmall demand=110000 leg=upgrade_read object=2012 res=Herbs row=stock slider_max=120 stored=10000 t=20508658 id=308
[SMRTK] SMRTK_DUMP cap=120000 class=StationSmall demand=110000 leg=upgrade_read object=2012 res=Herbs row=stock slider_max=120 stored=10000 t=20508658 id=308
[mod] [SMRTK] SMRTK_DUMP cap=120000 class=StationSmall demand=110000 leg=upgrade_read object=2012 res=Metals row=stock slider_max=120 stored=10000 t=20508658 id=309
[SMRTK] SMRTK_DUMP cap=120000 class=StationSmall demand=110000 leg=upgrade_read object=2012 res=Metals row=stock slider_max=120 stored=10000 t=20508658 id=309
[mod] [SMRTK] SMRTK_DUMP cap=120000 class=StationSmall demand=110000 leg=upgrade_read object=2012 res=Concrete row=stock slider_max=120 stored=10000 t=20508658 id=310
[SMRTK] SMRTK_DUMP cap=120000 class=StationSmall demand=110000 leg=upgrade_read object=2012 res=Concrete row=stock slider_max=120 stored=10000 t=20508658 id=310
						Lua 0:04:52:505
[mod] [SMRTK] SMRTK_DUMP cap=120000 class=StationSmall demand=110000 leg=upgrade_read object=2012 res=Spices row=stock slider_max=120 stored=10000 t=20508658 id=311
[SMRTK] SMRTK_DUMP cap=120000 class=StationSmall demand=110000 leg=upgrade_read object=2012 res=Spices row=stock slider_max=120 stored=10000 t=20508658 id=311
[mod] [SMRTK] SMRTK_DUMP cap=120000 class=StationSmall demand=110000 leg=upgrade_read object=2012 res=Food row=stock slider_max=120 stored=10000 t=20508658 id=312
[SMRTK] SMRTK_DUMP cap=120000 class=StationSmall demand=110000 leg=upgrade_read object=2012 res=Food row=stock slider_max=120 stored=10000 t=20508658 id=312
[mod] [SMRTK] SMRTK_DUMP cap=120000 class=StationSmall demand=110000 leg=upgrade_read object=2012 res=Sugar row=stock slider_max=120 stored=10000 t=20508658 id=313
[SMRTK] SMRTK_DUMP cap=120000 class=StationSmall demand=110000 leg=upgrade_read object=2012 res=Sugar row=stock slider_max=120 stored=10000 t=20508658 id=313
[mod] [SMRTK] SMRTK_DUMP cap=120000 class=StationSmall demand=110000 leg=upgrade_read object=2012 res=Butter row=stock slider_max=120 stored=10000 t=20508658 id=314
[SMRTK] SMRTK_DUMP cap=120000 class=StationSmall demand=110000 leg=upgrade_read object=2012 res=Butter row=stock slider_max=120 stored=10000 t=20508658 id=314
[mod] [SMRTK] SMRTK_DUMP cap=120000 class=StationSmall demand=110000 leg=upgrade_read object=2012 res=PreciousMetals row=stock slider_max=120 stored=10000 t=20508658 id=315
[SMRTK] SMRTK_DUMP cap=120000 class=StationSmall demand=110000 leg=upgrade_read object=2012 res=PreciousMetals row=stock slider_max=120 stored=10000 t=20508658 id=315
[mod] [SMRTK] SMRTK_DUMP cap=120000 class=StationSmall demand=110000 leg=upgrade_read object=2012 res=Bread row=stock slider_max=120 stored=10000 t=20508658 id=316
[SMRTK] SMRTK_DUMP cap=120000 class=StationSmall demand=110000 leg=upgrade_read object=2012 res=Bread row=stock slider_max=120 stored=10000 t=20508658 id=316
[mod] [SMRTK] SMRTK_DUMP cap=120000 class=StationSmall demand=110000 leg=upgrade_read object=2012 res=PreciousMinerals row=stock slider_max=120 stored=10000 t=20508658 id=317
[SMRTK] SMRTK_DUMP cap=120000 class=StationSmall demand=110000 leg=upgrade_read object=2012 res=PreciousMinerals row=stock slider_max=120 stored=10000 t=20508658 id=317
[mod] [SMRTK] SMRTK_DUMP cap=120000 class=StationSmall demand=110000 leg=upgrade_read object=2012 res=Cheese row=stock slider_max=120 stored=10000 t=20508658 id=318
[SMRTK] SMRTK_DUMP cap=120000 class=StationSmall demand=110000 leg=upgrade_read object=2012 res=Cheese row=stock slider_max=120 stored=10000 t=20508658 id=318
[mod] [SMRTK] SMRTK_DUMP cap=120000 class=StationSmall demand=110000 leg=upgrade_read object=2012 res=Polymers row=stock slider_max=120 stored=10000 t=20508658 id=319
[SMRTK] SMRTK_DUMP cap=120000 class=StationSmall demand=110000 leg=upgrade_read object=2012 res=Polymers row=stock slider_max=120 stored=10000 t=20508658 id=319
[mod] [SMRTK] SMRTK_DUMP cap=120000 class=StationSmall demand=110000 leg=upgrade_read object=2012 res=Coffee row=stock slider_max=120 stored=10000 t=20508658 id=320
[SMRTK] SMRTK_DUMP cap=120000 class=StationSmall demand=110000 leg=upgrade_read object=2012 res=Coffee row=stock slider_max=120 stored=10000 t=20508658 id=320
[mod] [SMRTK] SMRTK_DUMP cap=120000 class=StationSmall demand=110000 leg=upgrade_read object=2012 res=MachineParts row=stock slider_max=120 stored=10000 t=20508658 id=321
[SMRTK] SMRTK_DUMP cap=120000 class=StationSmall demand=110000 leg=upgrade_read object=2012 res=MachineParts row=stock slider_max=120 stored=10000 t=20508658 id=321
[mod] [SMRTK] SMRTK_DUMP cap=120000 class=StationSmall demand=110000 leg=upgrade_read object=2012 res=Electronics row=stock slider_max=120 stored=10000 t=20508658 id=322
[SMRTK] SMRTK_DUMP cap=120000 class=StationSmall demand=110000 leg=upgrade_read object=2012 res=Electronics row=stock slider_max=120 stored=10000 t=20508658 id=322
[mod] [SMRTK] SMRTK_DUMP cap=120000 class=StationSmall demand=110000 leg=upgrade_read object=2012 res=Meat row=stock slider_max=120 stored=10000 t=20508658 id=323
[SMRTK] SMRTK_DUMP cap=120000 class=StationSmall demand=110000 leg=upgrade_read object=2012 res=Meat row=stock slider_max=120 stored=10000 t=20508658 id=323
[mod] [SMRTK] SMRTK_DUMP cap=120000 class=StationSmall demand=110000 leg=upgrade_read object=2012 res=Fuel row=stock slider_max=120 stored=10000 t=20508658 id=324
[SMRTK] SMRTK_DUMP cap=120000 class=StationSmall demand=110000 leg=upgrade_read object=2012 res=Fuel row=stock slider_max=120 stored=10000 t=20508658 id=324
[mod] [SMRTK] SMRTK_DUMP cap=120000 class=StationSmall demand=110000 leg=upgrade_read object=2012 res=Seeds row=stock slider_max=120 stored=10000 t=20508658 id=325
[SMRTK] SMRTK_DUMP cap=120000 class=StationSmall demand=110000 leg=upgrade_read object=2012 res=Seeds row=stock slider_max=120 stored=10000 t=20508658 id=325
[mod] [SMRTK] SMRTK_DUMP cap=120000 class=StationSmall demand=110000 leg=upgrade_read object=2012 res=WasteRock row=stock slider_max=120 stored=10000 t=20508658 id=326
[SMRTK] SMRTK_DUMP cap=120000 class=StationSmall demand=110000 leg=upgrade_read object=2012 res=WasteRock row=stock slider_max=120 stored=10000 t=20508658 id=326
[mod] [SMRTK] SMRTK_DUMP cap=120000 class=StationSmall demand=110000 leg=upgrade_read object=6243 res=Herbs row=stock slider_max=120 stored=10000 t=20508658 id=327
[SMRTK] SMRTK_DUMP cap=120000 class=StationSmall demand=110000 leg=upgrade_read object=6243 res=Herbs row=stock slider_max=120 stored=10000 t=20508658 id=327
[mod] [SMRTK] SMRTK_DUMP cap=120000 class=StationSmall demand=110000 leg=upgrade_read object=6243 res=Metals row=stock slider_max=120 stored=10000 t=20508658 id=328
[SMRTK] SMRTK_DUMP cap=120000 class=StationSmall demand=110000 leg=upgrade_read object=6243 res=Metals row=stock slider_max=120 stored=10000 t=20508658 id=328
[mod] [SMRTK] SMRTK_DUMP cap=120000 class=StationSmall demand=110000 leg=upgrade_read object=6243 res=Concrete row=stock slider_max=120 stored=10000 t=20508658 id=329
[SMRTK] SMRTK_DUMP cap=120000 class=StationSmall demand=110000 leg=upgrade_read object=6243 res=Concrete row=stock slider_max=120 stored=10000 t=20508658 id=329
[mod] [SMRTK] SMRTK_DUMP cap=120000 class=StationSmall demand=110000 leg=upgrade_read object=6243 res=Spices row=stock slider_max=120 stored=10000 t=20508658 id=330
[SMRTK] SMRTK_DUMP cap=120000 class=StationSmall demand=110000 leg=upgrade_read object=6243 res=Spices row=stock slider_max=120 stored=10000 t=20508658 id=330
[mod] [SMRTK] SMRTK_DUMP cap=120000 class=StationSmall demand=110000 leg=upgrade_read object=6243 res=Food row=stock slider_max=120 stored=10000 t=20508658 id=331
[SMRTK] SMRTK_DUMP cap=120000 class=StationSmall demand=110000 leg=upgrade_read object=6243 res=Food row=stock slider_max=120 stored=10000 t=20508658 id=331
[mod] [SMRTK] SMRTK_DUMP cap=120000 class=StationSmall demand=110000 leg=upgrade_read object=6243 res=Sugar row=stock slider_max=120 stored=10000 t=20508658 id=332
[SMRTK] SMRTK_DUMP cap=120000 class=StationSmall demand=110000 leg=upgrade_read object=6243 res=Sugar row=stock slider_max=120 stored=10000 t=20508658 id=332
[mod] [SMRTK] SMRTK_DUMP cap=120000 class=StationSmall demand=110000 leg=upgrade_read object=6243 res=Butter row=stock slider_max=120 stored=10000 t=20508658 id=333
[SMRTK] SMRTK_DUMP cap=120000 class=StationSmall demand=110000 leg=upgrade_read object=6243 res=Butter row=stock slider_max=120 stored=10000 t=20508658 id=333
[mod] [SMRTK] SMRTK_DUMP cap=120000 class=StationSmall demand=110000 leg=upgrade_read object=6243 res=PreciousMetals row=stock slider_max=120 stored=10000 t=20508658 id=334
[SMRTK] SMRTK_DUMP cap=120000 class=StationSmall demand=110000 leg=upgrade_read object=6243 res=PreciousMetals row=stock slider_max=120 stored=10000 t=20508658 id=334
[mod] [SMRTK] SMRTK_DUMP cap=120000 class=StationSmall demand=110000 leg=upgrade_read object=6243 res=Bread row=stock slider_max=120 stored=10000 t=20508658 id=335
[SMRTK] SMRTK_DUMP cap=120000 class=StationSmall demand=110000 leg=upgrade_read object=6243 res=Bread row=stock slider_max=120 stored=10000 t=20508658 id=335
[mod] [SMRTK] SMRTK_DUMP cap=120000 class=StationSmall demand=110000 leg=upgrade_read object=6243 res=PreciousMinerals row=stock slider_max=120 stored=10000 t=20508658 id=336
[SMRTK] SMRTK_DUMP cap=120000 class=StationSmall demand=110000 leg=upgrade_read object=6243 res=PreciousMinerals row=stock slider_max=120 stored=10000 t=20508658 id=336
[mod] [SMRTK] SMRTK_DUMP cap=120000 class=StationSmall demand=110000 leg=upgrade_read object=6243 res=Cheese row=stock slider_max=120 stored=10000 t=20508658 id=337
[SMRTK] SMRTK_DUMP cap=120000 class=StationSmall demand=110000 leg=upgrade_read object=6243 res=Cheese row=stock slider_max=120 stored=10000 t=20508658 id=337
[mod] [SMRTK] SMRTK_DUMP cap=120000 class=StationSmall demand=110000 leg=upgrade_read object=6243 res=Polymers row=stock slider_max=120 stored=10000 t=20508658 id=338
[SMRTK] SMRTK_DUMP cap=120000 class=StationSmall demand=110000 leg=upgrade_read object=6243 res=Polymers row=stock slider_max=120 stored=10000 t=20508658 id=338
[mod] [SMRTK] SMRTK_DUMP cap=120000 class=StationSmall demand=110000 leg=upgrade_read object=6243 res=Coffee row=stock slider_max=120 stored=10000 t=20508658 id=339
[SMRTK] SMRTK_DUMP cap=120000 class=StationSmall demand=110000 leg=upgrade_read object=6243 res=Coffee row=stock slider_max=120 stored=10000 t=20508658 id=339
						Lua 0:04:52:506
[mod] [SMRTK] SMRTK_DUMP cap=120000 class=StationSmall demand=110000 leg=upgrade_read object=6243 res=MachineParts row=stock slider_max=120 stored=10000 t=20508658 id=340
[SMRTK] SMRTK_DUMP cap=120000 class=StationSmall demand=110000 leg=upgrade_read object=6243 res=MachineParts row=stock slider_max=120 stored=10000 t=20508658 id=340
[mod] [SMRTK] SMRTK_DUMP cap=120000 class=StationSmall demand=110000 leg=upgrade_read object=6243 res=Electronics row=stock slider_max=120 stored=10000 t=20508658 id=341
[SMRTK] SMRTK_DUMP cap=120000 class=StationSmall demand=110000 leg=upgrade_read object=6243 res=Electronics row=stock slider_max=120 stored=10000 t=20508658 id=341
[mod] [SMRTK] SMRTK_DUMP cap=120000 class=StationSmall demand=110000 leg=upgrade_read object=6243 res=Meat row=stock slider_max=120 stored=10000 t=20508658 id=342
[SMRTK] SMRTK_DUMP cap=120000 class=StationSmall demand=110000 leg=upgrade_read object=6243 res=Meat row=stock slider_max=120 stored=10000 t=20508658 id=342
[mod] [SMRTK] SMRTK_DUMP cap=120000 class=StationSmall demand=110000 leg=upgrade_read object=6243 res=Fuel row=stock slider_max=120 stored=10000 t=20508658 id=343
[SMRTK] SMRTK_DUMP cap=120000 class=StationSmall demand=110000 leg=upgrade_read object=6243 res=Fuel row=stock slider_max=120 stored=10000 t=20508658 id=343
[mod] [SMRTK] SMRTK_DUMP cap=120000 class=StationSmall demand=110000 leg=upgrade_read object=6243 res=Seeds row=stock slider_max=120 stored=10000 t=20508658 id=344
[SMRTK] SMRTK_DUMP cap=120000 class=StationSmall demand=110000 leg=upgrade_read object=6243 res=Seeds row=stock slider_max=120 stored=10000 t=20508658 id=344
[mod] [SMRTK] SMRTK_DUMP cap=120000 class=StationSmall demand=110000 leg=upgrade_read object=6243 res=WasteRock row=stock slider_max=120 stored=10000 t=20508658 id=345
[SMRTK] SMRTK_DUMP cap=120000 class=StationSmall demand=110000 leg=upgrade_read object=6243 res=WasteRock row=stock slider_max=120 stored=10000 t=20508658 id=345
[mod] [SMRTK] SMRTK_DUMP answers=true building=false can_switch=true destroyed=false leg=upgrade_read max_storage=480000 max_z=9 object=6430 on=true own=true row=hub slider_max=480 working=true t=20508658 id=346
[SMRTK] SMRTK_DUMP answers=true building=false can_switch=true destroyed=false leg=upgrade_read max_storage=480000 max_z=9 object=6430 on=true own=true row=hub slider_max=480 working=true t=20508658 id=346
[mod] [SMRTK] SMRTK_DUMP answers=false building=false can_switch=true destroyed=false leg=upgrade_read object=6430 on=false own=false row=cargo_upgrade upgrade=SMROptInTrainHub6_TrainCargo t=20508658 id=347
[SMRTK] SMRTK_DUMP answers=false building=false can_switch=true destroyed=false leg=upgrade_read object=6430 on=false own=false row=cargo_upgrade upgrade=SMROptInTrainHub6_TrainCargo t=20508658 id=347
[mod] [SMRTK] SMRTK_DUMP cap=480000 class=hub demand=316000 leg=upgrade_read object=6430 res=Herbs row=stock slider_max=480 stored=164000 t=20508658 id=348
[SMRTK] SMRTK_DUMP cap=480000 class=hub demand=316000 leg=upgrade_read object=6430 res=Herbs row=stock slider_max=480 stored=164000 t=20508658 id=348
[mod] [SMRTK] SMRTK_DUMP cap=480000 class=hub demand=240500 leg=upgrade_read object=6430 res=Metals row=stock slider_max=480 stored=239500 t=20508658 id=349
[SMRTK] SMRTK_DUMP cap=480000 class=hub demand=240500 leg=upgrade_read object=6430 res=Metals row=stock slider_max=480 stored=239500 t=20508658 id=349
[mod] [SMRTK] SMRTK_DUMP cap=480000 class=hub demand=330000 leg=upgrade_read object=6430 res=Concrete row=stock slider_max=480 stored=150000 t=20508658 id=350
[SMRTK] SMRTK_DUMP cap=480000 class=hub demand=330000 leg=upgrade_read object=6430 res=Concrete row=stock slider_max=480 stored=150000 t=20508658 id=350
[mod] [SMRTK] SMRTK_DUMP cap=480000 class=hub demand=317000 leg=upgrade_read object=6430 res=Spices row=stock slider_max=480 stored=163000 t=20508658 id=351
[SMRTK] SMRTK_DUMP cap=480000 class=hub demand=317000 leg=upgrade_read object=6430 res=Spices row=stock slider_max=480 stored=163000 t=20508658 id=351
[mod] [SMRTK] SMRTK_DUMP cap=480000 class=hub demand=318000 leg=upgrade_read object=6430 res=Food row=stock slider_max=480 stored=162000 t=20508658 id=352
[SMRTK] SMRTK_DUMP cap=480000 class=hub demand=318000 leg=upgrade_read object=6430 res=Food row=stock slider_max=480 stored=162000 t=20508658 id=352
[mod] [SMRTK] SMRTK_DUMP cap=480000 class=hub demand=317000 leg=upgrade_read object=6430 res=Sugar row=stock slider_max=480 stored=163000 t=20508658 id=353
[SMRTK] SMRTK_DUMP cap=480000 class=hub demand=317000 leg=upgrade_read object=6430 res=Sugar row=stock slider_max=480 stored=163000 t=20508658 id=353
[mod] [SMRTK] SMRTK_DUMP cap=480000 class=hub demand=317000 leg=upgrade_read object=6430 res=Butter row=stock slider_max=480 stored=163000 t=20508658 id=354
[SMRTK] SMRTK_DUMP cap=480000 class=hub demand=317000 leg=upgrade_read object=6430 res=Butter row=stock slider_max=480 stored=163000 t=20508658 id=354
[mod] [SMRTK] SMRTK_DUMP cap=480000 class=hub demand=310000 leg=upgrade_read object=6430 res=PreciousMetals row=stock slider_max=480 stored=170000 t=20508658 id=355
[SMRTK] SMRTK_DUMP cap=480000 class=hub demand=310000 leg=upgrade_read object=6430 res=PreciousMetals row=stock slider_max=480 stored=170000 t=20508658 id=355
[mod] [SMRTK] SMRTK_DUMP cap=480000 class=hub demand=317000 leg=upgrade_read object=6430 res=Bread row=stock slider_max=480 stored=163000 t=20508658 id=356
[SMRTK] SMRTK_DUMP cap=480000 class=hub demand=317000 leg=upgrade_read object=6430 res=Bread row=stock slider_max=480 stored=163000 t=20508658 id=356
[mod] [SMRTK] SMRTK_DUMP cap=480000 class=hub demand=310000 leg=upgrade_read object=6430 res=PreciousMinerals row=stock slider_max=480 stored=170000 t=20508658 id=357
[SMRTK] SMRTK_DUMP cap=480000 class=hub demand=310000 leg=upgrade_read object=6430 res=PreciousMinerals row=stock slider_max=480 stored=170000 t=20508658 id=357
[mod] [SMRTK] SMRTK_DUMP cap=480000 class=hub demand=317000 leg=upgrade_read object=6430 res=Cheese row=stock slider_max=480 stored=163000 t=20508658 id=358
[SMRTK] SMRTK_DUMP cap=480000 class=hub demand=317000 leg=upgrade_read object=6430 res=Cheese row=stock slider_max=480 stored=163000 t=20508658 id=358
[mod] [SMRTK] SMRTK_DUMP cap=480000 class=hub demand=310000 leg=upgrade_read object=6430 res=Polymers row=stock slider_max=480 stored=170000 t=20508658 id=359
[SMRTK] SMRTK_DUMP cap=480000 class=hub demand=310000 leg=upgrade_read object=6430 res=Polymers row=stock slider_max=480 stored=170000 t=20508658 id=359
[mod] [SMRTK] SMRTK_DUMP cap=480000 class=hub demand=317000 leg=upgrade_read object=6430 res=Coffee row=stock slider_max=480 stored=163000 t=20508658 id=360
[SMRTK] SMRTK_DUMP cap=480000 class=hub demand=317000 leg=upgrade_read object=6430 res=Coffee row=stock slider_max=480 stored=163000 t=20508658 id=360
[mod] [SMRTK] SMRTK_DUMP cap=480000 class=hub demand=310000 leg=upgrade_read object=6430 res=MachineParts row=stock slider_max=480 stored=170000 t=20508658 id=361
[SMRTK] SMRTK_DUMP cap=480000 class=hub demand=310000 leg=upgrade_read object=6430 res=MachineParts row=stock slider_max=480 stored=170000 t=20508658 id=361
[mod] [SMRTK] SMRTK_DUMP cap=480000 class=hub demand=330000 leg=upgrade_read object=6430 res=Electronics row=stock slider_max=480 stored=150000 t=20508658 id=362
[SMRTK] SMRTK_DUMP cap=480000 class=hub demand=330000 leg=upgrade_read object=6430 res=Electronics row=stock slider_max=480 stored=150000 t=20508658 id=362
[mod] [SMRTK] SMRTK_DUMP cap=480000 class=hub demand=317000 leg=upgrade_read object=6430 res=Meat row=stock slider_max=480 stored=163000 t=20508658 id=363
[SMRTK] SMRTK_DUMP cap=480000 class=hub demand=317000 leg=upgrade_read object=6430 res=Meat row=stock slider_max=480 stored=163000 t=20508658 id=363
[mod] [SMRTK] SMRTK_DUMP cap=480000 class=hub demand=310000 leg=upgrade_read object=6430 res=Fuel row=stock slider_max=480 stored=170000 t=20508658 id=364
[SMRTK] SMRTK_DUMP cap=480000 class=hub demand=310000 leg=upgrade_read object=6430 res=Fuel row=stock slider_max=480 stored=170000 t=20508658 id=364
[mod] [SMRTK] SMRTK_DUMP cap=480000 class=hub demand=310000 leg=upgrade_read object=6430 res=Seeds row=stock slider_max=480 stored=170000 t=20508658 id=365
[SMRTK] SMRTK_DUMP cap=480000 class=hub demand=310000 leg=upgrade_read object=6430 res=Seeds row=stock slider_max=480 stored=170000 t=20508658 id=365
[mod] [SMRTK] SMRTK_DUMP cap=480000 class=hub demand=310000 leg=upgrade_read object=6430 res=WasteRock row=stock slider_max=480 stored=170000 t=20508658 id=366
[SMRTK] SMRTK_DUMP cap=480000 class=hub demand=310000 leg=upgrade_read object=6430 res=WasteRock row=stock slider_max=480 stored=170000 t=20508658 id=366
						Lua 0:04:52:507
[mod] [SMRTK] SMRTK_DUMP answers=true building=false can_switch=false destroyed=false leg=upgrade_read max_storage=480000 max_z=9 object=6495 on=false own=false row=hub slider_max=480 working=true t=20508658 id=367
[SMRTK] SMRTK_DUMP answers=true building=false can_switch=false destroyed=false leg=upgrade_read max_storage=480000 max_z=9 object=6495 on=false own=false row=hub slider_max=480 working=true t=20508658 id=367
[mod] [SMRTK] SMRTK_DUMP answers=false building=false can_switch=true destroyed=false leg=upgrade_read object=6495 on=false own=false row=cargo_upgrade upgrade=SMROptInTrainHub6_TrainCargo t=20508658 id=368
[SMRTK] SMRTK_DUMP answers=false building=false can_switch=true destroyed=false leg=upgrade_read object=6495 on=false own=false row=cargo_upgrade upgrade=SMROptInTrainHub6_TrainCargo t=20508658 id=368
[mod] [SMRTK] SMRTK_DUMP cap=480000 class=hub demand=480000 leg=upgrade_read object=6495 res=Metals row=stock slider_max=480 stored=0 t=20508658 id=369
[SMRTK] SMRTK_DUMP cap=480000 class=hub demand=480000 leg=upgrade_read object=6495 res=Metals row=stock slider_max=480 stored=0 t=20508658 id=369
[mod] [SMRTK] SMRTK_DUMP cap=120000 class=StationSmall demand=120000 leg=upgrade_read object=6827 res=Metals row=stock slider_max=120 stored=0 t=20508658 id=370
[SMRTK] SMRTK_DUMP cap=120000 class=StationSmall demand=120000 leg=upgrade_read object=6827 res=Metals row=stock slider_max=120 stored=0 t=20508658 id=370
[mod] [SMRTK] SMRTK_DUMP cap=120000 class=StationSmall demand=120000 leg=upgrade_read object=6883 res=Metals row=stock slider_max=120 stored=0 t=20508658 id=371
[SMRTK] SMRTK_DUMP cap=120000 class=StationSmall demand=120000 leg=upgrade_read object=6883 res=Metals row=stock slider_max=120 stored=0 t=20508658 id=371
[mod] [SMRTK] SMRTK_DUMP cap=120000 class=StationSmall demand=120000 leg=upgrade_read object=6951 res=Metals row=stock slider_max=120 stored=0 t=20508658 id=372
[SMRTK] SMRTK_DUMP cap=120000 class=StationSmall demand=120000 leg=upgrade_read object=6951 res=Metals row=stock slider_max=120 stored=0 t=20508658 id=372
[mod] [SMRTK] SMRTK_DUMP cap=120000 class=StationSmall demand=120000 leg=upgrade_read object=7411 res=Metals row=stock slider_max=120 stored=0 t=20508658 id=373
[SMRTK] SMRTK_DUMP cap=120000 class=StationSmall demand=120000 leg=upgrade_read object=7411 res=Metals row=stock slider_max=120 stored=0 t=20508658 id=373
[mod] [SMRTK] SMRTK_DUMP cargo_cap=105000 class=Train leg=upgrade_read nominal_speed=1500 object=2000001652 passenger_cap=30 passengers=0 row=train turn_anim_speed=4500 t=20508658 id=374
[SMRTK] SMRTK_DUMP cargo_cap=105000 class=Train leg=upgrade_read nominal_speed=1500 object=2000001652 passenger_cap=30 passengers=0 row=train turn_anim_speed=4500 t=20508658 id=374
[mod] [SMRTK] SMRTK_DUMP cargo_cap=105000 class=Train leg=upgrade_read nominal_speed=1500 object=2000001844 passenger_cap=30 passengers=0 row=train turn_anim_speed=4500 t=20508658 id=375
[SMRTK] SMRTK_DUMP cargo_cap=105000 class=Train leg=upgrade_read nominal_speed=1500 object=2000001844 passenger_cap=30 passengers=0 row=train turn_anim_speed=4500 t=20508658 id=375
[mod] [SMRTK] SMRTK_DUMP cargo_cap=105000 class=Train leg=upgrade_read nominal_speed=1500 object=2000001845 passenger_cap=30 passengers=0 row=train turn_anim_speed=4500 t=20508658 id=376
[SMRTK] SMRTK_DUMP cargo_cap=105000 class=Train leg=upgrade_read nominal_speed=1500 object=2000001845 passenger_cap=30 passengers=0 row=train turn_anim_speed=4500 t=20508658 id=376
[mod] [SMRTK] SMRTK_DUMP cargo_cap=105000 class=Train leg=upgrade_read nominal_speed=1500 object=2000001846 passenger_cap=30 passengers=0 row=train turn_anim_speed=4500 t=20508658 id=377
[SMRTK] SMRTK_DUMP cargo_cap=105000 class=Train leg=upgrade_read nominal_speed=1500 object=2000001846 passenger_cap=30 passengers=0 row=train turn_anim_speed=4500 t=20508658 id=377
[mod] [SMRTK] SMRTK_DUMP cargo_cap=105000 class=Train leg=upgrade_read nominal_speed=1500 object=2000001847 passenger_cap=30 passengers=0 row=train turn_anim_speed=4500 t=20508658 id=378
[SMRTK] SMRTK_DUMP cargo_cap=105000 class=Train leg=upgrade_read nominal_speed=1500 object=2000001847 passenger_cap=30 passengers=0 row=train turn_anim_speed=4500 t=20508658 id=378
[mod] [SMRTK] SMRTK_DUMP cargo_cap=105000 class=Train leg=upgrade_read nominal_speed=1500 object=2000001848 passenger_cap=30 passengers=0 row=train turn_anim_speed=4500 t=20508658 id=379
[SMRTK] SMRTK_DUMP cargo_cap=105000 class=Train leg=upgrade_read nominal_speed=1500 object=2000001848 passenger_cap=30 passengers=0 row=train turn_anim_speed=4500 t=20508658 id=379
[mod] [SMRTK] SMRTK_DUMP cargo_cap=105000 class=Train leg=upgrade_read nominal_speed=1500 object=2000001849 passenger_cap=30 passengers=0 row=train turn_anim_speed=4500 t=20508658 id=380
[SMRTK] SMRTK_DUMP cargo_cap=105000 class=Train leg=upgrade_read nominal_speed=1500 object=2000001849 passenger_cap=30 passengers=0 row=train turn_anim_speed=4500 t=20508658 id=380
[mod] [SMRTK] SMRTK_DUMP cargo_cap=105000 class=Train leg=upgrade_read nominal_speed=1500 object=2000001850 passenger_cap=30 passengers=0 row=train turn_anim_speed=4500 t=20508658 id=381
[SMRTK] SMRTK_DUMP cargo_cap=105000 class=Train leg=upgrade_read nominal_speed=1500 object=2000001850 passenger_cap=30 passengers=0 row=train turn_anim_speed=4500 t=20508658 id=381
[mod] [SMRTK] SMRTK_DUMP cargo_cap=105000 class=Train leg=upgrade_read nominal_speed=1500 object=2000001851 passenger_cap=30 passengers=0 row=train turn_anim_speed=4500 t=20508658 id=382
[SMRTK] SMRTK_DUMP cargo_cap=105000 class=Train leg=upgrade_read nominal_speed=1500 object=2000001851 passenger_cap=30 passengers=0 row=train turn_anim_speed=4500 t=20508658 id=382
[mod] [SMRTK] SMRTK_DUMP cargo_cap=105000 class=Train leg=upgrade_read nominal_speed=1500 object=2000002387 passenger_cap=30 passengers=0 row=train turn_anim_speed=4500 t=20508658 id=383
[SMRTK] SMRTK_DUMP cargo_cap=105000 class=Train leg=upgrade_read nominal_speed=1500 object=2000002387 passenger_cap=30 passengers=0 row=train turn_anim_speed=4500 t=20508658 id=383
[mod] [SMRTK] SMRTK_DUMP cargo_cap=105000 class=Train leg=upgrade_read nominal_speed=1500 object=2000002388 passenger_cap=30 passengers=0 row=train turn_anim_speed=4500 t=20508658 id=384
[SMRTK] SMRTK_DUMP cargo_cap=105000 class=Train leg=upgrade_read nominal_speed=1500 object=2000002388 passenger_cap=30 passengers=0 row=train turn_anim_speed=4500 t=20508658 id=384
[mod] [SMRTK] SMRTK_DUMP cargo_cap=105000 class=Train leg=upgrade_read nominal_speed=1500 object=2000002389 passenger_cap=30 passengers=0 row=train turn_anim_speed=4500 t=20508658 id=385
[SMRTK] SMRTK_DUMP cargo_cap=105000 class=Train leg=upgrade_read nominal_speed=1500 object=2000002389 passenger_cap=30 passengers=0 row=train turn_anim_speed=4500 t=20508658 id=385
[mod] [SMRTK] SMRTK_DUMP cargo_cap=105000 class=Train leg=upgrade_read nominal_speed=1500 object=2000002390 passenger_cap=30 passengers=0 row=train turn_anim_speed=4500 t=20508658 id=386
[SMRTK] SMRTK_DUMP cargo_cap=105000 class=Train leg=upgrade_read nominal_speed=1500 object=2000002390 passenger_cap=30 passengers=0 row=train turn_anim_speed=4500 t=20508658 id=386
[mod] [SMRTK] SMRTK_DUMP cargo_cap=105000 class=Train leg=upgrade_read nominal_speed=1500 object=2000002391 passenger_cap=30 passengers=0 row=train turn_anim_speed=4500 t=20508658 id=387
[SMRTK] SMRTK_DUMP cargo_cap=105000 class=Train leg=upgrade_read nominal_speed=1500 object=2000002391 passenger_cap=30 passengers=0 row=train turn_anim_speed=4500 t=20508658 id=387
						Lua 0:04:52:508
[mod] [SMRTK] SMRTK_DUMP cargo_cap=105000 class=Train leg=upgrade_read nominal_speed=1500 object=2000002392 passenger_cap=30 passengers=0 row=train turn_anim_speed=4500 t=20508658 id=388
[SMRTK] SMRTK_DUMP cargo_cap=105000 class=Train leg=upgrade_read nominal_speed=1500 object=2000002392 passenger_cap=30 passengers=0 row=train turn_anim_speed=4500 t=20508658 id=388
[mod] [SMRTK] SMRTK_DUMP amount=0 applied=true label=Train leg=upgrade_read percent=100 prop=max_colonists_to_transport row=modifier upgrade=SMROptInTrainHub6_CapacityNetwork t=20508658 id=389
[SMRTK] SMRTK_DUMP amount=0 applied=true label=Train leg=upgrade_read percent=100 prop=max_colonists_to_transport row=modifier upgrade=SMROptInTrainHub6_CapacityNetwork t=20508658 id=389
[mod] [SMRTK] SMRTK_DUMP amount=0 applied=true label=Train leg=upgrade_read percent=100 prop=max_shared_storage row=modifier upgrade=SMROptInTrainHub6_CapacityNetwork t=20508658 id=390
[SMRTK] SMRTK_DUMP amount=0 applied=true label=Train leg=upgrade_read percent=100 prop=max_shared_storage row=modifier upgrade=SMROptInTrainHub6_CapacityNetwork t=20508658 id=390
[mod] [SMRTK] SMRTK_DUMP amount=0 applied=true label=Station leg=upgrade_read percent=100 prop=max_storage_per_resource row=modifier upgrade=SMROptInTrainHub6_CapacityNetwork t=20508658 id=391
[SMRTK] SMRTK_DUMP amount=0 applied=true label=Station leg=upgrade_read percent=100 prop=max_storage_per_resource row=modifier upgrade=SMROptInTrainHub6_CapacityNetwork t=20508658 id=391
[mod] [SMRTK] SMRTK_ACTION action=slot_3 applied=3 cargo_unlocked=true errors=0 game_time=20508658 hubs=2 mark=290 modifiers=3 owner=6430 phase=upgrade_read sitting=build6_capacity stations=11 status=OK storage_StationBig=240000 storage_StationSmall=120000,120000,120000,120000,120000,120000,120000,120000,120000,120000 storage_hub=480000,480000 trains=15 unlocked=true t=20508658 id=392
[SMRTK] SMRTK_ACTION action=slot_3 applied=3 cargo_unlocked=true errors=0 game_time=20508658 hubs=2 mark=290 modifiers=3 owner=6430 phase=upgrade_read sitting=build6_capacity stations=11 status=OK storage_StationBig=240000 storage_StationSmall=120000,120000,120000,120000,120000,120000,120000,120000,120000,120000 storage_hub=480000,480000 trains=15 unlocked=true t=20508658 id=392
						Lua 0:04:54:660
[mod] [SMRTK] SMRTK_CLEAR action=clear status=OK t=20508658 id=393
						Lua 0:04:56:412
[mod] [SMRTK] SMRTK_TAB action=tab_World page=World status=OK t=20508658 id=394
						Lua 0:04:58:262
[mod] [SMRTK] SMRTK_DISASTER action=cold_wave outcome=leaf_dispatched position=global setting=ColdWave_GameRule status=OK t=20508658 id=395
[SMRTK] SMRTK_DISASTER action=cold_wave outcome=leaf_dispatched position=global setting=ColdWave_GameRule status=OK t=20508658 id=395
						Lua 0:05:02:103
[TrainHubDev] engine leg back: 42 m in 3250 ms = 1289 units per s (move_speed 8960) at t=20514445
						Lua 0:05:08:571
[mod] [SMRTK] SMRTK_TAB action=tab_Saves page=Saves status=OK t=20519211 id=396
						Lua 0:05:09:012
[mod] [SMRTK] SMRTK_TAB action=tab_Agent page=Agent status=OK t=20519211 id=397
						Lua 0:05:12:855
[mod] [SMRTK] SMRTK_MARK action=mark label=DISTRIBUTION_READ mark=478 status=OK t=20519211 id=398
[SMRTK] SMRTK_MARK action=mark label=DISTRIBUTION_READ mark=478 status=OK t=20519211 id=398
[mod] [SMRTK] SMRTK_FINGERPRINT action=fingerprint fix_pack_present=45/45 game=405907 mark_action=mark mods=SMR_CommunityFixPack,SMR_CommunityFixPackTestKit,SMR_CommunityOptInPack,SMR_RailShaftDev_20260923,SMR_TrainHubDev_20260918 pack_version=26 read="live registry" save="Double Hub Build.savegame.sav" sol=29 status=OK t=20519211 id=399
[SMRTK] SMRTK_FINGERPRINT action=fingerprint fix_pack_present=45/45 game=405907 mark_action=mark mods=SMR_CommunityFixPack,SMR_CommunityFixPackTestKit,SMR_CommunityOptInPack,SMR_RailShaftDev_20260923,SMR_TrainHubDev_20260918 pack_version=26 read="live registry" save="Double Hub Build.savegame.sav" sol=29 status=OK t=20519211 id=399
[mod] [SMRTK] SMRTK_TAINT_READ action=taint_read status=OK used=false t=20519211 id=400
[SMRTK] SMRTK_TAINT_READ action=taint_read status=OK used=false t=20519211 id=400
[mod] [SMRTK] SMRTK_ELIGIBILITY action=eligibility reason=UNAVAILABLE:sandbox status=OK t=20519211 id=401
[SMRTK] SMRTK_ELIGIBILITY action=eligibility reason=UNAVAILABLE:sandbox status=OK t=20519211 id=401
						Lua 0:05:12:856
[mod] [SMRTK] SMRTK_DUMP calls=10 cap=480000 configured=false covered=true demand_desired=470000 demand_target=240500 enabled=true hub=none hub_room=none hub_stock=none mode=vanilla percent=unset phase=READ res=Metals sitting=distribution_pass2 station=6430 stock=239500 supply_desired=10000 supply_target=239500 target=unset t=20519211 id=402
[SMRTK] SMRTK_DUMP calls=10 cap=480000 configured=false covered=true demand_desired=470000 demand_target=240500 enabled=true hub=none hub_room=none hub_stock=none mode=vanilla percent=unset phase=READ res=Metals sitting=distribution_pass2 station=6430 stock=239500 supply_desired=10000 supply_target=239500 target=unset t=20519211 id=402
[mod] [SMRTK] SMRTK_DUMP assigned_here=0 cargo=0 object=2000001844 row=train sitting=distribution_pass2 station=6430 t=20519211 id=403
[SMRTK] SMRTK_DUMP assigned_here=0 cargo=0 object=2000001844 row=train sitting=distribution_pass2 station=6430 t=20519211 id=403
[mod] [SMRTK] SMRTK_ACTION action=slot_4 errors=0 game_time=20519211 mark=478 phase=READ rows=1 runtime_error=none sitting=distribution_pass2 station=6430 status=OK t=20519211 id=404
[SMRTK] SMRTK_ACTION action=slot_4 errors=0 game_time=20519211 mark=478 phase=READ rows=1 runtime_error=none sitting=distribution_pass2 station=6430 status=OK t=20519211 id=404
						Lua 0:05:25:708
[mod] [SMRTK] SMRTK_SECTION action=section_attach attached=true dialog=ipBuilding object=SMROptInTrainHub6(6430) status=OK t=20519211 id=405
						Lua 0:05:29:343
[mod] [SMRTK] SMRTK_SECTION action=section_attach attached=true dialog=ipBuilding object=SMROptInTrainHub6(6430) status=OK t=20519211 id=406
						Lua 0:05:30:287
[mod] [SMRTK] SMRTK_SECTION action=section_attach attached=true dialog=ipBuilding object=SMROptInTrainHub6(6495) status=OK t=20519211 id=407
						Lua 0:05:32:806
[mod] [SMRTK] SMRTK_MARK action=mark label=DISTRIBUTION_READ mark=488 status=OK t=20519211 id=408
[SMRTK] SMRTK_MARK action=mark label=DISTRIBUTION_READ mark=488 status=OK t=20519211 id=408
[mod] [SMRTK] SMRTK_FINGERPRINT action=fingerprint fix_pack_present=45/45 game=405907 mark_action=mark mods=SMR_CommunityFixPack,SMR_CommunityFixPackTestKit,SMR_CommunityOptInPack,SMR_RailShaftDev_20260923,SMR_TrainHubDev_20260918 pack_version=26 read="live registry" save="Double Hub Build.savegame.sav" sol=29 status=OK t=20519211 id=409
[SMRTK] SMRTK_FINGERPRINT action=fingerprint fix_pack_present=45/45 game=405907 mark_action=mark mods=SMR_CommunityFixPack,SMR_CommunityFixPackTestKit,SMR_CommunityOptInPack,SMR_RailShaftDev_20260923,SMR_TrainHubDev_20260918 pack_version=26 read="live registry" save="Double Hub Build.savegame.sav" sol=29 status=OK t=20519211 id=409
[mod] [SMRTK] SMRTK_TAINT_READ action=taint_read status=OK used=false t=20519211 id=410
[SMRTK] SMRTK_TAINT_READ action=taint_read status=OK used=false t=20519211 id=410
[mod] [SMRTK] SMRTK_ELIGIBILITY action=eligibility reason=UNAVAILABLE:sandbox status=OK t=20519211 id=411
[SMRTK] SMRTK_ELIGIBILITY action=eligibility reason=UNAVAILABLE:sandbox status=OK t=20519211 id=411
[mod] [SMRTK] SMRTK_DUMP calls=32 cap=480000 configured=false covered=true demand_desired=470000 demand_target=480000 enabled=true hub=none hub_room=none hub_stock=none mode=vanilla percent=unset phase=READ res=Metals sitting=distribution_pass2 station=6495 stock=0 supply_desired=10000 supply_target=0 target=unset t=20519211 id=412
[SMRTK] SMRTK_DUMP calls=32 cap=480000 configured=false covered=true demand_desired=470000 demand_target=480000 enabled=true hub=none hub_room=none hub_stock=none mode=vanilla percent=unset phase=READ res=Metals sitting=distribution_pass2 station=6495 stock=0 supply_desired=10000 supply_target=0 target=unset t=20519211 id=412
[mod] [SMRTK] SMRTK_DUMP assigned_here=0 cargo=0 object=2000002387 row=train sitting=distribution_pass2 station=6495 t=20519211 id=413
[SMRTK] SMRTK_DUMP assigned_here=0 cargo=0 object=2000002387 row=train sitting=distribution_pass2 station=6495 t=20519211 id=413
[mod] [SMRTK] SMRTK_DUMP assigned_here=0 cargo=0 object=2000002388 row=train sitting=distribution_pass2 station=6495 t=20519211 id=414
[SMRTK] SMRTK_DUMP assigned_here=0 cargo=0 object=2000002388 row=train sitting=distribution_pass2 station=6495 t=20519211 id=414
[mod] [SMRTK] SMRTK_DUMP assigned_here=0 cargo=0 object=2000002389 row=train sitting=distribution_pass2 station=6495 t=20519211 id=415
[SMRTK] SMRTK_DUMP assigned_here=0 cargo=0 object=2000002389 row=train sitting=distribution_pass2 station=6495 t=20519211 id=415
[mod] [SMRTK] SMRTK_DUMP assigned_here=0 cargo=0 object=2000002390 row=train sitting=distribution_pass2 station=6495 t=20519211 id=416
[SMRTK] SMRTK_DUMP assigned_here=0 cargo=0 object=2000002390 row=train sitting=distribution_pass2 station=6495 t=20519211 id=416
[mod] [SMRTK] SMRTK_ACTION action=slot_4 errors=0 game_time=20519211 mark=488 phase=READ rows=1 runtime_error=none sitting=distribution_pass2 station=6495 status=OK t=20519211 id=417
[SMRTK] SMRTK_ACTION action=slot_4 errors=0 game_time=20519211 mark=488 phase=READ rows=1 runtime_error=none sitting=distribution_pass2 station=6495 status=OK t=20519211 id=417
						Lua 0:05:44:299
[mod] [SMRTK] SMRTK_MARK action=mark label=STATIONS_EMPTY mark=498 status=OK t=20519211 id=418
[SMRTK] SMRTK_MARK action=mark label=STATIONS_EMPTY mark=498 status=OK t=20519211 id=418
[mod] [SMRTK] SMRTK_FINGERPRINT action=fingerprint fix_pack_present=45/45 game=405907 mark_action=mark mods=SMR_CommunityFixPack,SMR_CommunityFixPackTestKit,SMR_CommunityOptInPack,SMR_RailShaftDev_20260923,SMR_TrainHubDev_20260918 pack_version=26 read="live registry" save="Double Hub Build.savegame.sav" sol=29 status=OK t=20519211 id=419
[SMRTK] SMRTK_FINGERPRINT action=fingerprint fix_pack_present=45/45 game=405907 mark_action=mark mods=SMR_CommunityFixPack,SMR_CommunityFixPackTestKit,SMR_CommunityOptInPack,SMR_RailShaftDev_20260923,SMR_TrainHubDev_20260918 pack_version=26 read="live registry" save="Double Hub Build.savegame.sav" sol=29 status=OK t=20519211 id=419
						Lua 0:05:44:302
[mod] [SMRTK] SMRTK_ACTION action=slot_1 added=0 errors=0 game_time=20519211 held=0 mark=498 phase=EMPTY removed=1330000 skipped=0 stations=11 status=OK train_cargo=0 trains_loaded=0 t=20519211 id=420
[SMRTK] SMRTK_ACTION action=slot_1 added=0 errors=0 game_time=20519211 held=0 mark=498 phase=EMPTY removed=1330000 skipped=0 stations=11 status=OK train_cargo=0 trains_loaded=0 t=20519211 id=420
						Lua 0:05:48:638
[mod] [SMRTK] SMRTK_ACTION action=selected_fill after=9120000 before=0 method=CheatFill object=SMROptInTrainHub6(6495) resource=multiple resources=21 status=OK valid_after=true t=20519211 id=421
[SMRTK] SMRTK_ACTION action=selected_fill after=9120000 before=0 method=CheatFill object=SMROptInTrainHub6(6495) resource=multiple resources=21 status=OK valid_after=true t=20519211 id=421
						Lua 0:05:50:580
[mod] [SMRTK] SMRTK_SPEED action=speed_ultra before=0 factor=128000 requested=128 status=OK t=20519211 id=422
[SMRTK] SMRTK_SPEED action=speed_ultra before=0 factor=128000 requested=128 status=OK t=20519211 id=422
						Lua 0:05:50:727
[TrainHubDev] engine leg back: 51 m in 3500 ms = 1461 units per s (move_speed 8960) at t=20529695
						Lua 0:05:50:926
[TrainHubDev] engine leg back: 54 m in 3250 ms = 1662 units per s (move_speed 8960) at t=20544445
						Lua 0:05:51:169
[TrainHubDev] engine leg back: 55 m in 3500 ms = 1572 units per s (move_speed 8960) at t=20559695
						Lua 0:05:51:221
[mod] [SMRTK] SMRTK_SPEED action=speed_fast before=128000 factor=5000 requested=5 status=OK t=20561707 id=423
[SMRTK] SMRTK_SPEED action=speed_fast before=128000 factor=5000 requested=5 status=OK t=20561707 id=423
						Lua 0:05:51:824
[TrainHubDev] lights: arm 0, flanks the reactor (red flank) = B2 "Deep blue wash" (SpotLight), 12 lights, engine bearing 0 deg
						Lua 0:05:51:825
[TrainHubDev] lights: arm 1, flanks the reactor (blue flank) = B2 "Deep blue wash" (SpotLight), 12 lights, engine bearing 60 deg
[TrainHubDev] lights: arm 2, next to the blue flank = B2 "Deep blue wash" (SpotLight), 12 lights, engine bearing 120 deg
[TrainHubDev] lights: arm 3, opposite the red flank = B2 "Deep blue wash" (SpotLight), 12 lights, engine bearing 180 deg
						Lua 0:05:51:826
[TrainHubDev] lights: arm 4, opposite the blue flank = B2 "Deep blue wash" (SpotLight), 12 lights, engine bearing 240 deg
[TrainHubDev] lights: arm 5, next to the red flank = B2 "Deep blue wash" (SpotLight), 12 lights, engine bearing 300 deg
[TrainHubDev] lights: arm tune intensity 50, side 150 cm, height 200 cm, radius 500 cm, cone 50/100, colour 0,40,255
[TrainHubDev] structure lights: portal rims ON, 30 lights (intensity 4, radius 350 cm)
[TrainHubDev] structure lights: drone pit kerb OFF, 0 lights (intensity 15, radius 300 cm)
[TrainHubDev] structure lights: ring rim strip OFF, 0 lights (intensity 12, radius 400 cm)
[TrainHubDev] structure lights: floor edge strip OFF, 0 lights (intensity 30, radius 300 cm)
[TrainHubDev] structure lights: crown floor light ON, 1 lights (intensity 150, radius 4000 cm)
						Lua 0:05:51:827
[TrainHubDev] structure lights: crown floor light follows the VANILLA night schedule (OnMsg.LightmodelChange -> map.NightLightsState, NightLightObjects.lua:250-259, :22 on build 1.1.0.403908); it is NIGHT now, so it is LIT -- hanging at z 1900 cm, colour 255,214,170, cone 0/0
[TrainHubDev] structure lights: under-deck fill ON, 18 lights (intensity 40, radius 1200 cm)
[TrainHubDev] structure lights: under-deck fill follows the VANILLA night schedule (OnMsg.LightmodelChange -> map.NightLightsState, NightLightObjects.lua:250-259, :22 on build 1.1.0.403908); it is NIGHT now, so it is LIT -- hanging at z 700 cm, colour 255,214,170, cone 0/0
[TrainHubDev] lights: 121 placed (72 arm + 49 structure); a stopped hub destroys them all
						Lua 0:05:51:830
[TrainHubDev] lights: arm 0, flanks the reactor (red flank) = B2 "Deep blue wash" (SpotLight), 12 lights, engine bearing 0 deg
						Lua 0:05:51:831
[TrainHubDev] lights: arm 1, flanks the reactor (blue flank) = B2 "Deep blue wash" (SpotLight), 12 lights, engine bearing 60 deg
						Lua 0:05:51:832
[TrainHubDev] lights: arm 2, next to the blue flank = B2 "Deep blue wash" (SpotLight), 12 lights, engine bearing 120 deg
[TrainHubDev] lights: arm 3, opposite the red flank = B2 "Deep blue wash" (SpotLight), 12 lights, engine bearing 180 deg
						Lua 0:05:51:833
[TrainHubDev] lights: arm 4, opposite the blue flank = B2 "Deep blue wash" (SpotLight), 12 lights, engine bearing 240 deg
						Lua 0:05:51:834
[TrainHubDev] lights: arm 5, next to the red flank = B2 "Deep blue wash" (SpotLight), 12 lights, engine bearing 300 deg
[TrainHubDev] lights: arm tune intensity 50, side 150 cm, height 200 cm, radius 500 cm, cone 50/100, colour 0,40,255
						Lua 0:05:51:835
[TrainHubDev] structure lights: portal rims ON, 30 lights (intensity 4, radius 350 cm)
[TrainHubDev] structure lights: drone pit kerb OFF, 0 lights (intensity 15, radius 300 cm)
[TrainHubDev] structure lights: ring rim strip OFF, 0 lights (intensity 12, radius 400 cm)
[TrainHubDev] structure lights: floor edge strip OFF, 0 lights (intensity 30, radius 300 cm)
[TrainHubDev] structure lights: crown floor light ON, 1 lights (intensity 150, radius 4000 cm)
[TrainHubDev] structure lights: crown floor light follows the VANILLA night schedule (OnMsg.LightmodelChange -> map.NightLightsState, NightLightObjects.lua:250-259, :22 on build 1.1.0.403908); it is NIGHT now, so it is LIT -- hanging at z 1900 cm, colour 255,214,170, cone 0/0
[TrainHubDev] structure lights: under-deck fill ON, 18 lights (intensity 40, radius 1200 cm)
[TrainHubDev] structure lights: under-deck fill follows the VANILLA night schedule (OnMsg.LightmodelChange -> map.NightLightsState, NightLightObjects.lua:250-259, :22 on build 1.1.0.403908); it is NIGHT now, so it is LIT -- hanging at z 700 cm, colour 255,214,170, cone 0/0
						Lua 0:05:51:836
[TrainHubDev] lights: 121 placed (72 arm + 49 structure); a stopped hub destroys them all
						Lua 0:05:53:810
[TrainHubDev] engine leg back: 46 m in 3750 ms = 1225 units per s (move_speed 8960) at t=20574945
						Lua 0:05:54:460
[mod] [SMRTK] SMRTK_CLEAR action=clear status=OK t=20578192 id=424
						Lua 0:05:55:738
[mod] [SMRTK] SMRTK_SPEED action=pause before=5000 factor=0 requested=0 status=OK t=20584577 id=425
[SMRTK] SMRTK_SPEED action=pause before=5000 factor=0 requested=0 status=OK t=20584577 id=425
						Lua 0:05:56:385
[mod] [SMRTK] SMRTK_TAB action=tab_World page=World status=OK t=20584577 id=426
						Lua 0:05:58:275
[mod] [SMRTK] SMRTK_TAB action=tab_Agent page=Agent status=OK t=20584577 id=427
						Lua 0:05:59:504
[mod] [SMRTK] SMRTK_MARK action=mark label=STREAM_START mark=544 status=OK t=20584577 id=428
[SMRTK] SMRTK_MARK action=mark label=STREAM_START mark=544 status=OK t=20584577 id=428
[mod] [SMRTK] SMRTK_FINGERPRINT action=fingerprint fix_pack_present=45/45 game=405907 mark_action=mark mods=SMR_CommunityFixPack,SMR_CommunityFixPackTestKit,SMR_CommunityOptInPack,SMR_RailShaftDev_20260923,SMR_TrainHubDev_20260918 pack_version=26 read="live registry" save="Double Hub Build.savegame.sav" sol=29 status=OK t=20584577 id=429
[SMRTK] SMRTK_FINGERPRINT action=fingerprint fix_pack_present=45/45 game=405907 mark_action=mark mods=SMR_CommunityFixPack,SMR_CommunityFixPackTestKit,SMR_CommunityOptInPack,SMR_RailShaftDev_20260923,SMR_TrainHubDev_20260918 pack_version=26 read="live registry" save="Double Hub Build.savegame.sav" sol=29 status=OK t=20584577 id=429
[mod] [SMRTK] SMRTK_STREAM assigned=none at_station=false cargo=none command=GotoStation line=6430-1994 passengers=0 row=train station=1994 train=2000001652 t=20584577 id=430
[mod] [SMRTK] SMRTK_STREAM assigned=none at_station=true cargo=none command=LoadTrain line=2012-6430 passengers=0 row=train station=2012 train=2000001844 t=20584577 id=431
[mod] [SMRTK] SMRTK_STREAM assigned=2007:Bread:10000,2007:Butter:10000,2007:Cheese:5000,2007:Concrete:10000,2007:Food:10000,2007:Herbs:10000,2007:Metals:10000,2007:PreciousMetals:10000,2007:PreciousMinerals:10000,2007:Spices:10000,2007:Sugar:10000 at_station=true cargo=Bread:10000,Butter:10000,Cheese:5000,Concrete:10000,Food:10000,Herbs:10000,Metals:10000,PreciousMetals:10000,PreciousMinerals:10000,Spices:10000,Sugar:10000 command=LoadTrain line=2011-6430 passengers=0 row=train station=6430 train=2000001845 t=20584577 id=432
[mod] [SMRTK] SMRTK_STREAM assigned=1994:Bread:10000,1994:Butter:10000,1994:Cheese:5000,1994:Concrete:10000,1994:Food:10000,1994:Herbs:10000,1994:Metals:10000,1994:PreciousMetals:10000,1994:PreciousMinerals:10000,1994:Spices:10000,1994:Sugar:10000 at_station=false cargo=Bread:10000,Butter:10000,Cheese:5000,Concrete:10000,Food:10000,Herbs:10000,Metals:10000,PreciousMetals:10000,PreciousMinerals:10000,Spices:10000,Sugar:10000 command=GotoStation line=6430-1994 passengers=0 row=train station=6430 train=2000001846 t=20584577 id=433
[mod] [SMRTK] SMRTK_STREAM assigned=2011:Bread:10000,2011:Butter:10000,2011:Cheese:5000,2011:Concrete:10000,2011:Food:10000,2011:Herbs:10000,2011:Metals:10000,2011:PreciousMetals:10000,2011:PreciousMinerals:10000,2011:Spices:10000,2011:Sugar:10000 at_station=false cargo=Bread:10000,Butter:10000,Cheese:5000,Concrete:10000,Food:10000,Herbs:10000,Metals:10000,PreciousMetals:10000,PreciousMinerals:10000,Spices:10000,Sugar:10000 command=GotoStation line=2011-6430 passengers=0 row=train station=6430 train=2000001847 t=20584577 id=434
[mod] [SMRTK] SMRTK_STREAM assigned=2012:Coffee:10000,2012:Electronics:10000,2012:Fuel:10000,2012:MachineParts:10000,2012:Meat:10000,2012:Polymers:10000,2012:Seeds:10000,2012:WasteRock:10000,6243:Concrete:5000,6243:Herbs:10000,6243:Metals:10000 at_station=false cargo=Coffee:10000,Concrete:5000,Electronics:10000,Fuel:10000,Herbs:10000,MachineParts:10000,Meat:10000,Metals:10000,Polymers:10000,Seeds:10000,WasteRock:10000 command=GotoStation line=2012-6430 passengers=0 row=train station=6430 train=2000001848 t=20584577 id=435
[mod] [SMRTK] SMRTK_STREAM assigned=none at_station=false cargo=none command=GotoStation line=2012-6430 passengers=0 row=train station=2012 train=2000001849 t=20584577 id=436
[mod] [SMRTK] SMRTK_STREAM assigned=none at_station=false cargo=none command=GotoStation line=6430-2007 passengers=0 row=train station=2007 train=2000001850 t=20584577 id=437
[mod] [SMRTK] SMRTK_STREAM assigned=none at_station=true cargo=none command=LoadTrain line=2011-2009 passengers=0 row=train station=2009 train=2000001851 t=20584577 id=438
[mod] [SMRTK] SMRTK_STREAM assigned=none at_station=false cargo=none command=GotoStation line=6951-6883 passengers=0 row=train station=6951 train=2000002387 t=20584577 id=439
						Lua 0:05:59:505
[mod] [SMRTK] SMRTK_STREAM assigned=none at_station=false cargo=none command=GotoStation line=7411-6495 passengers=0 row=train station=7411 train=2000002388 t=20584577 id=440
[mod] [SMRTK] SMRTK_STREAM assigned=none at_station=true cargo=none command=LoadTrain line=6951-6883 passengers=0 row=train station=6951 train=2000002389 t=20584577 id=441
[mod] [SMRTK] SMRTK_STREAM assigned=6951:Cheese:5000,6951:Electronics:10000,6951:Fuel:10000,6951:MachineParts:5000,6951:Meat:10000,6951:Seeds:10000,6951:WasteRock:10000 at_station=true cargo=Cheese:5000,Electronics:10000,Fuel:10000,MachineParts:5000,Meat:10000,Seeds:10000,WasteRock:10000 command=LoadTrain line=6495-6827 passengers=0 row=train station=6495 train=2000002390 t=20584577 id=442
[mod] [SMRTK] SMRTK_STREAM assigned=7411:Cheese:5000,7411:Coffee:10000,7411:Electronics:10000,7411:Fuel:10000,7411:MachineParts:10000,7411:Meat:10000,7411:Polymers:10000,7411:Seeds:10000,7411:WasteRock:10000 at_station=true cargo=Cheese:5000,Coffee:10000,Electronics:10000,Fuel:10000,MachineParts:10000,Meat:10000,Polymers:10000,Seeds:10000,WasteRock:10000 command=UnloadTrain line=7411-6495 passengers=0 row=train station=7411 train=2000002391 t=20584577 id=443
[mod] [SMRTK] SMRTK_STREAM assigned=6883:Coffee:10000,6883:Electronics:10000,6883:Fuel:10000,6883:MachineParts:10000,6883:Meat:10000,6883:Polymers:10000,6883:Seeds:10000,6883:WasteRock:10000,6951:Coffee:10000,6951:MachineParts:5000,6951:Polymers:10000 at_station=false cargo=Coffee:20000,Electronics:10000,Fuel:10000,MachineParts:15000,Meat:10000,Polymers:20000,Seeds:10000,WasteRock:10000 command=GotoStation line=6883-6495 passengers=0 row=train station=6495 train=2000002392 t=20584577 id=444
						Lua 0:05:59:515
[mod] [SMRTK] SMRTK_STREAM before=start calls=12 cubes=none expected_cubes=none hub=false res=Herbs row=stock station=1994 stock=0 target=10000 t=20584577 id=445
[mod] [SMRTK] SMRTK_STREAM before=start calls=12 cubes=none expected_cubes=none hub=false res=Metals row=stock station=1994 stock=0 target=10000 t=20584577 id=446
[mod] [SMRTK] SMRTK_STREAM before=start calls=12 cubes=none expected_cubes=none hub=false res=Concrete row=stock station=1994 stock=0 target=10000 t=20584577 id=447
[mod] [SMRTK] SMRTK_STREAM before=start calls=12 cubes=none expected_cubes=none hub=false res=Spices row=stock station=1994 stock=0 target=10000 t=20584577 id=448
[mod] [SMRTK] SMRTK_STREAM before=start calls=12 cubes=none expected_cubes=none hub=false res=Food row=stock station=1994 stock=0 target=10000 t=20584577 id=449
[mod] [SMRTK] SMRTK_STREAM before=start calls=12 cubes=none expected_cubes=none hub=false res=Sugar row=stock station=1994 stock=0 target=10000 t=20584577 id=450
[mod] [SMRTK] SMRTK_STREAM before=start calls=12 cubes=none expected_cubes=none hub=false res=Butter row=stock station=1994 stock=0 target=10000 t=20584577 id=451
[mod] [SMRTK] SMRTK_STREAM before=start calls=12 cubes=none expected_cubes=none hub=false res=PreciousMetals row=stock station=1994 stock=0 target=10000 t=20584577 id=452
[mod] [SMRTK] SMRTK_STREAM before=start calls=12 cubes=none expected_cubes=none hub=false res=Bread row=stock station=1994 stock=0 target=10000 t=20584577 id=453
[mod] [SMRTK] SMRTK_STREAM before=start calls=12 cubes=none expected_cubes=none hub=false res=PreciousMinerals row=stock station=1994 stock=0 target=10000 t=20584577 id=454
[mod] [SMRTK] SMRTK_STREAM before=start calls=12 cubes=none expected_cubes=none hub=false res=Cheese row=stock station=1994 stock=0 target=10000 t=20584577 id=455
[mod] [SMRTK] SMRTK_STREAM before=start calls=12 cubes=none expected_cubes=none hub=false res=Polymers row=stock station=1994 stock=0 target=10000 t=20584577 id=456
[mod] [SMRTK] SMRTK_STREAM before=start calls=12 cubes=none expected_cubes=none hub=false res=Coffee row=stock station=1994 stock=0 target=10000 t=20584577 id=457
[mod] [SMRTK] SMRTK_STREAM before=start calls=12 cubes=none expected_cubes=none hub=false res=MachineParts row=stock station=1994 stock=0 target=10000 t=20584577 id=458
[mod] [SMRTK] SMRTK_STREAM before=start calls=12 cubes=none expected_cubes=none hub=false res=Electronics row=stock station=1994 stock=0 target=10000 t=20584577 id=459
[mod] [SMRTK] SMRTK_STREAM before=start calls=12 cubes=none expected_cubes=none hub=false res=Meat row=stock station=1994 stock=0 target=10000 t=20584577 id=460
[mod] [SMRTK] SMRTK_STREAM before=start calls=12 cubes=none expected_cubes=none hub=false res=Fuel row=stock station=1994 stock=0 target=10000 t=20584577 id=461
[mod] [SMRTK] SMRTK_STREAM before=start calls=12 cubes=none expected_cubes=none hub=false res=Seeds row=stock station=1994 stock=0 target=10000 t=20584577 id=462
[mod] [SMRTK] SMRTK_STREAM before=start calls=12 cubes=none expected_cubes=none hub=false res=WasteRock row=stock station=1994 stock=0 target=10000 t=20584577 id=463
[mod] [SMRTK] SMRTK_STREAM before=start calls=13 cubes=none expected_cubes=none hub=false res=Herbs row=stock station=2007 stock=0 target=10000 t=20584577 id=464
[mod] [SMRTK] SMRTK_STREAM before=start calls=13 cubes=none expected_cubes=none hub=false res=Metals row=stock station=2007 stock=0 target=10000 t=20584577 id=465
[mod] [SMRTK] SMRTK_STREAM before=start calls=13 cubes=none expected_cubes=none hub=false res=Concrete row=stock station=2007 stock=0 target=10000 t=20584577 id=466
[mod] [SMRTK] SMRTK_STREAM before=start calls=13 cubes=none expected_cubes=none hub=false res=Spices row=stock station=2007 stock=0 target=10000 t=20584577 id=467
						Lua 0:05:59:516
[mod] [SMRTK] SMRTK_STREAM before=start calls=13 cubes=none expected_cubes=none hub=false res=Food row=stock station=2007 stock=0 target=10000 t=20584577 id=468
[mod] [SMRTK] SMRTK_STREAM before=start calls=13 cubes=none expected_cubes=none hub=false res=Sugar row=stock station=2007 stock=0 target=10000 t=20584577 id=469
[mod] [SMRTK] SMRTK_STREAM before=start calls=13 cubes=none expected_cubes=none hub=false res=Butter row=stock station=2007 stock=0 target=10000 t=20584577 id=470
[mod] [SMRTK] SMRTK_STREAM before=start calls=13 cubes=none expected_cubes=none hub=false res=PreciousMetals row=stock station=2007 stock=0 target=10000 t=20584577 id=471
[mod] [SMRTK] SMRTK_STREAM before=start calls=13 cubes=none expected_cubes=none hub=false res=Bread row=stock station=2007 stock=0 target=10000 t=20584577 id=472
[mod] [SMRTK] SMRTK_STREAM before=start calls=13 cubes=none expected_cubes=none hub=false res=PreciousMinerals row=stock station=2007 stock=0 target=10000 t=20584577 id=473
[mod] [SMRTK] SMRTK_STREAM before=start calls=13 cubes=none expected_cubes=none hub=false res=Cheese row=stock station=2007 stock=0 target=10000 t=20584577 id=474
[mod] [SMRTK] SMRTK_STREAM before=start calls=13 cubes=none expected_cubes=none hub=false res=Polymers row=stock station=2007 stock=0 target=10000 t=20584577 id=475
[mod] [SMRTK] SMRTK_STREAM before=start calls=13 cubes=none expected_cubes=none hub=false res=Coffee row=stock station=2007 stock=0 target=10000 t=20584577 id=476
[mod] [SMRTK] SMRTK_STREAM before=start calls=13 cubes=none expected_cubes=none hub=false res=MachineParts row=stock station=2007 stock=0 target=10000 t=20584577 id=477
[mod] [SMRTK] SMRTK_STREAM before=start calls=13 cubes=none expected_cubes=none hub=false res=Electronics row=stock station=2007 stock=0 target=10000 t=20584577 id=478
[mod] [SMRTK] SMRTK_STREAM before=start calls=13 cubes=none expected_cubes=none hub=false res=Meat row=stock station=2007 stock=0 target=10000 t=20584577 id=479
[mod] [SMRTK] SMRTK_STREAM before=start calls=13 cubes=none expected_cubes=none hub=false res=Fuel row=stock station=2007 stock=0 target=10000 t=20584577 id=480
[mod] [SMRTK] SMRTK_STREAM before=start calls=13 cubes=none expected_cubes=none hub=false res=Seeds row=stock station=2007 stock=0 target=10000 t=20584577 id=481
[mod] [SMRTK] SMRTK_STREAM before=start calls=13 cubes=none expected_cubes=none hub=false res=WasteRock row=stock station=2007 stock=0 target=10000 t=20584577 id=482
[mod] [SMRTK] SMRTK_STREAM before=start calls=6 cubes=none expected_cubes=none hub=false res=Herbs row=stock station=2008 stock=0 target=10000 t=20584577 id=483
[mod] [SMRTK] SMRTK_STREAM before=start calls=6 cubes=none expected_cubes=none hub=false res=Metals row=stock station=2008 stock=0 target=10000 t=20584577 id=484
[mod] [SMRTK] SMRTK_STREAM before=start calls=6 cubes=none expected_cubes=none hub=false res=Concrete row=stock station=2008 stock=0 target=10000 t=20584577 id=485
[mod] [SMRTK] SMRTK_STREAM before=start calls=6 cubes=none expected_cubes=none hub=false res=Spices row=stock station=2008 stock=0 target=10000 t=20584577 id=486
[mod] [SMRTK] SMRTK_STREAM before=start calls=6 cubes=none expected_cubes=none hub=false res=Food row=stock station=2008 stock=0 target=10000 t=20584577 id=487
[mod] [SMRTK] SMRTK_STREAM before=start calls=6 cubes=none expected_cubes=none hub=false res=Sugar row=stock station=2008 stock=0 target=10000 t=20584577 id=488
[mod] [SMRTK] SMRTK_STREAM before=start calls=6 cubes=none expected_cubes=none hub=false res=Butter row=stock station=2008 stock=0 target=10000 t=20584577 id=489
[mod] [SMRTK] SMRTK_STREAM before=start calls=6 cubes=none expected_cubes=none hub=false res=PreciousMetals row=stock station=2008 stock=0 target=10000 t=20584577 id=490
[mod] [SMRTK] SMRTK_STREAM before=start calls=6 cubes=none expected_cubes=none hub=false res=Bread row=stock station=2008 stock=0 target=10000 t=20584577 id=491
[mod] [SMRTK] SMRTK_STREAM before=start calls=6 cubes=none expected_cubes=none hub=false res=PreciousMinerals row=stock station=2008 stock=0 target=10000 t=20584577 id=492
[mod] [SMRTK] SMRTK_STREAM before=start calls=6 cubes=none expected_cubes=none hub=false res=Cheese row=stock station=2008 stock=0 target=10000 t=20584577 id=493
[mod] [SMRTK] SMRTK_STREAM before=start calls=6 cubes=none expected_cubes=none hub=false res=Polymers row=stock station=2008 stock=0 target=10000 t=20584577 id=494
[mod] [SMRTK] SMRTK_STREAM before=start calls=6 cubes=none expected_cubes=none hub=false res=Coffee row=stock station=2008 stock=0 target=10000 t=20584577 id=495
[mod] [SMRTK] SMRTK_STREAM before=start calls=6 cubes=none expected_cubes=none hub=false res=MachineParts row=stock station=2008 stock=0 target=10000 t=20584577 id=496
[mod] [SMRTK] SMRTK_STREAM before=start calls=6 cubes=none expected_cubes=none hub=false res=Electronics row=stock station=2008 stock=0 target=10000 t=20584577 id=497
[mod] [SMRTK] SMRTK_STREAM before=start calls=6 cubes=none expected_cubes=none hub=false res=Meat row=stock station=2008 stock=0 target=10000 t=20584577 id=498						Lua 0:05:59:517

[mod] [SMRTK] SMRTK_STREAM before=start calls=6 cubes=none expected_cubes=none hub=false res=Fuel row=stock station=2008 stock=0 target=10000 t=20584577 id=499
[mod] [SMRTK] SMRTK_STREAM before=start calls=6 cubes=none expected_cubes=none hub=false res=Seeds row=stock station=2008 stock=0 target=10000 t=20584577 id=500
[mod] [SMRTK] SMRTK_STREAM before=start calls=6 cubes=none expected_cubes=none hub=false res=WasteRock row=stock station=2008 stock=0 target=10000 t=20584577 id=501
[mod] [SMRTK] SMRTK_STREAM before=start calls=14 cubes=none expected_cubes=none hub=false res=Herbs row=stock station=2009 stock=0 target=10000 t=20584577 id=502
[mod] [SMRTK] SMRTK_STREAM before=start calls=14 cubes=none expected_cubes=none hub=false res=Metals row=stock station=2009 stock=0 target=10000 t=20584577 id=503
[mod] [SMRTK] SMRTK_STREAM before=start calls=14 cubes=none expected_cubes=none hub=false res=Concrete row=stock station=2009 stock=0 target=10000 t=20584577 id=504
[mod] [SMRTK] SMRTK_STREAM before=start calls=14 cubes=none expected_cubes=none hub=false res=Spices row=stock station=2009 stock=0 target=10000 t=20584577 id=505
[mod] [SMRTK] SMRTK_STREAM before=start calls=14 cubes=none expected_cubes=none hub=false res=Food row=stock station=2009 stock=0 target=10000 t=20584577 id=506
[mod] [SMRTK] SMRTK_STREAM before=start calls=14 cubes=none expected_cubes=none hub=false res=Sugar row=stock station=2009 stock=0 target=10000 t=20584577 id=507
[mod] [SMRTK] SMRTK_STREAM before=start calls=14 cubes=none expected_cubes=none hub=false res=Butter row=stock station=2009 stock=0 target=10000 t=20584577 id=508
[mod] [SMRTK] SMRTK_STREAM before=start calls=14 cubes=none expected_cubes=none hub=false res=PreciousMetals row=stock station=2009 stock=0 target=10000 t=20584577 id=509
[mod] [SMRTK] SMRTK_STREAM before=start calls=14 cubes=none expected_cubes=none hub=false res=Bread row=stock station=2009 stock=0 target=10000 t=20584577 id=510
[mod] [SMRTK] SMRTK_STREAM before=start calls=14 cubes=none expected_cubes=none hub=false res=PreciousMinerals row=stock station=2009 stock=0 target=10000 t=20584577 id=511
[mod] [SMRTK] SMRTK_STREAM before=start calls=14 cubes=none expected_cubes=none hub=false res=Cheese row=stock station=2009 stock=0 target=10000 t=20584577 id=512
[mod] [SMRTK] SMRTK_STREAM before=start calls=14 cubes=none expected_cubes=none hub=false res=Polymers row=stock station=2009 stock=0 target=10000 t=20584577 id=513
[mod] [SMRTK] SMRTK_STREAM before=start calls=14 cubes=none expected_cubes=none hub=false res=Coffee row=stock station=2009 stock=0 target=10000 t=20584577 id=514
[mod] [SMRTK] SMRTK_STREAM before=start calls=14 cubes=none expected_cubes=none hub=false res=MachineParts row=stock station=2009 stock=0 target=10000 t=20584577 id=515
[mod] [SMRTK] SMRTK_STREAM before=start calls=14 cubes=none expected_cubes=none hub=false res=Electronics row=stock station=2009 stock=0 target=10000 t=20584577 id=516
[mod] [SMRTK] SMRTK_STREAM before=start calls=14 cubes=none expected_cubes=none hub=false res=Meat row=stock station=2009 stock=0 target=10000 t=20584577 id=517
[mod] [SMRTK] SMRTK_STREAM before=start calls=14 cubes=none expected_cubes=none hub=false res=Fuel row=stock station=2009 stock=0 target=10000 t=20584577 id=518
[mod] [SMRTK] SMRTK_STREAM before=start calls=14 cubes=none expected_cubes=none hub=false res=Seeds row=stock station=2009 stock=0 target=10000 t=20584577 id=519
[mod] [SMRTK] SMRTK_STREAM before=start calls=14 cubes=none expected_cubes=none hub=false res=WasteRock row=stock station=2009 stock=0 target=10000 t=20584577 id=520
[mod] [SMRTK] SMRTK_STREAM before=start calls=12 cubes=none expected_cubes=none hub=false res=Herbs row=stock station=2011 stock=0 target=10000 t=20584577 id=521
[mod] [SMRTK] SMRTK_STREAM before=start calls=12 cubes=none expected_cubes=none hub=false res=Metals row=stock station=2011 stock=0 target=10000 t=20584577 id=522
[mod] [SMRTK] SMRTK_STREAM before=start calls=12 cubes=none expected_cubes=none hub=false res=Concrete row=stock station=2011 stock=0 target=10000 t=20584577 id=523
[mod] [SMRTK] SMRTK_STREAM before=start calls=12 cubes=none expected_cubes=none hub=false res=Spices row=stock station=2011 stock=0 target=10000 t=20584577 id=524
[mod] [SMRTK] SMRTK_STREAM before=start calls=12 cubes=none expected_cubes=none hub=false res=Food row=stock station=2011 stock=0 target=10000 t=20584577 id=525
[mod] [SMRTK] SMRTK_STREAM before=start calls=12 cubes=none expected_cubes=none hub=false res=Sugar row=stock station=2011 stock=0 target=10000 t=20584577 id=526
[mod] [SMRTK] SMRTK_STREAM before=start calls=12 cubes=none expected_cubes=none hub=false res=Butter row=stock station=2011 stock=0 target=10000 t=20584577 id=527
[mod] [SMRTK] SMRTK_STREAM before=start calls=12 cubes=none expected_cubes=none hub=false res=PreciousMetals row=stock station=2011 stock=0 target=10000 t=20584577 id=528
						Lua 0:05:59:518
[mod] [SMRTK] SMRTK_STREAM before=start calls=12 cubes=none expected_cubes=none hub=false res=Bread row=stock station=2011 stock=0 target=10000 t=20584577 id=529
[mod] [SMRTK] SMRTK_STREAM before=start calls=12 cubes=none expected_cubes=none hub=false res=PreciousMinerals row=stock station=2011 stock=0 target=10000 t=20584577 id=530
[mod] [SMRTK] SMRTK_STREAM before=start calls=12 cubes=none expected_cubes=none hub=false res=Cheese row=stock station=2011 stock=0 target=10000 t=20584577 id=531
[mod] [SMRTK] SMRTK_STREAM before=start calls=12 cubes=none expected_cubes=none hub=false res=Polymers row=stock station=2011 stock=0 target=10000 t=20584577 id=532
[mod] [SMRTK] SMRTK_STREAM before=start calls=12 cubes=none expected_cubes=none hub=false res=Coffee row=stock station=2011 stock=0 target=10000 t=20584577 id=533
[mod] [SMRTK] SMRTK_STREAM before=start calls=12 cubes=none expected_cubes=none hub=false res=MachineParts row=stock station=2011 stock=0 target=10000 t=20584577 id=534
[mod] [SMRTK] SMRTK_STREAM before=start calls=12 cubes=none expected_cubes=none hub=false res=Electronics row=stock station=2011 stock=0 target=10000 t=20584577 id=535
[mod] [SMRTK] SMRTK_STREAM before=start calls=12 cubes=none expected_cubes=none hub=false res=Meat row=stock station=2011 stock=0 target=10000 t=20584577 id=536
[mod] [SMRTK] SMRTK_STREAM before=start calls=12 cubes=none expected_cubes=none hub=false res=Fuel row=stock station=2011 stock=0 target=10000 t=20584577 id=537
[mod] [SMRTK] SMRTK_STREAM before=start calls=12 cubes=none expected_cubes=none hub=false res=Seeds row=stock station=2011 stock=0 target=10000 t=20584577 id=538
[mod] [SMRTK] SMRTK_STREAM before=start calls=12 cubes=none expected_cubes=none hub=false res=WasteRock row=stock station=2011 stock=0 target=10000 t=20584577 id=539
[mod] [SMRTK] SMRTK_STREAM before=start calls=4 cubes=none expected_cubes=none hub=false res=Herbs row=stock station=2012 stock=10000 target=10000 t=20584577 id=540
[mod] [SMRTK] SMRTK_STREAM before=start calls=4 cubes=none expected_cubes=none hub=false res=Metals row=stock station=2012 stock=10000 target=10000 t=20584577 id=541
[mod] [SMRTK] SMRTK_STREAM before=start calls=4 cubes=none expected_cubes=none hub=false res=Concrete row=stock station=2012 stock=10000 target=10000 t=20584577 id=542
[mod] [SMRTK] SMRTK_STREAM before=start calls=4 cubes=none expected_cubes=none hub=false res=Spices row=stock station=2012 stock=10000 target=10000 t=20584577 id=543
[mod] [SMRTK] SMRTK_STREAM before=start calls=4 cubes=none expected_cubes=none hub=false res=Food row=stock station=2012 stock=10000 target=10000 t=20584577 id=544
[mod] [SMRTK] SMRTK_STREAM before=start calls=4 cubes=none expected_cubes=none hub=false res=Sugar row=stock station=2012 stock=10000 target=10000 t=20584577 id=545
[mod] [SMRTK] SMRTK_STREAM before=start calls=4 cubes=none expected_cubes=none hub=false res=Butter row=stock station=2012 stock=10000 target=10000 t=20584577 id=546
[mod] [SMRTK] SMRTK_STREAM before=start calls=4 cubes=none expected_cubes=none hub=false res=PreciousMetals row=stock station=2012 stock=10000 target=10000 t=20584577 id=547
[mod] [SMRTK] SMRTK_STREAM before=start calls=4 cubes=none expected_cubes=none hub=false res=Bread row=stock station=2012 stock=10000 target=10000 t=20584577 id=548
[mod] [SMRTK] SMRTK_STREAM before=start calls=4 cubes=none expected_cubes=none hub=false res=PreciousMinerals row=stock station=2012 stock=10000 target=10000 t=20584577 id=549
[mod] [SMRTK] SMRTK_STREAM before=start calls=4 cubes=none expected_cubes=none hub=false res=Cheese row=stock station=2012 stock=5000 target=10000 t=20584577 id=550
[mod] [SMRTK] SMRTK_STREAM before=start calls=4 cubes=none expected_cubes=none hub=false res=Polymers row=stock station=2012 stock=0 target=10000 t=20584577 id=551
[mod] [SMRTK] SMRTK_STREAM before=start calls=4 cubes=none expected_cubes=none hub=false res=Coffee row=stock station=2012 stock=0 target=10000 t=20584577 id=552
[mod] [SMRTK] SMRTK_STREAM before=start calls=4 cubes=none expected_cubes=none hub=false res=MachineParts row=stock station=2012 stock=0 target=10000 t=20584577 id=553
[mod] [SMRTK] SMRTK_STREAM before=start calls=4 cubes=none expected_cubes=none hub=false res=Electronics row=stock station=2012 stock=0 target=10000 t=20584577 id=554
[mod] [SMRTK] SMRTK_STREAM before=start calls=4 cubes=none expected_cubes=none hub=false res=Meat row=stock station=2012 stock=0 target=10000 t=20584577 id=555
[mod] [SMRTK] SMRTK_STREAM before=start calls=4 cubes=none expected_cubes=none hub=false res=Fuel row=stock station=2012 stock=0 target=10000 t=20584577 id=556
[mod] [SMRTK] SMRTK_STREAM before=start calls=4 cubes=none expected_cubes=none hub=false res=Seeds row=stock station=2012 stock=0 target=10000 t=20584577 id=557
[mod] [SMRTK] SMRTK_STREAM before=start calls=4 cubes=none expected_cubes=none hub=false res=WasteRock row=stock station=2012 stock=0 target=10000 t=20584577 id=558
[mod] [SMRTK] SMRTK_STREAM before=start calls=6 cubes=none expected_cubes=none hub=false res=Herbs row=stock station=6243 stock=0 target=10000 t=20584577 id=559
						Lua 0:05:59:519
[mod] [SMRTK] SMRTK_STREAM before=start calls=6 cubes=none expected_cubes=none hub=false res=Metals row=stock station=6243 stock=0 target=10000 t=20584577 id=560
[mod] [SMRTK] SMRTK_STREAM before=start calls=6 cubes=none expected_cubes=none hub=false res=Concrete row=stock station=6243 stock=0 target=10000 t=20584577 id=561
[mod] [SMRTK] SMRTK_STREAM before=start calls=6 cubes=none expected_cubes=none hub=false res=Spices row=stock station=6243 stock=0 target=10000 t=20584577 id=562
[mod] [SMRTK] SMRTK_STREAM before=start calls=6 cubes=none expected_cubes=none hub=false res=Food row=stock station=6243 stock=0 target=10000 t=20584577 id=563
[mod] [SMRTK] SMRTK_STREAM before=start calls=6 cubes=none expected_cubes=none hub=false res=Sugar row=stock station=6243 stock=0 target=10000 t=20584577 id=564
[mod] [SMRTK] SMRTK_STREAM before=start calls=6 cubes=none expected_cubes=none hub=false res=Butter row=stock station=6243 stock=0 target=10000 t=20584577 id=565
[mod] [SMRTK] SMRTK_STREAM before=start calls=6 cubes=none expected_cubes=none hub=false res=PreciousMetals row=stock station=6243 stock=0 target=10000 t=20584577 id=566
[mod] [SMRTK] SMRTK_STREAM before=start calls=6 cubes=none expected_cubes=none hub=false res=Bread row=stock station=6243 stock=0 target=10000 t=20584577 id=567
[mod] [SMRTK] SMRTK_STREAM before=start calls=6 cubes=none expected_cubes=none hub=false res=PreciousMinerals row=stock station=6243 stock=0 target=10000 t=20584577 id=568
[mod] [SMRTK] SMRTK_STREAM before=start calls=6 cubes=none expected_cubes=none hub=false res=Cheese row=stock station=6243 stock=0 target=10000 t=20584577 id=569
[mod] [SMRTK] SMRTK_STREAM before=start calls=6 cubes=none expected_cubes=none hub=false res=Polymers row=stock station=6243 stock=0 target=10000 t=20584577 id=570
[mod] [SMRTK] SMRTK_STREAM before=start calls=6 cubes=none expected_cubes=none hub=false res=Coffee row=stock station=6243 stock=0 target=10000 t=20584577 id=571
[mod] [SMRTK] SMRTK_STREAM before=start calls=6 cubes=none expected_cubes=none hub=false res=MachineParts row=stock station=6243 stock=0 target=10000 t=20584577 id=572
[mod] [SMRTK] SMRTK_STREAM before=start calls=6 cubes=none expected_cubes=none hub=false res=Electronics row=stock station=6243 stock=0 target=10000 t=20584577 id=573
[mod] [SMRTK] SMRTK_STREAM before=start calls=6 cubes=none expected_cubes=none hub=false res=Meat row=stock station=6243 stock=0 target=10000 t=20584577 id=574
[mod] [SMRTK] SMRTK_STREAM before=start calls=6 cubes=none expected_cubes=none hub=false res=Fuel row=stock station=6243 stock=0 target=10000 t=20584577 id=575
[mod] [SMRTK] SMRTK_STREAM before=start calls=6 cubes=none expected_cubes=none hub=false res=Seeds row=stock station=6243 stock=0 target=10000 t=20584577 id=576
[mod] [SMRTK] SMRTK_STREAM before=start calls=6 cubes=none expected_cubes=none hub=false res=WasteRock row=stock station=6243 stock=0 target=10000 t=20584577 id=577
[mod] [SMRTK] SMRTK_STREAM before=start calls=16 cubes=114 expected_cubes=114 hub=true res=Herbs row=stock station=6430 stock=114000 target=none t=20584577 id=578
[mod] [SMRTK] SMRTK_STREAM before=start calls=16 cubes=171 expected_cubes=171 hub=true res=Metals row=stock station=6430 stock=189500 target=none t=20584577 id=579
[mod] [SMRTK] SMRTK_STREAM before=start calls=16 cubes=105 expected_cubes=105 hub=true res=Concrete row=stock station=6430 stock=105000 target=none t=20584577 id=580
[mod] [SMRTK] SMRTK_STREAM before=start calls=16 cubes=123 expected_cubes=123 hub=true res=Spices row=stock station=6430 stock=123000 target=none t=20584577 id=581
						Lua 0:05:59:520
[mod] [SMRTK] SMRTK_STREAM before=start calls=16 cubes=122 expected_cubes=122 hub=true res=Food row=stock station=6430 stock=122000 target=none t=20584577 id=582
[mod] [SMRTK] SMRTK_STREAM before=start calls=16 cubes=123 expected_cubes=123 hub=true res=Sugar row=stock station=6430 stock=123000 target=none t=20584577 id=583
[mod] [SMRTK] SMRTK_STREAM before=start calls=16 cubes=123 expected_cubes=123 hub=true res=Butter row=stock station=6430 stock=123000 target=none t=20584577 id=584
[mod] [SMRTK] SMRTK_STREAM before=start calls=16 cubes=130 expected_cubes=130 hub=true res=PreciousMetals row=stock station=6430 stock=130000 target=none t=20584577 id=585
[mod] [SMRTK] SMRTK_STREAM before=start calls=16 cubes=123 expected_cubes=123 hub=true res=Bread row=stock station=6430 stock=123000 target=none t=20584577 id=586
[mod] [SMRTK] SMRTK_STREAM before=start calls=16 cubes=130 expected_cubes=130 hub=true res=PreciousMinerals row=stock station=6430 stock=130000 target=none t=20584577 id=587
[mod] [SMRTK] SMRTK_STREAM before=start calls=16 cubes=143 expected_cubes=143 hub=true res=Cheese row=stock station=6430 stock=143000 target=none t=20584577 id=588
[mod] [SMRTK] SMRTK_STREAM before=start calls=16 cubes=160 expected_cubes=160 hub=true res=Polymers row=stock station=6430 stock=160000 target=none t=20584577 id=589
[mod] [SMRTK] SMRTK_STREAM before=start calls=16 cubes=153 expected_cubes=153 hub=true res=Coffee row=stock station=6430 stock=153000 target=none t=20584577 id=590
[mod] [SMRTK] SMRTK_STREAM before=start calls=16 cubes=160 expected_cubes=160 hub=true res=MachineParts row=stock station=6430 stock=160000 target=none t=20584577 id=591
[mod] [SMRTK] SMRTK_STREAM before=start calls=16 cubes=140 expected_cubes=140 hub=true res=Electronics row=stock station=6430 stock=140000 target=none t=20584577 id=592
[mod] [SMRTK] SMRTK_STREAM before=start calls=16 cubes=153 expected_cubes=153 hub=true res=Meat row=stock station=6430 stock=153000 target=none t=20584577 id=593
[mod] [SMRTK] SMRTK_STREAM before=start calls=16 cubes=160 expected_cubes=160 hub=true res=Fuel row=stock station=6430 stock=160000 target=none t=20584577 id=594
						Lua 0:05:59:521
[mod] [SMRTK] SMRTK_STREAM before=start calls=16 cubes=160 expected_cubes=160 hub=true res=Seeds row=stock station=6430 stock=160000 target=none t=20584577 id=595
[mod] [SMRTK] SMRTK_STREAM before=start calls=16 cubes=160 expected_cubes=160 hub=true res=WasteRock row=stock station=6430 stock=160000 target=none t=20584577 id=596
[mod] [SMRTK] SMRTK_STREAM before=start calls=39 cubes=171 expected_cubes=171 hub=true res=Herbs row=stock station=6495 stock=440000 target=none t=20584577 id=597
[mod] [SMRTK] SMRTK_STREAM before=start calls=39 cubes=171 expected_cubes=171 hub=true res=Metals row=stock station=6495 stock=440000 target=none t=20584577 id=598
[mod] [SMRTK] SMRTK_STREAM before=start calls=39 cubes=171 expected_cubes=171 hub=true res=Concrete row=stock station=6495 stock=440000 target=none t=20584577 id=599
[mod] [SMRTK] SMRTK_STREAM before=start calls=39 cubes=171 expected_cubes=171 hub=true res=Spices row=stock station=6495 stock=440000 target=none t=20584577 id=600
[mod] [SMRTK] SMRTK_STREAM before=start calls=39 cubes=171 expected_cubes=171 hub=true res=Food row=stock station=6495 stock=440000 target=none t=20584577 id=601
[mod] [SMRTK] SMRTK_STREAM before=start calls=39 cubes=171 expected_cubes=171 hub=true res=Sugar row=stock station=6495 stock=440000 target=none t=20584577 id=602
[mod] [SMRTK] SMRTK_STREAM before=start calls=39 cubes=171 expected_cubes=171 hub=true res=Butter row=stock station=6495 stock=440000 target=none t=20584577 id=603
[mod] [SMRTK] SMRTK_STREAM before=start calls=39 cubes=171 expected_cubes=171 hub=true res=PreciousMetals row=stock station=6495 stock=440000 target=none t=20584577 id=604
[mod] [SMRTK] SMRTK_STREAM before=start calls=39 cubes=171 expected_cubes=171 hub=true res=Bread row=stock station=6495 stock=440000 target=none t=20584577 id=605
[mod] [SMRTK] SMRTK_STREAM before=start calls=39 cubes=171 expected_cubes=171 hub=true res=PreciousMinerals row=stock station=6495 stock=440000 target=none t=20584577 id=606
[mod] [SMRTK] SMRTK_STREAM before=start calls=39 cubes=171 expected_cubes=171 hub=true res=Cheese row=stock station=6495 stock=450000 target=none t=20584577 id=607
[mod] [SMRTK] SMRTK_STREAM before=start calls=39 cubes=171 expected_cubes=171 hub=true res=Polymers row=stock station=6495 stock=450000 target=none t=20584577 id=608
[mod] [SMRTK] SMRTK_STREAM before=start calls=39 cubes=171 expected_cubes=171 hub=true res=Coffee row=stock station=6495 stock=450000 target=none t=20584577 id=609
						Lua 0:05:59:522
[mod] [SMRTK] SMRTK_STREAM before=start calls=39 cubes=171 expected_cubes=171 hub=true res=MachineParts row=stock station=6495 stock=450000 target=none t=20584577 id=610
[mod] [SMRTK] SMRTK_STREAM before=start calls=39 cubes=171 expected_cubes=171 hub=true res=Electronics row=stock station=6495 stock=450000 target=none t=20584577 id=611
[mod] [SMRTK] SMRTK_STREAM before=start calls=39 cubes=171 expected_cubes=171 hub=true res=Meat row=stock station=6495 stock=450000 target=none t=20584577 id=612
[mod] [SMRTK] SMRTK_STREAM before=start calls=39 cubes=171 expected_cubes=171 hub=true res=Fuel row=stock station=6495 stock=450000 target=none t=20584577 id=613
[mod] [SMRTK] SMRTK_STREAM before=start calls=39 cubes=171 expected_cubes=171 hub=true res=Seeds row=stock station=6495 stock=450000 target=none t=20584577 id=614
[mod] [SMRTK] SMRTK_STREAM before=start calls=39 cubes=162 expected_cubes=162 hub=true res=WasteRock row=stock station=6495 stock=450000 target=none t=20584577 id=615
[mod] [SMRTK] SMRTK_STREAM before=start calls=1 cubes=none expected_cubes=none hub=false res=Herbs row=stock station=6827 stock=10000 target=10000 t=20584577 id=616
[mod] [SMRTK] SMRTK_STREAM before=start calls=1 cubes=none expected_cubes=none hub=false res=Metals row=stock station=6827 stock=10000 target=10000 t=20584577 id=617
[mod] [SMRTK] SMRTK_STREAM before=start calls=1 cubes=none expected_cubes=none hub=false res=Concrete row=stock station=6827 stock=10000 target=10000 t=20584577 id=618
[mod] [SMRTK] SMRTK_STREAM before=start calls=1 cubes=none expected_cubes=none hub=false res=Spices row=stock station=6827 stock=10000 target=10000 t=20584577 id=619
[mod] [SMRTK] SMRTK_STREAM before=start calls=1 cubes=none expected_cubes=none hub=false res=Food row=stock station=6827 stock=10000 target=10000 t=20584577 id=620
[mod] [SMRTK] SMRTK_STREAM before=start calls=1 cubes=none expected_cubes=none hub=false res=Sugar row=stock station=6827 stock=10000 target=10000 t=20584577 id=621
[mod] [SMRTK] SMRTK_STREAM before=start calls=1 cubes=none expected_cubes=none hub=false res=Butter row=stock station=6827 stock=10000 target=10000 t=20584577 id=622
[mod] [SMRTK] SMRTK_STREAM before=start calls=1 cubes=none expected_cubes=none hub=false res=PreciousMetals row=stock station=6827 stock=10000 target=10000 t=20584577 id=623
[mod] [SMRTK] SMRTK_STREAM before=start calls=1 cubes=none expected_cubes=none hub=false res=Bread row=stock station=6827 stock=10000 target=10000 t=20584577 id=624
[mod] [SMRTK] SMRTK_STREAM before=start calls=1 cubes=none expected_cubes=none hub=false res=PreciousMinerals row=stock station=6827 stock=10000 target=10000 t=20584577 id=625
[mod] [SMRTK] SMRTK_STREAM before=start calls=1 cubes=none expected_cubes=none hub=false res=Cheese row=stock station=6827 stock=5000 target=10000 t=20584577 id=626
[mod] [SMRTK] SMRTK_STREAM before=start calls=1 cubes=none expected_cubes=none hub=false res=Polymers row=stock station=6827 stock=0 target=10000 t=20584577 id=627
[mod] [SMRTK] SMRTK_STREAM before=start calls=1 cubes=none expected_cubes=none hub=false res=Coffee row=stock station=6827 stock=0 target=10000 t=20584577 id=628
[mod] [SMRTK] SMRTK_STREAM before=start calls=1 cubes=none expected_cubes=none hub=false res=MachineParts row=stock station=6827 stock=0 target=10000 t=20584577 id=629
[mod] [SMRTK] SMRTK_STREAM before=start calls=1 cubes=none expected_cubes=none hub=false res=Electronics row=stock station=6827 stock=0 target=10000 t=20584577 id=630
[mod] [SMRTK] SMRTK_STREAM before=start calls=1 cubes=none expected_cubes=none hub=false res=Meat row=stock station=6827 stock=0 target=10000 t=20584577 id=631
[mod] [SMRTK] SMRTK_STREAM before=start calls=1 cubes=none expected_cubes=none hub=false res=Fuel row=stock station=6827 stock=0 target=10000 t=20584577 id=632
[mod] [SMRTK] SMRTK_STREAM before=start calls=1 cubes=none expected_cubes=none hub=false res=Seeds row=stock station=6827 stock=0 target=10000 t=20584577 id=633
[mod] [SMRTK] SMRTK_STREAM before=start calls=1 cubes=none expected_cubes=none hub=false res=WasteRock row=stock station=6827 stock=0 target=10000 t=20584577 id=634
[mod] [SMRTK] SMRTK_STREAM before=start calls=2 cubes=none expected_cubes=none hub=false res=Herbs row=stock station=6883 stock=10000 target=10000 t=20584577 id=635
						Lua 0:05:59:523
[mod] [SMRTK] SMRTK_STREAM before=start calls=2 cubes=none expected_cubes=none hub=false res=Metals row=stock station=6883 stock=10000 target=10000 t=20584577 id=636
[mod] [SMRTK] SMRTK_STREAM before=start calls=2 cubes=none expected_cubes=none hub=false res=Concrete row=stock station=6883 stock=10000 target=10000 t=20584577 id=637
[mod] [SMRTK] SMRTK_STREAM before=start calls=2 cubes=none expected_cubes=none hub=false res=Spices row=stock station=6883 stock=10000 target=10000 t=20584577 id=638
[mod] [SMRTK] SMRTK_STREAM before=start calls=2 cubes=none expected_cubes=none hub=false res=Food row=stock station=6883 stock=10000 target=10000 t=20584577 id=639
[mod] [SMRTK] SMRTK_STREAM before=start calls=2 cubes=none expected_cubes=none hub=false res=Sugar row=stock station=6883 stock=10000 target=10000 t=20584577 id=640
[mod] [SMRTK] SMRTK_STREAM before=start calls=2 cubes=none expected_cubes=none hub=false res=Butter row=stock station=6883 stock=10000 target=10000 t=20584577 id=641
[mod] [SMRTK] SMRTK_STREAM before=start calls=2 cubes=none expected_cubes=none hub=false res=PreciousMetals row=stock station=6883 stock=10000 target=10000 t=20584577 id=642
[mod] [SMRTK] SMRTK_STREAM before=start calls=2 cubes=none expected_cubes=none hub=false res=Bread row=stock station=6883 stock=10000 target=10000 t=20584577 id=643
[mod] [SMRTK] SMRTK_STREAM before=start calls=2 cubes=none expected_cubes=none hub=false res=PreciousMinerals row=stock station=6883 stock=10000 target=10000 t=20584577 id=644
[mod] [SMRTK] SMRTK_STREAM before=start calls=2 cubes=none expected_cubes=none hub=false res=Cheese row=stock station=6883 stock=5000 target=10000 t=20584577 id=645
[mod] [SMRTK] SMRTK_STREAM before=start calls=2 cubes=none expected_cubes=none hub=false res=Polymers row=stock station=6883 stock=0 target=10000 t=20584577 id=646
[mod] [SMRTK] SMRTK_STREAM before=start calls=2 cubes=none expected_cubes=none hub=false res=Coffee row=stock station=6883 stock=0 target=10000 t=20584577 id=647
[mod] [SMRTK] SMRTK_STREAM before=start calls=2 cubes=none expected_cubes=none hub=false res=MachineParts row=stock station=6883 stock=0 target=10000 t=20584577 id=648
[mod] [SMRTK] SMRTK_STREAM before=start calls=2 cubes=none expected_cubes=none hub=false res=Electronics row=stock station=6883 stock=0 target=10000 t=20584577 id=649
[mod] [SMRTK] SMRTK_STREAM before=start calls=2 cubes=none expected_cubes=none hub=false res=Meat row=stock station=6883 stock=0 target=10000 t=20584577 id=650
[mod] [SMRTK] SMRTK_STREAM before=start calls=2 cubes=none expected_cubes=none hub=false res=Fuel row=stock station=6883 stock=0 target=10000 t=20584577 id=651
[mod] [SMRTK] SMRTK_STREAM before=start calls=2 cubes=none expected_cubes=none hub=false res=Seeds row=stock station=6883 stock=0 target=10000 t=20584577 id=652
[mod] [SMRTK] SMRTK_STREAM before=start calls=2 cubes=none expected_cubes=none hub=false res=WasteRock row=stock station=6883 stock=0 target=10000 t=20584577 id=653
[mod] [SMRTK] SMRTK_STREAM before=start calls=13 cubes=none expected_cubes=none hub=false res=Herbs row=stock station=6951 stock=10000 target=10000 t=20584577 id=654
[mod] [SMRTK] SMRTK_STREAM before=start calls=13 cubes=none expected_cubes=none hub=false res=Metals row=stock station=6951 stock=10000 target=10000 t=20584577 id=655
[mod] [SMRTK] SMRTK_STREAM before=start calls=13 cubes=none expected_cubes=none hub=false res=Concrete row=stock station=6951 stock=10000 target=10000 t=20584577 id=656
[mod] [SMRTK] SMRTK_STREAM before=start calls=13 cubes=none expected_cubes=none hub=false res=Spices row=stock station=6951 stock=10000 target=10000 t=20584577 id=657
[mod] [SMRTK] SMRTK_STREAM before=start calls=13 cubes=none expected_cubes=none hub=false res=Food row=stock station=6951 stock=10000 target=10000 t=20584577 id=658
[mod] [SMRTK] SMRTK_STREAM before=start calls=13 cubes=none expected_cubes=none hub=false res=Sugar row=stock station=6951 stock=10000 target=10000 t=20584577 id=659
[mod] [SMRTK] SMRTK_STREAM before=start calls=13 cubes=none expected_cubes=none hub=false res=Butter row=stock station=6951 stock=10000 target=10000 t=20584577 id=660
[mod] [SMRTK] SMRTK_STREAM before=start calls=13 cubes=none expected_cubes=none hub=false res=PreciousMetals row=stock station=6951 stock=10000 target=10000 t=20584577 id=661
[mod] [SMRTK] SMRTK_STREAM before=start calls=13 cubes=none expected_cubes=none hub=false res=Bread row=stock station=6951 stock=10000 target=10000 t=20584577 id=662
[mod] [SMRTK] SMRTK_STREAM before=start calls=13 cubes=none expected_cubes=none hub=false res=PreciousMinerals row=stock station=6951 stock=10000 target=10000 t=20584577 id=663
[mod] [SMRTK] SMRTK_STREAM before=start calls=13 cubes=none expected_cubes=none hub=false res=Cheese row=stock station=6951 stock=5000 target=10000 t=20584577 id=664
[mod] [SMRTK] SMRTK_STREAM before=start calls=13 cubes=none expected_cubes=none hub=false res=Polymers row=stock station=6951 stock=0 target=10000 t=20584577 id=665
[mod] [SMRTK] SMRTK_STREAM before=start calls=13 cubes=none expected_cubes=none hub=false res=Coffee row=stock station=6951 stock=0 target=10000 t=20584577 id=666
						Lua 0:05:59:524
[mod] [SMRTK] SMRTK_STREAM before=start calls=13 cubes=none expected_cubes=none hub=false res=MachineParts row=stock station=6951 stock=0 target=10000 t=20584577 id=667
[mod] [SMRTK] SMRTK_STREAM before=start calls=13 cubes=none expected_cubes=none hub=false res=Electronics row=stock station=6951 stock=0 target=10000 t=20584577 id=668
[mod] [SMRTK] SMRTK_STREAM before=start calls=13 cubes=none expected_cubes=none hub=false res=Meat row=stock station=6951 stock=0 target=10000 t=20584577 id=669
[mod] [SMRTK] SMRTK_STREAM before=start calls=13 cubes=none expected_cubes=none hub=false res=Fuel row=stock station=6951 stock=0 target=10000 t=20584577 id=670
[mod] [SMRTK] SMRTK_STREAM before=start calls=13 cubes=none expected_cubes=none hub=false res=Seeds row=stock station=6951 stock=0 target=10000 t=20584577 id=671
[mod] [SMRTK] SMRTK_STREAM before=start calls=13 cubes=none expected_cubes=none hub=false res=WasteRock row=stock station=6951 stock=0 target=10000 t=20584577 id=672
[mod] [SMRTK] SMRTK_STREAM before=start calls=8 cubes=none expected_cubes=none hub=false res=Herbs row=stock station=7411 stock=10000 target=10000 t=20584577 id=673
[mod] [SMRTK] SMRTK_STREAM before=start calls=8 cubes=none expected_cubes=none hub=false res=Metals row=stock station=7411 stock=10000 target=10000 t=20584577 id=674
[mod] [SMRTK] SMRTK_STREAM before=start calls=8 cubes=none expected_cubes=none hub=false res=Concrete row=stock station=7411 stock=10000 target=10000 t=20584577 id=675
[mod] [SMRTK] SMRTK_STREAM before=start calls=8 cubes=none expected_cubes=none hub=false res=Spices row=stock station=7411 stock=10000 target=10000 t=20584577 id=676
[mod] [SMRTK] SMRTK_STREAM before=start calls=8 cubes=none expected_cubes=none hub=false res=Food row=stock station=7411 stock=10000 target=10000 t=20584577 id=677
[mod] [SMRTK] SMRTK_STREAM before=start calls=8 cubes=none expected_cubes=none hub=false res=Sugar row=stock station=7411 stock=10000 target=10000 t=20584577 id=678
[mod] [SMRTK] SMRTK_STREAM before=start calls=8 cubes=none expected_cubes=none hub=false res=Butter row=stock station=7411 stock=10000 target=10000 t=20584577 id=679
[mod] [SMRTK] SMRTK_STREAM before=start calls=8 cubes=none expected_cubes=none hub=false res=PreciousMetals row=stock station=7411 stock=10000 target=10000 t=20584577 id=680
[mod] [SMRTK] SMRTK_STREAM before=start calls=8 cubes=none expected_cubes=none hub=false res=Bread row=stock station=7411 stock=10000 target=10000 t=20584577 id=681
[mod] [SMRTK] SMRTK_STREAM before=start calls=8 cubes=none expected_cubes=none hub=false res=PreciousMinerals row=stock station=7411 stock=10000 target=10000 t=20584577 id=682
[mod] [SMRTK] SMRTK_STREAM before=start calls=8 cubes=none expected_cubes=none hub=false res=Cheese row=stock station=7411 stock=5000 target=10000 t=20584577 id=683
[mod] [SMRTK] SMRTK_STREAM before=start calls=8 cubes=none expected_cubes=none hub=false res=Polymers row=stock station=7411 stock=0 target=10000 t=20584577 id=684
[mod] [SMRTK] SMRTK_STREAM before=start calls=8 cubes=none expected_cubes=none hub=false res=Coffee row=stock station=7411 stock=0 target=10000 t=20584577 id=685
[mod] [SMRTK] SMRTK_STREAM before=start calls=8 cubes=none expected_cubes=none hub=false res=MachineParts row=stock station=7411 stock=0 target=10000 t=20584577 id=686
[mod] [SMRTK] SMRTK_STREAM before=start calls=8 cubes=none expected_cubes=none hub=false res=Electronics row=stock station=7411 stock=0 target=10000 t=20584577 id=687
[mod] [SMRTK] SMRTK_STREAM before=start calls=8 cubes=none expected_cubes=none hub=false res=Meat row=stock station=7411 stock=0 target=10000 t=20584577 id=688
[mod] [SMRTK] SMRTK_STREAM before=start calls=8 cubes=none expected_cubes=none hub=false res=Fuel row=stock station=7411 stock=0 target=10000 t=20584577 id=689
[mod] [SMRTK] SMRTK_STREAM before=start calls=8 cubes=none expected_cubes=none hub=false res=Seeds row=stock station=7411 stock=0 target=10000 t=20584577 id=690
[mod] [SMRTK] SMRTK_STREAM before=start calls=8 cubes=none expected_cubes=none hub=false res=WasteRock row=stock station=7411 stock=0 target=10000 t=20584577 id=691
[mod] [SMRTK] SMRTK_ARM action=slot_6 baseline=262 cadence=1000 distribution=true game_time=20584577 mark=544 rows=262 status=OK t=20584577 id=692
[SMRTK] SMRTK_ARM action=slot_6 baseline=262 cadence=1000 distribution=true game_time=20584577 mark=544 rows=262 status=OK t=20584577 id=692
						Lua 0:06:01:756
[mod] [SMRTK] SMRTK_SPEED action=speed_fastest before=0 factor=20000 requested=20 status=OK t=20584577 id=693
[SMRTK] SMRTK_SPEED action=speed_fastest before=0 factor=20000 requested=20 status=OK t=20584577 id=693
						Lua 0:06:01:805
[mod] [SMRTK] SMRTK_STREAM assigned=none at_station=false cargo=none command=GotoStation line=6951-6495 passengers=0 row=train station=6951 train=2000002389 t=20585577 id=694
						Lua 0:06:01:861
[mod] [SMRTK] SMRTK_STREAM assigned=none at_station=true cargo=none command=false line=2011-2009 passengers=0 row=train station=2009 train=2000001851 t=20586577 id=695
[mod] [SMRTK] SMRTK_STREAM assigned=none at_station=true cargo=none command=LoadTrain line=7411-6495 passengers=0 row=train station=7411 train=2000002391 t=20586577 id=696
						Lua 0:06:01:863
[mod] [SMRTK] SMRTK_STREAM before=5000 calls=9 cubes=none expected_cubes=none hub=false res=Cheese row=stock station=7411 stock=10000 target=10000 t=20586577 id=697
[mod] [SMRTK] SMRTK_STREAM before=0 calls=9 cubes=none expected_cubes=none hub=false res=Polymers row=stock station=7411 stock=10000 target=10000 t=20586577 id=698
[mod] [SMRTK] SMRTK_STREAM before=0 calls=9 cubes=none expected_cubes=none hub=false res=Coffee row=stock station=7411 stock=10000 target=10000 t=20586577 id=699
[mod] [SMRTK] SMRTK_STREAM before=0 calls=9 cubes=none expected_cubes=none hub=false res=MachineParts row=stock station=7411 stock=10000 target=10000 t=20586577 id=700
[mod] [SMRTK] SMRTK_STREAM before=0 calls=9 cubes=none expected_cubes=none hub=false res=Electronics row=stock station=7411 stock=10000 target=10000 t=20586577 id=701
[mod] [SMRTK] SMRTK_STREAM before=0 calls=9 cubes=none expected_cubes=none hub=false res=Meat row=stock station=7411 stock=10000 target=10000 t=20586577 id=702
[mod] [SMRTK] SMRTK_STREAM before=0 calls=9 cubes=none expected_cubes=none hub=false res=Fuel row=stock station=7411 stock=10000 target=10000 t=20586577 id=703
[mod] [SMRTK] SMRTK_STREAM before=0 calls=9 cubes=none expected_cubes=none hub=false res=Seeds row=stock station=7411 stock=10000 target=10000 t=20586577 id=704
[mod] [SMRTK] SMRTK_STREAM before=0 calls=9 cubes=none expected_cubes=none hub=false res=WasteRock row=stock station=7411 stock=10000 target=10000 t=20586577 id=705
						Lua 0:06:01:954
[mod] [SMRTK] SMRTK_STREAM assigned=2007:Bread:10000,2007:Butter:10000,2007:Cheese:5000,2007:Concrete:10000,2007:Food:10000,2007:Herbs:10000,2007:Metals:10000,2007:PreciousMetals:10000,2007:PreciousMinerals:10000,2007:Spices:10000,2007:Sugar:10000 at_station=true cargo=Bread:10000,Butter:10000,Cheese:5000,Concrete:10000,Food:10000,Herbs:10000,Metals:10000,PreciousMetals:10000,PreciousMinerals:10000,Spices:10000,Sugar:10000 command=GotoStation line=6430-2007 passengers=0 row=train station=6430 train=2000001845 t=20588577 id=706
						Lua 0:06:02:004
[mod] [SMRTK] SMRTK_STREAM assigned=none at_station=false cargo=none command=GotoStation line=6243-2012 passengers=0 row=train station=2012 train=2000001844 t=20589577 id=707
						Lua 0:06:02:005
[mod] [SMRTK] SMRTK_STREAM assigned=none at_station=true cargo=none command=UnloadTrain line=7411-6495 passengers=0 row=train station=6495 train=2000002388 t=20589577 id=708
[mod] [SMRTK] SMRTK_STREAM assigned=6951:Cheese:5000,6951:Electronics:10000,6951:Fuel:10000,6951:MachineParts:5000,6951:Meat:10000,6951:Seeds:10000,6951:WasteRock:10000 at_station=false cargo=Cheese:5000,Electronics:10000,Fuel:10000,MachineParts:5000,Meat:10000,Seeds:10000,WasteRock:10000 command=GotoStation line=6951-6495 passengers=0 row=train station=6495 train=2000002390 t=20589577 id=709
						Lua 0:06:02:010
[TrainHubDev] engine leg back: 44 m in 3500 ms = 1248 units per s (move_speed 8960) at t=20589695
						Lua 0:06:02:055
[mod] [SMRTK] SMRTK_STREAM assigned=2007:Bread:10000,2007:Butter:10000,2007:Cheese:5000,2007:Concrete:10000,2007:Food:10000,2007:Herbs:10000,2007:Metals:10000,2007:PreciousMetals:10000,2007:PreciousMinerals:10000,2007:Spices:10000,2007:Sugar:10000 at_station=false cargo=Bread:10000,Butter:10000,Cheese:5000,Concrete:10000,Food:10000,Herbs:10000,Metals:10000,PreciousMetals:10000,PreciousMinerals:10000,Spices:10000,Sugar:10000 command=GotoStation line=6430-2007 passengers=0 row=train station=6430 train=2000001845 t=20590577 id=710
[mod] [SMRTK] SMRTK_STREAM assigned=none at_station=true cargo=none command=UnloadTrain line=6430-2007 passengers=0 row=train station=6430 train=2000001850 t=20590577 id=711
						Lua 0:06:02:156
[mod] [SMRTK] SMRTK_STREAM assigned=none at_station=true cargo=none command=UnloadTrain line=6951-6883 passengers=0 row=train station=6883 train=2000002387 t=20592577 id=712
[mod] [SMRTK] SMRTK_STREAM assigned=none at_station=true cargo=none command=false line=7411-6495 passengers=0 row=train station=7411 train=2000002391 t=20592577 id=713
						Lua 0:06:02:305
[mod] [SMRTK] SMRTK_STREAM assigned=none at_station=true cargo=none command=LoadTrain line=7411-6495 passengers=0 row=train station=6495 train=2000002388 t=20595577 id=714
						Lua 0:06:02:358
[mod] [SMRTK] SMRTK_STREAM assigned=2011:Cheese:5000,2011:Coffee:10000,2011:Electronics:10000,2011:Fuel:10000,2011:MachineParts:10000,2011:Meat:10000,2011:Polymers:10000,2011:Seeds:10000,2011:WasteRock:10000 at_station=true cargo=Cheese:5000,Coffee:10000,Electronics:10000,Fuel:10000,MachineParts:10000,Meat:10000,Polymers:10000,Seeds:10000,WasteRock:10000 command=LoadTrain line=6430-2007 passengers=0 row=train station=6430 train=2000001850 t=20596577 id=715
						Lua 0:06:02:359
[mod] [SMRTK] SMRTK_STREAM before=143000 calls=17 cubes=138 expected_cubes=138 hub=true res=Cheese row=stock station=6430 stock=138000 target=none t=20596577 id=716
[mod] [SMRTK] SMRTK_STREAM before=160000 calls=17 cubes=150 expected_cubes=150 hub=true res=Polymers row=stock station=6430 stock=150000 target=none t=20596577 id=717
[mod] [SMRTK] SMRTK_STREAM before=153000 calls=17 cubes=143 expected_cubes=143 hub=true res=Coffee row=stock station=6430 stock=143000 target=none t=20596577 id=718
[mod] [SMRTK] SMRTK_STREAM before=160000 calls=17 cubes=150 expected_cubes=150 hub=true res=MachineParts row=stock station=6430 stock=150000 target=none t=20596577 id=719
[mod] [SMRTK] SMRTK_STREAM before=140000 calls=17 cubes=130 expected_cubes=130 hub=true res=Electronics row=stock station=6430 stock=130000 target=none t=20596577 id=720
[mod] [SMRTK] SMRTK_STREAM before=153000 calls=17 cubes=143 expected_cubes=143 hub=true res=Meat row=stock station=6430 stock=143000 target=none t=20596577 id=721
						Lua 0:06:02:360
[mod] [SMRTK] SMRTK_STREAM before=160000 calls=17 cubes=150 expected_cubes=150 hub=true res=Fuel row=stock station=6430 stock=150000 target=none t=20596577 id=722
[mod] [SMRTK] SMRTK_STREAM before=160000 calls=17 cubes=150 expected_cubes=150 hub=true res=Seeds row=stock station=6430 stock=150000 target=none t=20596577 id=723
[mod] [SMRTK] SMRTK_STREAM before=160000 calls=17 cubes=150 expected_cubes=150 hub=true res=WasteRock row=stock station=6430 stock=150000 target=none t=20596577 id=724
						Lua 0:06:02:454
[mod] [SMRTK] SMRTK_STREAM assigned=none at_station=true cargo=none command=LoadTrain line=6951-6883 passengers=0 row=train station=6883 train=2000002387 t=20598577 id=725
						Lua 0:06:02:504
[mod] [SMRTK] SMRTK_STREAM assigned=none at_station=true cargo=none command=UnloadTrain line=6430-1994 passengers=0 row=train station=6430 train=2000001652 t=20599577 id=726
						Lua 0:06:02:555
[mod] [SMRTK] SMRTK_STREAM assigned=6883:Coffee:10000,6883:Electronics:10000,6883:Fuel:10000,6883:MachineParts:10000,6883:Meat:10000,6883:Polymers:10000,6883:Seeds:10000,6883:WasteRock:10000,6951:Coffee:10000,6951:MachineParts:5000,6951:Polymers:10000 at_station=true cargo=Coffee:20000,Electronics:10000,Fuel:10000,MachineParts:15000,Meat:10000,Polymers:20000,Seeds:10000,WasteRock:10000 command=UnloadTrain line=6883-6495 passengers=0 row=train station=6883 train=2000002392 t=20600577 id=727
						Lua 0:06:02:605
[mod] [SMRTK] SMRTK_STREAM assigned=none at_station=true cargo=none command=false line=7411-6495 passengers=0 row=train station=6495 train=2000002388 t=20601577 id=728
						Lua 0:06:02:655
[mod] [SMRTK] SMRTK_STREAM assigned=2011:Cheese:5000,2011:Coffee:10000,2011:Electronics:10000,2011:Fuel:10000,2011:MachineParts:10000,2011:Meat:10000,2011:Polymers:10000,2011:Seeds:10000,2011:WasteRock:10000 at_station=true cargo=Cheese:5000,Coffee:10000,Electronics:10000,Fuel:10000,MachineParts:10000,Meat:10000,Polymers:10000,Seeds:10000,WasteRock:10000 command=GotoStation line=6430-2007 passengers=0 row=train station=6430 train=2000001850 t=20602577 id=729
						Lua 0:06:02:704
[mod] [SMRTK] SMRTK_STREAM assigned=none at_station=true cargo=none command=UnloadTrain line=2012-6430 passengers=0 row=train station=6430 train=2000001849 t=20603577 id=730
						Lua 0:06:02:755
[mod] [SMRTK] SMRTK_STREAM assigned=none at_station=false cargo=none command=GotoStation line=6883-6495 passengers=0 row=train station=6883 train=2000002387 t=20604577 id=731
						Lua 0:06:02:805
[mod] [SMRTK] SMRTK_STREAM assigned=2009:Bread:10000,2009:Butter:10000,2009:Cheese:5000,2009:Concrete:10000,2009:Food:10000,2009:Herbs:10000,2009:Metals:10000,2009:PreciousMetals:10000,2009:PreciousMinerals:10000,2009:Spices:10000,2009:Sugar:10000 at_station=true cargo=Bread:10000,Butter:10000,Cheese:5000,Concrete:10000,Food:10000,Herbs:10000,Metals:10000,PreciousMetals:10000,PreciousMinerals:10000,Spices:10000,Sugar:10000 command=LoadTrain line=6430-1994 passengers=0 row=train station=6430 train=2000001652 t=20605577 id=732
[mod] [SMRTK] SMRTK_STREAM before=114000 calls=18 cubes=104 expected_cubes=104 hub=true res=Herbs row=stock station=6430 stock=104000 target=none t=20605577 id=733
[mod] [SMRTK] SMRTK_STREAM before=189500 calls=18 cubes=171 expected_cubes=171 hub=true res=Metals row=stock station=6430 stock=179500 target=none t=20605577 id=734
[mod] [SMRTK] SMRTK_STREAM before=105000 calls=18 cubes=95 expected_cubes=95 hub=true res=Concrete row=stock station=6430 stock=95000 target=none t=20605577 id=735
[mod] [SMRTK] SMRTK_STREAM before=123000 calls=18 cubes=113 expected_cubes=113 hub=true res=Spices row=stock station=6430 stock=113000 target=none t=20605577 id=736
						Lua 0:06:02:806
[mod] [SMRTK] SMRTK_STREAM before=122000 calls=18 cubes=112 expected_cubes=112 hub=true res=Food row=stock station=6430 stock=112000 target=none t=20605577 id=737
[mod] [SMRTK] SMRTK_STREAM before=123000 calls=18 cubes=113 expected_cubes=113 hub=true res=Sugar row=stock station=6430 stock=113000 target=none t=20605577 id=738
[mod] [SMRTK] SMRTK_STREAM before=123000 calls=18 cubes=113 expected_cubes=113 hub=true res=Butter row=stock station=6430 stock=113000 target=none t=20605577 id=739
[mod] [SMRTK] SMRTK_STREAM before=130000 calls=18 cubes=120 expected_cubes=120 hub=true res=PreciousMetals row=stock station=6430 stock=120000 target=none t=20605577 id=740
[mod] [SMRTK] SMRTK_STREAM before=123000 calls=18 cubes=113 expected_cubes=113 hub=true res=Bread row=stock station=6430 stock=113000 target=none t=20605577 id=741
[mod] [SMRTK] SMRTK_STREAM before=130000 calls=18 cubes=120 expected_cubes=120 hub=true res=PreciousMinerals row=stock station=6430 stock=120000 target=none t=20605577 id=742
[mod] [SMRTK] SMRTK_STREAM before=138000 calls=18 cubes=133 expected_cubes=133 hub=true res=Cheese row=stock station=6430 stock=133000 target=none t=20605577 id=743
						Lua 0:06:02:857
[mod] [SMRTK] SMRTK_STREAM assigned=6951:Coffee:10000,6951:MachineParts:5000,6951:Polymers:10000 at_station=true cargo=Coffee:10000,MachineParts:5000,Polymers:10000 command=LoadTrain line=6883-6495 passengers=0 row=train station=6883 train=2000002392 t=20606577 id=744
						Lua 0:06:02:858
[mod] [SMRTK] SMRTK_STREAM before=0 calls=4 cubes=none expected_cubes=none hub=false res=Polymers row=stock station=6883 stock=10000 target=10000 t=20606577 id=745
[mod] [SMRTK] SMRTK_STREAM before=0 calls=4 cubes=none expected_cubes=none hub=false res=Coffee row=stock station=6883 stock=10000 target=10000 t=20606577 id=746
[mod] [SMRTK] SMRTK_STREAM before=0 calls=4 cubes=none expected_cubes=none hub=false res=MachineParts row=stock station=6883 stock=10000 target=10000 t=20606577 id=747
						Lua 0:06:02:859
[mod] [SMRTK] SMRTK_STREAM before=0 calls=4 cubes=none expected_cubes=none hub=false res=Electronics row=stock station=6883 stock=10000 target=10000 t=20606577 id=748
[mod] [SMRTK] SMRTK_STREAM before=0 calls=4 cubes=none expected_cubes=none hub=false res=Meat row=stock station=6883 stock=10000 target=10000 t=20606577 id=749
[mod] [SMRTK] SMRTK_STREAM before=0 calls=4 cubes=none expected_cubes=none hub=false res=Fuel row=stock station=6883 stock=10000 target=10000 t=20606577 id=750
[mod] [SMRTK] SMRTK_STREAM before=0 calls=4 cubes=none expected_cubes=none hub=false res=Seeds row=stock station=6883 stock=10000 target=10000 t=20606577 id=751
[mod] [SMRTK] SMRTK_STREAM before=0 calls=4 cubes=none expected_cubes=none hub=false res=WasteRock row=stock station=6883 stock=10000 target=10000 t=20606577 id=752
						Lua 0:06:02:904
[mod] [SMRTK] SMRTK_STREAM assigned=none at_station=true cargo=none command=UnloadTrain line=6243-2012 passengers=0 row=train station=6243 train=2000001844 t=20607577 id=753
[mod] [SMRTK] SMRTK_STREAM assigned=2011:Cheese:5000,2011:Coffee:10000,2011:Electronics:10000,2011:Fuel:10000,2011:MachineParts:10000,2011:Meat:10000,2011:Polymers:10000,2011:Seeds:10000,2011:WasteRock:10000 at_station=true cargo=Cheese:5000,Coffee:10000,Electronics:10000,Fuel:10000,MachineParts:10000,Meat:10000,Polymers:10000,Seeds:10000,WasteRock:10000 command=LoadTrain line=6430-2007 passengers=0 row=train station=6430 train=2000001850 t=20607577 id=754
						Lua 0:06:03:005
[mod] [SMRTK] SMRTK_STREAM assigned=2008:Bread:10000,2008:Butter:10000,2008:Cheese:5000,2008:Concrete:10000,2008:Food:10000,2008:Herbs:10000,2008:Metals:10000,2008:PreciousMetals:10000,2008:PreciousMinerals:10000,2008:Spices:10000,2008:Sugar:10000 at_station=true cargo=Bread:10000,Butter:10000,Cheese:5000,Concrete:10000,Food:10000,Herbs:10000,Metals:10000,PreciousMetals:10000,PreciousMinerals:10000,Spices:10000,Sugar:10000 command=LoadTrain line=2012-6430 passengers=0 row=train station=6430 train=2000001849 t=20609577 id=755
[mod] [SMRTK] SMRTK_STREAM before=104000 calls=20 cubes=94 expected_cubes=94 hub=true res=Herbs row=stock station=6430 stock=94000 target=none t=20609577 id=756
						Lua 0:06:03:006
[mod] [SMRTK] SMRTK_STREAM before=179500 calls=20 cubes=169 expected_cubes=169 hub=true res=Metals row=stock station=6430 stock=169500 target=none t=20609577 id=757
[mod] [SMRTK] SMRTK_STREAM before=95000 calls=20 cubes=85 expected_cubes=85 hub=true res=Concrete row=stock station=6430 stock=85000 target=none t=20609577 id=758
[mod] [SMRTK] SMRTK_STREAM before=113000 calls=20 cubes=103 expected_cubes=103 hub=true res=Spices row=stock station=6430 stock=103000 target=none t=20609577 id=759
[mod] [SMRTK] SMRTK_STREAM before=112000 calls=20 cubes=102 expected_cubes=102 hub=true res=Food row=stock station=6430 stock=102000 target=none t=20609577 id=760
[mod] [SMRTK] SMRTK_STREAM before=113000 calls=20 cubes=103 expected_cubes=103 hub=true res=Sugar row=stock station=6430 stock=103000 target=none t=20609577 id=761
[mod] [SMRTK] SMRTK_STREAM before=113000 calls=20 cubes=103 expected_cubes=103 hub=true res=Butter row=stock station=6430 stock=103000 target=none t=20609577 id=762
[mod] [SMRTK] SMRTK_STREAM before=120000 calls=20 cubes=110 expected_cubes=110 hub=true res=PreciousMetals row=stock station=6430 stock=110000 target=none t=20609577 id=763
[mod] [SMRTK] SMRTK_STREAM before=113000 calls=20 cubes=103 expected_cubes=103 hub=true res=Bread row=stock station=6430 stock=103000 target=none t=20609577 id=764
[mod] [SMRTK] SMRTK_STREAM before=120000 calls=20 cubes=110 expected_cubes=110 hub=true res=PreciousMinerals row=stock station=6430 stock=110000 target=none t=20609577 id=765
[mod] [SMRTK] SMRTK_STREAM before=133000 calls=20 cubes=128 expected_cubes=128 hub=true res=Cheese row=stock station=6430 stock=128000 target=none t=20609577 id=766
						Lua 0:06:03:054
[mod] [SMRTK] SMRTK_STREAM assigned=1994:Bread:10000,1994:Butter:10000,1994:Cheese:5000,1994:Concrete:10000,1994:Food:10000,1994:Herbs:10000,1994:Metals:10000,1994:PreciousMetals:10000,1994:PreciousMinerals:10000,1994:Spices:10000,1994:Sugar:10000 at_station=true cargo=Bread:10000,Butter:10000,Cheese:5000,Concrete:10000,Food:10000,Herbs:10000,Metals:10000,PreciousMetals:10000,PreciousMinerals:10000,Spices:10000,Sugar:10000 command=UnloadTrain line=6430-1994 passengers=0 row=train station=1994 train=2000001846 t=20610577 id=767
						Lua 0:06:03:055
[mod] [SMRTK] SMRTK_STREAM assigned=none at_station=true cargo=none command=LoadTrain line=2011-2009 passengers=0 row=train station=2009 train=2000001851 t=20610577 id=768
[mod] [SMRTK] SMRTK_STREAM assigned=none at_station=true cargo=none command=LoadTrain line=7411-6495 passengers=0 row=train station=6495 train=2000002388 t=20610577 id=769
[mod] [SMRTK] SMRTK_STREAM assigned=none at_station=true cargo=none command=LoadTrain line=7411-6495 passengers=0 row=train station=7411 train=2000002391 t=20610577 id=770
						Lua 0:06:03:104
[mod] [SMRTK] SMRTK_STREAM assigned=2009:Bread:10000,2009:Butter:10000,2009:Cheese:5000,2009:Concrete:10000,2009:Food:10000,2009:Herbs:10000,2009:Metals:10000,2009:PreciousMetals:10000,2009:PreciousMinerals:10000,2009:Spices:10000,2009:Sugar:10000 at_station=false cargo=Bread:10000,Butter:10000,Cheese:5000,Concrete:10000,Food:10000,Herbs:10000,Metals:10000,PreciousMetals:10000,PreciousMinerals:10000,Spices:10000,Sugar:10000 command=GotoStation line=2009-6430 passengers=0 row=train station=6430 train=2000001652 t=20611577 id=771
						Lua 0:06:03:155
[mod] [SMRTK] SMRTK_STREAM assigned=2011:Bread:10000,2011:Butter:10000,2011:Cheese:5000,2011:Concrete:10000,2011:Food:10000,2011:Herbs:10000,2011:Metals:10000,2011:PreciousMetals:10000,2011:PreciousMinerals:10000,2011:Spices:10000,2011:Sugar:10000 at_station=true cargo=Bread:10000,Butter:10000,Cheese:5000,Concrete:10000,Food:10000,Herbs:10000,Metals:10000,PreciousMetals:10000,PreciousMinerals:10000,Spices:10000,Sugar:10000 command=UnloadTrain line=2011-6430 passengers=0 row=train station=2011 train=2000001847 t=20612577 id=772
[mod] [SMRTK] SMRTK_STREAM assigned=6951:Coffee:10000,6951:MachineParts:5000,6951:Polymers:10000 at_station=false cargo=Coffee:10000,MachineParts:5000,Polymers:10000 command=GotoStation line=6951-6883 passengers=0 row=train station=6883 train=2000002392 t=20612577 id=773
						Lua 0:06:03:208
[mod] [SMRTK] SMRTK_STREAM assigned=none at_station=true cargo=none command=LoadTrain line=6243-2012 passengers=0 row=train station=6243 train=2000001844 t=20613577 id=774
						Lua 0:06:03:209
[mod] [SMRTK] SMRTK_STREAM assigned=2011:Cheese:5000,2011:Coffee:10000,2011:Electronics:10000,2011:Fuel:10000,2011:MachineParts:10000,2011:Meat:10000,2011:Polymers:10000,2011:Seeds:10000,2011:WasteRock:10000 at_station=true cargo=Cheese:5000,Coffee:10000,Electronics:10000,Fuel:10000,MachineParts:10000,Meat:10000,Polymers:10000,Seeds:10000,WasteRock:10000 command=GotoStation line=2011-6430 passengers=0 row=train station=6430 train=2000001850 t=20613577 id=775
						Lua 0:06:03:305
[mod] [SMRTK] SMRTK_STREAM assigned=2008:Bread:10000,2008:Butter:10000,2008:Cheese:5000,2008:Concrete:10000,2008:Food:10000,2008:Herbs:10000,2008:Metals:10000,2008:PreciousMetals:10000,2008:PreciousMinerals:10000,2008:Spices:10000,2008:Sugar:10000 at_station=true cargo=Bread:10000,Butter:10000,Cheese:5000,Concrete:10000,Food:10000,Herbs:10000,Metals:10000,PreciousMetals:10000,PreciousMinerals:10000,Spices:10000,Sugar:10000 command=GotoStation line=6430-2008 passengers=0 row=train station=6430 train=2000001849 t=20615577 id=776
						Lua 0:06:03:355
[mod] [SMRTK] SMRTK_STREAM assigned=none at_station=true cargo=none command=LoadTrain line=6430-1994 passengers=0 row=train station=1994 train=2000001846 t=20616577 id=777
[mod] [SMRTK] SMRTK_STREAM assigned=2011:Cheese:5000,2011:Coffee:10000,2011:Electronics:10000,2011:Fuel:10000,2011:MachineParts:10000,2011:Meat:10000,2011:Polymers:10000,2011:Seeds:10000,2011:WasteRock:10000 at_station=false cargo=Cheese:5000,Coffee:10000,Electronics:10000,Fuel:10000,MachineParts:10000,Meat:10000,Polymers:10000,Seeds:10000,WasteRock:10000 command=GotoStation line=2011-6430 passengers=0 row=train station=6430 train=2000001850 t=20616577 id=778
[mod] [SMRTK] SMRTK_STREAM assigned=none at_station=true cargo=none command=false line=2011-2009 passengers=0 row=train station=2009 train=2000001851 t=20616577 id=779
[mod] [SMRTK] SMRTK_STREAM assigned=none at_station=true cargo=none command=false line=7411-6495 passengers=0 row=train station=6495 train=2000002388 t=20616577 id=780
[mod] [SMRTK] SMRTK_STREAM assigned=none at_station=true cargo=none command=UnloadTrain line=6951-6495 passengers=0 row=train station=6495 train=2000002389 t=20616577 id=781
[mod] [SMRTK] SMRTK_STREAM assigned=none at_station=true cargo=none command=false line=7411-6495 passengers=0 row=train station=7411 train=2000002391 t=20616577 id=782
						Lua 0:06:03:365
[mod] [SMRTK] SMRTK_STREAM before=0 calls=13 cubes=none expected_cubes=none hub=false res=Herbs row=stock station=1994 stock=10000 target=10000 t=20616577 id=783
[mod] [SMRTK] SMRTK_STREAM before=0 calls=13 cubes=none expected_cubes=none hub=false res=Metals row=stock station=1994 stock=10000 target=10000 t=20616577 id=784
[mod] [SMRTK] SMRTK_STREAM before=0 calls=13 cubes=none expected_cubes=none hub=false res=Concrete row=stock station=1994 stock=10000 target=10000 t=20616577 id=785
[mod] [SMRTK] SMRTK_STREAM before=0 calls=13 cubes=none expected_cubes=none hub=false res=Spices row=stock station=1994 stock=10000 target=10000 t=20616577 id=786
						Lua 0:06:03:366
[mod] [SMRTK] SMRTK_STREAM before=0 calls=13 cubes=none expected_cubes=none hub=false res=Food row=stock station=1994 stock=10000 target=10000 t=20616577 id=787
[mod] [SMRTK] SMRTK_STREAM before=0 calls=13 cubes=none expected_cubes=none hub=false res=Sugar row=stock station=1994 stock=10000 target=10000 t=20616577 id=788
[mod] [SMRTK] SMRTK_STREAM before=0 calls=13 cubes=none expected_cubes=none hub=false res=Butter row=stock station=1994 stock=10000 target=10000 t=20616577 id=789
[mod] [SMRTK] SMRTK_STREAM before=0 calls=13 cubes=none expected_cubes=none hub=false res=PreciousMetals row=stock station=1994 stock=10000 target=10000 t=20616577 id=790
[mod] [SMRTK] SMRTK_STREAM before=0 calls=13 cubes=none expected_cubes=none hub=false res=Bread row=stock station=1994 stock=10000 target=10000 t=20616577 id=791
[mod] [SMRTK] SMRTK_STREAM before=0 calls=13 cubes=none expected_cubes=none hub=false res=PreciousMinerals row=stock station=1994 stock=10000 target=10000 t=20616577 id=792
[mod] [SMRTK] SMRTK_STREAM before=0 calls=13 cubes=none expected_cubes=none hub=false res=Cheese row=stock station=1994 stock=5000 target=10000 t=20616577 id=793
						Lua 0:06:03:454
[mod] [SMRTK] SMRTK_STREAM assigned=none at_station=true cargo=none command=LoadTrain line=2011-6430 passengers=0 row=train station=2011 train=2000001847 t=20618577 id=794
						Lua 0:06:03:455
[mod] [SMRTK] SMRTK_STREAM before=0 calls=13 cubes=none expected_cubes=none hub=false res=Herbs row=stock station=2011 stock=10000 target=10000 t=20618577 id=795
[mod] [SMRTK] SMRTK_STREAM before=0 calls=13 cubes=none expected_cubes=none hub=false res=Metals row=stock station=2011 stock=10000 target=10000 t=20618577 id=796
[mod] [SMRTK] SMRTK_STREAM before=0 calls=13 cubes=none expected_cubes=none hub=false res=Concrete row=stock station=2011 stock=10000 target=10000 t=20618577 id=797
[mod] [SMRTK] SMRTK_STREAM before=0 calls=13 cubes=none expected_cubes=none hub=false res=Spices row=stock station=2011 stock=10000 target=10000 t=20618577 id=798
[mod] [SMRTK] SMRTK_STREAM before=0 calls=13 cubes=none expected_cubes=none hub=false res=Food row=stock station=2011 stock=10000 target=10000 t=20618577 id=799
[mod] [SMRTK] SMRTK_STREAM before=0 calls=13 cubes=none expected_cubes=none hub=false res=Sugar row=stock station=2011 stock=10000 target=10000 t=20618577 id=800
[mod] [SMRTK] SMRTK_STREAM before=0 calls=13 cubes=none expected_cubes=none hub=false res=Butter row=stock station=2011 stock=10000 target=10000 t=20618577 id=801
[mod] [SMRTK] SMRTK_STREAM before=0 calls=13 cubes=none expected_cubes=none hub=false res=PreciousMetals row=stock station=2011 stock=10000 target=10000 t=20618577 id=802
[mod] [SMRTK] SMRTK_STREAM before=0 calls=13 cubes=none expected_cubes=none hub=false res=Bread row=stock station=2011 stock=10000 target=10000 t=20618577 id=803
[mod] [SMRTK] SMRTK_STREAM before=0 calls=13 cubes=none expected_cubes=none hub=false res=PreciousMinerals row=stock station=2011 stock=10000 target=10000 t=20618577 id=804
						Lua 0:06:03:456
[mod] [SMRTK] SMRTK_STREAM before=0 calls=13 cubes=none expected_cubes=none hub=false res=Cheese row=stock station=2011 stock=5000 target=10000 t=20618577 id=805
						Lua 0:06:03:505
[mod] [SMRTK] SMRTK_STREAM assigned=none at_station=false cargo=none command=GotoStation line=6243-2012 passengers=0 row=train station=6243 train=2000001844 t=20619577 id=806
[mod] [SMRTK] SMRTK_STREAM assigned=2007:Bread:10000,2007:Butter:10000,2007:Cheese:5000,2007:Concrete:10000,2007:Food:10000,2007:Herbs:10000,2007:Metals:10000,2007:PreciousMetals:10000,2007:PreciousMinerals:10000,2007:Spices:10000,2007:Sugar:10000 at_station=true cargo=Bread:10000,Butter:10000,Cheese:5000,Concrete:10000,Food:10000,Herbs:10000,Metals:10000,PreciousMetals:10000,PreciousMinerals:10000,Spices:10000,Sugar:10000 command=UnloadTrain line=6430-2007 passengers=0 row=train station=2007 train=2000001845 t=20619577 id=807
[mod] [SMRTK] SMRTK_STREAM assigned=6951:Cheese:5000,6951:Electronics:10000,6951:Fuel:10000,6951:MachineParts:5000,6951:Meat:10000,6951:Seeds:10000,6951:WasteRock:10000 at_station=true cargo=Cheese:5000,Electronics:10000,Fuel:10000,MachineParts:5000,Meat:10000,Seeds:10000,WasteRock:10000 command=UnloadTrain line=6951-6495 passengers=0 row=train station=6951 train=2000002390 t=20619577 id=808
						Lua 0:06:03:555
[mod] [SMRTK] SMRTK_STREAM assigned=2012:Coffee:10000,2012:Electronics:10000,2012:Fuel:10000,2012:MachineParts:10000,2012:Meat:10000,2012:Polymers:10000,2012:Seeds:10000,2012:WasteRock:10000,6243:Concrete:5000,6243:Herbs:10000,6243:Metals:10000 at_station=true cargo=Coffee:10000,Concrete:5000,Electronics:10000,Fuel:10000,Herbs:10000,MachineParts:10000,Meat:10000,Metals:10000,Polymers:10000,Seeds:10000,WasteRock:10000 command=UnloadTrain line=2012-6430 passengers=0 row=train station=2012 train=2000001848 t=20620577 id=809
						Lua 0:06:03:605
[mod] [SMRTK] SMRTK_STREAM assigned=2008:Bread:10000,2008:Butter:10000,2008:Cheese:5000,2008:Concrete:10000,2008:Food:10000,2008:Herbs:10000,2008:Metals:10000,2008:PreciousMetals:10000,2008:PreciousMinerals:10000,2008:Spices:10000,2008:Sugar:10000 at_station=false cargo=Bread:10000,Butter:10000,Cheese:5000,Concrete:10000,Food:10000,Herbs:10000,Metals:10000,PreciousMetals:10000,PreciousMinerals:10000,Spices:10000,Sugar:10000 command=GotoStation line=6430-2008 passengers=0 row=train station=6430 train=2000001849 t=20621577 id=810
						Lua 0:06:03:655
[mod] [SMRTK] SMRTK_STREAM assigned=none at_station=false cargo=none command=GotoStation line=1994-2007 passengers=0 row=train station=1994 train=2000001846 t=20622577 id=811
[mod] [SMRTK] SMRTK_STREAM assigned=6827:Cheese:5000,6827:Coffee:10000,6827:Electronics:10000,6827:Fuel:10000,6827:MachineParts:10000,6827:Meat:10000,6827:Polymers:10000,6827:Seeds:10000,6827:WasteRock:10000 at_station=true cargo=Cheese:5000,Coffee:10000,Electronics:10000,Fuel:10000,MachineParts:10000,Meat:10000,Polymers:10000,Seeds:10000,WasteRock:10000 command=LoadTrain line=6951-6495 passengers=0 row=train station=6495 train=2000002389 t=20622577 id=812
						Lua 0:06:03:657
[mod] [SMRTK] SMRTK_STREAM before=450000 calls=42 cubes=171 expected_cubes=171 hub=true res=Cheese row=stock station=6495 stock=445000 target=none t=20622577 id=813
[mod] [SMRTK] SMRTK_STREAM before=450000 calls=42 cubes=171 expected_cubes=171 hub=true res=Polymers row=stock station=6495 stock=440000 target=none t=20622577 id=814
[mod] [SMRTK] SMRTK_STREAM before=450000 calls=42 cubes=171 expected_cubes=171 hub=true res=Coffee row=stock station=6495 stock=440000 target=none t=20622577 id=815
[mod] [SMRTK] SMRTK_STREAM before=450000 calls=42 cubes=171 expected_cubes=171 hub=true res=MachineParts row=stock station=6495 stock=440000 target=none t=20622577 id=816
[mod] [SMRTK] SMRTK_STREAM before=450000 calls=42 cubes=171 expected_cubes=171 hub=true res=Electronics row=stock station=6495 stock=440000 target=none t=20622577 id=817
[mod] [SMRTK] SMRTK_STREAM before=450000 calls=42 cubes=171 expected_cubes=171 hub=true res=Meat row=stock station=6495 stock=440000 target=none t=20622577 id=818
[mod] [SMRTK] SMRTK_STREAM before=450000 calls=42 cubes=171 expected_cubes=171 hub=true res=Fuel row=stock station=6495 stock=440000 target=none t=20622577 id=819
[mod] [SMRTK] SMRTK_STREAM before=450000 calls=42 cubes=171 expected_cubes=171 hub=true res=Seeds row=stock station=6495 stock=440000 target=none t=20622577 id=820
[mod] [SMRTK] SMRTK_STREAM before=450000 calls=42 cubes=162 expected_cubes=162 hub=true res=WasteRock row=stock station=6495 stock=440000 target=none t=20622577 id=821
						Lua 0:06:03:755
[mod] [SMRTK] SMRTK_STREAM assigned=none at_station=false cargo=none command=GotoStation line=2011-2009 passengers=0 row=train station=2011 train=2000001847 t=20624577 id=822
[mod] [SMRTK] SMRTK_STREAM assigned=none at_station=true cargo=none command=UnloadTrain line=6883-6495 passengers=0 row=train station=6495 train=2000002387 t=20624577 id=823
[mod] [SMRTK] SMRTK_STREAM assigned=6951:Coffee:10000,6951:MachineParts:5000,6951:Polymers:10000 at_station=true cargo=Coffee:10000,MachineParts:5000,Polymers:10000 command=UnloadTrain line=6951-6883 passengers=0 row=train station=6951 train=2000002392 t=20624577 id=824
						Lua 0:06:03:805
[mod] [SMRTK] SMRTK_STREAM assigned=none at_station=true cargo=none command=LoadTrain line=6430-2007 passengers=0 row=train station=2007 train=2000001845 t=20625577 id=825
[mod] [SMRTK] SMRTK_STREAM assigned=none at_station=true cargo=none command=LoadTrain line=6951-6495 passengers=0 row=train station=6951 train=2000002390 t=20625577 id=826
[mod] [SMRTK] SMRTK_STREAM before=0 calls=14 cubes=none expected_cubes=none hub=false res=Herbs row=stock station=2007 stock=10000 target=10000 t=20625577 id=827
[mod] [SMRTK] SMRTK_STREAM before=0 calls=14 cubes=none expected_cubes=none hub=false res=Metals row=stock station=2007 stock=10000 target=10000 t=20625577 id=828
[mod] [SMRTK] SMRTK_STREAM before=0 calls=14 cubes=none expected_cubes=none hub=false res=Concrete row=stock station=2007 stock=10000 target=10000 t=20625577 id=829
[mod] [SMRTK] SMRTK_STREAM before=0 calls=14 cubes=none expected_cubes=none hub=false res=Spices row=stock station=2007 stock=10000 target=10000 t=20625577 id=830
[mod] [SMRTK] SMRTK_STREAM before=0 calls=14 cubes=none expected_cubes=none hub=false res=Food row=stock station=2007 stock=10000 target=10000 t=20625577 id=831
[mod] [SMRTK] SMRTK_STREAM before=0 calls=14 cubes=none expected_cubes=none hub=false res=Sugar row=stock station=2007 stock=10000 target=10000 t=20625577 id=832
[mod] [SMRTK] SMRTK_STREAM before=0 calls=14 cubes=none expected_cubes=none hub=false res=Butter row=stock station=2007 stock=10000 target=10000 t=20625577 id=833
[mod] [SMRTK] SMRTK_STREAM before=0 calls=14 cubes=none expected_cubes=none hub=false res=PreciousMetals row=stock station=2007 stock=10000 target=10000 t=20625577 id=834
						Lua 0:06:03:806
[mod] [SMRTK] SMRTK_STREAM before=0 calls=14 cubes=none expected_cubes=none hub=false res=Bread row=stock station=2007 stock=10000 target=10000 t=20625577 id=835
[mod] [SMRTK] SMRTK_STREAM before=0 calls=14 cubes=none expected_cubes=none hub=false res=PreciousMinerals row=stock station=2007 stock=10000 target=10000 t=20625577 id=836
[mod] [SMRTK] SMRTK_STREAM before=0 calls=14 cubes=none expected_cubes=none hub=false res=Cheese row=stock station=2007 stock=5000 target=10000 t=20625577 id=837
						Lua 0:06:03:807
[mod] [SMRTK] SMRTK_STREAM before=5000 calls=14 cubes=none expected_cubes=none hub=false res=Cheese row=stock station=6951 stock=10000 target=10000 t=20625577 id=838
[mod] [SMRTK] SMRTK_STREAM before=0 calls=14 cubes=none expected_cubes=none hub=false res=MachineParts row=stock station=6951 stock=5000 target=10000 t=20625577 id=839
[mod] [SMRTK] SMRTK_STREAM before=0 calls=14 cubes=none expected_cubes=none hub=false res=Electronics row=stock station=6951 stock=10000 target=10000 t=20625577 id=840
[mod] [SMRTK] SMRTK_STREAM before=0 calls=14 cubes=none expected_cubes=none hub=false res=Meat row=stock station=6951 stock=10000 target=10000 t=20625577 id=841
						Lua 0:06:03:808
[mod] [SMRTK] SMRTK_STREAM before=0 calls=14 cubes=none expected_cubes=none hub=false res=Fuel row=stock station=6951 stock=10000 target=10000 t=20625577 id=842
[mod] [SMRTK] SMRTK_STREAM before=0 calls=14 cubes=none expected_cubes=none hub=false res=Seeds row=stock station=6951 stock=10000 target=10000 t=20625577 id=843
[mod] [SMRTK] SMRTK_STREAM before=0 calls=14 cubes=none expected_cubes=none hub=false res=WasteRock row=stock station=6951 stock=10000 target=10000 t=20625577 id=844
						Lua 0:06:03:865
[mod] [SMRTK] SMRTK_STREAM assigned=6243:Concrete:5000,6243:Herbs:10000,6243:Metals:10000 at_station=true cargo=Concrete:5000,Herbs:10000,Metals:10000 command=LoadTrain line=2012-6430 passengers=0 row=train station=2012 train=2000001848 t=20626577 id=845
						Lua 0:06:03:866
[mod] [SMRTK] SMRTK_STREAM before=0 calls=5 cubes=none expected_cubes=none hub=false res=Polymers row=stock station=2012 stock=10000 target=10000 t=20626577 id=846
[mod] [SMRTK] SMRTK_STREAM before=0 calls=5 cubes=none expected_cubes=none hub=false res=Coffee row=stock station=2012 stock=10000 target=10000 t=20626577 id=847
[mod] [SMRTK] SMRTK_STREAM before=0 calls=5 cubes=none expected_cubes=none hub=false res=MachineParts row=stock station=2012 stock=10000 target=10000 t=20626577 id=848
[mod] [SMRTK] SMRTK_STREAM before=0 calls=5 cubes=none expected_cubes=none hub=false res=Electronics row=stock station=2012 stock=10000 target=10000 t=20626577 id=849
[mod] [SMRTK] SMRTK_STREAM before=0 calls=5 cubes=none expected_cubes=none hub=false res=Meat row=stock station=2012 stock=10000 target=10000 t=20626577 id=850
[mod] [SMRTK] SMRTK_STREAM before=0 calls=5 cubes=none expected_cubes=none hub=false res=Fuel row=stock station=2012 stock=10000 target=10000 t=20626577 id=851
[mod] [SMRTK] SMRTK_STREAM before=0 calls=5 cubes=none expected_cubes=none hub=false res=Seeds row=stock station=2012 stock=10000 target=10000 t=20626577 id=852
[mod] [SMRTK] SMRTK_STREAM before=0 calls=5 cubes=none expected_cubes=none hub=false res=WasteRock row=stock station=2012 stock=10000 target=10000 t=20626577 id=853
						Lua 0:06:03:954
[mod] [SMRTK] SMRTK_STREAM assigned=6827:Cheese:5000,6827:Coffee:10000,6827:Electronics:10000,6827:Fuel:10000,6827:MachineParts:10000,6827:Meat:10000,6827:Polymers:10000,6827:Seeds:10000,6827:WasteRock:10000 at_station=false cargo=Cheese:5000,Coffee:10000,Electronics:10000,Fuel:10000,MachineParts:10000,Meat:10000,Polymers:10000,Seeds:10000,WasteRock:10000 command=GotoStation line=6495-6827 passengers=0 row=train station=6495 train=2000002389 t=20628577 id=854
						Lua 0:06:04:055
[mod] [SMRTK] SMRTK_STREAM assigned=6883:Cheese:5000 at_station=true cargo=Cheese:5000 command=LoadTrain line=6883-6495 passengers=0 row=train station=6495 train=2000002387 t=20630577 id=855
[mod] [SMRTK] SMRTK_STREAM assigned=none at_station=true cargo=none command=LoadTrain line=6951-6883 passengers=0 row=train station=6951 train=2000002392 t=20630577 id=856
						Lua 0:06:04:057
[mod] [SMRTK] SMRTK_STREAM before=445000 calls=43 cubes=171 expected_cubes=171 hub=true res=Cheese row=stock station=6495 stock=440000 target=none t=20630577 id=857
[mod] [SMRTK] SMRTK_STREAM before=0 calls=15 cubes=none expected_cubes=none hub=false res=Polymers row=stock station=6951 stock=10000 target=10000 t=20630577 id=858
[mod] [SMRTK] SMRTK_STREAM before=0 calls=15 cubes=none expected_cubes=none hub=false res=Coffee row=stock station=6951 stock=10000 target=10000 t=20630577 id=859
[mod] [SMRTK] SMRTK_STREAM before=5000 calls=15 cubes=none expected_cubes=none hub=false res=MachineParts row=stock station=6951 stock=10000 target=10000 t=20630577 id=860
						Lua 0:06:04:104
[mod] [SMRTK] SMRTK_STREAM assigned=none at_station=false cargo=none command=GotoStation line=1994-2007 passengers=0 row=train station=2007 train=2000001845 t=20631577 id=861
[mod] [SMRTK] SMRTK_STREAM assigned=none at_station=true cargo=none command=false line=6951-6495 passengers=0 row=train station=6951 train=2000002390 t=20631577 id=862
						Lua 0:06:04:155
[mod] [SMRTK] SMRTK_STREAM assigned=6243:Concrete:5000,6243:Herbs:10000,6243:Metals:10000 at_station=false cargo=Concrete:5000,Herbs:10000,Metals:10000 command=GotoStation line=6243-2012 passengers=0 row=train station=2012 train=2000001848 t=20632577 id=863
						Lua 0:06:04:355
[mod] [SMRTK] SMRTK_STREAM assigned=2008:Bread:10000,2008:Butter:10000,2008:Cheese:5000,2008:Concrete:10000,2008:Food:10000,2008:Herbs:10000,2008:Metals:10000,2008:PreciousMetals:10000,2008:PreciousMinerals:10000,2008:Spices:10000,2008:Sugar:10000 at_station=true cargo=Bread:10000,Butter:10000,Cheese:5000,Concrete:10000,Food:10000,Herbs:10000,Metals:10000,PreciousMetals:10000,PreciousMinerals:10000,Spices:10000,Sugar:10000 command=UnloadTrain line=6430-2008 passengers=0 row=train station=2008 train=2000001849 t=20636577 id=864
[mod] [SMRTK] SMRTK_STREAM assigned=6883:Cheese:5000 at_station=false cargo=Cheese:5000 command=GotoStation line=6883-6495 passengers=0 row=train station=6495 train=2000002387 t=20636577 id=865
[mod] [SMRTK] SMRTK_STREAM assigned=none at_station=true cargo=none command=false line=6951-6883 passengers=0 row=train station=6951 train=2000002392 t=20636577 id=866
						Lua 0:06:04:405
[mod] [SMRTK] SMRTK_STREAM assigned=none at_station=true cargo=none command=UnloadTrain line=6243-2012 passengers=0 row=train station=2012 train=2000001844 t=20637577 id=867
						Lua 0:06:04:555
[mod] [SMRTK] SMRTK_STREAM assigned=none at_station=true cargo=none command=LoadTrain line=2011-2009 passengers=0 row=train station=2009 train=2000001851 t=20640577 id=868
[mod] [SMRTK] SMRTK_STREAM assigned=none at_station=true cargo=none command=LoadTrain line=7411-6495 passengers=0 row=train station=6495 train=2000002388 t=20640577 id=869
[mod] [SMRTK] SMRTK_STREAM assigned=none at_station=true cargo=none command=LoadTrain line=6951-6495 passengers=0 row=train station=6951 train=2000002390 t=20640577 id=870
[mod] [SMRTK] SMRTK_STREAM assigned=none at_station=true cargo=none command=LoadTrain line=7411-6495 passengers=0 row=train station=7411 train=2000002391 t=20640577 id=871
[mod] [SMRTK] SMRTK_STREAM assigned=none at_station=true cargo=none command=LoadTrain line=6951-6883 passengers=0 row=train station=6951 train=2000002392 t=20640577 id=872
						Lua 0:06:04:604
[mod] [SMRTK] SMRTK_STREAM assigned=2009:Bread:10000,2009:Butter:10000,2009:Cheese:5000,2009:Concrete:10000,2009:Food:10000,2009:Herbs:10000,2009:Metals:10000,2009:PreciousMetals:10000,2009:PreciousMinerals:10000,2009:Spices:10000,2009:Sugar:10000 at_station=true cargo=Bread:10000,Butter:10000,Cheese:5000,Concrete:10000,Food:10000,Herbs:10000,Metals:10000,PreciousMetals:10000,PreciousMinerals:10000,Spices:10000,Sugar:10000 command=UnloadTrain line=2009-6430 passengers=0 row=train station=2009 train=2000001652 t=20641577 id=873
						Lua 0:06:04:655
[mod] [SMRTK] SMRTK_STREAM assigned=none at_station=true cargo=none command=LoadTrain line=6430-2008 passengers=0 row=train station=2008 train=2000001849 t=20642577 id=874
[mod] [SMRTK] SMRTK_STREAM before=0 calls=7 cubes=none expected_cubes=none hub=false res=Herbs row=stock station=2008 stock=10000 target=10000 t=20642577 id=875
[mod] [SMRTK] SMRTK_STREAM before=0 calls=7 cubes=none expected_cubes=none hub=false res=Metals row=stock station=2008 stock=10000 target=10000 t=20642577 id=876
						Lua 0:06:04:656
[mod] [SMRTK] SMRTK_STREAM before=0 calls=7 cubes=none expected_cubes=none hub=false res=Concrete row=stock station=2008 stock=10000 target=10000 t=20642577 id=877
[mod] [SMRTK] SMRTK_STREAM before=0 calls=7 cubes=none expected_cubes=none hub=false res=Spices row=stock station=2008 stock=10000 target=10000 t=20642577 id=878
[mod] [SMRTK] SMRTK_STREAM before=0 calls=7 cubes=none expected_cubes=none hub=false res=Food row=stock station=2008 stock=10000 target=10000 t=20642577 id=879
[mod] [SMRTK] SMRTK_STREAM before=0 calls=7 cubes=none expected_cubes=none hub=false res=Sugar row=stock station=2008 stock=10000 target=10000 t=20642577 id=880
[mod] [SMRTK] SMRTK_STREAM before=0 calls=7 cubes=none expected_cubes=none hub=false res=Butter row=stock station=2008 stock=10000 target=10000 t=20642577 id=881
[mod] [SMRTK] SMRTK_STREAM before=0 calls=7 cubes=none expected_cubes=none hub=false res=PreciousMetals row=stock station=2008 stock=10000 target=10000 t=20642577 id=882
[mod] [SMRTK] SMRTK_STREAM before=0 calls=7 cubes=none expected_cubes=none hub=false res=Bread row=stock station=2008 stock=10000 target=10000 t=20642577 id=883
[mod] [SMRTK] SMRTK_STREAM before=0 calls=7 cubes=none expected_cubes=none hub=false res=PreciousMinerals row=stock station=2008 stock=10000 target=10000 t=20642577 id=884
[mod] [SMRTK] SMRTK_STREAM before=0 calls=7 cubes=none expected_cubes=none hub=false res=Cheese row=stock station=2008 stock=5000 target=10000 t=20642577 id=885
						Lua 0:06:04:713
[mod] [SMRTK] SMRTK_STREAM assigned=none at_station=true cargo=none command=LoadTrain line=6243-2012 passengers=0 row=train station=2012 train=2000001844 t=20643577 id=886
						Lua 0:06:04:805
[mod] [SMRTK] SMRTK_STREAM assigned=none at_station=true cargo=none command=UnloadTrain line=1994-2007 passengers=0 row=train station=2007 train=2000001846 t=20645577 id=887
						Lua 0:06:04:852
[mod] [SMRTK] SMRTK_SPEED action=pause before=20000 factor=0 requested=0 status=OK t=20646497 id=888
[SMRTK] SMRTK_SPEED action=pause before=20000 factor=0 requested=0 status=OK t=20646497 id=888
						Lua 0:06:12:927
[mod] [SMRTK] SMRTK_MARK action=mark label=DISTRIBUTION_READ mark=1006 status=OK t=20646497 id=889
[SMRTK] SMRTK_MARK action=mark label=DISTRIBUTION_READ mark=1006 status=OK t=20646497 id=889
[mod] [SMRTK] SMRTK_FINGERPRINT action=fingerprint fix_pack_present=45/45 game=405907 mark_action=mark mods=SMR_CommunityFixPack,SMR_CommunityFixPackTestKit,SMR_CommunityOptInPack,SMR_RailShaftDev_20260923,SMR_TrainHubDev_20260918 pack_version=26 read="live registry" save="Double Hub Build.savegame.sav" sol=29 status=OK t=20646497 id=890
[SMRTK] SMRTK_FINGERPRINT action=fingerprint fix_pack_present=45/45 game=405907 mark_action=mark mods=SMR_CommunityFixPack,SMR_CommunityFixPackTestKit,SMR_CommunityOptInPack,SMR_RailShaftDev_20260923,SMR_TrainHubDev_20260918 pack_version=26 read="live registry" save="Double Hub Build.savegame.sav" sol=29 status=OK t=20646497 id=890
[mod] [SMRTK] SMRTK_TAINT_READ action=taint_read status=OK used=false t=20646497 id=891
[SMRTK] SMRTK_TAINT_READ action=taint_read status=OK used=false t=20646497 id=891
[mod] [SMRTK] SMRTK_ELIGIBILITY action=eligibility reason=UNAVAILABLE:sandbox status=OK t=20646497 id=892
[SMRTK] SMRTK_ELIGIBILITY action=eligibility reason=UNAVAILABLE:sandbox status=OK t=20646497 id=892
[mod] [SMRTK] SMRTK_DUMP calls=44 cap=480000 configured=false covered=true demand_desired=470000 demand_target=40000 enabled=true hub=none hub_room=none hub_stock=none mode=vanilla percent=unset phase=READ res=Metals sitting=distribution_pass2 station=6495 stock=440000 supply_desired=10000 supply_target=440000 target=unset t=20646497 id=893
[SMRTK] SMRTK_DUMP calls=44 cap=480000 configured=false covered=true demand_desired=470000 demand_target=40000 enabled=true hub=none hub_room=none hub_stock=none mode=vanilla percent=unset phase=READ res=Metals sitting=distribution_pass2 station=6495 stock=440000 supply_desired=10000 supply_target=440000 target=unset t=20646497 id=893
[mod] [SMRTK] SMRTK_DUMP assigned_here=0 cargo=10000 object=2000001652 row=train sitting=distribution_pass2 station=2009 t=20646497 id=894
[SMRTK] SMRTK_DUMP assigned_here=0 cargo=10000 object=2000001652 row=train sitting=distribution_pass2 station=2009 t=20646497 id=894
[mod] [SMRTK] SMRTK_DUMP assigned_here=0 cargo=10000 object=2000001848 row=train sitting=distribution_pass2 station=2012 t=20646497 id=895
[SMRTK] SMRTK_DUMP assigned_here=0 cargo=10000 object=2000001848 row=train sitting=distribution_pass2 station=2012 t=20646497 id=895
[mod] [SMRTK] SMRTK_DUMP assigned_here=0 cargo=0 object=2000002387 row=train sitting=distribution_pass2 station=6495 t=20646497 id=896
[SMRTK] SMRTK_DUMP assigned_here=0 cargo=0 object=2000002387 row=train sitting=distribution_pass2 station=6495 t=20646497 id=896
[mod] [SMRTK] SMRTK_DUMP assigned_here=0 cargo=0 object=2000002388 row=train sitting=distribution_pass2 station=6495 t=20646497 id=897
[SMRTK] SMRTK_DUMP assigned_here=0 cargo=0 object=2000002388 row=train sitting=distribution_pass2 station=6495 t=20646497 id=897
[mod] [SMRTK] SMRTK_DUMP assigned_here=0 cargo=0 object=2000002389 row=train sitting=distribution_pass2 station=6495 t=20646497 id=898
[SMRTK] SMRTK_DUMP assigned_here=0 cargo=0 object=2000002389 row=train sitting=distribution_pass2 station=6495 t=20646497 id=898
[mod] [SMRTK] SMRTK_ACTION action=slot_4 errors=0 game_time=20646497 mark=1006 phase=READ rows=1 runtime_error=none sitting=distribution_pass2 station=6495 status=OK t=20646497 id=899
[SMRTK] SMRTK_ACTION action=slot_4 errors=0 game_time=20646497 mark=1006 phase=READ rows=1 runtime_error=none sitting=distribution_pass2 station=6495 status=OK t=20646497 id=899
						Lua 0:06:14:057
[mod] [SMRTK] SMRTK_MARK action=mark label=CAPACITY_upgrade_read mark=1017 status=OK t=20646497 id=900
[SMRTK] SMRTK_MARK action=mark label=CAPACITY_upgrade_read mark=1017 status=OK t=20646497 id=900
						Lua 0:06:14:058
[mod] [SMRTK] SMRTK_FINGERPRINT action=fingerprint fix_pack_present=45/45 game=405907 mark_action=mark mods=SMR_CommunityFixPack,SMR_CommunityFixPackTestKit,SMR_CommunityOptInPack,SMR_RailShaftDev_20260923,SMR_TrainHubDev_20260918 pack_version=26 read="live registry" save="Double Hub Build.savegame.sav" sol=29 status=OK t=20646497 id=901
[SMRTK] SMRTK_FINGERPRINT action=fingerprint fix_pack_present=45/45 game=405907 mark_action=mark mods=SMR_CommunityFixPack,SMR_CommunityFixPackTestKit,SMR_CommunityOptInPack,SMR_RailShaftDev_20260923,SMR_TrainHubDev_20260918 pack_version=26 read="live registry" save="Double Hub Build.savegame.sav" sol=29 status=OK t=20646497 id=901
[mod] [SMRTK] SMRTK_DUMP cap=120000 class=StationSmall demand=110000 leg=upgrade_read object=1994 res=Herbs row=stock slider_max=120 stored=10000 t=20646497 id=902
[SMRTK] SMRTK_DUMP cap=120000 class=StationSmall demand=110000 leg=upgrade_read object=1994 res=Herbs row=stock slider_max=120 stored=10000 t=20646497 id=902
[mod] [SMRTK] SMRTK_DUMP cap=120000 class=StationSmall demand=110000 leg=upgrade_read object=1994 res=Metals row=stock slider_max=120 stored=10000 t=20646497 id=903
[SMRTK] SMRTK_DUMP cap=120000 class=StationSmall demand=110000 leg=upgrade_read object=1994 res=Metals row=stock slider_max=120 stored=10000 t=20646497 id=903
[mod] [SMRTK] SMRTK_DUMP cap=120000 class=StationSmall demand=110000 leg=upgrade_read object=1994 res=Concrete row=stock slider_max=120 stored=10000 t=20646497 id=904
[SMRTK] SMRTK_DUMP cap=120000 class=StationSmall demand=110000 leg=upgrade_read object=1994 res=Concrete row=stock slider_max=120 stored=10000 t=20646497 id=904
[mod] [SMRTK] SMRTK_DUMP cap=120000 class=StationSmall demand=110000 leg=upgrade_read object=1994 res=Spices row=stock slider_max=120 stored=10000 t=20646497 id=905
[SMRTK] SMRTK_DUMP cap=120000 class=StationSmall demand=110000 leg=upgrade_read object=1994 res=Spices row=stock slider_max=120 stored=10000 t=20646497 id=905
[mod] [SMRTK] SMRTK_DUMP cap=120000 class=StationSmall demand=110000 leg=upgrade_read object=1994 res=Food row=stock slider_max=120 stored=10000 t=20646497 id=906
[SMRTK] SMRTK_DUMP cap=120000 class=StationSmall demand=110000 leg=upgrade_read object=1994 res=Food row=stock slider_max=120 stored=10000 t=20646497 id=906
[mod] [SMRTK] SMRTK_DUMP cap=120000 class=StationSmall demand=110000 leg=upgrade_read object=1994 res=Sugar row=stock slider_max=120 stored=10000 t=20646497 id=907
[SMRTK] SMRTK_DUMP cap=120000 class=StationSmall demand=110000 leg=upgrade_read object=1994 res=Sugar row=stock slider_max=120 stored=10000 t=20646497 id=907
[mod] [SMRTK] SMRTK_DUMP cap=120000 class=StationSmall demand=110000 leg=upgrade_read object=1994 res=Butter row=stock slider_max=120 stored=10000 t=20646497 id=908
[SMRTK] SMRTK_DUMP cap=120000 class=StationSmall demand=110000 leg=upgrade_read object=1994 res=Butter row=stock slider_max=120 stored=10000 t=20646497 id=908
[mod] [SMRTK] SMRTK_DUMP cap=120000 class=StationSmall demand=110000 leg=upgrade_read object=1994 res=PreciousMetals row=stock slider_max=120 stored=10000 t=20646497 id=909
[SMRTK] SMRTK_DUMP cap=120000 class=StationSmall demand=110000 leg=upgrade_read object=1994 res=PreciousMetals row=stock slider_max=120 stored=10000 t=20646497 id=909
[mod] [SMRTK] SMRTK_DUMP cap=120000 class=StationSmall demand=110000 leg=upgrade_read object=1994 res=Bread row=stock slider_max=120 stored=10000 t=20646497 id=910
[SMRTK] SMRTK_DUMP cap=120000 class=StationSmall demand=110000 leg=upgrade_read object=1994 res=Bread row=stock slider_max=120 stored=10000 t=20646497 id=910
[mod] [SMRTK] SMRTK_DUMP cap=120000 class=StationSmall demand=110000 leg=upgrade_read object=1994 res=PreciousMinerals row=stock slider_max=120 stored=10000 t=20646497 id=911
[SMRTK] SMRTK_DUMP cap=120000 class=StationSmall demand=110000 leg=upgrade_read object=1994 res=PreciousMinerals row=stock slider_max=120 stored=10000 t=20646497 id=911
[mod] [SMRTK] SMRTK_DUMP cap=120000 class=StationSmall demand=115000 leg=upgrade_read object=1994 res=Cheese row=stock slider_max=120 stored=5000 t=20646497 id=912
[SMRTK] SMRTK_DUMP cap=120000 class=StationSmall demand=115000 leg=upgrade_read object=1994 res=Cheese row=stock slider_max=120 stored=5000 t=20646497 id=912
[mod] [SMRTK] SMRTK_DUMP cap=120000 class=StationSmall demand=110000 leg=upgrade_read object=2007 res=Herbs row=stock slider_max=120 stored=10000 t=20646497 id=913
[SMRTK] SMRTK_DUMP cap=120000 class=StationSmall demand=110000 leg=upgrade_read object=2007 res=Herbs row=stock slider_max=120 stored=10000 t=20646497 id=913
[mod] [SMRTK] SMRTK_DUMP cap=120000 class=StationSmall demand=110000 leg=upgrade_read object=2007 res=Metals row=stock slider_max=120 stored=10000 t=20646497 id=914
[SMRTK] SMRTK_DUMP cap=120000 class=StationSmall demand=110000 leg=upgrade_read object=2007 res=Metals row=stock slider_max=120 stored=10000 t=20646497 id=914
[mod] [SMRTK] SMRTK_DUMP cap=120000 class=StationSmall demand=110000 leg=upgrade_read object=2007 res=Concrete row=stock slider_max=120 stored=10000 t=20646497 id=915
[SMRTK] SMRTK_DUMP cap=120000 class=StationSmall demand=110000 leg=upgrade_read object=2007 res=Concrete row=stock slider_max=120 stored=10000 t=20646497 id=915
[mod] [SMRTK] SMRTK_DUMP cap=120000 class=StationSmall demand=110000 leg=upgrade_read object=2007 res=Spices row=stock slider_max=120 stored=10000 t=20646497 id=916
[SMRTK] SMRTK_DUMP cap=120000 class=StationSmall demand=110000 leg=upgrade_read object=2007 res=Spices row=stock slider_max=120 stored=10000 t=20646497 id=916
[mod] [SMRTK] SMRTK_DUMP cap=120000 class=StationSmall demand=110000 leg=upgrade_read object=2007 res=Food row=stock slider_max=120 stored=10000 t=20646497 id=917
[SMRTK] SMRTK_DUMP cap=120000 class=StationSmall demand=110000 leg=upgrade_read object=2007 res=Food row=stock slider_max=120 stored=10000 t=20646497 id=917
[mod] [SMRTK] SMRTK_DUMP cap=120000 class=StationSmall demand=110000 leg=upgrade_read object=2007 res=Sugar row=stock slider_max=120 stored=10000 t=20646497 id=918
[SMRTK] SMRTK_DUMP cap=120000 class=StationSmall demand=110000 leg=upgrade_read object=2007 res=Sugar row=stock slider_max=120 stored=10000 t=20646497 id=918
[mod] [SMRTK] SMRTK_DUMP cap=120000 class=StationSmall demand=110000 leg=upgrade_read object=2007 res=Butter row=stock slider_max=120 stored=10000 t=20646497 id=919
[SMRTK] SMRTK_DUMP cap=120000 class=StationSmall demand=110000 leg=upgrade_read object=2007 res=Butter row=stock slider_max=120 stored=10000 t=20646497 id=919
[mod] [SMRTK] SMRTK_DUMP cap=120000 class=StationSmall demand=110000 leg=upgrade_read object=2007 res=PreciousMetals row=stock slider_max=120 stored=10000 t=20646497 id=920
[SMRTK] SMRTK_DUMP cap=120000 class=StationSmall demand=110000 leg=upgrade_read object=2007 res=PreciousMetals row=stock slider_max=120 stored=10000 t=20646497 id=920
[mod] [SMRTK] SMRTK_DUMP cap=120000 class=StationSmall demand=110000 leg=upgrade_read object=2007 res=Bread row=stock slider_max=120 stored=10000 t=20646497 id=921
[SMRTK] SMRTK_DUMP cap=120000 class=StationSmall demand=110000 leg=upgrade_read object=2007 res=Bread row=stock slider_max=120 stored=10000 t=20646497 id=921
[mod] [SMRTK] SMRTK_DUMP cap=120000 class=StationSmall demand=110000 leg=upgrade_read object=2007 res=PreciousMinerals row=stock slider_max=120 stored=10000 t=20646497 id=922
[SMRTK] SMRTK_DUMP cap=120000 class=StationSmall demand=110000 leg=upgrade_read object=2007 res=PreciousMinerals row=stock slider_max=120 stored=10000 t=20646497 id=922
[mod] [SMRTK] SMRTK_DUMP cap=120000 class=StationSmall demand=115000 leg=upgrade_read object=2007 res=Cheese row=stock slider_max=120 stored=5000 t=20646497 id=923
[SMRTK] SMRTK_DUMP cap=120000 class=StationSmall demand=115000 leg=upgrade_read object=2007 res=Cheese row=stock slider_max=120 stored=5000 t=20646497 id=923
						Lua 0:06:14:059
[mod] [SMRTK] SMRTK_DUMP cap=120000 class=StationSmall demand=110000 leg=upgrade_read object=2008 res=Herbs row=stock slider_max=120 stored=10000 t=20646497 id=924
[SMRTK] SMRTK_DUMP cap=120000 class=StationSmall demand=110000 leg=upgrade_read object=2008 res=Herbs row=stock slider_max=120 stored=10000 t=20646497 id=924
[mod] [SMRTK] SMRTK_DUMP cap=120000 class=StationSmall demand=110000 leg=upgrade_read object=2008 res=Metals row=stock slider_max=120 stored=10000 t=20646497 id=925
[SMRTK] SMRTK_DUMP cap=120000 class=StationSmall demand=110000 leg=upgrade_read object=2008 res=Metals row=stock slider_max=120 stored=10000 t=20646497 id=925
[mod] [SMRTK] SMRTK_DUMP cap=120000 class=StationSmall demand=110000 leg=upgrade_read object=2008 res=Concrete row=stock slider_max=120 stored=10000 t=20646497 id=926
[SMRTK] SMRTK_DUMP cap=120000 class=StationSmall demand=110000 leg=upgrade_read object=2008 res=Concrete row=stock slider_max=120 stored=10000 t=20646497 id=926
[mod] [SMRTK] SMRTK_DUMP cap=120000 class=StationSmall demand=110000 leg=upgrade_read object=2008 res=Spices row=stock slider_max=120 stored=10000 t=20646497 id=927
[SMRTK] SMRTK_DUMP cap=120000 class=StationSmall demand=110000 leg=upgrade_read object=2008 res=Spices row=stock slider_max=120 stored=10000 t=20646497 id=927
[mod] [SMRTK] SMRTK_DUMP cap=120000 class=StationSmall demand=110000 leg=upgrade_read object=2008 res=Food row=stock slider_max=120 stored=10000 t=20646497 id=928
[SMRTK] SMRTK_DUMP cap=120000 class=StationSmall demand=110000 leg=upgrade_read object=2008 res=Food row=stock slider_max=120 stored=10000 t=20646497 id=928
[mod] [SMRTK] SMRTK_DUMP cap=120000 class=StationSmall demand=110000 leg=upgrade_read object=2008 res=Sugar row=stock slider_max=120 stored=10000 t=20646497 id=929
[SMRTK] SMRTK_DUMP cap=120000 class=StationSmall demand=110000 leg=upgrade_read object=2008 res=Sugar row=stock slider_max=120 stored=10000 t=20646497 id=929
[mod] [SMRTK] SMRTK_DUMP cap=120000 class=StationSmall demand=110000 leg=upgrade_read object=2008 res=Butter row=stock slider_max=120 stored=10000 t=20646497 id=930
[SMRTK] SMRTK_DUMP cap=120000 class=StationSmall demand=110000 leg=upgrade_read object=2008 res=Butter row=stock slider_max=120 stored=10000 t=20646497 id=930
[mod] [SMRTK] SMRTK_DUMP cap=120000 class=StationSmall demand=110000 leg=upgrade_read object=2008 res=PreciousMetals row=stock slider_max=120 stored=10000 t=20646497 id=931
[SMRTK] SMRTK_DUMP cap=120000 class=StationSmall demand=110000 leg=upgrade_read object=2008 res=PreciousMetals row=stock slider_max=120 stored=10000 t=20646497 id=931
[mod] [SMRTK] SMRTK_DUMP cap=120000 class=StationSmall demand=110000 leg=upgrade_read object=2008 res=Bread row=stock slider_max=120 stored=10000 t=20646497 id=932
[SMRTK] SMRTK_DUMP cap=120000 class=StationSmall demand=110000 leg=upgrade_read object=2008 res=Bread row=stock slider_max=120 stored=10000 t=20646497 id=932
[mod] [SMRTK] SMRTK_DUMP cap=120000 class=StationSmall demand=110000 leg=upgrade_read object=2008 res=PreciousMinerals row=stock slider_max=120 stored=10000 t=20646497 id=933
[SMRTK] SMRTK_DUMP cap=120000 class=StationSmall demand=110000 leg=upgrade_read object=2008 res=PreciousMinerals row=stock slider_max=120 stored=10000 t=20646497 id=933
[mod] [SMRTK] SMRTK_DUMP cap=120000 class=StationSmall demand=115000 leg=upgrade_read object=2008 res=Cheese row=stock slider_max=120 stored=5000 t=20646497 id=934
[SMRTK] SMRTK_DUMP cap=120000 class=StationSmall demand=115000 leg=upgrade_read object=2008 res=Cheese row=stock slider_max=120 stored=5000 t=20646497 id=934
[mod] [SMRTK] SMRTK_DUMP cap=240000 class=StationBig demand=240000 leg=upgrade_read object=2009 res=Metals row=stock slider_max=240 stored=0 t=20646497 id=935
[SMRTK] SMRTK_DUMP cap=240000 class=StationBig demand=240000 leg=upgrade_read object=2009 res=Metals row=stock slider_max=240 stored=0 t=20646497 id=935
[mod] [SMRTK] SMRTK_DUMP cap=120000 class=StationSmall demand=110000 leg=upgrade_read object=2011 res=Herbs row=stock slider_max=120 stored=10000 t=20646497 id=936
[SMRTK] SMRTK_DUMP cap=120000 class=StationSmall demand=110000 leg=upgrade_read object=2011 res=Herbs row=stock slider_max=120 stored=10000 t=20646497 id=936
[mod] [SMRTK] SMRTK_DUMP cap=120000 class=StationSmall demand=110000 leg=upgrade_read object=2011 res=Metals row=stock slider_max=120 stored=10000 t=20646497 id=937
[SMRTK] SMRTK_DUMP cap=120000 class=StationSmall demand=110000 leg=upgrade_read object=2011 res=Metals row=stock slider_max=120 stored=10000 t=20646497 id=937
[mod] [SMRTK] SMRTK_DUMP cap=120000 class=StationSmall demand=110000 leg=upgrade_read object=2011 res=Concrete row=stock slider_max=120 stored=10000 t=20646497 id=938
[SMRTK] SMRTK_DUMP cap=120000 class=StationSmall demand=110000 leg=upgrade_read object=2011 res=Concrete row=stock slider_max=120 stored=10000 t=20646497 id=938
[mod] [SMRTK] SMRTK_DUMP cap=120000 class=StationSmall demand=110000 leg=upgrade_read object=2011 res=Spices row=stock slider_max=120 stored=10000 t=20646497 id=939
[SMRTK] SMRTK_DUMP cap=120000 class=StationSmall demand=110000 leg=upgrade_read object=2011 res=Spices row=stock slider_max=120 stored=10000 t=20646497 id=939
[mod] [SMRTK] SMRTK_DUMP cap=120000 class=StationSmall demand=110000 leg=upgrade_read object=2011 res=Food row=stock slider_max=120 stored=10000 t=20646497 id=940
[SMRTK] SMRTK_DUMP cap=120000 class=StationSmall demand=110000 leg=upgrade_read object=2011 res=Food row=stock slider_max=120 stored=10000 t=20646497 id=940
[mod] [SMRTK] SMRTK_DUMP cap=120000 class=StationSmall demand=110000 leg=upgrade_read object=2011 res=Sugar row=stock slider_max=120 stored=10000 t=20646497 id=941
[SMRTK] SMRTK_DUMP cap=120000 class=StationSmall demand=110000 leg=upgrade_read object=2011 res=Sugar row=stock slider_max=120 stored=10000 t=20646497 id=941
[mod] [SMRTK] SMRTK_DUMP cap=120000 class=StationSmall demand=110000 leg=upgrade_read object=2011 res=Butter row=stock slider_max=120 stored=10000 t=20646497 id=942
[SMRTK] SMRTK_DUMP cap=120000 class=StationSmall demand=110000 leg=upgrade_read object=2011 res=Butter row=stock slider_max=120 stored=10000 t=20646497 id=942
[mod] [SMRTK] SMRTK_DUMP cap=120000 class=StationSmall demand=110000 leg=upgrade_read object=2011 res=PreciousMetals row=stock slider_max=120 stored=10000 t=20646497 id=943
[SMRTK] SMRTK_DUMP cap=120000 class=StationSmall demand=110000 leg=upgrade_read object=2011 res=PreciousMetals row=stock slider_max=120 stored=10000 t=20646497 id=943
[mod] [SMRTK] SMRTK_DUMP cap=120000 class=StationSmall demand=110000 leg=upgrade_read object=2011 res=Bread row=stock slider_max=120 stored=10000 t=20646497 id=944
[SMRTK] SMRTK_DUMP cap=120000 class=StationSmall demand=110000 leg=upgrade_read object=2011 res=Bread row=stock slider_max=120 stored=10000 t=20646497 id=944
[mod] [SMRTK] SMRTK_DUMP cap=120000 class=StationSmall demand=110000 leg=upgrade_read object=2011 res=PreciousMinerals row=stock slider_max=120 stored=10000 t=20646497 id=945
[SMRTK] SMRTK_DUMP cap=120000 class=StationSmall demand=110000 leg=upgrade_read object=2011 res=PreciousMinerals row=stock slider_max=120 stored=10000 t=20646497 id=945
[mod] [SMRTK] SMRTK_DUMP cap=120000 class=StationSmall demand=115000 leg=upgrade_read object=2011 res=Cheese row=stock slider_max=120 stored=5000 t=20646497 id=946
[SMRTK] SMRTK_DUMP cap=120000 class=StationSmall demand=115000 leg=upgrade_read object=2011 res=Cheese row=stock slider_max=120 stored=5000 t=20646497 id=946
						Lua 0:06:14:060
[mod] [SMRTK] SMRTK_DUMP cap=120000 class=StationSmall demand=110000 leg=upgrade_read object=2012 res=Herbs row=stock slider_max=120 stored=10000 t=20646497 id=947
[SMRTK] SMRTK_DUMP cap=120000 class=StationSmall demand=110000 leg=upgrade_read object=2012 res=Herbs row=stock slider_max=120 stored=10000 t=20646497 id=947
[mod] [SMRTK] SMRTK_DUMP cap=120000 class=StationSmall demand=110000 leg=upgrade_read object=2012 res=Metals row=stock slider_max=120 stored=10000 t=20646497 id=948
[SMRTK] SMRTK_DUMP cap=120000 class=StationSmall demand=110000 leg=upgrade_read object=2012 res=Metals row=stock slider_max=120 stored=10000 t=20646497 id=948
[mod] [SMRTK] SMRTK_DUMP cap=120000 class=StationSmall demand=110000 leg=upgrade_read object=2012 res=Concrete row=stock slider_max=120 stored=10000 t=20646497 id=949
[SMRTK] SMRTK_DUMP cap=120000 class=StationSmall demand=110000 leg=upgrade_read object=2012 res=Concrete row=stock slider_max=120 stored=10000 t=20646497 id=949
[mod] [SMRTK] SMRTK_DUMP cap=120000 class=StationSmall demand=110000 leg=upgrade_read object=2012 res=Spices row=stock slider_max=120 stored=10000 t=20646497 id=950
[SMRTK] SMRTK_DUMP cap=120000 class=StationSmall demand=110000 leg=upgrade_read object=2012 res=Spices row=stock slider_max=120 stored=10000 t=20646497 id=950
[mod] [SMRTK] SMRTK_DUMP cap=120000 class=StationSmall demand=110000 leg=upgrade_read object=2012 res=Food row=stock slider_max=120 stored=10000 t=20646497 id=951
[SMRTK] SMRTK_DUMP cap=120000 class=StationSmall demand=110000 leg=upgrade_read object=2012 res=Food row=stock slider_max=120 stored=10000 t=20646497 id=951
[mod] [SMRTK] SMRTK_DUMP cap=120000 class=StationSmall demand=110000 leg=upgrade_read object=2012 res=Sugar row=stock slider_max=120 stored=10000 t=20646497 id=952
[SMRTK] SMRTK_DUMP cap=120000 class=StationSmall demand=110000 leg=upgrade_read object=2012 res=Sugar row=stock slider_max=120 stored=10000 t=20646497 id=952
[mod] [SMRTK] SMRTK_DUMP cap=120000 class=StationSmall demand=110000 leg=upgrade_read object=2012 res=Butter row=stock slider_max=120 stored=10000 t=20646497 id=953
[SMRTK] SMRTK_DUMP cap=120000 class=StationSmall demand=110000 leg=upgrade_read object=2012 res=Butter row=stock slider_max=120 stored=10000 t=20646497 id=953
[mod] [SMRTK] SMRTK_DUMP cap=120000 class=StationSmall demand=110000 leg=upgrade_read object=2012 res=PreciousMetals row=stock slider_max=120 stored=10000 t=20646497 id=954
[SMRTK] SMRTK_DUMP cap=120000 class=StationSmall demand=110000 leg=upgrade_read object=2012 res=PreciousMetals row=stock slider_max=120 stored=10000 t=20646497 id=954
[mod] [SMRTK] SMRTK_DUMP cap=120000 class=StationSmall demand=110000 leg=upgrade_read object=2012 res=Bread row=stock slider_max=120 stored=10000 t=20646497 id=955
[SMRTK] SMRTK_DUMP cap=120000 class=StationSmall demand=110000 leg=upgrade_read object=2012 res=Bread row=stock slider_max=120 stored=10000 t=20646497 id=955
[mod] [SMRTK] SMRTK_DUMP cap=120000 class=StationSmall demand=110000 leg=upgrade_read object=2012 res=PreciousMinerals row=stock slider_max=120 stored=10000 t=20646497 id=956
[SMRTK] SMRTK_DUMP cap=120000 class=StationSmall demand=110000 leg=upgrade_read object=2012 res=PreciousMinerals row=stock slider_max=120 stored=10000 t=20646497 id=956
[mod] [SMRTK] SMRTK_DUMP cap=120000 class=StationSmall demand=115000 leg=upgrade_read object=2012 res=Cheese row=stock slider_max=120 stored=5000 t=20646497 id=957
[SMRTK] SMRTK_DUMP cap=120000 class=StationSmall demand=115000 leg=upgrade_read object=2012 res=Cheese row=stock slider_max=120 stored=5000 t=20646497 id=957
[mod] [SMRTK] SMRTK_DUMP cap=120000 class=StationSmall demand=110000 leg=upgrade_read object=2012 res=Polymers row=stock slider_max=120 stored=10000 t=20646497 id=958
[SMRTK] SMRTK_DUMP cap=120000 class=StationSmall demand=110000 leg=upgrade_read object=2012 res=Polymers row=stock slider_max=120 stored=10000 t=20646497 id=958
[mod] [SMRTK] SMRTK_DUMP cap=120000 class=StationSmall demand=110000 leg=upgrade_read object=2012 res=Coffee row=stock slider_max=120 stored=10000 t=20646497 id=959
[SMRTK] SMRTK_DUMP cap=120000 class=StationSmall demand=110000 leg=upgrade_read object=2012 res=Coffee row=stock slider_max=120 stored=10000 t=20646497 id=959
[mod] [SMRTK] SMRTK_DUMP cap=120000 class=StationSmall demand=110000 leg=upgrade_read object=2012 res=MachineParts row=stock slider_max=120 stored=10000 t=20646497 id=960
[SMRTK] SMRTK_DUMP cap=120000 class=StationSmall demand=110000 leg=upgrade_read object=2012 res=MachineParts row=stock slider_max=120 stored=10000 t=20646497 id=960
[mod] [SMRTK] SMRTK_DUMP cap=120000 class=StationSmall demand=110000 leg=upgrade_read object=2012 res=Electronics row=stock slider_max=120 stored=10000 t=20646497 id=961
[SMRTK] SMRTK_DUMP cap=120000 class=StationSmall demand=110000 leg=upgrade_read object=2012 res=Electronics row=stock slider_max=120 stored=10000 t=20646497 id=961
[mod] [SMRTK] SMRTK_DUMP cap=120000 class=StationSmall demand=110000 leg=upgrade_read object=2012 res=Meat row=stock slider_max=120 stored=10000 t=20646497 id=962
[SMRTK] SMRTK_DUMP cap=120000 class=StationSmall demand=110000 leg=upgrade_read object=2012 res=Meat row=stock slider_max=120 stored=10000 t=20646497 id=962
[mod] [SMRTK] SMRTK_DUMP cap=120000 class=StationSmall demand=110000 leg=upgrade_read object=2012 res=Fuel row=stock slider_max=120 stored=10000 t=20646497 id=963
[SMRTK] SMRTK_DUMP cap=120000 class=StationSmall demand=110000 leg=upgrade_read object=2012 res=Fuel row=stock slider_max=120 stored=10000 t=20646497 id=963
[mod] [SMRTK] SMRTK_DUMP cap=120000 class=StationSmall demand=110000 leg=upgrade_read object=2012 res=Seeds row=stock slider_max=120 stored=10000 t=20646497 id=964
[SMRTK] SMRTK_DUMP cap=120000 class=StationSmall demand=110000 leg=upgrade_read object=2012 res=Seeds row=stock slider_max=120 stored=10000 t=20646497 id=964
[mod] [SMRTK] SMRTK_DUMP cap=120000 class=StationSmall demand=110000 leg=upgrade_read object=2012 res=WasteRock row=stock slider_max=120 stored=10000 t=20646497 id=965
[SMRTK] SMRTK_DUMP cap=120000 class=StationSmall demand=110000 leg=upgrade_read object=2012 res=WasteRock row=stock slider_max=120 stored=10000 t=20646497 id=965
[mod] [SMRTK] SMRTK_DUMP cap=120000 class=StationSmall demand=120000 leg=upgrade_read object=6243 res=Metals row=stock slider_max=120 stored=0 t=20646497 id=966
[SMRTK] SMRTK_DUMP cap=120000 class=StationSmall demand=120000 leg=upgrade_read object=6243 res=Metals row=stock slider_max=120 stored=0 t=20646497 id=966
[mod] [SMRTK] SMRTK_DUMP answers=true building=false can_switch=true destroyed=false leg=upgrade_read max_storage=480000 max_z=9 object=6430 on=true own=true row=hub slider_max=480 working=true t=20646497 id=967
[SMRTK] SMRTK_DUMP answers=true building=false can_switch=true destroyed=false leg=upgrade_read max_storage=480000 max_z=9 object=6430 on=true own=true row=hub slider_max=480 working=true t=20646497 id=967
[mod] [SMRTK] SMRTK_DUMP answers=false building=false can_switch=true destroyed=false leg=upgrade_read object=6430 on=false own=false row=cargo_upgrade upgrade=SMROptInTrainHub6_TrainCargo t=20646497 id=968
[SMRTK] SMRTK_DUMP answers=false building=false can_switch=true destroyed=false leg=upgrade_read object=6430 on=false own=false row=cargo_upgrade upgrade=SMROptInTrainHub6_TrainCargo t=20646497 id=968
[mod] [SMRTK] SMRTK_DUMP cap=480000 class=hub demand=386000 leg=upgrade_read object=6430 res=Herbs row=stock slider_max=480 stored=94000 t=20646497 id=969
[SMRTK] SMRTK_DUMP cap=480000 class=hub demand=386000 leg=upgrade_read object=6430 res=Herbs row=stock slider_max=480 stored=94000 t=20646497 id=969
[mod] [SMRTK] SMRTK_DUMP cap=480000 class=hub demand=310500 leg=upgrade_read object=6430 res=Metals row=stock slider_max=480 stored=169500 t=20646497 id=970
[SMRTK] SMRTK_DUMP cap=480000 class=hub demand=310500 leg=upgrade_read object=6430 res=Metals row=stock slider_max=480 stored=169500 t=20646497 id=970
[mod] [SMRTK] SMRTK_DUMP cap=480000 class=hub demand=395000 leg=upgrade_read object=6430 res=Concrete row=stock slider_max=480 stored=85000 t=20646497 id=971
[SMRTK] SMRTK_DUMP cap=480000 class=hub demand=395000 leg=upgrade_read object=6430 res=Concrete row=stock slider_max=480 stored=85000 t=20646497 id=971
						Lua 0:06:14:061
[mod] [SMRTK] SMRTK_DUMP cap=480000 class=hub demand=377000 leg=upgrade_read object=6430 res=Spices row=stock slider_max=480 stored=103000 t=20646497 id=972
[SMRTK] SMRTK_DUMP cap=480000 class=hub demand=377000 leg=upgrade_read object=6430 res=Spices row=stock slider_max=480 stored=103000 t=20646497 id=972
[mod] [SMRTK] SMRTK_DUMP cap=480000 class=hub demand=378000 leg=upgrade_read object=6430 res=Food row=stock slider_max=480 stored=102000 t=20646497 id=973
[SMRTK] SMRTK_DUMP cap=480000 class=hub demand=378000 leg=upgrade_read object=6430 res=Food row=stock slider_max=480 stored=102000 t=20646497 id=973
[mod] [SMRTK] SMRTK_DUMP cap=480000 class=hub demand=377000 leg=upgrade_read object=6430 res=Sugar row=stock slider_max=480 stored=103000 t=20646497 id=974
[SMRTK] SMRTK_DUMP cap=480000 class=hub demand=377000 leg=upgrade_read object=6430 res=Sugar row=stock slider_max=480 stored=103000 t=20646497 id=974
[mod] [SMRTK] SMRTK_DUMP cap=480000 class=hub demand=377000 leg=upgrade_read object=6430 res=Butter row=stock slider_max=480 stored=103000 t=20646497 id=975
[SMRTK] SMRTK_DUMP cap=480000 class=hub demand=377000 leg=upgrade_read object=6430 res=Butter row=stock slider_max=480 stored=103000 t=20646497 id=975
[mod] [SMRTK] SMRTK_DUMP cap=480000 class=hub demand=370000 leg=upgrade_read object=6430 res=PreciousMetals row=stock slider_max=480 stored=110000 t=20646497 id=976
[SMRTK] SMRTK_DUMP cap=480000 class=hub demand=370000 leg=upgrade_read object=6430 res=PreciousMetals row=stock slider_max=480 stored=110000 t=20646497 id=976
[mod] [SMRTK] SMRTK_DUMP cap=480000 class=hub demand=377000 leg=upgrade_read object=6430 res=Bread row=stock slider_max=480 stored=103000 t=20646497 id=977
[SMRTK] SMRTK_DUMP cap=480000 class=hub demand=377000 leg=upgrade_read object=6430 res=Bread row=stock slider_max=480 stored=103000 t=20646497 id=977
[mod] [SMRTK] SMRTK_DUMP cap=480000 class=hub demand=370000 leg=upgrade_read object=6430 res=PreciousMinerals row=stock slider_max=480 stored=110000 t=20646497 id=978
[SMRTK] SMRTK_DUMP cap=480000 class=hub demand=370000 leg=upgrade_read object=6430 res=PreciousMinerals row=stock slider_max=480 stored=110000 t=20646497 id=978
[mod] [SMRTK] SMRTK_DUMP cap=480000 class=hub demand=352000 leg=upgrade_read object=6430 res=Cheese row=stock slider_max=480 stored=128000 t=20646497 id=979
[SMRTK] SMRTK_DUMP cap=480000 class=hub demand=352000 leg=upgrade_read object=6430 res=Cheese row=stock slider_max=480 stored=128000 t=20646497 id=979
[mod] [SMRTK] SMRTK_DUMP cap=480000 class=hub demand=330000 leg=upgrade_read object=6430 res=Polymers row=stock slider_max=480 stored=150000 t=20646497 id=980
[SMRTK] SMRTK_DUMP cap=480000 class=hub demand=330000 leg=upgrade_read object=6430 res=Polymers row=stock slider_max=480 stored=150000 t=20646497 id=980
[mod] [SMRTK] SMRTK_DUMP cap=480000 class=hub demand=337000 leg=upgrade_read object=6430 res=Coffee row=stock slider_max=480 stored=143000 t=20646497 id=981
[SMRTK] SMRTK_DUMP cap=480000 class=hub demand=337000 leg=upgrade_read object=6430 res=Coffee row=stock slider_max=480 stored=143000 t=20646497 id=981
[mod] [SMRTK] SMRTK_DUMP cap=480000 class=hub demand=330000 leg=upgrade_read object=6430 res=MachineParts row=stock slider_max=480 stored=150000 t=20646497 id=982
[SMRTK] SMRTK_DUMP cap=480000 class=hub demand=330000 leg=upgrade_read object=6430 res=MachineParts row=stock slider_max=480 stored=150000 t=20646497 id=982
[mod] [SMRTK] SMRTK_DUMP cap=480000 class=hub demand=350000 leg=upgrade_read object=6430 res=Electronics row=stock slider_max=480 stored=130000 t=20646497 id=983
[SMRTK] SMRTK_DUMP cap=480000 class=hub demand=350000 leg=upgrade_read object=6430 res=Electronics row=stock slider_max=480 stored=130000 t=20646497 id=983
[mod] [SMRTK] SMRTK_DUMP cap=480000 class=hub demand=337000 leg=upgrade_read object=6430 res=Meat row=stock slider_max=480 stored=143000 t=20646497 id=984
[SMRTK] SMRTK_DUMP cap=480000 class=hub demand=337000 leg=upgrade_read object=6430 res=Meat row=stock slider_max=480 stored=143000 t=20646497 id=984
[mod] [SMRTK] SMRTK_DUMP cap=480000 class=hub demand=330000 leg=upgrade_read object=6430 res=Fuel row=stock slider_max=480 stored=150000 t=20646497 id=985
[SMRTK] SMRTK_DUMP cap=480000 class=hub demand=330000 leg=upgrade_read object=6430 res=Fuel row=stock slider_max=480 stored=150000 t=20646497 id=985
[mod] [SMRTK] SMRTK_DUMP cap=480000 class=hub demand=330000 leg=upgrade_read object=6430 res=Seeds row=stock slider_max=480 stored=150000 t=20646497 id=986
[SMRTK] SMRTK_DUMP cap=480000 class=hub demand=330000 leg=upgrade_read object=6430 res=Seeds row=stock slider_max=480 stored=150000 t=20646497 id=986
[mod] [SMRTK] SMRTK_DUMP cap=480000 class=hub demand=330000 leg=upgrade_read object=6430 res=WasteRock row=stock slider_max=480 stored=150000 t=20646497 id=987
[SMRTK] SMRTK_DUMP cap=480000 class=hub demand=330000 leg=upgrade_read object=6430 res=WasteRock row=stock slider_max=480 stored=150000 t=20646497 id=987
[mod] [SMRTK] SMRTK_DUMP answers=true building=false can_switch=false destroyed=false leg=upgrade_read max_storage=480000 max_z=9 object=6495 on=false own=false row=hub slider_max=480 working=true t=20646497 id=988
[SMRTK] SMRTK_DUMP answers=true building=false can_switch=false destroyed=false leg=upgrade_read max_storage=480000 max_z=9 object=6495 on=false own=false row=hub slider_max=480 working=true t=20646497 id=988
[mod] [SMRTK] SMRTK_DUMP answers=false building=false can_switch=true destroyed=false leg=upgrade_read object=6495 on=false own=false row=cargo_upgrade upgrade=SMROptInTrainHub6_TrainCargo t=20646497 id=989
[SMRTK] SMRTK_DUMP answers=false building=false can_switch=true destroyed=false leg=upgrade_read object=6495 on=false own=false row=cargo_upgrade upgrade=SMROptInTrainHub6_TrainCargo t=20646497 id=989
[mod] [SMRTK] SMRTK_DUMP cap=480000 class=hub demand=40000 leg=upgrade_read object=6495 res=Herbs row=stock slider_max=480 stored=440000 t=20646497 id=990
[SMRTK] SMRTK_DUMP cap=480000 class=hub demand=40000 leg=upgrade_read object=6495 res=Herbs row=stock slider_max=480 stored=440000 t=20646497 id=990
[mod] [SMRTK] SMRTK_DUMP cap=480000 class=hub demand=40000 leg=upgrade_read object=6495 res=Metals row=stock slider_max=480 stored=440000 t=20646497 id=991
[SMRTK] SMRTK_DUMP cap=480000 class=hub demand=40000 leg=upgrade_read object=6495 res=Metals row=stock slider_max=480 stored=440000 t=20646497 id=991
[mod] [SMRTK] SMRTK_DUMP cap=480000 class=hub demand=40000 leg=upgrade_read object=6495 res=Concrete row=stock slider_max=480 stored=440000 t=20646497 id=992
[SMRTK] SMRTK_DUMP cap=480000 class=hub demand=40000 leg=upgrade_read object=6495 res=Concrete row=stock slider_max=480 stored=440000 t=20646497 id=992
[mod] [SMRTK] SMRTK_DUMP cap=480000 class=hub demand=40000 leg=upgrade_read object=6495 res=Spices row=stock slider_max=480 stored=440000 t=20646497 id=993
[SMRTK] SMRTK_DUMP cap=480000 class=hub demand=40000 leg=upgrade_read object=6495 res=Spices row=stock slider_max=480 stored=440000 t=20646497 id=993
[mod] [SMRTK] SMRTK_DUMP cap=480000 class=hub demand=40000 leg=upgrade_read object=6495 res=Food row=stock slider_max=480 stored=440000 t=20646497 id=994
[SMRTK] SMRTK_DUMP cap=480000 class=hub demand=40000 leg=upgrade_read object=6495 res=Food row=stock slider_max=480 stored=440000 t=20646497 id=994
[mod] [SMRTK] SMRTK_DUMP cap=480000 class=hub demand=40000 leg=upgrade_read object=6495 res=Sugar row=stock slider_max=480 stored=440000 t=20646497 id=995
[SMRTK] SMRTK_DUMP cap=480000 class=hub demand=40000 leg=upgrade_read object=6495 res=Sugar row=stock slider_max=480 stored=440000 t=20646497 id=995
[mod] [SMRTK] SMRTK_DUMP cap=480000 class=hub demand=40000 leg=upgrade_read object=6495 res=Butter row=stock slider_max=480 stored=440000 t=20646497 id=996
[SMRTK] SMRTK_DUMP cap=480000 class=hub demand=40000 leg=upgrade_read object=6495 res=Butter row=stock slider_max=480 stored=440000 t=20646497 id=996
[mod] [SMRTK] SMRTK_DUMP cap=480000 class=hub demand=40000 leg=upgrade_read object=6495 res=PreciousMetals row=stock slider_max=480 stored=440000 t=20646497 id=997
[SMRTK] SMRTK_DUMP cap=480000 class=hub demand=40000 leg=upgrade_read object=6495 res=PreciousMetals row=stock slider_max=480 stored=440000 t=20646497 id=997
						Lua 0:06:14:062
[mod] [SMRTK] SMRTK_DUMP cap=480000 class=hub demand=40000 leg=upgrade_read object=6495 res=Bread row=stock slider_max=480 stored=440000 t=20646497 id=998
[SMRTK] SMRTK_DUMP cap=480000 class=hub demand=40000 leg=upgrade_read object=6495 res=Bread row=stock slider_max=480 stored=440000 t=20646497 id=998
[mod] [SMRTK] SMRTK_DUMP cap=480000 class=hub demand=40000 leg=upgrade_read object=6495 res=PreciousMinerals row=stock slider_max=480 stored=440000 t=20646497 id=999
[SMRTK] SMRTK_DUMP cap=480000 class=hub demand=40000 leg=upgrade_read object=6495 res=PreciousMinerals row=stock slider_max=480 stored=440000 t=20646497 id=999
[mod] [SMRTK] SMRTK_DUMP cap=480000 class=hub demand=40000 leg=upgrade_read object=6495 res=Cheese row=stock slider_max=480 stored=440000 t=20646497 id=1000
[SMRTK] SMRTK_DUMP cap=480000 class=hub demand=40000 leg=upgrade_read object=6495 res=Cheese row=stock slider_max=480 stored=440000 t=20646497 id=1000
[mod] [SMRTK] SMRTK_DUMP cap=480000 class=hub demand=40000 leg=upgrade_read object=6495 res=Polymers row=stock slider_max=480 stored=440000 t=20646497 id=1001
[SMRTK] SMRTK_DUMP cap=480000 class=hub demand=40000 leg=upgrade_read object=6495 res=Polymers row=stock slider_max=480 stored=440000 t=20646497 id=1001
[mod] [SMRTK] SMRTK_DUMP cap=480000 class=hub demand=40000 leg=upgrade_read object=6495 res=Coffee row=stock slider_max=480 stored=440000 t=20646497 id=1002
[SMRTK] SMRTK_DUMP cap=480000 class=hub demand=40000 leg=upgrade_read object=6495 res=Coffee row=stock slider_max=480 stored=440000 t=20646497 id=1002
[mod] [SMRTK] SMRTK_DUMP cap=480000 class=hub demand=40000 leg=upgrade_read object=6495 res=MachineParts row=stock slider_max=480 stored=440000 t=20646497 id=1003
[SMRTK] SMRTK_DUMP cap=480000 class=hub demand=40000 leg=upgrade_read object=6495 res=MachineParts row=stock slider_max=480 stored=440000 t=20646497 id=1003
[mod] [SMRTK] SMRTK_DUMP cap=480000 class=hub demand=40000 leg=upgrade_read object=6495 res=Electronics row=stock slider_max=480 stored=440000 t=20646497 id=1004
[SMRTK] SMRTK_DUMP cap=480000 class=hub demand=40000 leg=upgrade_read object=6495 res=Electronics row=stock slider_max=480 stored=440000 t=20646497 id=1004
[mod] [SMRTK] SMRTK_DUMP cap=480000 class=hub demand=40000 leg=upgrade_read object=6495 res=Meat row=stock slider_max=480 stored=440000 t=20646497 id=1005
[SMRTK] SMRTK_DUMP cap=480000 class=hub demand=40000 leg=upgrade_read object=6495 res=Meat row=stock slider_max=480 stored=440000 t=20646497 id=1005
[mod] [SMRTK] SMRTK_DUMP cap=480000 class=hub demand=40000 leg=upgrade_read object=6495 res=Fuel row=stock slider_max=480 stored=440000 t=20646497 id=1006
[SMRTK] SMRTK_DUMP cap=480000 class=hub demand=40000 leg=upgrade_read object=6495 res=Fuel row=stock slider_max=480 stored=440000 t=20646497 id=1006
[mod] [SMRTK] SMRTK_DUMP cap=480000 class=hub demand=40000 leg=upgrade_read object=6495 res=Seeds row=stock slider_max=480 stored=440000 t=20646497 id=1007
[SMRTK] SMRTK_DUMP cap=480000 class=hub demand=40000 leg=upgrade_read object=6495 res=Seeds row=stock slider_max=480 stored=440000 t=20646497 id=1007
[mod] [SMRTK] SMRTK_DUMP cap=480000 class=hub demand=40000 leg=upgrade_read object=6495 res=WasteRock row=stock slider_max=480 stored=440000 t=20646497 id=1008
[SMRTK] SMRTK_DUMP cap=480000 class=hub demand=40000 leg=upgrade_read object=6495 res=WasteRock row=stock slider_max=480 stored=440000 t=20646497 id=1008
[mod] [SMRTK] SMRTK_DUMP cap=120000 class=StationSmall demand=110000 leg=upgrade_read object=6827 res=Herbs row=stock slider_max=120 stored=10000 t=20646497 id=1009
[SMRTK] SMRTK_DUMP cap=120000 class=StationSmall demand=110000 leg=upgrade_read object=6827 res=Herbs row=stock slider_max=120 stored=10000 t=20646497 id=1009
[mod] [SMRTK] SMRTK_DUMP cap=120000 class=StationSmall demand=110000 leg=upgrade_read object=6827 res=Metals row=stock slider_max=120 stored=10000 t=20646497 id=1010
[SMRTK] SMRTK_DUMP cap=120000 class=StationSmall demand=110000 leg=upgrade_read object=6827 res=Metals row=stock slider_max=120 stored=10000 t=20646497 id=1010
[mod] [SMRTK] SMRTK_DUMP cap=120000 class=StationSmall demand=110000 leg=upgrade_read object=6827 res=Concrete row=stock slider_max=120 stored=10000 t=20646497 id=1011
[SMRTK] SMRTK_DUMP cap=120000 class=StationSmall demand=110000 leg=upgrade_read object=6827 res=Concrete row=stock slider_max=120 stored=10000 t=20646497 id=1011
[mod] [SMRTK] SMRTK_DUMP cap=120000 class=StationSmall demand=110000 leg=upgrade_read object=6827 res=Spices row=stock slider_max=120 stored=10000 t=20646497 id=1012
[SMRTK] SMRTK_DUMP cap=120000 class=StationSmall demand=110000 leg=upgrade_read object=6827 res=Spices row=stock slider_max=120 stored=10000 t=20646497 id=1012
[mod] [SMRTK] SMRTK_DUMP cap=120000 class=StationSmall demand=110000 leg=upgrade_read object=6827 res=Food row=stock slider_max=120 stored=10000 t=20646497 id=1013
[SMRTK] SMRTK_DUMP cap=120000 class=StationSmall demand=110000 leg=upgrade_read object=6827 res=Food row=stock slider_max=120 stored=10000 t=20646497 id=1013
[mod] [SMRTK] SMRTK_DUMP cap=120000 class=StationSmall demand=110000 leg=upgrade_read object=6827 res=Sugar row=stock slider_max=120 stored=10000 t=20646497 id=1014
[SMRTK] SMRTK_DUMP cap=120000 class=StationSmall demand=110000 leg=upgrade_read object=6827 res=Sugar row=stock slider_max=120 stored=10000 t=20646497 id=1014
[mod] [SMRTK] SMRTK_DUMP cap=120000 class=StationSmall demand=110000 leg=upgrade_read object=6827 res=Butter row=stock slider_max=120 stored=10000 t=20646497 id=1015
[SMRTK] SMRTK_DUMP cap=120000 class=StationSmall demand=110000 leg=upgrade_read object=6827 res=Butter row=stock slider_max=120 stored=10000 t=20646497 id=1015
[mod] [SMRTK] SMRTK_DUMP cap=120000 class=StationSmall demand=110000 leg=upgrade_read object=6827 res=PreciousMetals row=stock slider_max=120 stored=10000 t=20646497 id=1016
[SMRTK] SMRTK_DUMP cap=120000 class=StationSmall demand=110000 leg=upgrade_read object=6827 res=PreciousMetals row=stock slider_max=120 stored=10000 t=20646497 id=1016
[mod] [SMRTK] SMRTK_DUMP cap=120000 class=StationSmall demand=110000 leg=upgrade_read object=6827 res=Bread row=stock slider_max=120 stored=10000 t=20646497 id=1017
[SMRTK] SMRTK_DUMP cap=120000 class=StationSmall demand=110000 leg=upgrade_read object=6827 res=Bread row=stock slider_max=120 stored=10000 t=20646497 id=1017
[mod] [SMRTK] SMRTK_DUMP cap=120000 class=StationSmall demand=110000 leg=upgrade_read object=6827 res=PreciousMinerals row=stock slider_max=120 stored=10000 t=20646497 id=1018
[SMRTK] SMRTK_DUMP cap=120000 class=StationSmall demand=110000 leg=upgrade_read object=6827 res=PreciousMinerals row=stock slider_max=120 stored=10000 t=20646497 id=1018
[mod] [SMRTK] SMRTK_DUMP cap=120000 class=StationSmall demand=115000 leg=upgrade_read object=6827 res=Cheese row=stock slider_max=120 stored=5000 t=20646497 id=1019
[SMRTK] SMRTK_DUMP cap=120000 class=StationSmall demand=115000 leg=upgrade_read object=6827 res=Cheese row=stock slider_max=120 stored=5000 t=20646497 id=1019
[mod] [SMRTK] SMRTK_DUMP cap=120000 class=StationSmall demand=110000 leg=upgrade_read object=6883 res=Herbs row=stock slider_max=120 stored=10000 t=20646497 id=1020
[SMRTK] SMRTK_DUMP cap=120000 class=StationSmall demand=110000 leg=upgrade_read object=6883 res=Herbs row=stock slider_max=120 stored=10000 t=20646497 id=1020
[mod] [SMRTK] SMRTK_DUMP cap=120000 class=StationSmall demand=110000 leg=upgrade_read object=6883 res=Metals row=stock slider_max=120 stored=10000 t=20646497 id=1021
[SMRTK] SMRTK_DUMP cap=120000 class=StationSmall demand=110000 leg=upgrade_read object=6883 res=Metals row=stock slider_max=120 stored=10000 t=20646497 id=1021
[mod] [SMRTK] SMRTK_DUMP cap=120000 class=StationSmall demand=110000 leg=upgrade_read object=6883 res=Concrete row=stock slider_max=120 stored=10000 t=20646497 id=1022
[SMRTK] SMRTK_DUMP cap=120000 class=StationSmall demand=110000 leg=upgrade_read object=6883 res=Concrete row=stock slider_max=120 stored=10000 t=20646497 id=1022
[mod] [SMRTK] SMRTK_DUMP cap=120000 class=StationSmall demand=110000 leg=upgrade_read object=6883 res=Spices row=stock slider_max=120 stored=10000 t=20646497 id=1023
[SMRTK] SMRTK_DUMP cap=120000 class=StationSmall demand=110000 leg=upgrade_read object=6883 res=Spices row=stock slider_max=120 stored=10000 t=20646497 id=1023
[mod] [SMRTK] SMRTK_DUMP cap=120000 class=StationSmall demand=110000 leg=upgrade_read object=6883 res=Food row=stock slider_max=120 stored=10000 t=20646497 id=1024
[SMRTK] SMRTK_DUMP cap=120000 class=StationSmall demand=110000 leg=upgrade_read object=6883 res=Food row=stock slider_max=120 stored=10000 t=20646497 id=1024
[mod] [SMRTK] SMRTK_DUMP cap=120000 class=StationSmall demand=110000 leg=upgrade_read object=6883 res=Sugar row=stock slider_max=120 stored=10000 t=20646497 id=1025
[SMRTK] SMRTK_DUMP cap=120000 class=StationSmall demand=110000 leg=upgrade_read object=6883 res=Sugar row=stock slider_max=120 stored=10000 t=20646497 id=1025
[mod] [SMRTK] SMRTK_DUMP cap=120000 class=StationSmall demand=110000 leg=upgrade_read object=6883 res=Butter row=stock slider_max=120 stored=10000 t=20646497 id=1026
[SMRTK] SMRTK_DUMP cap=120000 class=StationSmall demand=110000 leg=upgrade_read object=6883 res=Butter row=stock slider_max=120 stored=10000 t=20646497 id=1026
[mod] [SMRTK] SMRTK_DUMP cap=120000 class=StationSmall demand=110000 leg=upgrade_read object=6883 res=PreciousMetals row=stock slider_max=120 stored=10000 t=20646497 id=1027
						Lua 0:06:14:063
[SMRTK] SMRTK_DUMP cap=120000 class=StationSmall demand=110000 leg=upgrade_read object=6883 res=PreciousMetals row=stock slider_max=120 stored=10000 t=20646497 id=1027
[mod] [SMRTK] SMRTK_DUMP cap=120000 class=StationSmall demand=110000 leg=upgrade_read object=6883 res=Bread row=stock slider_max=120 stored=10000 t=20646497 id=1028
[SMRTK] SMRTK_DUMP cap=120000 class=StationSmall demand=110000 leg=upgrade_read object=6883 res=Bread row=stock slider_max=120 stored=10000 t=20646497 id=1028
[mod] [SMRTK] SMRTK_DUMP cap=120000 class=StationSmall demand=110000 leg=upgrade_read object=6883 res=PreciousMinerals row=stock slider_max=120 stored=10000 t=20646497 id=1029
[SMRTK] SMRTK_DUMP cap=120000 class=StationSmall demand=110000 leg=upgrade_read object=6883 res=PreciousMinerals row=stock slider_max=120 stored=10000 t=20646497 id=1029
[mod] [SMRTK] SMRTK_DUMP cap=120000 class=StationSmall demand=115000 leg=upgrade_read object=6883 res=Cheese row=stock slider_max=120 stored=5000 t=20646497 id=1030
[SMRTK] SMRTK_DUMP cap=120000 class=StationSmall demand=115000 leg=upgrade_read object=6883 res=Cheese row=stock slider_max=120 stored=5000 t=20646497 id=1030
[mod] [SMRTK] SMRTK_DUMP cap=120000 class=StationSmall demand=110000 leg=upgrade_read object=6883 res=Polymers row=stock slider_max=120 stored=10000 t=20646497 id=1031
[SMRTK] SMRTK_DUMP cap=120000 class=StationSmall demand=110000 leg=upgrade_read object=6883 res=Polymers row=stock slider_max=120 stored=10000 t=20646497 id=1031
[mod] [SMRTK] SMRTK_DUMP cap=120000 class=StationSmall demand=110000 leg=upgrade_read object=6883 res=Coffee row=stock slider_max=120 stored=10000 t=20646497 id=1032
[SMRTK] SMRTK_DUMP cap=120000 class=StationSmall demand=110000 leg=upgrade_read object=6883 res=Coffee row=stock slider_max=120 stored=10000 t=20646497 id=1032
[mod] [SMRTK] SMRTK_DUMP cap=120000 class=StationSmall demand=110000 leg=upgrade_read object=6883 res=MachineParts row=stock slider_max=120 stored=10000 t=20646497 id=1033
[SMRTK] SMRTK_DUMP cap=120000 class=StationSmall demand=110000 leg=upgrade_read object=6883 res=MachineParts row=stock slider_max=120 stored=10000 t=20646497 id=1033
[mod] [SMRTK] SMRTK_DUMP cap=120000 class=StationSmall demand=110000 leg=upgrade_read object=6883 res=Electronics row=stock slider_max=120 stored=10000 t=20646497 id=1034
[SMRTK] SMRTK_DUMP cap=120000 class=StationSmall demand=110000 leg=upgrade_read object=6883 res=Electronics row=stock slider_max=120 stored=10000 t=20646497 id=1034
[mod] [SMRTK] SMRTK_DUMP cap=120000 class=StationSmall demand=110000 leg=upgrade_read object=6883 res=Meat row=stock slider_max=120 stored=10000 t=20646497 id=1035
[SMRTK] SMRTK_DUMP cap=120000 class=StationSmall demand=110000 leg=upgrade_read object=6883 res=Meat row=stock slider_max=120 stored=10000 t=20646497 id=1035
[mod] [SMRTK] SMRTK_DUMP cap=120000 class=StationSmall demand=110000 leg=upgrade_read object=6883 res=Fuel row=stock slider_max=120 stored=10000 t=20646497 id=1036
[SMRTK] SMRTK_DUMP cap=120000 class=StationSmall demand=110000 leg=upgrade_read object=6883 res=Fuel row=stock slider_max=120 stored=10000 t=20646497 id=1036
[mod] [SMRTK] SMRTK_DUMP cap=120000 class=StationSmall demand=110000 leg=upgrade_read object=6883 res=Seeds row=stock slider_max=120 stored=10000 t=20646497 id=1037
[SMRTK] SMRTK_DUMP cap=120000 class=StationSmall demand=110000 leg=upgrade_read object=6883 res=Seeds row=stock slider_max=120 stored=10000 t=20646497 id=1037
[mod] [SMRTK] SMRTK_DUMP cap=120000 class=StationSmall demand=110000 leg=upgrade_read object=6883 res=WasteRock row=stock slider_max=120 stored=10000 t=20646497 id=1038
[SMRTK] SMRTK_DUMP cap=120000 class=StationSmall demand=110000 leg=upgrade_read object=6883 res=WasteRock row=stock slider_max=120 stored=10000 t=20646497 id=1038
[mod] [SMRTK] SMRTK_DUMP cap=120000 class=StationSmall demand=110000 leg=upgrade_read object=6951 res=Herbs row=stock slider_max=120 stored=10000 t=20646497 id=1039
[SMRTK] SMRTK_DUMP cap=120000 class=StationSmall demand=110000 leg=upgrade_read object=6951 res=Herbs row=stock slider_max=120 stored=10000 t=20646497 id=1039
[mod] [SMRTK] SMRTK_DUMP cap=120000 class=StationSmall demand=110000 leg=upgrade_read object=6951 res=Metals row=stock slider_max=120 stored=10000 t=20646497 id=1040
[SMRTK] SMRTK_DUMP cap=120000 class=StationSmall demand=110000 leg=upgrade_read object=6951 res=Metals row=stock slider_max=120 stored=10000 t=20646497 id=1040
[mod] [SMRTK] SMRTK_DUMP cap=120000 class=StationSmall demand=110000 leg=upgrade_read object=6951 res=Concrete row=stock slider_max=120 stored=10000 t=20646497 id=1041
[SMRTK] SMRTK_DUMP cap=120000 class=StationSmall demand=110000 leg=upgrade_read object=6951 res=Concrete row=stock slider_max=120 stored=10000 t=20646497 id=1041
[mod] [SMRTK] SMRTK_DUMP cap=120000 class=StationSmall demand=110000 leg=upgrade_read object=6951 res=Spices row=stock slider_max=120 stored=10000 t=20646497 id=1042
[SMRTK] SMRTK_DUMP cap=120000 class=StationSmall demand=110000 leg=upgrade_read object=6951 res=Spices row=stock slider_max=120 stored=10000 t=20646497 id=1042
[mod] [SMRTK] SMRTK_DUMP cap=120000 class=StationSmall demand=110000 leg=upgrade_read object=6951 res=Food row=stock slider_max=120 stored=10000 t=20646497 id=1043
[SMRTK] SMRTK_DUMP cap=120000 class=StationSmall demand=110000 leg=upgrade_read object=6951 res=Food row=stock slider_max=120 stored=10000 t=20646497 id=1043
[mod] [SMRTK] SMRTK_DUMP cap=120000 class=StationSmall demand=110000 leg=upgrade_read object=6951 res=Sugar row=stock slider_max=120 stored=10000 t=20646497 id=1044
[SMRTK] SMRTK_DUMP cap=120000 class=StationSmall demand=110000 leg=upgrade_read object=6951 res=Sugar row=stock slider_max=120 stored=10000 t=20646497 id=1044
[mod] [SMRTK] SMRTK_DUMP cap=120000 class=StationSmall demand=110000 leg=upgrade_read object=6951 res=Butter row=stock slider_max=120 stored=10000 t=20646497 id=1045
[SMRTK] SMRTK_DUMP cap=120000 class=StationSmall demand=110000 leg=upgrade_read object=6951 res=Butter row=stock slider_max=120 stored=10000 t=20646497 id=1045
[mod] [SMRTK] SMRTK_DUMP cap=120000 class=StationSmall demand=110000 leg=upgrade_read object=6951 res=PreciousMetals row=stock slider_max=120 stored=10000 t=20646497 id=1046
[SMRTK] SMRTK_DUMP cap=120000 class=StationSmall demand=110000 leg=upgrade_read object=6951 res=PreciousMetals row=stock slider_max=120 stored=10000 t=20646497 id=1046
[mod] [SMRTK] SMRTK_DUMP cap=120000 class=StationSmall demand=110000 leg=upgrade_read object=6951 res=Bread row=stock slider_max=120 stored=10000 t=20646497 id=1047
[SMRTK] SMRTK_DUMP cap=120000 class=StationSmall demand=110000 leg=upgrade_read object=6951 res=Bread row=stock slider_max=120 stored=10000 t=20646497 id=1047
[mod] [SMRTK] SMRTK_DUMP cap=120000 class=StationSmall demand=110000 leg=upgrade_read object=6951 res=PreciousMinerals row=stock slider_max=120 stored=10000 t=20646497 id=1048
[SMRTK] SMRTK_DUMP cap=120000 class=StationSmall demand=110000 leg=upgrade_read object=6951 res=PreciousMinerals row=stock slider_max=120 stored=10000 t=20646497 id=1048
[mod] [SMRTK] SMRTK_DUMP cap=120000 class=StationSmall demand=110000 leg=upgrade_read object=6951 res=Cheese row=stock slider_max=120 stored=10000 t=20646497 id=1049
[SMRTK] SMRTK_DUMP cap=120000 class=StationSmall demand=110000 leg=upgrade_read object=6951 res=Cheese row=stock slider_max=120 stored=10000 t=20646497 id=1049
[mod] [SMRTK] SMRTK_DUMP cap=120000 class=StationSmall demand=110000 leg=upgrade_read object=6951 res=Polymers row=stock slider_max=120 stored=10000 t=20646497 id=1050
[SMRTK] SMRTK_DUMP cap=120000 class=StationSmall demand=110000 leg=upgrade_read object=6951 res=Polymers row=stock slider_max=120 stored=10000 t=20646497 id=1050
[mod] [SMRTK] SMRTK_DUMP cap=120000 class=StationSmall demand=110000 leg=upgrade_read object=6951 res=Coffee row=stock slider_max=120 stored=10000 t=20646497 id=1051
[SMRTK] SMRTK_DUMP cap=120000 class=StationSmall demand=110000 leg=upgrade_read object=6951 res=Coffee row=stock slider_max=120 stored=10000 t=20646497 id=1051
[mod] [SMRTK] SMRTK_DUMP cap=120000 class=StationSmall demand=110000 leg=upgrade_read object=6951 res=MachineParts row=stock slider_max=120 stored=10000 t=20646497 id=1052
[SMRTK] SMRTK_DUMP cap=120000 class=StationSmall demand=110000 leg=upgrade_read object=6951 res=MachineParts row=stock slider_max=120 stored=10000 t=20646497 id=1052
[mod] [SMRTK] SMRTK_DUMP cap=120000 class=StationSmall demand=110000 leg=upgrade_read object=6951 res=Electronics row=stock slider_max=120 stored=10000 t=20646497 id=1053
[SMRTK] SMRTK_DUMP cap=120000 class=StationSmall demand=110000 leg=upgrade_read object=6951 res=Electronics row=stock slider_max=120 stored=10000 t=20646497 id=1053
[mod] [SMRTK] SMRTK_DUMP cap=120000 class=StationSmall demand=110000 leg=upgrade_read object=6951 res=Meat row=stock slider_max=120 stored=10000 t=20646497 id=1054
[SMRTK] SMRTK_DUMP cap=120000 class=StationSmall demand=110000 leg=upgrade_read object=6951 res=Meat row=stock slider_max=120 stored=10000 t=20646497 id=1054
[mod] [SMRTK] SMRTK_DUMP cap=120000 class=StationSmall demand=110000 leg=upgrade_read object=6951 res=Fuel row=stock slider_max=120 stored=10000 t=20646497 id=1055
[SMRTK] SMRTK_DUMP cap=120000 class=StationSmall demand=110000 leg=upgrade_read object=6951 res=Fuel row=stock slider_max=120 stored=10000 t=20646497 id=1055
[mod] [SMRTK] SMRTK_DUMP cap=120000 class=StationSmall demand=110000 leg=upgrade_read object=6951 res=Seeds row=stock slider_max=120 stored=10000 t=20646497 id=1056
[SMRTK] SMRTK_DUMP cap=120000 class=StationSmall demand=110000 leg=upgrade_read object=6951 res=Seeds row=stock slider_max=120 stored=10000 t=20646497 id=1056
						Lua 0:06:14:064
[mod] [SMRTK] SMRTK_DUMP cap=120000 class=StationSmall demand=110000 leg=upgrade_read object=6951 res=WasteRock row=stock slider_max=120 stored=10000 t=20646497 id=1057
[SMRTK] SMRTK_DUMP cap=120000 class=StationSmall demand=110000 leg=upgrade_read object=6951 res=WasteRock row=stock slider_max=120 stored=10000 t=20646497 id=1057
[mod] [SMRTK] SMRTK_DUMP cap=120000 class=StationSmall demand=110000 leg=upgrade_read object=7411 res=Herbs row=stock slider_max=120 stored=10000 t=20646497 id=1058
[SMRTK] SMRTK_DUMP cap=120000 class=StationSmall demand=110000 leg=upgrade_read object=7411 res=Herbs row=stock slider_max=120 stored=10000 t=20646497 id=1058
[mod] [SMRTK] SMRTK_DUMP cap=120000 class=StationSmall demand=110000 leg=upgrade_read object=7411 res=Metals row=stock slider_max=120 stored=10000 t=20646497 id=1059
[SMRTK] SMRTK_DUMP cap=120000 class=StationSmall demand=110000 leg=upgrade_read object=7411 res=Metals row=stock slider_max=120 stored=10000 t=20646497 id=1059
[mod] [SMRTK] SMRTK_DUMP cap=120000 class=StationSmall demand=110000 leg=upgrade_read object=7411 res=Concrete row=stock slider_max=120 stored=10000 t=20646497 id=1060
[SMRTK] SMRTK_DUMP cap=120000 class=StationSmall demand=110000 leg=upgrade_read object=7411 res=Concrete row=stock slider_max=120 stored=10000 t=20646497 id=1060
[mod] [SMRTK] SMRTK_DUMP cap=120000 class=StationSmall demand=110000 leg=upgrade_read object=7411 res=Spices row=stock slider_max=120 stored=10000 t=20646497 id=1061
[SMRTK] SMRTK_DUMP cap=120000 class=StationSmall demand=110000 leg=upgrade_read object=7411 res=Spices row=stock slider_max=120 stored=10000 t=20646497 id=1061
[mod] [SMRTK] SMRTK_DUMP cap=120000 class=StationSmall demand=110000 leg=upgrade_read object=7411 res=Food row=stock slider_max=120 stored=10000 t=20646497 id=1062
[SMRTK] SMRTK_DUMP cap=120000 class=StationSmall demand=110000 leg=upgrade_read object=7411 res=Food row=stock slider_max=120 stored=10000 t=20646497 id=1062
[mod] [SMRTK] SMRTK_DUMP cap=120000 class=StationSmall demand=110000 leg=upgrade_read object=7411 res=Sugar row=stock slider_max=120 stored=10000 t=20646497 id=1063
[SMRTK] SMRTK_DUMP cap=120000 class=StationSmall demand=110000 leg=upgrade_read object=7411 res=Sugar row=stock slider_max=120 stored=10000 t=20646497 id=1063
[mod] [SMRTK] SMRTK_DUMP cap=120000 class=StationSmall demand=110000 leg=upgrade_read object=7411 res=Butter row=stock slider_max=120 stored=10000 t=20646497 id=1064
[SMRTK] SMRTK_DUMP cap=120000 class=StationSmall demand=110000 leg=upgrade_read object=7411 res=Butter row=stock slider_max=120 stored=10000 t=20646497 id=1064
[mod] [SMRTK] SMRTK_DUMP cap=120000 class=StationSmall demand=110000 leg=upgrade_read object=7411 res=PreciousMetals row=stock slider_max=120 stored=10000 t=20646497 id=1065
[SMRTK] SMRTK_DUMP cap=120000 class=StationSmall demand=110000 leg=upgrade_read object=7411 res=PreciousMetals row=stock slider_max=120 stored=10000 t=20646497 id=1065
[mod] [SMRTK] SMRTK_DUMP cap=120000 class=StationSmall demand=110000 leg=upgrade_read object=7411 res=Bread row=stock slider_max=120 stored=10000 t=20646497 id=1066
[SMRTK] SMRTK_DUMP cap=120000 class=StationSmall demand=110000 leg=upgrade_read object=7411 res=Bread row=stock slider_max=120 stored=10000 t=20646497 id=1066
[mod] [SMRTK] SMRTK_DUMP cap=120000 class=StationSmall demand=110000 leg=upgrade_read object=7411 res=PreciousMinerals row=stock slider_max=120 stored=10000 t=20646497 id=1067
[SMRTK] SMRTK_DUMP cap=120000 class=StationSmall demand=110000 leg=upgrade_read object=7411 res=PreciousMinerals row=stock slider_max=120 stored=10000 t=20646497 id=1067
[mod] [SMRTK] SMRTK_DUMP cap=120000 class=StationSmall demand=110000 leg=upgrade_read object=7411 res=Cheese row=stock slider_max=120 stored=10000 t=20646497 id=1068
[SMRTK] SMRTK_DUMP cap=120000 class=StationSmall demand=110000 leg=upgrade_read object=7411 res=Cheese row=stock slider_max=120 stored=10000 t=20646497 id=1068
[mod] [SMRTK] SMRTK_DUMP cap=120000 class=StationSmall demand=110000 leg=upgrade_read object=7411 res=Polymers row=stock slider_max=120 stored=10000 t=20646497 id=1069
[SMRTK] SMRTK_DUMP cap=120000 class=StationSmall demand=110000 leg=upgrade_read object=7411 res=Polymers row=stock slider_max=120 stored=10000 t=20646497 id=1069
[mod] [SMRTK] SMRTK_DUMP cap=120000 class=StationSmall demand=110000 leg=upgrade_read object=7411 res=Coffee row=stock slider_max=120 stored=10000 t=20646497 id=1070
[SMRTK] SMRTK_DUMP cap=120000 class=StationSmall demand=110000 leg=upgrade_read object=7411 res=Coffee row=stock slider_max=120 stored=10000 t=20646497 id=1070
[mod] [SMRTK] SMRTK_DUMP cap=120000 class=StationSmall demand=110000 leg=upgrade_read object=7411 res=MachineParts row=stock slider_max=120 stored=10000 t=20646497 id=1071
[SMRTK] SMRTK_DUMP cap=120000 class=StationSmall demand=110000 leg=upgrade_read object=7411 res=MachineParts row=stock slider_max=120 stored=10000 t=20646497 id=1071
[mod] [SMRTK] SMRTK_DUMP cap=120000 class=StationSmall demand=110000 leg=upgrade_read object=7411 res=Electronics row=stock slider_max=120 stored=10000 t=20646497 id=1072
[SMRTK] SMRTK_DUMP cap=120000 class=StationSmall demand=110000 leg=upgrade_read object=7411 res=Electronics row=stock slider_max=120 stored=10000 t=20646497 id=1072
[mod] [SMRTK] SMRTK_DUMP cap=120000 class=StationSmall demand=110000 leg=upgrade_read object=7411 res=Meat row=stock slider_max=120 stored=10000 t=20646497 id=1073
[SMRTK] SMRTK_DUMP cap=120000 class=StationSmall demand=110000 leg=upgrade_read object=7411 res=Meat row=stock slider_max=120 stored=10000 t=20646497 id=1073
[mod] [SMRTK] SMRTK_DUMP cap=120000 class=StationSmall demand=110000 leg=upgrade_read object=7411 res=Fuel row=stock slider_max=120 stored=10000 t=20646497 id=1074
[SMRTK] SMRTK_DUMP cap=120000 class=StationSmall demand=110000 leg=upgrade_read object=7411 res=Fuel row=stock slider_max=120 stored=10000 t=20646497 id=1074
[mod] [SMRTK] SMRTK_DUMP cap=120000 class=StationSmall demand=110000 leg=upgrade_read object=7411 res=Seeds row=stock slider_max=120 stored=10000 t=20646497 id=1075
[SMRTK] SMRTK_DUMP cap=120000 class=StationSmall demand=110000 leg=upgrade_read object=7411 res=Seeds row=stock slider_max=120 stored=10000 t=20646497 id=1075
[mod] [SMRTK] SMRTK_DUMP cap=120000 class=StationSmall demand=110000 leg=upgrade_read object=7411 res=WasteRock row=stock slider_max=120 stored=10000 t=20646497 id=1076
[SMRTK] SMRTK_DUMP cap=120000 class=StationSmall demand=110000 leg=upgrade_read object=7411 res=WasteRock row=stock slider_max=120 stored=10000 t=20646497 id=1076
[mod] [SMRTK] SMRTK_DUMP cargo_cap=105000 class=Train leg=upgrade_read nominal_speed=1500 object=2000001652 passenger_cap=30 passengers=0 row=train turn_anim_speed=4500 t=20646497 id=1077
[SMRTK] SMRTK_DUMP cargo_cap=105000 class=Train leg=upgrade_read nominal_speed=1500 object=2000001652 passenger_cap=30 passengers=0 row=train turn_anim_speed=4500 t=20646497 id=1077
[mod] [SMRTK] SMRTK_DUMP cargo_cap=105000 class=Train leg=upgrade_read nominal_speed=1500 object=2000001844 passenger_cap=30 passengers=0 row=train turn_anim_speed=4500 t=20646497 id=1078
[SMRTK] SMRTK_DUMP cargo_cap=105000 class=Train leg=upgrade_read nominal_speed=1500 object=2000001844 passenger_cap=30 passengers=0 row=train turn_anim_speed=4500 t=20646497 id=1078
[mod] [SMRTK] SMRTK_DUMP cargo_cap=105000 class=Train leg=upgrade_read nominal_speed=1500 object=2000001845 passenger_cap=30 passengers=0 row=train turn_anim_speed=4500 t=20646497 id=1079
[SMRTK] SMRTK_DUMP cargo_cap=105000 class=Train leg=upgrade_read nominal_speed=1500 object=2000001845 passenger_cap=30 passengers=0 row=train turn_anim_speed=4500 t=20646497 id=1079
[mod] [SMRTK] SMRTK_DUMP cargo_cap=105000 class=Train leg=upgrade_read nominal_speed=1500 object=2000001846 passenger_cap=30 passengers=0 row=train turn_anim_speed=4500 t=20646497 id=1080
[SMRTK] SMRTK_DUMP cargo_cap=105000 class=Train leg=upgrade_read nominal_speed=1500 object=2000001846 passenger_cap=30 passengers=0 row=train turn_anim_speed=4500 t=20646497 id=1080
[mod] [SMRTK] SMRTK_DUMP cargo_cap=105000 class=Train leg=upgrade_read nominal_speed=1500 object=2000001847 passenger_cap=30 passengers=0 row=train turn_anim_speed=4500 t=20646497 id=1081
[SMRTK] SMRTK_DUMP cargo_cap=105000 class=Train leg=upgrade_read nominal_speed=1500 object=2000001847 passenger_cap=30 passengers=0 row=train turn_anim_speed=4500 t=20646497 id=1081
						Lua 0:06:14:065
[mod] [SMRTK] SMRTK_DUMP cargo_cap=105000 class=Train leg=upgrade_read nominal_speed=1500 object=2000001848 passenger_cap=30 passengers=0 row=train turn_anim_speed=4500 t=20646497 id=1082
[SMRTK] SMRTK_DUMP cargo_cap=105000 class=Train leg=upgrade_read nominal_speed=1500 object=2000001848 passenger_cap=30 passengers=0 row=train turn_anim_speed=4500 t=20646497 id=1082
[mod] [SMRTK] SMRTK_DUMP cargo_cap=105000 class=Train leg=upgrade_read nominal_speed=1500 object=2000001849 passenger_cap=30 passengers=0 row=train turn_anim_speed=4500 t=20646497 id=1083
[SMRTK] SMRTK_DUMP cargo_cap=105000 class=Train leg=upgrade_read nominal_speed=1500 object=2000001849 passenger_cap=30 passengers=0 row=train turn_anim_speed=4500 t=20646497 id=1083
[mod] [SMRTK] SMRTK_DUMP cargo_cap=105000 class=Train leg=upgrade_read nominal_speed=1500 object=2000001850 passenger_cap=30 passengers=0 row=train turn_anim_speed=4500 t=20646497 id=1084
[SMRTK] SMRTK_DUMP cargo_cap=105000 class=Train leg=upgrade_read nominal_speed=1500 object=2000001850 passenger_cap=30 passengers=0 row=train turn_anim_speed=4500 t=20646497 id=1084
[mod] [SMRTK] SMRTK_DUMP cargo_cap=105000 class=Train leg=upgrade_read nominal_speed=1500 object=2000001851 passenger_cap=30 passengers=0 row=train turn_anim_speed=4500 t=20646497 id=1085
[SMRTK] SMRTK_DUMP cargo_cap=105000 class=Train leg=upgrade_read nominal_speed=1500 object=2000001851 passenger_cap=30 passengers=0 row=train turn_anim_speed=4500 t=20646497 id=1085
[mod] [SMRTK] SMRTK_DUMP cargo_cap=105000 class=Train leg=upgrade_read nominal_speed=1500 object=2000002387 passenger_cap=30 passengers=0 row=train turn_anim_speed=4500 t=20646497 id=1086
[SMRTK] SMRTK_DUMP cargo_cap=105000 class=Train leg=upgrade_read nominal_speed=1500 object=2000002387 passenger_cap=30 passengers=0 row=train turn_anim_speed=4500 t=20646497 id=1086
[mod] [SMRTK] SMRTK_DUMP cargo_cap=105000 class=Train leg=upgrade_read nominal_speed=1500 object=2000002388 passenger_cap=30 passengers=0 row=train turn_anim_speed=4500 t=20646497 id=1087
[SMRTK] SMRTK_DUMP cargo_cap=105000 class=Train leg=upgrade_read nominal_speed=1500 object=2000002388 passenger_cap=30 passengers=0 row=train turn_anim_speed=4500 t=20646497 id=1087
[mod] [SMRTK] SMRTK_DUMP cargo_cap=105000 class=Train leg=upgrade_read nominal_speed=1500 object=2000002389 passenger_cap=30 passengers=0 row=train turn_anim_speed=4500 t=20646497 id=1088
[SMRTK] SMRTK_DUMP cargo_cap=105000 class=Train leg=upgrade_read nominal_speed=1500 object=2000002389 passenger_cap=30 passengers=0 row=train turn_anim_speed=4500 t=20646497 id=1088
[mod] [SMRTK] SMRTK_DUMP cargo_cap=105000 class=Train leg=upgrade_read nominal_speed=1500 object=2000002390 passenger_cap=30 passengers=0 row=train turn_anim_speed=4500 t=20646497 id=1089
[SMRTK] SMRTK_DUMP cargo_cap=105000 class=Train leg=upgrade_read nominal_speed=1500 object=2000002390 passenger_cap=30 passengers=0 row=train turn_anim_speed=4500 t=20646497 id=1089
[mod] [SMRTK] SMRTK_DUMP cargo_cap=105000 class=Train leg=upgrade_read nominal_speed=1500 object=2000002391 passenger_cap=30 passengers=0 row=train turn_anim_speed=4500 t=20646497 id=1090
[SMRTK] SMRTK_DUMP cargo_cap=105000 class=Train leg=upgrade_read nominal_speed=1500 object=2000002391 passenger_cap=30 passengers=0 row=train turn_anim_speed=4500 t=20646497 id=1090
[mod] [SMRTK] SMRTK_DUMP cargo_cap=105000 class=Train leg=upgrade_read nominal_speed=1500 object=2000002392 passenger_cap=30 passengers=0 row=train turn_anim_speed=4500 t=20646497 id=1091
[SMRTK] SMRTK_DUMP cargo_cap=105000 class=Train leg=upgrade_read nominal_speed=1500 object=2000002392 passenger_cap=30 passengers=0 row=train turn_anim_speed=4500 t=20646497 id=1091
[mod] [SMRTK] SMRTK_DUMP amount=0 applied=true label=Train leg=upgrade_read percent=100 prop=max_colonists_to_transport row=modifier upgrade=SMROptInTrainHub6_CapacityNetwork t=20646497 id=1092
[SMRTK] SMRTK_DUMP amount=0 applied=true label=Train leg=upgrade_read percent=100 prop=max_colonists_to_transport row=modifier upgrade=SMROptInTrainHub6_CapacityNetwork t=20646497 id=1092
[mod] [SMRTK] SMRTK_DUMP amount=0 applied=true label=Train leg=upgrade_read percent=100 prop=max_shared_storage row=modifier upgrade=SMROptInTrainHub6_CapacityNetwork t=20646497 id=1093
[SMRTK] SMRTK_DUMP amount=0 applied=true label=Train leg=upgrade_read percent=100 prop=max_shared_storage row=modifier upgrade=SMROptInTrainHub6_CapacityNetwork t=20646497 id=1093
[mod] [SMRTK] SMRTK_DUMP amount=0 applied=true label=Station leg=upgrade_read percent=100 prop=max_storage_per_resource row=modifier upgrade=SMROptInTrainHub6_CapacityNetwork t=20646497 id=1094
[SMRTK] SMRTK_DUMP amount=0 applied=true label=Station leg=upgrade_read percent=100 prop=max_storage_per_resource row=modifier upgrade=SMROptInTrainHub6_CapacityNetwork t=20646497 id=1094
[mod] [SMRTK] SMRTK_ACTION action=slot_3 applied=3 cargo_unlocked=true errors=0 game_time=20646497 hubs=2 mark=1017 modifiers=3 owner=6430 phase=upgrade_read sitting=build6_capacity stations=11 status=OK storage_StationBig=240000 storage_StationSmall=120000,120000,120000,120000,120000,120000,120000,120000,120000,120000 storage_hub=480000,480000 trains=15 unlocked=true t=20646497 id=1095
[SMRTK] SMRTK_ACTION action=slot_3 applied=3 cargo_unlocked=true errors=0 game_time=20646497 hubs=2 mark=1017 modifiers=3 owner=6430 phase=upgrade_read sitting=build6_capacity stations=11 status=OK storage_StationBig=240000 storage_StationSmall=120000,120000,120000,120000,120000,120000,120000,120000,120000,120000 storage_hub=480000,480000 trains=15 unlocked=true t=20646497 id=1095
						Lua 0:06:15:892
[mod] [SMRTK] SMRTK_CLEAR action=clear status=OK t=20646497 id=1096
						Lua 0:06:16:462
[mod] [SMRTK] SMRTK_COPY action=copy flushed=true from=1017 lines=197 status=OK truncated=false t=20646497 id=1097
[SMRTK] SMRTK_COPY action=copy flushed=true from=1017 lines=197 status=OK truncated=false t=20646497 id=1097
						Lua 0:06:28:813
[mod] [SMRTK] SMRTK_COPY action=copy flushed=true from=1017 lines=198 status=OK truncated=false t=20646497 id=1098
[SMRTK] SMRTK_COPY action=copy flushed=true from=1017 lines=198 status=OK truncated=false t=20646497 id=1098
						Lua 0:06:47:809
[mod] [SMRTK] SMRTK_SECTION action=section_attach attached=true dialog=ipBuilding object=SMROptInTrainHub6(6430) status=OK t=20646497 id=1099
						Lua 0:06:54:906
[mod] [SMRTK] SMRTK_SECTION action=section_attach attached=true dialog=ipBuilding object=SMROptInTrainHub6(6430) status=OK t=20646497 id=1100
						Lua 0:06:58:639
[mod] [SMRTK] SMRTK_SECTION action=section_attach attached=true dialog=ipBuilding object=SMROptInTrainHub6(6430) status=OK t=20646497 id=1101
						Lua 0:06:59:511
[mod] [SMRTK] SMRTK_SECTION action=section_attach attached=true dialog=ipBuilding object=SMROptInTrainHub6(6495) status=OK t=20646497 id=1102
						Lua 0:07:56:831
[mod] [SMRTK] SMRTK_STREAM assigned=none at_station=false cargo=none command=GotoStation line=2011-2009 passengers=0 row=train station=2009 train=2000001851 t=20646577 id=1103
[mod] [SMRTK] SMRTK_STREAM assigned=none at_station=true cargo=none command=false line=7411-6495 passengers=0 row=train station=6495 train=2000002388 t=20646577 id=1104
[mod] [SMRTK] SMRTK_STREAM assigned=none at_station=true cargo=none command=false line=6951-6495 passengers=0 row=train station=6951 train=2000002390 t=20646577 id=1105
[mod] [SMRTK] SMRTK_STREAM assigned=none at_station=true cargo=none command=false line=7411-6495 passengers=0 row=train station=7411 train=2000002391 t=20646577 id=1106
[mod] [SMRTK] SMRTK_STREAM assigned=none at_station=true cargo=none command=false line=6951-6883 passengers=0 row=train station=6951 train=2000002392 t=20646577 id=1107
						Lua 0:07:57:830
[mod] [SMRTK] SMRTK_STREAM assigned=none at_station=true cargo=none command=LoadTrain line=2009-6430 passengers=0 row=train station=2009 train=2000001652 t=20647577 id=1108
[mod] [SMRTK] SMRTK_STREAM assigned=6827:Cheese:5000,6827:Coffee:10000,6827:Electronics:10000,6827:Fuel:10000,6827:MachineParts:10000,6827:Meat:10000,6827:Polymers:10000,6827:Seeds:10000,6827:WasteRock:10000 at_station=true cargo=Cheese:5000,Coffee:10000,Electronics:10000,Fuel:10000,MachineParts:10000,Meat:10000,Polymers:10000,Seeds:10000,WasteRock:10000 command=UnloadTrain line=6495-6827 passengers=0 row=train station=6827 train=2000002389 t=20647577 id=1109
[mod] [SMRTK] SMRTK_STREAM before=0 calls=17 cubes=none expected_cubes=none hub=false res=Herbs row=stock station=2009 stock=10000 target=10000 t=20647577 id=1110
						Lua 0:07:57:831
[mod] [SMRTK] SMRTK_STREAM before=0 calls=17 cubes=none expected_cubes=none hub=false res=Metals row=stock station=2009 stock=10000 target=10000 t=20647577 id=1111
[mod] [SMRTK] SMRTK_STREAM before=0 calls=17 cubes=none expected_cubes=none hub=false res=Concrete row=stock station=2009 stock=10000 target=10000 t=20647577 id=1112
[mod] [SMRTK] SMRTK_STREAM before=0 calls=17 cubes=none expected_cubes=none hub=false res=Spices row=stock station=2009 stock=10000 target=10000 t=20647577 id=1113
[mod] [SMRTK] SMRTK_STREAM before=0 calls=17 cubes=none expected_cubes=none hub=false res=Food row=stock station=2009 stock=10000 target=10000 t=20647577 id=1114
[mod] [SMRTK] SMRTK_STREAM before=0 calls=17 cubes=none expected_cubes=none hub=false res=Sugar row=stock station=2009 stock=10000 target=10000 t=20647577 id=1115
[mod] [SMRTK] SMRTK_STREAM before=0 calls=17 cubes=none expected_cubes=none hub=false res=Butter row=stock station=2009 stock=10000 target=10000 t=20647577 id=1116
[mod] [SMRTK] SMRTK_STREAM before=0 calls=17 cubes=none expected_cubes=none hub=false res=PreciousMetals row=stock station=2009 stock=10000 target=10000 t=20647577 id=1117
[mod] [SMRTK] SMRTK_STREAM before=0 calls=17 cubes=none expected_cubes=none hub=false res=Bread row=stock station=2009 stock=10000 target=10000 t=20647577 id=1118
[mod] [SMRTK] SMRTK_STREAM before=0 calls=17 cubes=none expected_cubes=none hub=false res=PreciousMinerals row=stock station=2009 stock=10000 target=10000 t=20647577 id=1119
[mod] [SMRTK] SMRTK_STREAM before=0 calls=17 cubes=none expected_cubes=none hub=false res=Cheese row=stock station=2009 stock=5000 target=10000 t=20647577 id=1120
						Lua 0:07:58:831
[mod] [SMRTK] SMRTK_STREAM assigned=none at_station=false cargo=none command=GotoStation line=6430-2008 passengers=0 row=train station=2008 train=2000001849 t=20648577 id=1121
						Lua 0:07:59:721
[mod] [SMRTK] SMRTK_SECTION action=section_attach attached=true dialog=ipBuilding object=SMROptInTrainHub6(6495) status=OK t=20649456 id=1122
						Lua 0:07:59:830
[mod] [SMRTK] SMRTK_STREAM assigned=none at_station=false cargo=none command=GotoStation line=2012-6430 passengers=0 row=train station=2012 train=2000001844 t=20649577 id=1123
						Lua 0:08:00:831
[mod] [SMRTK] SMRTK_STREAM assigned=none at_station=true cargo=none command=UnloadTrain line=2011-2009 passengers=0 row=train station=2009 train=2000001847 t=20650577 id=1124
						Lua 0:08:01:831
[mod] [SMRTK] SMRTK_STREAM assigned=none at_station=true cargo=none command=LoadTrain line=1994-2007 passengers=0 row=train station=2007 train=2000001846 t=20651577 id=1125
[mod] [SMRTK] SMRTK_STREAM assigned=6243:Concrete:5000,6243:Herbs:10000,6243:Metals:10000 at_station=true cargo=Concrete:5000,Herbs:10000,Metals:10000 command=UnloadTrain line=6243-2012 passengers=0 row=train station=6243 train=2000001848 t=20651577 id=1126
						Lua 0:08:03:830
[mod] [SMRTK] SMRTK_STREAM assigned=none at_station=false cargo=none command=GotoStation line=2009-6430 passengers=0 row=train station=2009 train=2000001652 t=20653577 id=1127
[mod] [SMRTK] SMRTK_STREAM assigned=none at_station=true cargo=none command=LoadTrain line=6495-6827 passengers=0 row=train station=6827 train=2000002389 t=20653577 id=1128
						Lua 0:08:03:832
[mod] [SMRTK] SMRTK_STREAM before=5000 calls=2 cubes=none expected_cubes=none hub=false res=Cheese row=stock station=6827 stock=10000 target=10000 t=20653577 id=1129
[mod] [SMRTK] SMRTK_STREAM before=0 calls=2 cubes=none expected_cubes=none hub=false res=Polymers row=stock station=6827 stock=10000 target=10000 t=20653577 id=1130
[mod] [SMRTK] SMRTK_STREAM before=0 calls=2 cubes=none expected_cubes=none hub=false res=Coffee row=stock station=6827 stock=10000 target=10000 t=20653577 id=1131
[mod] [SMRTK] SMRTK_STREAM before=0 calls=2 cubes=none expected_cubes=none hub=false res=MachineParts row=stock station=6827 stock=10000 target=10000 t=20653577 id=1132
[mod] [SMRTK] SMRTK_STREAM before=0 calls=2 cubes=none expected_cubes=none hub=false res=Electronics row=stock station=6827 stock=10000 target=10000 t=20653577 id=1133
[mod] [SMRTK] SMRTK_STREAM before=0 calls=2 cubes=none expected_cubes=none hub=false res=Meat row=stock station=6827 stock=10000 target=10000 t=20653577 id=1134
[mod] [SMRTK] SMRTK_STREAM before=0 calls=2 cubes=none expected_cubes=none hub=false res=Fuel row=stock station=6827 stock=10000 target=10000 t=20653577 id=1135
[mod] [SMRTK] SMRTK_STREAM before=0 calls=2 cubes=none expected_cubes=none hub=false res=Seeds row=stock station=6827 stock=10000 target=10000 t=20653577 id=1136
[mod] [SMRTK] SMRTK_STREAM before=0 calls=2 cubes=none expected_cubes=none hub=false res=WasteRock row=stock station=6827 stock=10000 target=10000 t=20653577 id=1137
						Lua 0:08:04:832
[mod] [SMRTK] SMRTK_STREAM assigned=none at_station=true cargo=none command=UnloadTrain line=1994-2007 passengers=0 row=train station=1994 train=2000001845 t=20654577 id=1138
[mod] [SMRTK] SMRTK_STREAM assigned=6883:Cheese:5000 at_station=true cargo=Cheese:5000 command=UnloadTrain line=6883-6495 passengers=0 row=train station=6883 train=2000002387 t=20654577 id=1139
						Lua 0:08:05:412
[mod] [SMRTK] SMRTK_SPEED action=pause before=1000 factor=0 requested=0 status=OK t=20655159 id=1140
[SMRTK] SMRTK_SPEED action=pause before=1000 factor=0 requested=0 status=OK t=20655159 id=1140
						Lua 0:08:07:387
[mod] [SMRTK] SMRTK_MARK action=mark label=CAPACITY_upgrade_read mark=1258 status=OK t=20655159 id=1141
[SMRTK] SMRTK_MARK action=mark label=CAPACITY_upgrade_read mark=1258 status=OK t=20655159 id=1141
[mod] [SMRTK] SMRTK_FINGERPRINT action=fingerprint fix_pack_present=45/45 game=405907 mark_action=mark mods=SMR_CommunityFixPack,SMR_CommunityFixPackTestKit,SMR_CommunityOptInPack,SMR_RailShaftDev_20260923,SMR_TrainHubDev_20260918 pack_version=26 read="live registry" save="Double Hub Build.savegame.sav" sol=29 status=OK t=20655159 id=1142
[SMRTK] SMRTK_FINGERPRINT action=fingerprint fix_pack_present=45/45 game=405907 mark_action=mark mods=SMR_CommunityFixPack,SMR_CommunityFixPackTestKit,SMR_CommunityOptInPack,SMR_RailShaftDev_20260923,SMR_TrainHubDev_20260918 pack_version=26 read="live registry" save="Double Hub Build.savegame.sav" sol=29 status=OK t=20655159 id=1142
[mod] [SMRTK] SMRTK_DUMP cap=120000 class=StationSmall demand=110000 leg=upgrade_read object=1994 res=Herbs row=stock slider_max=120 stored=10000 t=20655159 id=1143
[SMRTK] SMRTK_DUMP cap=120000 class=StationSmall demand=110000 leg=upgrade_read object=1994 res=Herbs row=stock slider_max=120 stored=10000 t=20655159 id=1143
[mod] [SMRTK] SMRTK_DUMP cap=120000 class=StationSmall demand=110000 leg=upgrade_read object=1994 res=Metals row=stock slider_max=120 stored=10000 t=20655159 id=1144
[SMRTK] SMRTK_DUMP cap=120000 class=StationSmall demand=110000 leg=upgrade_read object=1994 res=Metals row=stock slider_max=120 stored=10000 t=20655159 id=1144
[mod] [SMRTK] SMRTK_DUMP cap=120000 class=StationSmall demand=110000 leg=upgrade_read object=1994 res=Concrete row=stock slider_max=120 stored=10000 t=20655159 id=1145
[SMRTK] SMRTK_DUMP cap=120000 class=StationSmall demand=110000 leg=upgrade_read object=1994 res=Concrete row=stock slider_max=120 stored=10000 t=20655159 id=1145
[mod] [SMRTK] SMRTK_DUMP cap=120000 class=StationSmall demand=110000 leg=upgrade_read object=1994 res=Spices row=stock slider_max=120 stored=10000 t=20655159 id=1146
[SMRTK] SMRTK_DUMP cap=120000 class=StationSmall demand=110000 leg=upgrade_read object=1994 res=Spices row=stock slider_max=120 stored=10000 t=20655159 id=1146
[mod] [SMRTK] SMRTK_DUMP cap=120000 class=StationSmall demand=110000 leg=upgrade_read object=1994 res=Food row=stock slider_max=120 stored=10000 t=20655159 id=1147
[SMRTK] SMRTK_DUMP cap=120000 class=StationSmall demand=110000 leg=upgrade_read object=1994 res=Food row=stock slider_max=120 stored=10000 t=20655159 id=1147
[mod] [SMRTK] SMRTK_DUMP cap=120000 class=StationSmall demand=110000 leg=upgrade_read object=1994 res=Sugar row=stock slider_max=120 stored=10000 t=20655159 id=1148
[SMRTK] SMRTK_DUMP cap=120000 class=StationSmall demand=110000 leg=upgrade_read object=1994 res=Sugar row=stock slider_max=120 stored=10000 t=20655159 id=1148
						Lua 0:08:07:388
[mod] [SMRTK] SMRTK_DUMP cap=120000 class=StationSmall demand=110000 leg=upgrade_read object=1994 res=Butter row=stock slider_max=120 stored=10000 t=20655159 id=1149
[SMRTK] SMRTK_DUMP cap=120000 class=StationSmall demand=110000 leg=upgrade_read object=1994 res=Butter row=stock slider_max=120 stored=10000 t=20655159 id=1149
[mod] [SMRTK] SMRTK_DUMP cap=120000 class=StationSmall demand=110000 leg=upgrade_read object=1994 res=PreciousMetals row=stock slider_max=120 stored=10000 t=20655159 id=1150
[SMRTK] SMRTK_DUMP cap=120000 class=StationSmall demand=110000 leg=upgrade_read object=1994 res=PreciousMetals row=stock slider_max=120 stored=10000 t=20655159 id=1150
[mod] [SMRTK] SMRTK_DUMP cap=120000 class=StationSmall demand=110000 leg=upgrade_read object=1994 res=Bread row=stock slider_max=120 stored=10000 t=20655159 id=1151
[SMRTK] SMRTK_DUMP cap=120000 class=StationSmall demand=110000 leg=upgrade_read object=1994 res=Bread row=stock slider_max=120 stored=10000 t=20655159 id=1151
[mod] [SMRTK] SMRTK_DUMP cap=120000 class=StationSmall demand=110000 leg=upgrade_read object=1994 res=PreciousMinerals row=stock slider_max=120 stored=10000 t=20655159 id=1152
[SMRTK] SMRTK_DUMP cap=120000 class=StationSmall demand=110000 leg=upgrade_read object=1994 res=PreciousMinerals row=stock slider_max=120 stored=10000 t=20655159 id=1152
[mod] [SMRTK] SMRTK_DUMP cap=120000 class=StationSmall demand=115000 leg=upgrade_read object=1994 res=Cheese row=stock slider_max=120 stored=5000 t=20655159 id=1153
[SMRTK] SMRTK_DUMP cap=120000 class=StationSmall demand=115000 leg=upgrade_read object=1994 res=Cheese row=stock slider_max=120 stored=5000 t=20655159 id=1153
[mod] [SMRTK] SMRTK_DUMP cap=120000 class=StationSmall demand=110000 leg=upgrade_read object=2007 res=Herbs row=stock slider_max=120 stored=10000 t=20655159 id=1154
[SMRTK] SMRTK_DUMP cap=120000 class=StationSmall demand=110000 leg=upgrade_read object=2007 res=Herbs row=stock slider_max=120 stored=10000 t=20655159 id=1154
[mod] [SMRTK] SMRTK_DUMP cap=120000 class=StationSmall demand=110000 leg=upgrade_read object=2007 res=Metals row=stock slider_max=120 stored=10000 t=20655159 id=1155
[SMRTK] SMRTK_DUMP cap=120000 class=StationSmall demand=110000 leg=upgrade_read object=2007 res=Metals row=stock slider_max=120 stored=10000 t=20655159 id=1155
[mod] [SMRTK] SMRTK_DUMP cap=120000 class=StationSmall demand=110000 leg=upgrade_read object=2007 res=Concrete row=stock slider_max=120 stored=10000 t=20655159 id=1156
[SMRTK] SMRTK_DUMP cap=120000 class=StationSmall demand=110000 leg=upgrade_read object=2007 res=Concrete row=stock slider_max=120 stored=10000 t=20655159 id=1156
[mod] [SMRTK] SMRTK_DUMP cap=120000 class=StationSmall demand=110000 leg=upgrade_read object=2007 res=Spices row=stock slider_max=120 stored=10000 t=20655159 id=1157
[SMRTK] SMRTK_DUMP cap=120000 class=StationSmall demand=110000 leg=upgrade_read object=2007 res=Spices row=stock slider_max=120 stored=10000 t=20655159 id=1157
[mod] [SMRTK] SMRTK_DUMP cap=120000 class=StationSmall demand=110000 leg=upgrade_read object=2007 res=Food row=stock slider_max=120 stored=10000 t=20655159 id=1158
[SMRTK] SMRTK_DUMP cap=120000 class=StationSmall demand=110000 leg=upgrade_read object=2007 res=Food row=stock slider_max=120 stored=10000 t=20655159 id=1158
[mod] [SMRTK] SMRTK_DUMP cap=120000 class=StationSmall demand=110000 leg=upgrade_read object=2007 res=Sugar row=stock slider_max=120 stored=10000 t=20655159 id=1159
[SMRTK] SMRTK_DUMP cap=120000 class=StationSmall demand=110000 leg=upgrade_read object=2007 res=Sugar row=stock slider_max=120 stored=10000 t=20655159 id=1159
[mod] [SMRTK] SMRTK_DUMP cap=120000 class=StationSmall demand=110000 leg=upgrade_read object=2007 res=Butter row=stock slider_max=120 stored=10000 t=20655159 id=1160
[SMRTK] SMRTK_DUMP cap=120000 class=StationSmall demand=110000 leg=upgrade_read object=2007 res=Butter row=stock slider_max=120 stored=10000 t=20655159 id=1160
[mod] [SMRTK] SMRTK_DUMP cap=120000 class=StationSmall demand=110000 leg=upgrade_read object=2007 res=PreciousMetals row=stock slider_max=120 stored=10000 t=20655159 id=1161
[SMRTK] SMRTK_DUMP cap=120000 class=StationSmall demand=110000 leg=upgrade_read object=2007 res=PreciousMetals row=stock slider_max=120 stored=10000 t=20655159 id=1161
[mod] [SMRTK] SMRTK_DUMP cap=120000 class=StationSmall demand=110000 leg=upgrade_read object=2007 res=Bread row=stock slider_max=120 stored=10000 t=20655159 id=1162
[SMRTK] SMRTK_DUMP cap=120000 class=StationSmall demand=110000 leg=upgrade_read object=2007 res=Bread row=stock slider_max=120 stored=10000 t=20655159 id=1162
[mod] [SMRTK] SMRTK_DUMP cap=120000 class=StationSmall demand=110000 leg=upgrade_read object=2007 res=PreciousMinerals row=stock slider_max=120 stored=10000 t=20655159 id=1163
[SMRTK] SMRTK_DUMP cap=120000 class=StationSmall demand=110000 leg=upgrade_read object=2007 res=PreciousMinerals row=stock slider_max=120 stored=10000 t=20655159 id=1163
[mod] [SMRTK] SMRTK_DUMP cap=120000 class=StationSmall demand=115000 leg=upgrade_read object=2007 res=Cheese row=stock slider_max=120 stored=5000 t=20655159 id=1164
[SMRTK] SMRTK_DUMP cap=120000 class=StationSmall demand=115000 leg=upgrade_read object=2007 res=Cheese row=stock slider_max=120 stored=5000 t=20655159 id=1164
[mod] [SMRTK] SMRTK_DUMP cap=120000 class=StationSmall demand=110000 leg=upgrade_read object=2008 res=Herbs row=stock slider_max=120 stored=10000 t=20655159 id=1165
[SMRTK] SMRTK_DUMP cap=120000 class=StationSmall demand=110000 leg=upgrade_read object=2008 res=Herbs row=stock slider_max=120 stored=10000 t=20655159 id=1165
[mod] [SMRTK] SMRTK_DUMP cap=120000 class=StationSmall demand=110000 leg=upgrade_read object=2008 res=Metals row=stock slider_max=120 stored=10000 t=20655159 id=1166
[SMRTK] SMRTK_DUMP cap=120000 class=StationSmall demand=110000 leg=upgrade_read object=2008 res=Metals row=stock slider_max=120 stored=10000 t=20655159 id=1166
[mod] [SMRTK] SMRTK_DUMP cap=120000 class=StationSmall demand=110000 leg=upgrade_read object=2008 res=Concrete row=stock slider_max=120 stored=10000 t=20655159 id=1167
[SMRTK] SMRTK_DUMP cap=120000 class=StationSmall demand=110000 leg=upgrade_read object=2008 res=Concrete row=stock slider_max=120 stored=10000 t=20655159 id=1167
[mod] [SMRTK] SMRTK_DUMP cap=120000 class=StationSmall demand=110000 leg=upgrade_read object=2008 res=Spices row=stock slider_max=120 stored=10000 t=20655159 id=1168
[SMRTK] SMRTK_DUMP cap=120000 class=StationSmall demand=110000 leg=upgrade_read object=2008 res=Spices row=stock slider_max=120 stored=10000 t=20655159 id=1168
[mod] [SMRTK] SMRTK_DUMP cap=120000 class=StationSmall demand=110000 leg=upgrade_read object=2008 res=Food row=stock slider_max=120 stored=10000 t=20655159 id=1169
[SMRTK] SMRTK_DUMP cap=120000 class=StationSmall demand=110000 leg=upgrade_read object=2008 res=Food row=stock slider_max=120 stored=10000 t=20655159 id=1169
[mod] [SMRTK] SMRTK_DUMP cap=120000 class=StationSmall demand=110000 leg=upgrade_read object=2008 res=Sugar row=stock slider_max=120 stored=10000 t=20655159 id=1170
[SMRTK] SMRTK_DUMP cap=120000 class=StationSmall demand=110000 leg=upgrade_read object=2008 res=Sugar row=stock slider_max=120 stored=10000 t=20655159 id=1170
[mod] [SMRTK] SMRTK_DUMP cap=120000 class=StationSmall demand=110000 leg=upgrade_read object=2008 res=Butter row=stock slider_max=120 stored=10000 t=20655159 id=1171
[SMRTK] SMRTK_DUMP cap=120000 class=StationSmall demand=110000 leg=upgrade_read object=2008 res=Butter row=stock slider_max=120 stored=10000 t=20655159 id=1171
[mod] [SMRTK] SMRTK_DUMP cap=120000 class=StationSmall demand=110000 leg=upgrade_read object=2008 res=PreciousMetals row=stock slider_max=120 stored=10000 t=20655159 id=1172
[SMRTK] SMRTK_DUMP cap=120000 class=StationSmall demand=110000 leg=upgrade_read object=2008 res=PreciousMetals row=stock slider_max=120 stored=10000 t=20655159 id=1172
[mod] [SMRTK] SMRTK_DUMP cap=120000 class=StationSmall demand=110000 leg=upgrade_read object=2008 res=Bread row=stock slider_max=120 stored=10000 t=20655159 id=1173
[SMRTK] SMRTK_DUMP cap=120000 class=StationSmall demand=110000 leg=upgrade_read object=2008 res=Bread row=stock slider_max=120 stored=10000 t=20655159 id=1173
[mod] [SMRTK] SMRTK_DUMP cap=120000 class=StationSmall demand=110000 leg=upgrade_read object=2008 res=PreciousMinerals row=stock slider_max=120 stored=10000 t=20655159 id=1174
[SMRTK] SMRTK_DUMP cap=120000 class=StationSmall demand=110000 leg=upgrade_read object=2008 res=PreciousMinerals row=stock slider_max=120 stored=10000 t=20655159 id=1174
						Lua 0:08:07:389
[mod] [SMRTK] SMRTK_DUMP cap=120000 class=StationSmall demand=115000 leg=upgrade_read object=2008 res=Cheese row=stock slider_max=120 stored=5000 t=20655159 id=1175
[SMRTK] SMRTK_DUMP cap=120000 class=StationSmall demand=115000 leg=upgrade_read object=2008 res=Cheese row=stock slider_max=120 stored=5000 t=20655159 id=1175
[mod] [SMRTK] SMRTK_DUMP cap=240000 class=StationBig demand=230000 leg=upgrade_read object=2009 res=Herbs row=stock slider_max=240 stored=10000 t=20655159 id=1176
[SMRTK] SMRTK_DUMP cap=240000 class=StationBig demand=230000 leg=upgrade_read object=2009 res=Herbs row=stock slider_max=240 stored=10000 t=20655159 id=1176
[mod] [SMRTK] SMRTK_DUMP cap=240000 class=StationBig demand=230000 leg=upgrade_read object=2009 res=Metals row=stock slider_max=240 stored=10000 t=20655159 id=1177
[SMRTK] SMRTK_DUMP cap=240000 class=StationBig demand=230000 leg=upgrade_read object=2009 res=Metals row=stock slider_max=240 stored=10000 t=20655159 id=1177
[mod] [SMRTK] SMRTK_DUMP cap=240000 class=StationBig demand=230000 leg=upgrade_read object=2009 res=Concrete row=stock slider_max=240 stored=10000 t=20655159 id=1178
[SMRTK] SMRTK_DUMP cap=240000 class=StationBig demand=230000 leg=upgrade_read object=2009 res=Concrete row=stock slider_max=240 stored=10000 t=20655159 id=1178
[mod] [SMRTK] SMRTK_DUMP cap=240000 class=StationBig demand=230000 leg=upgrade_read object=2009 res=Spices row=stock slider_max=240 stored=10000 t=20655159 id=1179
[SMRTK] SMRTK_DUMP cap=240000 class=StationBig demand=230000 leg=upgrade_read object=2009 res=Spices row=stock slider_max=240 stored=10000 t=20655159 id=1179
[mod] [SMRTK] SMRTK_DUMP cap=240000 class=StationBig demand=230000 leg=upgrade_read object=2009 res=Food row=stock slider_max=240 stored=10000 t=20655159 id=1180
[SMRTK] SMRTK_DUMP cap=240000 class=StationBig demand=230000 leg=upgrade_read object=2009 res=Food row=stock slider_max=240 stored=10000 t=20655159 id=1180
[mod] [SMRTK] SMRTK_DUMP cap=240000 class=StationBig demand=230000 leg=upgrade_read object=2009 res=Sugar row=stock slider_max=240 stored=10000 t=20655159 id=1181
[SMRTK] SMRTK_DUMP cap=240000 class=StationBig demand=230000 leg=upgrade_read object=2009 res=Sugar row=stock slider_max=240 stored=10000 t=20655159 id=1181
[mod] [SMRTK] SMRTK_DUMP cap=240000 class=StationBig demand=230000 leg=upgrade_read object=2009 res=Butter row=stock slider_max=240 stored=10000 t=20655159 id=1182
[SMRTK] SMRTK_DUMP cap=240000 class=StationBig demand=230000 leg=upgrade_read object=2009 res=Butter row=stock slider_max=240 stored=10000 t=20655159 id=1182
[mod] [SMRTK] SMRTK_DUMP cap=240000 class=StationBig demand=230000 leg=upgrade_read object=2009 res=PreciousMetals row=stock slider_max=240 stored=10000 t=20655159 id=1183
[SMRTK] SMRTK_DUMP cap=240000 class=StationBig demand=230000 leg=upgrade_read object=2009 res=PreciousMetals row=stock slider_max=240 stored=10000 t=20655159 id=1183
[mod] [SMRTK] SMRTK_DUMP cap=240000 class=StationBig demand=230000 leg=upgrade_read object=2009 res=Bread row=stock slider_max=240 stored=10000 t=20655159 id=1184
[SMRTK] SMRTK_DUMP cap=240000 class=StationBig demand=230000 leg=upgrade_read object=2009 res=Bread row=stock slider_max=240 stored=10000 t=20655159 id=1184
[mod] [SMRTK] SMRTK_DUMP cap=240000 class=StationBig demand=230000 leg=upgrade_read object=2009 res=PreciousMinerals row=stock slider_max=240 stored=10000 t=20655159 id=1185
[SMRTK] SMRTK_DUMP cap=240000 class=StationBig demand=230000 leg=upgrade_read object=2009 res=PreciousMinerals row=stock slider_max=240 stored=10000 t=20655159 id=1185
[mod] [SMRTK] SMRTK_DUMP cap=240000 class=StationBig demand=235000 leg=upgrade_read object=2009 res=Cheese row=stock slider_max=240 stored=5000 t=20655159 id=1186
[SMRTK] SMRTK_DUMP cap=240000 class=StationBig demand=235000 leg=upgrade_read object=2009 res=Cheese row=stock slider_max=240 stored=5000 t=20655159 id=1186
[mod] [SMRTK] SMRTK_DUMP cap=120000 class=StationSmall demand=110000 leg=upgrade_read object=2011 res=Herbs row=stock slider_max=120 stored=10000 t=20655159 id=1187
[SMRTK] SMRTK_DUMP cap=120000 class=StationSmall demand=110000 leg=upgrade_read object=2011 res=Herbs row=stock slider_max=120 stored=10000 t=20655159 id=1187
[mod] [SMRTK] SMRTK_DUMP cap=120000 class=StationSmall demand=110000 leg=upgrade_read object=2011 res=Metals row=stock slider_max=120 stored=10000 t=20655159 id=1188
[SMRTK] SMRTK_DUMP cap=120000 class=StationSmall demand=110000 leg=upgrade_read object=2011 res=Metals row=stock slider_max=120 stored=10000 t=20655159 id=1188
[mod] [SMRTK] SMRTK_DUMP cap=120000 class=StationSmall demand=110000 leg=upgrade_read object=2011 res=Concrete row=stock slider_max=120 stored=10000 t=20655159 id=1189
[SMRTK] SMRTK_DUMP cap=120000 class=StationSmall demand=110000 leg=upgrade_read object=2011 res=Concrete row=stock slider_max=120 stored=10000 t=20655159 id=1189
[mod] [SMRTK] SMRTK_DUMP cap=120000 class=StationSmall demand=110000 leg=upgrade_read object=2011 res=Spices row=stock slider_max=120 stored=10000 t=20655159 id=1190
[SMRTK] SMRTK_DUMP cap=120000 class=StationSmall demand=110000 leg=upgrade_read object=2011 res=Spices row=stock slider_max=120 stored=10000 t=20655159 id=1190
[mod] [SMRTK] SMRTK_DUMP cap=120000 class=StationSmall demand=110000 leg=upgrade_read object=2011 res=Food row=stock slider_max=120 stored=10000 t=20655159 id=1191
[SMRTK] SMRTK_DUMP cap=120000 class=StationSmall demand=110000 leg=upgrade_read object=2011 res=Food row=stock slider_max=120 stored=10000 t=20655159 id=1191
[mod] [SMRTK] SMRTK_DUMP cap=120000 class=StationSmall demand=110000 leg=upgrade_read object=2011 res=Sugar row=stock slider_max=120 stored=10000 t=20655159 id=1192
[SMRTK] SMRTK_DUMP cap=120000 class=StationSmall demand=110000 leg=upgrade_read object=2011 res=Sugar row=stock slider_max=120 stored=10000 t=20655159 id=1192
[mod] [SMRTK] SMRTK_DUMP cap=120000 class=StationSmall demand=110000 leg=upgrade_read object=2011 res=Butter row=stock slider_max=120 stored=10000 t=20655159 id=1193
[SMRTK] SMRTK_DUMP cap=120000 class=StationSmall demand=110000 leg=upgrade_read object=2011 res=Butter row=stock slider_max=120 stored=10000 t=20655159 id=1193
[mod] [SMRTK] SMRTK_DUMP cap=120000 class=StationSmall demand=110000 leg=upgrade_read object=2011 res=PreciousMetals row=stock slider_max=120 stored=10000 t=20655159 id=1194
[SMRTK] SMRTK_DUMP cap=120000 class=StationSmall demand=110000 leg=upgrade_read object=2011 res=PreciousMetals row=stock slider_max=120 stored=10000 t=20655159 id=1194
[mod] [SMRTK] SMRTK_DUMP cap=120000 class=StationSmall demand=110000 leg=upgrade_read object=2011 res=Bread row=stock slider_max=120 stored=10000 t=20655159 id=1195
[SMRTK] SMRTK_DUMP cap=120000 class=StationSmall demand=110000 leg=upgrade_read object=2011 res=Bread row=stock slider_max=120 stored=10000 t=20655159 id=1195
[mod] [SMRTK] SMRTK_DUMP cap=120000 class=StationSmall demand=110000 leg=upgrade_read object=2011 res=PreciousMinerals row=stock slider_max=120 stored=10000 t=20655159 id=1196
[SMRTK] SMRTK_DUMP cap=120000 class=StationSmall demand=110000 leg=upgrade_read object=2011 res=PreciousMinerals row=stock slider_max=120 stored=10000 t=20655159 id=1196
[mod] [SMRTK] SMRTK_DUMP cap=120000 class=StationSmall demand=115000 leg=upgrade_read object=2011 res=Cheese row=stock slider_max=120 stored=5000 t=20655159 id=1197
[SMRTK] SMRTK_DUMP cap=120000 class=StationSmall demand=115000 leg=upgrade_read object=2011 res=Cheese row=stock slider_max=120 stored=5000 t=20655159 id=1197
[mod] [SMRTK] SMRTK_DUMP cap=120000 class=StationSmall demand=110000 leg=upgrade_read object=2012 res=Herbs row=stock slider_max=120 stored=10000 t=20655159 id=1198
[SMRTK] SMRTK_DUMP cap=120000 class=StationSmall demand=110000 leg=upgrade_read object=2012 res=Herbs row=stock slider_max=120 stored=10000 t=20655159 id=1198
[mod] [SMRTK] SMRTK_DUMP cap=120000 class=StationSmall demand=110000 leg=upgrade_read object=2012 res=Metals row=stock slider_max=120 stored=10000 t=20655159 id=1199
[SMRTK] SMRTK_DUMP cap=120000 class=StationSmall demand=110000 leg=upgrade_read object=2012 res=Metals row=stock slider_max=120 stored=10000 t=20655159 id=1199
[mod] [SMRTK] SMRTK_DUMP cap=120000 class=StationSmall demand=110000 leg=upgrade_read object=2012 res=Concrete row=stock slider_max=120 stored=10000 t=20655159 id=1200
[SMRTK] SMRTK_DUMP cap=120000 class=StationSmall demand=110000 leg=upgrade_read object=2012 res=Concrete row=stock slider_max=120 stored=10000 t=20655159 id=1200
						Lua 0:08:07:390
[mod] [SMRTK] SMRTK_DUMP cap=120000 class=StationSmall demand=110000 leg=upgrade_read object=2012 res=Spices row=stock slider_max=120 stored=10000 t=20655159 id=1201
[SMRTK] SMRTK_DUMP cap=120000 class=StationSmall demand=110000 leg=upgrade_read object=2012 res=Spices row=stock slider_max=120 stored=10000 t=20655159 id=1201
[mod] [SMRTK] SMRTK_DUMP cap=120000 class=StationSmall demand=110000 leg=upgrade_read object=2012 res=Food row=stock slider_max=120 stored=10000 t=20655159 id=1202
[SMRTK] SMRTK_DUMP cap=120000 class=StationSmall demand=110000 leg=upgrade_read object=2012 res=Food row=stock slider_max=120 stored=10000 t=20655159 id=1202
[mod] [SMRTK] SMRTK_DUMP cap=120000 class=StationSmall demand=110000 leg=upgrade_read object=2012 res=Sugar row=stock slider_max=120 stored=10000 t=20655159 id=1203
[SMRTK] SMRTK_DUMP cap=120000 class=StationSmall demand=110000 leg=upgrade_read object=2012 res=Sugar row=stock slider_max=120 stored=10000 t=20655159 id=1203
[mod] [SMRTK] SMRTK_DUMP cap=120000 class=StationSmall demand=110000 leg=upgrade_read object=2012 res=Butter row=stock slider_max=120 stored=10000 t=20655159 id=1204
[SMRTK] SMRTK_DUMP cap=120000 class=StationSmall demand=110000 leg=upgrade_read object=2012 res=Butter row=stock slider_max=120 stored=10000 t=20655159 id=1204
[mod] [SMRTK] SMRTK_DUMP cap=120000 class=StationSmall demand=110000 leg=upgrade_read object=2012 res=PreciousMetals row=stock slider_max=120 stored=10000 t=20655159 id=1205
[SMRTK] SMRTK_DUMP cap=120000 class=StationSmall demand=110000 leg=upgrade_read object=2012 res=PreciousMetals row=stock slider_max=120 stored=10000 t=20655159 id=1205
[mod] [SMRTK] SMRTK_DUMP cap=120000 class=StationSmall demand=110000 leg=upgrade_read object=2012 res=Bread row=stock slider_max=120 stored=10000 t=20655159 id=1206
[SMRTK] SMRTK_DUMP cap=120000 class=StationSmall demand=110000 leg=upgrade_read object=2012 res=Bread row=stock slider_max=120 stored=10000 t=20655159 id=1206
[mod] [SMRTK] SMRTK_DUMP cap=120000 class=StationSmall demand=110000 leg=upgrade_read object=2012 res=PreciousMinerals row=stock slider_max=120 stored=10000 t=20655159 id=1207
[SMRTK] SMRTK_DUMP cap=120000 class=StationSmall demand=110000 leg=upgrade_read object=2012 res=PreciousMinerals row=stock slider_max=120 stored=10000 t=20655159 id=1207
[mod] [SMRTK] SMRTK_DUMP cap=120000 class=StationSmall demand=115000 leg=upgrade_read object=2012 res=Cheese row=stock slider_max=120 stored=5000 t=20655159 id=1208
[SMRTK] SMRTK_DUMP cap=120000 class=StationSmall demand=115000 leg=upgrade_read object=2012 res=Cheese row=stock slider_max=120 stored=5000 t=20655159 id=1208
[mod] [SMRTK] SMRTK_DUMP cap=120000 class=StationSmall demand=110000 leg=upgrade_read object=2012 res=Polymers row=stock slider_max=120 stored=10000 t=20655159 id=1209
[SMRTK] SMRTK_DUMP cap=120000 class=StationSmall demand=110000 leg=upgrade_read object=2012 res=Polymers row=stock slider_max=120 stored=10000 t=20655159 id=1209
[mod] [SMRTK] SMRTK_DUMP cap=120000 class=StationSmall demand=110000 leg=upgrade_read object=2012 res=Coffee row=stock slider_max=120 stored=10000 t=20655159 id=1210
[SMRTK] SMRTK_DUMP cap=120000 class=StationSmall demand=110000 leg=upgrade_read object=2012 res=Coffee row=stock slider_max=120 stored=10000 t=20655159 id=1210
[mod] [SMRTK] SMRTK_DUMP cap=120000 class=StationSmall demand=110000 leg=upgrade_read object=2012 res=MachineParts row=stock slider_max=120 stored=10000 t=20655159 id=1211
[SMRTK] SMRTK_DUMP cap=120000 class=StationSmall demand=110000 leg=upgrade_read object=2012 res=MachineParts row=stock slider_max=120 stored=10000 t=20655159 id=1211
[mod] [SMRTK] SMRTK_DUMP cap=120000 class=StationSmall demand=110000 leg=upgrade_read object=2012 res=Electronics row=stock slider_max=120 stored=10000 t=20655159 id=1212
[SMRTK] SMRTK_DUMP cap=120000 class=StationSmall demand=110000 leg=upgrade_read object=2012 res=Electronics row=stock slider_max=120 stored=10000 t=20655159 id=1212
[mod] [SMRTK] SMRTK_DUMP cap=120000 class=StationSmall demand=110000 leg=upgrade_read object=2012 res=Meat row=stock slider_max=120 stored=10000 t=20655159 id=1213
[SMRTK] SMRTK_DUMP cap=120000 class=StationSmall demand=110000 leg=upgrade_read object=2012 res=Meat row=stock slider_max=120 stored=10000 t=20655159 id=1213
[mod] [SMRTK] SMRTK_DUMP cap=120000 class=StationSmall demand=110000 leg=upgrade_read object=2012 res=Fuel row=stock slider_max=120 stored=10000 t=20655159 id=1214
[SMRTK] SMRTK_DUMP cap=120000 class=StationSmall demand=110000 leg=upgrade_read object=2012 res=Fuel row=stock slider_max=120 stored=10000 t=20655159 id=1214
[mod] [SMRTK] SMRTK_DUMP cap=120000 class=StationSmall demand=110000 leg=upgrade_read object=2012 res=Seeds row=stock slider_max=120 stored=10000 t=20655159 id=1215
[SMRTK] SMRTK_DUMP cap=120000 class=StationSmall demand=110000 leg=upgrade_read object=2012 res=Seeds row=stock slider_max=120 stored=10000 t=20655159 id=1215
[mod] [SMRTK] SMRTK_DUMP cap=120000 class=StationSmall demand=110000 leg=upgrade_read object=2012 res=WasteRock row=stock slider_max=120 stored=10000 t=20655159 id=1216
[SMRTK] SMRTK_DUMP cap=120000 class=StationSmall demand=110000 leg=upgrade_read object=2012 res=WasteRock row=stock slider_max=120 stored=10000 t=20655159 id=1216
[mod] [SMRTK] SMRTK_DUMP cap=120000 class=StationSmall demand=120000 leg=upgrade_read object=6243 res=Metals row=stock slider_max=120 stored=0 t=20655159 id=1217
[SMRTK] SMRTK_DUMP cap=120000 class=StationSmall demand=120000 leg=upgrade_read object=6243 res=Metals row=stock slider_max=120 stored=0 t=20655159 id=1217
[mod] [SMRTK] SMRTK_DUMP answers=true building=false can_switch=true destroyed=false leg=upgrade_read max_storage=480000 max_z=9 object=6430 on=true own=true row=hub slider_max=480 working=true t=20655159 id=1218
[SMRTK] SMRTK_DUMP answers=true building=false can_switch=true destroyed=false leg=upgrade_read max_storage=480000 max_z=9 object=6430 on=true own=true row=hub slider_max=480 working=true t=20655159 id=1218
[mod] [SMRTK] SMRTK_DUMP answers=false building=false can_switch=true destroyed=false leg=upgrade_read object=6430 on=false own=false row=cargo_upgrade upgrade=SMROptInTrainHub6_TrainCargo t=20655159 id=1219
[SMRTK] SMRTK_DUMP answers=false building=false can_switch=true destroyed=false leg=upgrade_read object=6430 on=false own=false row=cargo_upgrade upgrade=SMROptInTrainHub6_TrainCargo t=20655159 id=1219
[mod] [SMRTK] SMRTK_DUMP cap=480000 class=hub demand=386000 leg=upgrade_read object=6430 res=Herbs row=stock slider_max=480 stored=94000 t=20655159 id=1220
[SMRTK] SMRTK_DUMP cap=480000 class=hub demand=386000 leg=upgrade_read object=6430 res=Herbs row=stock slider_max=480 stored=94000 t=20655159 id=1220
[mod] [SMRTK] SMRTK_DUMP cap=480000 class=hub demand=310500 leg=upgrade_read object=6430 res=Metals row=stock slider_max=480 stored=169500 t=20655159 id=1221
[SMRTK] SMRTK_DUMP cap=480000 class=hub demand=310500 leg=upgrade_read object=6430 res=Metals row=stock slider_max=480 stored=169500 t=20655159 id=1221
[mod] [SMRTK] SMRTK_DUMP cap=480000 class=hub demand=395000 leg=upgrade_read object=6430 res=Concrete row=stock slider_max=480 stored=85000 t=20655159 id=1222
[SMRTK] SMRTK_DUMP cap=480000 class=hub demand=395000 leg=upgrade_read object=6430 res=Concrete row=stock slider_max=480 stored=85000 t=20655159 id=1222
[mod] [SMRTK] SMRTK_DUMP cap=480000 class=hub demand=377000 leg=upgrade_read object=6430 res=Spices row=stock slider_max=480 stored=103000 t=20655159 id=1223
[SMRTK] SMRTK_DUMP cap=480000 class=hub demand=377000 leg=upgrade_read object=6430 res=Spices row=stock slider_max=480 stored=103000 t=20655159 id=1223
[mod] [SMRTK] SMRTK_DUMP cap=480000 class=hub demand=378000 leg=upgrade_read object=6430 res=Food row=stock slider_max=480 stored=102000 t=20655159 id=1224
[SMRTK] SMRTK_DUMP cap=480000 class=hub demand=378000 leg=upgrade_read object=6430 res=Food row=stock slider_max=480 stored=102000 t=20655159 id=1224
[mod] [SMRTK] SMRTK_DUMP cap=480000 class=hub demand=377000 leg=upgrade_read object=6430 res=Sugar row=stock slider_max=480 stored=103000 t=20655159 id=1225
[SMRTK] SMRTK_DUMP cap=480000 class=hub demand=377000 leg=upgrade_read object=6430 res=Sugar row=stock slider_max=480 stored=103000 t=20655159 id=1225
[mod] [SMRTK] SMRTK_DUMP cap=480000 class=hub demand=377000 leg=upgrade_read object=6430 res=Butter row=stock slider_max=480 stored=103000 t=20655159 id=1226
[SMRTK] SMRTK_DUMP cap=480000 class=hub demand=377000 leg=upgrade_read object=6430 res=Butter row=stock slider_max=480 stored=103000 t=20655159 id=1226
						Lua 0:08:07:391
[mod] [SMRTK] SMRTK_DUMP cap=480000 class=hub demand=370000 leg=upgrade_read object=6430 res=PreciousMetals row=stock slider_max=480 stored=110000 t=20655159 id=1227
[SMRTK] SMRTK_DUMP cap=480000 class=hub demand=370000 leg=upgrade_read object=6430 res=PreciousMetals row=stock slider_max=480 stored=110000 t=20655159 id=1227
[mod] [SMRTK] SMRTK_DUMP cap=480000 class=hub demand=377000 leg=upgrade_read object=6430 res=Bread row=stock slider_max=480 stored=103000 t=20655159 id=1228
[SMRTK] SMRTK_DUMP cap=480000 class=hub demand=377000 leg=upgrade_read object=6430 res=Bread row=stock slider_max=480 stored=103000 t=20655159 id=1228
[mod] [SMRTK] SMRTK_DUMP cap=480000 class=hub demand=370000 leg=upgrade_read object=6430 res=PreciousMinerals row=stock slider_max=480 stored=110000 t=20655159 id=1229
[SMRTK] SMRTK_DUMP cap=480000 class=hub demand=370000 leg=upgrade_read object=6430 res=PreciousMinerals row=stock slider_max=480 stored=110000 t=20655159 id=1229
[mod] [SMRTK] SMRTK_DUMP cap=480000 class=hub demand=352000 leg=upgrade_read object=6430 res=Cheese row=stock slider_max=480 stored=128000 t=20655159 id=1230
[SMRTK] SMRTK_DUMP cap=480000 class=hub demand=352000 leg=upgrade_read object=6430 res=Cheese row=stock slider_max=480 stored=128000 t=20655159 id=1230
[mod] [SMRTK] SMRTK_DUMP cap=480000 class=hub demand=330000 leg=upgrade_read object=6430 res=Polymers row=stock slider_max=480 stored=150000 t=20655159 id=1231
[SMRTK] SMRTK_DUMP cap=480000 class=hub demand=330000 leg=upgrade_read object=6430 res=Polymers row=stock slider_max=480 stored=150000 t=20655159 id=1231
[mod] [SMRTK] SMRTK_DUMP cap=480000 class=hub demand=337000 leg=upgrade_read object=6430 res=Coffee row=stock slider_max=480 stored=143000 t=20655159 id=1232
[SMRTK] SMRTK_DUMP cap=480000 class=hub demand=337000 leg=upgrade_read object=6430 res=Coffee row=stock slider_max=480 stored=143000 t=20655159 id=1232
[mod] [SMRTK] SMRTK_DUMP cap=480000 class=hub demand=330000 leg=upgrade_read object=6430 res=MachineParts row=stock slider_max=480 stored=150000 t=20655159 id=1233
[SMRTK] SMRTK_DUMP cap=480000 class=hub demand=330000 leg=upgrade_read object=6430 res=MachineParts row=stock slider_max=480 stored=150000 t=20655159 id=1233
[mod] [SMRTK] SMRTK_DUMP cap=480000 class=hub demand=350000 leg=upgrade_read object=6430 res=Electronics row=stock slider_max=480 stored=130000 t=20655159 id=1234
[SMRTK] SMRTK_DUMP cap=480000 class=hub demand=350000 leg=upgrade_read object=6430 res=Electronics row=stock slider_max=480 stored=130000 t=20655159 id=1234
[mod] [SMRTK] SMRTK_DUMP cap=480000 class=hub demand=337000 leg=upgrade_read object=6430 res=Meat row=stock slider_max=480 stored=143000 t=20655159 id=1235
[SMRTK] SMRTK_DUMP cap=480000 class=hub demand=337000 leg=upgrade_read object=6430 res=Meat row=stock slider_max=480 stored=143000 t=20655159 id=1235
[mod] [SMRTK] SMRTK_DUMP cap=480000 class=hub demand=330000 leg=upgrade_read object=6430 res=Fuel row=stock slider_max=480 stored=150000 t=20655159 id=1236
[SMRTK] SMRTK_DUMP cap=480000 class=hub demand=330000 leg=upgrade_read object=6430 res=Fuel row=stock slider_max=480 stored=150000 t=20655159 id=1236
[mod] [SMRTK] SMRTK_DUMP cap=480000 class=hub demand=330000 leg=upgrade_read object=6430 res=Seeds row=stock slider_max=480 stored=150000 t=20655159 id=1237
[SMRTK] SMRTK_DUMP cap=480000 class=hub demand=330000 leg=upgrade_read object=6430 res=Seeds row=stock slider_max=480 stored=150000 t=20655159 id=1237
[mod] [SMRTK] SMRTK_DUMP cap=480000 class=hub demand=330000 leg=upgrade_read object=6430 res=WasteRock row=stock slider_max=480 stored=150000 t=20655159 id=1238
[SMRTK] SMRTK_DUMP cap=480000 class=hub demand=330000 leg=upgrade_read object=6430 res=WasteRock row=stock slider_max=480 stored=150000 t=20655159 id=1238
[mod] [SMRTK] SMRTK_DUMP answers=true building=false can_switch=false destroyed=false leg=upgrade_read max_storage=480000 max_z=9 object=6495 on=false own=false row=hub slider_max=480 working=true t=20655159 id=1239
[SMRTK] SMRTK_DUMP answers=true building=false can_switch=false destroyed=false leg=upgrade_read max_storage=480000 max_z=9 object=6495 on=false own=false row=hub slider_max=480 working=true t=20655159 id=1239
[mod] [SMRTK] SMRTK_DUMP answers=false building=false can_switch=true destroyed=false leg=upgrade_read object=6495 on=false own=false row=cargo_upgrade upgrade=SMROptInTrainHub6_TrainCargo t=20655159 id=1240
[SMRTK] SMRTK_DUMP answers=false building=false can_switch=true destroyed=false leg=upgrade_read object=6495 on=false own=false row=cargo_upgrade upgrade=SMROptInTrainHub6_TrainCargo t=20655159 id=1240
[mod] [SMRTK] SMRTK_DUMP cap=480000 class=hub demand=40000 leg=upgrade_read object=6495 res=Herbs row=stock slider_max=480 stored=440000 t=20655159 id=1241
[SMRTK] SMRTK_DUMP cap=480000 class=hub demand=40000 leg=upgrade_read object=6495 res=Herbs row=stock slider_max=480 stored=440000 t=20655159 id=1241
[mod] [SMRTK] SMRTK_DUMP cap=480000 class=hub demand=40000 leg=upgrade_read object=6495 res=Metals row=stock slider_max=480 stored=440000 t=20655159 id=1242
[SMRTK] SMRTK_DUMP cap=480000 class=hub demand=40000 leg=upgrade_read object=6495 res=Metals row=stock slider_max=480 stored=440000 t=20655159 id=1242
[mod] [SMRTK] SMRTK_DUMP cap=480000 class=hub demand=40000 leg=upgrade_read object=6495 res=Concrete row=stock slider_max=480 stored=440000 t=20655159 id=1243
[SMRTK] SMRTK_DUMP cap=480000 class=hub demand=40000 leg=upgrade_read object=6495 res=Concrete row=stock slider_max=480 stored=440000 t=20655159 id=1243
[mod] [SMRTK] SMRTK_DUMP cap=480000 class=hub demand=40000 leg=upgrade_read object=6495 res=Spices row=stock slider_max=480 stored=440000 t=20655159 id=1244
[SMRTK] SMRTK_DUMP cap=480000 class=hub demand=40000 leg=upgrade_read object=6495 res=Spices row=stock slider_max=480 stored=440000 t=20655159 id=1244
[mod] [SMRTK] SMRTK_DUMP cap=480000 class=hub demand=40000 leg=upgrade_read object=6495 res=Food row=stock slider_max=480 stored=440000 t=20655159 id=1245
[SMRTK] SMRTK_DUMP cap=480000 class=hub demand=40000 leg=upgrade_read object=6495 res=Food row=stock slider_max=480 stored=440000 t=20655159 id=1245
[mod] [SMRTK] SMRTK_DUMP cap=480000 class=hub demand=40000 leg=upgrade_read object=6495 res=Sugar row=stock slider_max=480 stored=440000 t=20655159 id=1246
[SMRTK] SMRTK_DUMP cap=480000 class=hub demand=40000 leg=upgrade_read object=6495 res=Sugar row=stock slider_max=480 stored=440000 t=20655159 id=1246
[mod] [SMRTK] SMRTK_DUMP cap=480000 class=hub demand=40000 leg=upgrade_read object=6495 res=Butter row=stock slider_max=480 stored=440000 t=20655159 id=1247
[SMRTK] SMRTK_DUMP cap=480000 class=hub demand=40000 leg=upgrade_read object=6495 res=Butter row=stock slider_max=480 stored=440000 t=20655159 id=1247
[mod] [SMRTK] SMRTK_DUMP cap=480000 class=hub demand=40000 leg=upgrade_read object=6495 res=PreciousMetals row=stock slider_max=480 stored=440000 t=20655159 id=1248
[SMRTK] SMRTK_DUMP cap=480000 class=hub demand=40000 leg=upgrade_read object=6495 res=PreciousMetals row=stock slider_max=480 stored=440000 t=20655159 id=1248
[mod] [SMRTK] SMRTK_DUMP cap=480000 class=hub demand=40000 leg=upgrade_read object=6495 res=Bread row=stock slider_max=480 stored=440000 t=20655159 id=1249
[SMRTK] SMRTK_DUMP cap=480000 class=hub demand=40000 leg=upgrade_read object=6495 res=Bread row=stock slider_max=480 stored=440000 t=20655159 id=1249
[mod] [SMRTK] SMRTK_DUMP cap=480000 class=hub demand=40000 leg=upgrade_read object=6495 res=PreciousMinerals row=stock slider_max=480 stored=440000 t=20655159 id=1250
[SMRTK] SMRTK_DUMP cap=480000 class=hub demand=40000 leg=upgrade_read object=6495 res=PreciousMinerals row=stock slider_max=480 stored=440000 t=20655159 id=1250
[mod] [SMRTK] SMRTK_DUMP cap=480000 class=hub demand=40000 leg=upgrade_read object=6495 res=Cheese row=stock slider_max=480 stored=440000 t=20655159 id=1251
[SMRTK] SMRTK_DUMP cap=480000 class=hub demand=40000 leg=upgrade_read object=6495 res=Cheese row=stock slider_max=480 stored=440000 t=20655159 id=1251
						Lua 0:08:07:392
[mod] [SMRTK] SMRTK_DUMP cap=480000 class=hub demand=40000 leg=upgrade_read object=6495 res=Polymers row=stock slider_max=480 stored=440000 t=20655159 id=1252
[SMRTK] SMRTK_DUMP cap=480000 class=hub demand=40000 leg=upgrade_read object=6495 res=Polymers row=stock slider_max=480 stored=440000 t=20655159 id=1252
[mod] [SMRTK] SMRTK_DUMP cap=480000 class=hub demand=40000 leg=upgrade_read object=6495 res=Coffee row=stock slider_max=480 stored=440000 t=20655159 id=1253
[SMRTK] SMRTK_DUMP cap=480000 class=hub demand=40000 leg=upgrade_read object=6495 res=Coffee row=stock slider_max=480 stored=440000 t=20655159 id=1253
[mod] [SMRTK] SMRTK_DUMP cap=480000 class=hub demand=40000 leg=upgrade_read object=6495 res=MachineParts row=stock slider_max=480 stored=440000 t=20655159 id=1254
[SMRTK] SMRTK_DUMP cap=480000 class=hub demand=40000 leg=upgrade_read object=6495 res=MachineParts row=stock slider_max=480 stored=440000 t=20655159 id=1254
[mod] [SMRTK] SMRTK_DUMP cap=480000 class=hub demand=40000 leg=upgrade_read object=6495 res=Electronics row=stock slider_max=480 stored=440000 t=20655159 id=1255
[SMRTK] SMRTK_DUMP cap=480000 class=hub demand=40000 leg=upgrade_read object=6495 res=Electronics row=stock slider_max=480 stored=440000 t=20655159 id=1255
[mod] [SMRTK] SMRTK_DUMP cap=480000 class=hub demand=40000 leg=upgrade_read object=6495 res=Meat row=stock slider_max=480 stored=440000 t=20655159 id=1256
[SMRTK] SMRTK_DUMP cap=480000 class=hub demand=40000 leg=upgrade_read object=6495 res=Meat row=stock slider_max=480 stored=440000 t=20655159 id=1256
[mod] [SMRTK] SMRTK_DUMP cap=480000 class=hub demand=40000 leg=upgrade_read object=6495 res=Fuel row=stock slider_max=480 stored=440000 t=20655159 id=1257
[SMRTK] SMRTK_DUMP cap=480000 class=hub demand=40000 leg=upgrade_read object=6495 res=Fuel row=stock slider_max=480 stored=440000 t=20655159 id=1257
[mod] [SMRTK] SMRTK_DUMP cap=480000 class=hub demand=40000 leg=upgrade_read object=6495 res=Seeds row=stock slider_max=480 stored=440000 t=20655159 id=1258
[SMRTK] SMRTK_DUMP cap=480000 class=hub demand=40000 leg=upgrade_read object=6495 res=Seeds row=stock slider_max=480 stored=440000 t=20655159 id=1258
[mod] [SMRTK] SMRTK_DUMP cap=480000 class=hub demand=40000 leg=upgrade_read object=6495 res=WasteRock row=stock slider_max=480 stored=440000 t=20655159 id=1259
[SMRTK] SMRTK_DUMP cap=480000 class=hub demand=40000 leg=upgrade_read object=6495 res=WasteRock row=stock slider_max=480 stored=440000 t=20655159 id=1259
[mod] [SMRTK] SMRTK_DUMP cap=120000 class=StationSmall demand=110000 leg=upgrade_read object=6827 res=Herbs row=stock slider_max=120 stored=10000 t=20655159 id=1260
[SMRTK] SMRTK_DUMP cap=120000 class=StationSmall demand=110000 leg=upgrade_read object=6827 res=Herbs row=stock slider_max=120 stored=10000 t=20655159 id=1260
[mod] [SMRTK] SMRTK_DUMP cap=120000 class=StationSmall demand=110000 leg=upgrade_read object=6827 res=Metals row=stock slider_max=120 stored=10000 t=20655159 id=1261
[SMRTK] SMRTK_DUMP cap=120000 class=StationSmall demand=110000 leg=upgrade_read object=6827 res=Metals row=stock slider_max=120 stored=10000 t=20655159 id=1261
[mod] [SMRTK] SMRTK_DUMP cap=120000 class=StationSmall demand=110000 leg=upgrade_read object=6827 res=Concrete row=stock slider_max=120 stored=10000 t=20655159 id=1262
[SMRTK] SMRTK_DUMP cap=120000 class=StationSmall demand=110000 leg=upgrade_read object=6827 res=Concrete row=stock slider_max=120 stored=10000 t=20655159 id=1262
[mod] [SMRTK] SMRTK_DUMP cap=120000 class=StationSmall demand=110000 leg=upgrade_read object=6827 res=Spices row=stock slider_max=120 stored=10000 t=20655159 id=1263
[SMRTK] SMRTK_DUMP cap=120000 class=StationSmall demand=110000 leg=upgrade_read object=6827 res=Spices row=stock slider_max=120 stored=10000 t=20655159 id=1263
[mod] [SMRTK] SMRTK_DUMP cap=120000 class=StationSmall demand=110000 leg=upgrade_read object=6827 res=Food row=stock slider_max=120 stored=10000 t=20655159 id=1264
[SMRTK] SMRTK_DUMP cap=120000 class=StationSmall demand=110000 leg=upgrade_read object=6827 res=Food row=stock slider_max=120 stored=10000 t=20655159 id=1264
[mod] [SMRTK] SMRTK_DUMP cap=120000 class=StationSmall demand=110000 leg=upgrade_read object=6827 res=Sugar row=stock slider_max=120 stored=10000 t=20655159 id=1265
[SMRTK] SMRTK_DUMP cap=120000 class=StationSmall demand=110000 leg=upgrade_read object=6827 res=Sugar row=stock slider_max=120 stored=10000 t=20655159 id=1265
[mod] [SMRTK] SMRTK_DUMP cap=120000 class=StationSmall demand=110000 leg=upgrade_read object=6827 res=Butter row=stock slider_max=120 stored=10000 t=20655159 id=1266
[SMRTK] SMRTK_DUMP cap=120000 class=StationSmall demand=110000 leg=upgrade_read object=6827 res=Butter row=stock slider_max=120 stored=10000 t=20655159 id=1266
[mod] [SMRTK] SMRTK_DUMP cap=120000 class=StationSmall demand=110000 leg=upgrade_read object=6827 res=PreciousMetals row=stock slider_max=120 stored=10000 t=20655159 id=1267
[SMRTK] SMRTK_DUMP cap=120000 class=StationSmall demand=110000 leg=upgrade_read object=6827 res=PreciousMetals row=stock slider_max=120 stored=10000 t=20655159 id=1267
[mod] [SMRTK] SMRTK_DUMP cap=120000 class=StationSmall demand=110000 leg=upgrade_read object=6827 res=Bread row=stock slider_max=120 stored=10000 t=20655159 id=1268
[SMRTK] SMRTK_DUMP cap=120000 class=StationSmall demand=110000 leg=upgrade_read object=6827 res=Bread row=stock slider_max=120 stored=10000 t=20655159 id=1268
[mod] [SMRTK] SMRTK_DUMP cap=120000 class=StationSmall demand=110000 leg=upgrade_read object=6827 res=PreciousMinerals row=stock slider_max=120 stored=10000 t=20655159 id=1269
[SMRTK] SMRTK_DUMP cap=120000 class=StationSmall demand=110000 leg=upgrade_read object=6827 res=PreciousMinerals row=stock slider_max=120 stored=10000 t=20655159 id=1269
[mod] [SMRTK] SMRTK_DUMP cap=120000 class=StationSmall demand=110000 leg=upgrade_read object=6827 res=Cheese row=stock slider_max=120 stored=10000 t=20655159 id=1270
[SMRTK] SMRTK_DUMP cap=120000 class=StationSmall demand=110000 leg=upgrade_read object=6827 res=Cheese row=stock slider_max=120 stored=10000 t=20655159 id=1270
[mod] [SMRTK] SMRTK_DUMP cap=120000 class=StationSmall demand=110000 leg=upgrade_read object=6827 res=Polymers row=stock slider_max=120 stored=10000 t=20655159 id=1271
[SMRTK] SMRTK_DUMP cap=120000 class=StationSmall demand=110000 leg=upgrade_read object=6827 res=Polymers row=stock slider_max=120 stored=10000 t=20655159 id=1271
[mod] [SMRTK] SMRTK_DUMP cap=120000 class=StationSmall demand=110000 leg=upgrade_read object=6827 res=Coffee row=stock slider_max=120 stored=10000 t=20655159 id=1272
[SMRTK] SMRTK_DUMP cap=120000 class=StationSmall demand=110000 leg=upgrade_read object=6827 res=Coffee row=stock slider_max=120 stored=10000 t=20655159 id=1272
[mod] [SMRTK] SMRTK_DUMP cap=120000 class=StationSmall demand=110000 leg=upgrade_read object=6827 res=MachineParts row=stock slider_max=120 stored=10000 t=20655159 id=1273
[SMRTK] SMRTK_DUMP cap=120000 class=StationSmall demand=110000 leg=upgrade_read object=6827 res=MachineParts row=stock slider_max=120 stored=10000 t=20655159 id=1273
[mod] [SMRTK] SMRTK_DUMP cap=120000 class=StationSmall demand=110000 leg=upgrade_read object=6827 res=Electronics row=stock slider_max=120 stored=10000 t=20655159 id=1274
[SMRTK] SMRTK_DUMP cap=120000 class=StationSmall demand=110000 leg=upgrade_read object=6827 res=Electronics row=stock slider_max=120 stored=10000 t=20655159 id=1274
[mod] [SMRTK] SMRTK_DUMP cap=120000 class=StationSmall demand=110000 leg=upgrade_read object=6827 res=Meat row=stock slider_max=120 stored=10000 t=20655159 id=1275
[SMRTK] SMRTK_DUMP cap=120000 class=StationSmall demand=110000 leg=upgrade_read object=6827 res=Meat row=stock slider_max=120 stored=10000 t=20655159 id=1275
[mod] [SMRTK] SMRTK_DUMP cap=120000 class=StationSmall demand=110000 leg=upgrade_read object=6827 res=Fuel row=stock slider_max=120 stored=10000 t=20655159 id=1276
[SMRTK] SMRTK_DUMP cap=120000 class=StationSmall demand=110000 leg=upgrade_read object=6827 res=Fuel row=stock slider_max=120 stored=10000 t=20655159 id=1276
[mod] [SMRTK] SMRTK_DUMP cap=120000 class=StationSmall demand=110000 leg=upgrade_read object=6827 res=Seeds row=stock slider_max=120 stored=10000 t=20655159 id=1277
[SMRTK] SMRTK_DUMP cap=120000 class=StationSmall demand=110000 leg=upgrade_read object=6827 res=Seeds row=stock slider_max=120 stored=10000 t=20655159 id=1277
						Lua 0:08:07:393
[mod] [SMRTK] SMRTK_DUMP cap=120000 class=StationSmall demand=110000 leg=upgrade_read object=6827 res=WasteRock row=stock slider_max=120 stored=10000 t=20655159 id=1278
[SMRTK] SMRTK_DUMP cap=120000 class=StationSmall demand=110000 leg=upgrade_read object=6827 res=WasteRock row=stock slider_max=120 stored=10000 t=20655159 id=1278
[mod] [SMRTK] SMRTK_DUMP cap=120000 class=StationSmall demand=110000 leg=upgrade_read object=6883 res=Herbs row=stock slider_max=120 stored=10000 t=20655159 id=1279
[SMRTK] SMRTK_DUMP cap=120000 class=StationSmall demand=110000 leg=upgrade_read object=6883 res=Herbs row=stock slider_max=120 stored=10000 t=20655159 id=1279
[mod] [SMRTK] SMRTK_DUMP cap=120000 class=StationSmall demand=110000 leg=upgrade_read object=6883 res=Metals row=stock slider_max=120 stored=10000 t=20655159 id=1280
[SMRTK] SMRTK_DUMP cap=120000 class=StationSmall demand=110000 leg=upgrade_read object=6883 res=Metals row=stock slider_max=120 stored=10000 t=20655159 id=1280
[mod] [SMRTK] SMRTK_DUMP cap=120000 class=StationSmall demand=110000 leg=upgrade_read object=6883 res=Concrete row=stock slider_max=120 stored=10000 t=20655159 id=1281
[SMRTK] SMRTK_DUMP cap=120000 class=StationSmall demand=110000 leg=upgrade_read object=6883 res=Concrete row=stock slider_max=120 stored=10000 t=20655159 id=1281
[mod] [SMRTK] SMRTK_DUMP cap=120000 class=StationSmall demand=110000 leg=upgrade_read object=6883 res=Spices row=stock slider_max=120 stored=10000 t=20655159 id=1282
[SMRTK] SMRTK_DUMP cap=120000 class=StationSmall demand=110000 leg=upgrade_read object=6883 res=Spices row=stock slider_max=120 stored=10000 t=20655159 id=1282
[mod] [SMRTK] SMRTK_DUMP cap=120000 class=StationSmall demand=110000 leg=upgrade_read object=6883 res=Food row=stock slider_max=120 stored=10000 t=20655159 id=1283
[SMRTK] SMRTK_DUMP cap=120000 class=StationSmall demand=110000 leg=upgrade_read object=6883 res=Food row=stock slider_max=120 stored=10000 t=20655159 id=1283
[mod] [SMRTK] SMRTK_DUMP cap=120000 class=StationSmall demand=110000 leg=upgrade_read object=6883 res=Sugar row=stock slider_max=120 stored=10000 t=20655159 id=1284
[SMRTK] SMRTK_DUMP cap=120000 class=StationSmall demand=110000 leg=upgrade_read object=6883 res=Sugar row=stock slider_max=120 stored=10000 t=20655159 id=1284
[mod] [SMRTK] SMRTK_DUMP cap=120000 class=StationSmall demand=110000 leg=upgrade_read object=6883 res=Butter row=stock slider_max=120 stored=10000 t=20655159 id=1285
[SMRTK] SMRTK_DUMP cap=120000 class=StationSmall demand=110000 leg=upgrade_read object=6883 res=Butter row=stock slider_max=120 stored=10000 t=20655159 id=1285
[mod] [SMRTK] SMRTK_DUMP cap=120000 class=StationSmall demand=110000 leg=upgrade_read object=6883 res=PreciousMetals row=stock slider_max=120 stored=10000 t=20655159 id=1286
[SMRTK] SMRTK_DUMP cap=120000 class=StationSmall demand=110000 leg=upgrade_read object=6883 res=PreciousMetals row=stock slider_max=120 stored=10000 t=20655159 id=1286
[mod] [SMRTK] SMRTK_DUMP cap=120000 class=StationSmall demand=110000 leg=upgrade_read object=6883 res=Bread row=stock slider_max=120 stored=10000 t=20655159 id=1287
[SMRTK] SMRTK_DUMP cap=120000 class=StationSmall demand=110000 leg=upgrade_read object=6883 res=Bread row=stock slider_max=120 stored=10000 t=20655159 id=1287
[mod] [SMRTK] SMRTK_DUMP cap=120000 class=StationSmall demand=110000 leg=upgrade_read object=6883 res=PreciousMinerals row=stock slider_max=120 stored=10000 t=20655159 id=1288
[SMRTK] SMRTK_DUMP cap=120000 class=StationSmall demand=110000 leg=upgrade_read object=6883 res=PreciousMinerals row=stock slider_max=120 stored=10000 t=20655159 id=1288
[mod] [SMRTK] SMRTK_DUMP cap=120000 class=StationSmall demand=115000 leg=upgrade_read object=6883 res=Cheese row=stock slider_max=120 stored=5000 t=20655159 id=1289
[SMRTK] SMRTK_DUMP cap=120000 class=StationSmall demand=115000 leg=upgrade_read object=6883 res=Cheese row=stock slider_max=120 stored=5000 t=20655159 id=1289
[mod] [SMRTK] SMRTK_DUMP cap=120000 class=StationSmall demand=110000 leg=upgrade_read object=6883 res=Polymers row=stock slider_max=120 stored=10000 t=20655159 id=1290
[SMRTK] SMRTK_DUMP cap=120000 class=StationSmall demand=110000 leg=upgrade_read object=6883 res=Polymers row=stock slider_max=120 stored=10000 t=20655159 id=1290
[mod] [SMRTK] SMRTK_DUMP cap=120000 class=StationSmall demand=110000 leg=upgrade_read object=6883 res=Coffee row=stock slider_max=120 stored=10000 t=20655159 id=1291
[SMRTK] SMRTK_DUMP cap=120000 class=StationSmall demand=110000 leg=upgrade_read object=6883 res=Coffee row=stock slider_max=120 stored=10000 t=20655159 id=1291
[mod] [SMRTK] SMRTK_DUMP cap=120000 class=StationSmall demand=110000 leg=upgrade_read object=6883 res=MachineParts row=stock slider_max=120 stored=10000 t=20655159 id=1292
[SMRTK] SMRTK_DUMP cap=120000 class=StationSmall demand=110000 leg=upgrade_read object=6883 res=MachineParts row=stock slider_max=120 stored=10000 t=20655159 id=1292
[mod] [SMRTK] SMRTK_DUMP cap=120000 class=StationSmall demand=110000 leg=upgrade_read object=6883 res=Electronics row=stock slider_max=120 stored=10000 t=20655159 id=1293
[SMRTK] SMRTK_DUMP cap=120000 class=StationSmall demand=110000 leg=upgrade_read object=6883 res=Electronics row=stock slider_max=120 stored=10000 t=20655159 id=1293
[mod] [SMRTK] SMRTK_DUMP cap=120000 class=StationSmall demand=110000 leg=upgrade_read object=6883 res=Meat row=stock slider_max=120 stored=10000 t=20655159 id=1294
[SMRTK] SMRTK_DUMP cap=120000 class=StationSmall demand=110000 leg=upgrade_read object=6883 res=Meat row=stock slider_max=120 stored=10000 t=20655159 id=1294
[mod] [SMRTK] SMRTK_DUMP cap=120000 class=StationSmall demand=110000 leg=upgrade_read object=6883 res=Fuel row=stock slider_max=120 stored=10000 t=20655159 id=1295
[SMRTK] SMRTK_DUMP cap=120000 class=StationSmall demand=110000 leg=upgrade_read object=6883 res=Fuel row=stock slider_max=120 stored=10000 t=20655159 id=1295
[mod] [SMRTK] SMRTK_DUMP cap=120000 class=StationSmall demand=110000 leg=upgrade_read object=6883 res=Seeds row=stock slider_max=120 stored=10000 t=20655159 id=1296
[SMRTK] SMRTK_DUMP cap=120000 class=StationSmall demand=110000 leg=upgrade_read object=6883 res=Seeds row=stock slider_max=120 stored=10000 t=20655159 id=1296
[mod] [SMRTK] SMRTK_DUMP cap=120000 class=StationSmall demand=110000 leg=upgrade_read object=6883 res=WasteRock row=stock slider_max=120 stored=10000 t=20655159 id=1297
[SMRTK] SMRTK_DUMP cap=120000 class=StationSmall demand=110000 leg=upgrade_read object=6883 res=WasteRock row=stock slider_max=120 stored=10000 t=20655159 id=1297
[mod] [SMRTK] SMRTK_DUMP cap=120000 class=StationSmall demand=110000 leg=upgrade_read object=6951 res=Herbs row=stock slider_max=120 stored=10000 t=20655159 id=1298
[SMRTK] SMRTK_DUMP cap=120000 class=StationSmall demand=110000 leg=upgrade_read object=6951 res=Herbs row=stock slider_max=120 stored=10000 t=20655159 id=1298
[mod] [SMRTK] SMRTK_DUMP cap=120000 class=StationSmall demand=110000 leg=upgrade_read object=6951 res=Metals row=stock slider_max=120 stored=10000 t=20655159 id=1299
[SMRTK] SMRTK_DUMP cap=120000 class=StationSmall demand=110000 leg=upgrade_read object=6951 res=Metals row=stock slider_max=120 stored=10000 t=20655159 id=1299
[mod] [SMRTK] SMRTK_DUMP cap=120000 class=StationSmall demand=110000 leg=upgrade_read object=6951 res=Concrete row=stock slider_max=120 stored=10000 t=20655159 id=1300
[SMRTK] SMRTK_DUMP cap=120000 class=StationSmall demand=110000 leg=upgrade_read object=6951 res=Concrete row=stock slider_max=120 stored=10000 t=20655159 id=1300
[mod] [SMRTK] SMRTK_DUMP cap=120000 class=StationSmall demand=110000 leg=upgrade_read object=6951 res=Spices row=stock slider_max=120 stored=10000 t=20655159 id=1301
[SMRTK] SMRTK_DUMP cap=120000 class=StationSmall demand=110000 leg=upgrade_read object=6951 res=Spices row=stock slider_max=120 stored=10000 t=20655159 id=1301
[mod] [SMRTK] SMRTK_DUMP cap=120000 class=StationSmall demand=110000 leg=upgrade_read object=6951 res=Food row=stock slider_max=120 stored=10000 t=20655159 id=1302
[SMRTK] SMRTK_DUMP cap=120000 class=StationSmall demand=110000 leg=upgrade_read object=6951 res=Food row=stock slider_max=120 stored=10000 t=20655159 id=1302
[mod] [SMRTK] SMRTK_DUMP cap=120000 class=StationSmall demand=110000 leg=upgrade_read object=6951 res=Sugar row=stock slider_max=120 stored=10000 t=20655159 id=1303
[SMRTK] SMRTK_DUMP cap=120000 class=StationSmall demand=110000 leg=upgrade_read object=6951 res=Sugar row=stock slider_max=120 stored=10000 t=20655159 id=1303
[mod] [SMRTK] SMRTK_DUMP cap=120000 class=StationSmall demand=110000 leg=upgrade_read object=6951 res=Butter row=stock slider_max=120 stored=10000 t=20655159 id=1304
[SMRTK] SMRTK_DUMP cap=120000 class=StationSmall demand=110000 leg=upgrade_read object=6951 res=Butter row=stock slider_max=120 stored=10000 t=20655159 id=1304
[mod] [SMRTK] SMRTK_DUMP cap=120000 class=StationSmall demand=110000 leg=upgrade_read object=6951 res=PreciousMetals row=stock slider_max=120 stored=10000 t=20655159 id=1305
[SMRTK] SMRTK_DUMP cap=120000 class=StationSmall demand=110000 leg=upgrade_read object=6951 res=PreciousMetals row=stock slider_max=120 stored=10000 t=20655159 id=1305
						Lua 0:08:07:394
[mod] [SMRTK] SMRTK_DUMP cap=120000 class=StationSmall demand=110000 leg=upgrade_read object=6951 res=Bread row=stock slider_max=120 stored=10000 t=20655159 id=1306
[SMRTK] SMRTK_DUMP cap=120000 class=StationSmall demand=110000 leg=upgrade_read object=6951 res=Bread row=stock slider_max=120 stored=10000 t=20655159 id=1306
[mod] [SMRTK] SMRTK_DUMP cap=120000 class=StationSmall demand=110000 leg=upgrade_read object=6951 res=PreciousMinerals row=stock slider_max=120 stored=10000 t=20655159 id=1307
[SMRTK] SMRTK_DUMP cap=120000 class=StationSmall demand=110000 leg=upgrade_read object=6951 res=PreciousMinerals row=stock slider_max=120 stored=10000 t=20655159 id=1307
[mod] [SMRTK] SMRTK_DUMP cap=120000 class=StationSmall demand=110000 leg=upgrade_read object=6951 res=Cheese row=stock slider_max=120 stored=10000 t=20655159 id=1308
[SMRTK] SMRTK_DUMP cap=120000 class=StationSmall demand=110000 leg=upgrade_read object=6951 res=Cheese row=stock slider_max=120 stored=10000 t=20655159 id=1308
[mod] [SMRTK] SMRTK_DUMP cap=120000 class=StationSmall demand=110000 leg=upgrade_read object=6951 res=Polymers row=stock slider_max=120 stored=10000 t=20655159 id=1309
[SMRTK] SMRTK_DUMP cap=120000 class=StationSmall demand=110000 leg=upgrade_read object=6951 res=Polymers row=stock slider_max=120 stored=10000 t=20655159 id=1309
[mod] [SMRTK] SMRTK_DUMP cap=120000 class=StationSmall demand=110000 leg=upgrade_read object=6951 res=Coffee row=stock slider_max=120 stored=10000 t=20655159 id=1310
[SMRTK] SMRTK_DUMP cap=120000 class=StationSmall demand=110000 leg=upgrade_read object=6951 res=Coffee row=stock slider_max=120 stored=10000 t=20655159 id=1310
[mod] [SMRTK] SMRTK_DUMP cap=120000 class=StationSmall demand=110000 leg=upgrade_read object=6951 res=MachineParts row=stock slider_max=120 stored=10000 t=20655159 id=1311
[SMRTK] SMRTK_DUMP cap=120000 class=StationSmall demand=110000 leg=upgrade_read object=6951 res=MachineParts row=stock slider_max=120 stored=10000 t=20655159 id=1311
[mod] [SMRTK] SMRTK_DUMP cap=120000 class=StationSmall demand=110000 leg=upgrade_read object=6951 res=Electronics row=stock slider_max=120 stored=10000 t=20655159 id=1312
[SMRTK] SMRTK_DUMP cap=120000 class=StationSmall demand=110000 leg=upgrade_read object=6951 res=Electronics row=stock slider_max=120 stored=10000 t=20655159 id=1312
[mod] [SMRTK] SMRTK_DUMP cap=120000 class=StationSmall demand=110000 leg=upgrade_read object=6951 res=Meat row=stock slider_max=120 stored=10000 t=20655159 id=1313
[SMRTK] SMRTK_DUMP cap=120000 class=StationSmall demand=110000 leg=upgrade_read object=6951 res=Meat row=stock slider_max=120 stored=10000 t=20655159 id=1313
[mod] [SMRTK] SMRTK_DUMP cap=120000 class=StationSmall demand=110000 leg=upgrade_read object=6951 res=Fuel row=stock slider_max=120 stored=10000 t=20655159 id=1314
[SMRTK] SMRTK_DUMP cap=120000 class=StationSmall demand=110000 leg=upgrade_read object=6951 res=Fuel row=stock slider_max=120 stored=10000 t=20655159 id=1314
[mod] [SMRTK] SMRTK_DUMP cap=120000 class=StationSmall demand=110000 leg=upgrade_read object=6951 res=Seeds row=stock slider_max=120 stored=10000 t=20655159 id=1315
[SMRTK] SMRTK_DUMP cap=120000 class=StationSmall demand=110000 leg=upgrade_read object=6951 res=Seeds row=stock slider_max=120 stored=10000 t=20655159 id=1315
[mod] [SMRTK] SMRTK_DUMP cap=120000 class=StationSmall demand=110000 leg=upgrade_read object=6951 res=WasteRock row=stock slider_max=120 stored=10000 t=20655159 id=1316
[SMRTK] SMRTK_DUMP cap=120000 class=StationSmall demand=110000 leg=upgrade_read object=6951 res=WasteRock row=stock slider_max=120 stored=10000 t=20655159 id=1316
[mod] [SMRTK] SMRTK_DUMP cap=120000 class=StationSmall demand=110000 leg=upgrade_read object=7411 res=Herbs row=stock slider_max=120 stored=10000 t=20655159 id=1317
[SMRTK] SMRTK_DUMP cap=120000 class=StationSmall demand=110000 leg=upgrade_read object=7411 res=Herbs row=stock slider_max=120 stored=10000 t=20655159 id=1317
[mod] [SMRTK] SMRTK_DUMP cap=120000 class=StationSmall demand=110000 leg=upgrade_read object=7411 res=Metals row=stock slider_max=120 stored=10000 t=20655159 id=1318
[SMRTK] SMRTK_DUMP cap=120000 class=StationSmall demand=110000 leg=upgrade_read object=7411 res=Metals row=stock slider_max=120 stored=10000 t=20655159 id=1318
[mod] [SMRTK] SMRTK_DUMP cap=120000 class=StationSmall demand=110000 leg=upgrade_read object=7411 res=Concrete row=stock slider_max=120 stored=10000 t=20655159 id=1319
[SMRTK] SMRTK_DUMP cap=120000 class=StationSmall demand=110000 leg=upgrade_read object=7411 res=Concrete row=stock slider_max=120 stored=10000 t=20655159 id=1319
[mod] [SMRTK] SMRTK_DUMP cap=120000 class=StationSmall demand=110000 leg=upgrade_read object=7411 res=Spices row=stock slider_max=120 stored=10000 t=20655159 id=1320
[SMRTK] SMRTK_DUMP cap=120000 class=StationSmall demand=110000 leg=upgrade_read object=7411 res=Spices row=stock slider_max=120 stored=10000 t=20655159 id=1320
[mod] [SMRTK] SMRTK_DUMP cap=120000 class=StationSmall demand=110000 leg=upgrade_read object=7411 res=Food row=stock slider_max=120 stored=10000 t=20655159 id=1321
[SMRTK] SMRTK_DUMP cap=120000 class=StationSmall demand=110000 leg=upgrade_read object=7411 res=Food row=stock slider_max=120 stored=10000 t=20655159 id=1321
[mod] [SMRTK] SMRTK_DUMP cap=120000 class=StationSmall demand=110000 leg=upgrade_read object=7411 res=Sugar row=stock slider_max=120 stored=10000 t=20655159 id=1322
[SMRTK] SMRTK_DUMP cap=120000 class=StationSmall demand=110000 leg=upgrade_read object=7411 res=Sugar row=stock slider_max=120 stored=10000 t=20655159 id=1322
[mod] [SMRTK] SMRTK_DUMP cap=120000 class=StationSmall demand=110000 leg=upgrade_read object=7411 res=Butter row=stock slider_max=120 stored=10000 t=20655159 id=1323
[SMRTK] SMRTK_DUMP cap=120000 class=StationSmall demand=110000 leg=upgrade_read object=7411 res=Butter row=stock slider_max=120 stored=10000 t=20655159 id=1323
[mod] [SMRTK] SMRTK_DUMP cap=120000 class=StationSmall demand=110000 leg=upgrade_read object=7411 res=PreciousMetals row=stock slider_max=120 stored=10000 t=20655159 id=1324
[SMRTK] SMRTK_DUMP cap=120000 class=StationSmall demand=110000 leg=upgrade_read object=7411 res=PreciousMetals row=stock slider_max=120 stored=10000 t=20655159 id=1324
[mod] [SMRTK] SMRTK_DUMP cap=120000 class=StationSmall demand=110000 leg=upgrade_read object=7411 res=Bread row=stock slider_max=120 stored=10000 t=20655159 id=1325
[SMRTK] SMRTK_DUMP cap=120000 class=StationSmall demand=110000 leg=upgrade_read object=7411 res=Bread row=stock slider_max=120 stored=10000 t=20655159 id=1325
[mod] [SMRTK] SMRTK_DUMP cap=120000 class=StationSmall demand=110000 leg=upgrade_read object=7411 res=PreciousMinerals row=stock slider_max=120 stored=10000 t=20655159 id=1326
[SMRTK] SMRTK_DUMP cap=120000 class=StationSmall demand=110000 leg=upgrade_read object=7411 res=PreciousMinerals row=stock slider_max=120 stored=10000 t=20655159 id=1326
[mod] [SMRTK] SMRTK_DUMP cap=120000 class=StationSmall demand=110000 leg=upgrade_read object=7411 res=Cheese row=stock slider_max=120 stored=10000 t=20655159 id=1327
[SMRTK] SMRTK_DUMP cap=120000 class=StationSmall demand=110000 leg=upgrade_read object=7411 res=Cheese row=stock slider_max=120 stored=10000 t=20655159 id=1327
[mod] [SMRTK] SMRTK_DUMP cap=120000 class=StationSmall demand=110000 leg=upgrade_read object=7411 res=Polymers row=stock slider_max=120 stored=10000 t=20655159 id=1328
[SMRTK] SMRTK_DUMP cap=120000 class=StationSmall demand=110000 leg=upgrade_read object=7411 res=Polymers row=stock slider_max=120 stored=10000 t=20655159 id=1328
[mod] [SMRTK] SMRTK_DUMP cap=120000 class=StationSmall demand=110000 leg=upgrade_read object=7411 res=Coffee row=stock slider_max=120 stored=10000 t=20655159 id=1329
[SMRTK] SMRTK_DUMP cap=120000 class=StationSmall demand=110000 leg=upgrade_read object=7411 res=Coffee row=stock slider_max=120 stored=10000 t=20655159 id=1329
[mod] [SMRTK] SMRTK_DUMP cap=120000 class=StationSmall demand=110000 leg=upgrade_read object=7411 res=MachineParts row=stock slider_max=120 stored=10000 t=20655159 id=1330
[SMRTK] SMRTK_DUMP cap=120000 class=StationSmall demand=110000 leg=upgrade_read object=7411 res=MachineParts row=stock slider_max=120 stored=10000 t=20655159 id=1330
[mod] [SMRTK] SMRTK_DUMP cap=120000 class=StationSmall demand=110000 leg=upgrade_read object=7411 res=Electronics row=stock slider_max=120 stored=10000 t=20655159 id=1331
[SMRTK] SMRTK_DUMP cap=120000 class=StationSmall demand=110000 leg=upgrade_read object=7411 res=Electronics row=stock slider_max=120 stored=10000 t=20655159 id=1331
[mod] [SMRTK] SMRTK_DUMP cap=120000 class=StationSmall demand=110000 leg=upgrade_read object=7411 res=Meat row=stock slider_max=120 stored=10000 t=20655159 id=1332
[SMRTK] SMRTK_DUMP cap=120000 class=StationSmall demand=110000 leg=upgrade_read object=7411 res=Meat row=stock slider_max=120 stored=10000 t=20655159 id=1332
						Lua 0:08:07:395
[mod] [SMRTK] SMRTK_DUMP cap=120000 class=StationSmall demand=110000 leg=upgrade_read object=7411 res=Fuel row=stock slider_max=120 stored=10000 t=20655159 id=1333
[SMRTK] SMRTK_DUMP cap=120000 class=StationSmall demand=110000 leg=upgrade_read object=7411 res=Fuel row=stock slider_max=120 stored=10000 t=20655159 id=1333
[mod] [SMRTK] SMRTK_DUMP cap=120000 class=StationSmall demand=110000 leg=upgrade_read object=7411 res=Seeds row=stock slider_max=120 stored=10000 t=20655159 id=1334
[SMRTK] SMRTK_DUMP cap=120000 class=StationSmall demand=110000 leg=upgrade_read object=7411 res=Seeds row=stock slider_max=120 stored=10000 t=20655159 id=1334
[mod] [SMRTK] SMRTK_DUMP cap=120000 class=StationSmall demand=110000 leg=upgrade_read object=7411 res=WasteRock row=stock slider_max=120 stored=10000 t=20655159 id=1335
[SMRTK] SMRTK_DUMP cap=120000 class=StationSmall demand=110000 leg=upgrade_read object=7411 res=WasteRock row=stock slider_max=120 stored=10000 t=20655159 id=1335
[mod] [SMRTK] SMRTK_DUMP cargo_cap=105000 class=Train leg=upgrade_read nominal_speed=1500 object=2000001652 passenger_cap=30 passengers=0 row=train turn_anim_speed=4500 t=20655159 id=1336
[SMRTK] SMRTK_DUMP cargo_cap=105000 class=Train leg=upgrade_read nominal_speed=1500 object=2000001652 passenger_cap=30 passengers=0 row=train turn_anim_speed=4500 t=20655159 id=1336
[mod] [SMRTK] SMRTK_DUMP cargo_cap=105000 class=Train leg=upgrade_read nominal_speed=1500 object=2000001844 passenger_cap=30 passengers=0 row=train turn_anim_speed=4500 t=20655159 id=1337
[SMRTK] SMRTK_DUMP cargo_cap=105000 class=Train leg=upgrade_read nominal_speed=1500 object=2000001844 passenger_cap=30 passengers=0 row=train turn_anim_speed=4500 t=20655159 id=1337
[mod] [SMRTK] SMRTK_DUMP cargo_cap=105000 class=Train leg=upgrade_read nominal_speed=1500 object=2000001845 passenger_cap=30 passengers=0 row=train turn_anim_speed=4500 t=20655159 id=1338
[SMRTK] SMRTK_DUMP cargo_cap=105000 class=Train leg=upgrade_read nominal_speed=1500 object=2000001845 passenger_cap=30 passengers=0 row=train turn_anim_speed=4500 t=20655159 id=1338
[mod] [SMRTK] SMRTK_DUMP cargo_cap=105000 class=Train leg=upgrade_read nominal_speed=1500 object=2000001846 passenger_cap=30 passengers=0 row=train turn_anim_speed=4500 t=20655159 id=1339
[SMRTK] SMRTK_DUMP cargo_cap=105000 class=Train leg=upgrade_read nominal_speed=1500 object=2000001846 passenger_cap=30 passengers=0 row=train turn_anim_speed=4500 t=20655159 id=1339
[mod] [SMRTK] SMRTK_DUMP cargo_cap=105000 class=Train leg=upgrade_read nominal_speed=1500 object=2000001847 passenger_cap=30 passengers=0 row=train turn_anim_speed=4500 t=20655159 id=1340
[SMRTK] SMRTK_DUMP cargo_cap=105000 class=Train leg=upgrade_read nominal_speed=1500 object=2000001847 passenger_cap=30 passengers=0 row=train turn_anim_speed=4500 t=20655159 id=1340
[mod] [SMRTK] SMRTK_DUMP cargo_cap=105000 class=Train leg=upgrade_read nominal_speed=1500 object=2000001848 passenger_cap=30 passengers=0 row=train turn_anim_speed=4500 t=20655159 id=1341
[SMRTK] SMRTK_DUMP cargo_cap=105000 class=Train leg=upgrade_read nominal_speed=1500 object=2000001848 passenger_cap=30 passengers=0 row=train turn_anim_speed=4500 t=20655159 id=1341
[mod] [SMRTK] SMRTK_DUMP cargo_cap=105000 class=Train leg=upgrade_read nominal_speed=1500 object=2000001849 passenger_cap=30 passengers=0 row=train turn_anim_speed=4500 t=20655159 id=1342
[SMRTK] SMRTK_DUMP cargo_cap=105000 class=Train leg=upgrade_read nominal_speed=1500 object=2000001849 passenger_cap=30 passengers=0 row=train turn_anim_speed=4500 t=20655159 id=1342
[mod] [SMRTK] SMRTK_DUMP cargo_cap=105000 class=Train leg=upgrade_read nominal_speed=1500 object=2000001850 passenger_cap=30 passengers=0 row=train turn_anim_speed=4500 t=20655159 id=1343
[SMRTK] SMRTK_DUMP cargo_cap=105000 class=Train leg=upgrade_read nominal_speed=1500 object=2000001850 passenger_cap=30 passengers=0 row=train turn_anim_speed=4500 t=20655159 id=1343
[mod] [SMRTK] SMRTK_DUMP cargo_cap=105000 class=Train leg=upgrade_read nominal_speed=1500 object=2000001851 passenger_cap=30 passengers=0 row=train turn_anim_speed=4500 t=20655159 id=1344
[SMRTK] SMRTK_DUMP cargo_cap=105000 class=Train leg=upgrade_read nominal_speed=1500 object=2000001851 passenger_cap=30 passengers=0 row=train turn_anim_speed=4500 t=20655159 id=1344
[mod] [SMRTK] SMRTK_DUMP cargo_cap=105000 class=Train leg=upgrade_read nominal_speed=1500 object=2000002387 passenger_cap=30 passengers=0 row=train turn_anim_speed=4500 t=20655159 id=1345
[SMRTK] SMRTK_DUMP cargo_cap=105000 class=Train leg=upgrade_read nominal_speed=1500 object=2000002387 passenger_cap=30 passengers=0 row=train turn_anim_speed=4500 t=20655159 id=1345
[mod] [SMRTK] SMRTK_DUMP cargo_cap=105000 class=Train leg=upgrade_read nominal_speed=1500 object=2000002388 passenger_cap=30 passengers=0 row=train turn_anim_speed=4500 t=20655159 id=1346
[SMRTK] SMRTK_DUMP cargo_cap=105000 class=Train leg=upgrade_read nominal_speed=1500 object=2000002388 passenger_cap=30 passengers=0 row=train turn_anim_speed=4500 t=20655159 id=1346
[mod] [SMRTK] SMRTK_DUMP cargo_cap=105000 class=Train leg=upgrade_read nominal_speed=1500 object=2000002389 passenger_cap=30 passengers=0 row=train turn_anim_speed=4500 t=20655159 id=1347
[SMRTK] SMRTK_DUMP cargo_cap=105000 class=Train leg=upgrade_read nominal_speed=1500 object=2000002389 passenger_cap=30 passengers=0 row=train turn_anim_speed=4500 t=20655159 id=1347
[mod] [SMRTK] SMRTK_DUMP cargo_cap=105000 class=Train leg=upgrade_read nominal_speed=1500 object=2000002390 passenger_cap=30 passengers=0 row=train turn_anim_speed=4500 t=20655159 id=1348
[SMRTK] SMRTK_DUMP cargo_cap=105000 class=Train leg=upgrade_read nominal_speed=1500 object=2000002390 passenger_cap=30 passengers=0 row=train turn_anim_speed=4500 t=20655159 id=1348
[mod] [SMRTK] SMRTK_DUMP cargo_cap=105000 class=Train leg=upgrade_read nominal_speed=1500 object=2000002391 passenger_cap=30 passengers=0 row=train turn_anim_speed=4500 t=20655159 id=1349
[SMRTK] SMRTK_DUMP cargo_cap=105000 class=Train leg=upgrade_read nominal_speed=1500 object=2000002391 passenger_cap=30 passengers=0 row=train turn_anim_speed=4500 t=20655159 id=1349
[mod] [SMRTK] SMRTK_DUMP cargo_cap=105000 class=Train leg=upgrade_read nominal_speed=1500 object=2000002392 passenger_cap=30 passengers=0 row=train turn_anim_speed=4500 t=20655159 id=1350
[SMRTK] SMRTK_DUMP cargo_cap=105000 class=Train leg=upgrade_read nominal_speed=1500 object=2000002392 passenger_cap=30 passengers=0 row=train turn_anim_speed=4500 t=20655159 id=1350
						Lua 0:08:07:396
[mod] [SMRTK] SMRTK_DUMP amount=0 applied=true label=Train leg=upgrade_read percent=100 prop=max_colonists_to_transport row=modifier upgrade=SMROptInTrainHub6_CapacityNetwork t=20655159 id=1351
[SMRTK] SMRTK_DUMP amount=0 applied=true label=Train leg=upgrade_read percent=100 prop=max_colonists_to_transport row=modifier upgrade=SMROptInTrainHub6_CapacityNetwork t=20655159 id=1351
[mod] [SMRTK] SMRTK_DUMP amount=0 applied=true label=Train leg=upgrade_read percent=100 prop=max_shared_storage row=modifier upgrade=SMROptInTrainHub6_CapacityNetwork t=20655159 id=1352
[SMRTK] SMRTK_DUMP amount=0 applied=true label=Train leg=upgrade_read percent=100 prop=max_shared_storage row=modifier upgrade=SMROptInTrainHub6_CapacityNetwork t=20655159 id=1352
[mod] [SMRTK] SMRTK_DUMP amount=0 applied=true label=Station leg=upgrade_read percent=100 prop=max_storage_per_resource row=modifier upgrade=SMROptInTrainHub6_CapacityNetwork t=20655159 id=1353
[SMRTK] SMRTK_DUMP amount=0 applied=true label=Station leg=upgrade_read percent=100 prop=max_storage_per_resource row=modifier upgrade=SMROptInTrainHub6_CapacityNetwork t=20655159 id=1353
[mod] [SMRTK] SMRTK_ACTION action=slot_3 applied=3 cargo_unlocked=true errors=0 game_time=20655159 hubs=2 mark=1258 modifiers=3 owner=6430 phase=upgrade_read sitting=build6_capacity stations=11 status=OK storage_StationBig=240000 storage_StationSmall=120000,120000,120000,120000,120000,120000,120000,120000,120000,120000 storage_hub=480000,480000 trains=15 unlocked=true t=20655159 id=1354
[SMRTK] SMRTK_ACTION action=slot_3 applied=3 cargo_unlocked=true errors=0 game_time=20655159 hubs=2 mark=1258 modifiers=3 owner=6430 phase=upgrade_read sitting=build6_capacity stations=11 status=OK storage_StationBig=240000 storage_StationSmall=120000,120000,120000,120000,120000,120000,120000,120000,120000,120000 storage_hub=480000,480000 trains=15 unlocked=true t=20655159 id=1354
						Lua 0:08:14:911
[mod] [SMRTK] SMRTK_CLEAR action=clear status=OK t=20655159 id=1355
						Lua 0:08:15:262
[mod] [SMRTK] SMRTK_COPY action=copy flushed=true from=1258 lines=215 status=OK truncated=false t=20655159 id=1356
[SMRTK] SMRTK_COPY action=copy flushed=true from=1258 lines=215 status=OK truncated=false t=20655159 id=1356
						Lua 0:08:20:603
[mod] [SMRTK] SMRTK_SECTION action=section_attach attached=true dialog=ipTrain object=Train(2000001849) status=OK t=20655159 id=1357
						Lua 0:08:24:767
[mod] [SMRTK] SMRTK_SECTION action=section_attach attached=true dialog=ipBuilding object=StationBig(2009) status=OK t=20655159 id=1358
						Lua 0:08:30:183
[mod] [SMRTK] SMRTK_SECTION action=section_attach attached=true dialog=ipBuilding object=StationSmall(2011) status=OK t=20655159 id=1359
						Lua 0:08:36:289
[mod] [SMRTK] SMRTK_SECTION action=section_attach attached=true dialog=ipBuilding object=StationSmall(6243) status=OK t=20655159 id=1360
						Lua 0:08:41:133
[mod] [SMRTK] SMRTK_SECTION action=section_attach attached=true dialog=ipBuilding object=StationSmall(2012) status=OK t=20655159 id=1361
						Lua 0:08:45:069
[mod] [SMRTK] SMRTK_SECTION action=section_attach attached=true dialog=ipBuilding object=StationSmall(2008) status=OK t=20655159 id=1362
						Lua 0:08:48:537
[mod] [SMRTK] SMRTK_SECTION action=section_attach attached=true dialog=ipBuilding object=StationSmall(1994) status=OK t=20655159 id=1363
						Lua 0:08:54:874
[mod] [SMRTK] SMRTK_SECTION action=section_attach attached=true dialog=ipBuilding object=StationSmall(2012) status=OK t=20655159 id=1364
						Lua 0:08:57:204
[mod] [SMRTK] SMRTK_SECTION action=section_attach attached=true dialog=ipBuilding object=StationSmall(6243) status=OK t=20655159 id=1365
						Lua 0:09:11:362
[mod] [SMRTK] SMRTK_SECTION action=section_attach attached=true dialog=ipBuilding object=SMROptInTrainHub6(6430) status=OK t=20655159 id=1366
						Lua 0:10:06:168
[mod] [SMRTK] SMRTK_STREAM assigned=none at_station=true cargo=none command=LoadTrain line=2011-2009 passengers=0 row=train station=2009 train=2000001847 t=20656577 id=1367
						Lua 0:10:07:166
[mod] [SMRTK] SMRTK_STREAM assigned=none at_station=false cargo=none command=GotoStation line=6430-2007 passengers=0 row=train station=2007 train=2000001846 t=20657577 id=1368
[mod] [SMRTK] SMRTK_STREAM assigned=none at_station=true cargo=none command=LoadTrain line=6243-2012 passengers=0 row=train station=6243 train=2000001848 t=20657577 id=1369
						Lua 0:10:07:176
[mod] [SMRTK] SMRTK_STREAM before=0 calls=8 cubes=none expected_cubes=none hub=false res=Herbs row=stock station=6243 stock=10000 target=10000 t=20657577 id=1370
[mod] [SMRTK] SMRTK_STREAM before=0 calls=8 cubes=none expected_cubes=none hub=false res=Metals row=stock station=6243 stock=10000 target=10000 t=20657577 id=1371
[mod] [SMRTK] SMRTK_STREAM before=0 calls=8 cubes=none expected_cubes=none hub=false res=Concrete row=stock station=6243 stock=5000 target=10000 t=20657577 id=1372
						Lua 0:10:09:166
[mod] [SMRTK] SMRTK_STREAM assigned=none at_station=true cargo=none command=false line=6495-6827 passengers=0 row=train station=6827 train=2000002389 t=20659577 id=1373
						Lua 0:10:10:166
[mod] [SMRTK] SMRTK_STREAM assigned=none at_station=true cargo=none command=LoadTrain line=1994-2007 passengers=0 row=train station=1994 train=2000001845 t=20660577 id=1374
[mod] [SMRTK] SMRTK_STREAM assigned=none at_station=true cargo=none command=LoadTrain line=6883-6495 passengers=0 row=train station=6883 train=2000002387 t=20660577 id=1375
						Lua 0:10:10:168
[mod] [SMRTK] SMRTK_STREAM before=5000 calls=6 cubes=none expected_cubes=none hub=false res=Cheese row=stock station=6883 stock=10000 target=10000 t=20660577 id=1376
						Lua 0:10:11:166
[mod] [SMRTK] SMRTK_STREAM assigned=2011:Cheese:5000,2011:Coffee:10000,2011:Electronics:10000,2011:Fuel:10000,2011:MachineParts:10000,2011:Meat:10000,2011:Polymers:10000,2011:Seeds:10000,2011:WasteRock:10000 at_station=true cargo=Cheese:5000,Coffee:10000,Electronics:10000,Fuel:10000,MachineParts:10000,Meat:10000,Polymers:10000,Seeds:10000,WasteRock:10000 command=UnloadTrain line=2011-6430 passengers=0 row=train station=2011 train=2000001850 t=20661577 id=1377
						Lua 0:10:12:166
[mod] [SMRTK] SMRTK_STREAM assigned=none at_station=true cargo=none command=false line=2011-2009 passengers=0 row=train station=2009 train=2000001847 t=20662577 id=1378
						Lua 0:10:13:166
[mod] [SMRTK] SMRTK_STREAM assigned=none at_station=false cargo=none command=GotoStation line=6243-2012 passengers=0 row=train station=6243 train=2000001848 t=20663577 id=1379
[mod] [SMRTK] SMRTK_STREAM assigned=none at_station=true cargo=none command=UnloadTrain line=6430-2008 passengers=0 row=train station=6430 train=2000001849 t=20663577 id=1380
						Lua 0:10:16:166
[mod] [SMRTK] SMRTK_STREAM assigned=none at_station=false cargo=none command=GotoStation line=6430-1994 passengers=0 row=train station=1994 train=2000001845 t=20666577 id=1381
[mod] [SMRTK] SMRTK_STREAM assigned=none at_station=true cargo=none command=false line=6883-6495 passengers=0 row=train station=6883 train=2000002387 t=20666577 id=1382
						Lua 0:10:17:167
[mod] [SMRTK] SMRTK_STREAM assigned=none at_station=true cargo=none command=LoadTrain line=2011-6430 passengers=0 row=train station=2011 train=2000001850 t=20667577 id=1383
[mod] [SMRTK] SMRTK_STREAM before=5000 calls=15 cubes=none expected_cubes=none hub=false res=Cheese row=stock station=2011 stock=10000 target=10000 t=20667577 id=1384
[mod] [SMRTK] SMRTK_STREAM before=0 calls=15 cubes=none expected_cubes=none hub=false res=Polymers row=stock station=2011 stock=10000 target=10000 t=20667577 id=1385
[mod] [SMRTK] SMRTK_STREAM before=0 calls=15 cubes=none expected_cubes=none hub=false res=Coffee row=stock station=2011 stock=10000 target=10000 t=20667577 id=1386
[mod] [SMRTK] SMRTK_STREAM before=0 calls=15 cubes=none expected_cubes=none hub=false res=MachineParts row=stock station=2011 stock=10000 target=10000 t=20667577 id=1387
[mod] [SMRTK] SMRTK_STREAM before=0 calls=15 cubes=none expected_cubes=none hub=false res=Electronics row=stock station=2011 stock=10000 target=10000 t=20667577 id=1388
[mod] [SMRTK] SMRTK_STREAM before=0 calls=15 cubes=none expected_cubes=none hub=false res=Meat row=stock station=2011 stock=10000 target=10000 t=20667577 id=1389
[mod] [SMRTK] SMRTK_STREAM before=0 calls=15 cubes=none expected_cubes=none hub=false res=Fuel row=stock station=2011 stock=10000 target=10000 t=20667577 id=1390
[mod] [SMRTK] SMRTK_STREAM before=0 calls=15 cubes=none expected_cubes=none hub=false res=Seeds row=stock station=2011 stock=10000 target=10000 t=20667577 id=1391
[mod] [SMRTK] SMRTK_STREAM before=0 calls=15 cubes=none expected_cubes=none hub=false res=WasteRock row=stock station=2011 stock=10000 target=10000 t=20667577 id=1392
						Lua 0:10:18:833
[mod] [SMRTK] SMRTK_ACTION action=slot_1 reason="pause first" status=REFUSED t=20669241 id=1393
[SMRTK] SMRTK_ACTION action=slot_1 reason="pause first" status=REFUSED t=20669241 id=1393
						Lua 0:10:19:166
[mod] [SMRTK] SMRTK_STREAM assigned=6243:Bread:10000,6243:Butter:10000,6243:Cheese:10000,6243:Coffee:10000,6243:Food:10000,6243:MachineParts:5000,6243:Polymers:10000,6243:PreciousMetals:10000,6243:PreciousMinerals:10000,6243:Spices:10000,6243:Sugar:10000 at_station=true cargo=Bread:10000,Butter:10000,Cheese:10000,Coffee:10000,Food:10000,MachineParts:5000,Polymers:10000,PreciousMetals:10000,PreciousMinerals:10000,Spices:10000,Sugar:10000 command=LoadTrain line=6430-2008 passengers=0 row=train station=6430 train=2000001849 t=20669577 id=1394
						Lua 0:10:19:167
[mod] [SMRTK] SMRTK_STREAM before=103000 calls=21 cubes=93 expected_cubes=93 hub=true res=Spices row=stock station=6430 stock=93000 target=none t=20669577 id=1395
[mod] [SMRTK] SMRTK_STREAM before=102000 calls=21 cubes=92 expected_cubes=92 hub=true res=Food row=stock station=6430 stock=92000 target=none t=20669577 id=1396
[mod] [SMRTK] SMRTK_STREAM before=103000 calls=21 cubes=93 expected_cubes=93 hub=true res=Sugar row=stock station=6430 stock=93000 target=none t=20669577 id=1397
[mod] [SMRTK] SMRTK_STREAM before=103000 calls=21 cubes=93 expected_cubes=93 hub=true res=Butter row=stock station=6430 stock=93000 target=none t=20669577 id=1398
[mod] [SMRTK] SMRTK_STREAM before=110000 calls=21 cubes=100 expected_cubes=100 hub=true res=PreciousMetals row=stock station=6430 stock=100000 target=none t=20669577 id=1399
[mod] [SMRTK] SMRTK_STREAM before=103000 calls=21 cubes=93 expected_cubes=93 hub=true res=Bread row=stock station=6430 stock=93000 target=none t=20669577 id=1400
[mod] [SMRTK] SMRTK_STREAM before=110000 calls=21 cubes=100 expected_cubes=100 hub=true res=PreciousMinerals row=stock station=6430 stock=100000 target=none t=20669577 id=1401
[mod] [SMRTK] SMRTK_STREAM before=128000 calls=21 cubes=118 expected_cubes=118 hub=true res=Cheese row=stock station=6430 stock=118000 target=none t=20669577 id=1402
[mod] [SMRTK] SMRTK_STREAM before=150000 calls=21 cubes=140 expected_cubes=140 hub=true res=Polymers row=stock station=6430 stock=140000 target=none t=20669577 id=1403
[mod] [SMRTK] SMRTK_STREAM before=143000 calls=21 cubes=133 expected_cubes=133 hub=true res=Coffee row=stock station=6430 stock=133000 target=none t=20669577 id=1404
						Lua 0:10:19:168
[mod] [SMRTK] SMRTK_STREAM before=150000 calls=21 cubes=145 expected_cubes=145 hub=true res=MachineParts row=stock station=6430 stock=145000 target=none t=20669577 id=1405
						Lua 0:10:20:166
[mod] [SMRTK] SMRTK_STREAM assigned=none at_station=true cargo=none command=LoadTrain line=2011-2009 passengers=0 row=train station=2009 train=2000001847 t=20670577 id=1406
[mod] [SMRTK] SMRTK_STREAM assigned=none at_station=true cargo=none command=LoadTrain line=6883-6495 passengers=0 row=train station=6883 train=2000002387 t=20670577 id=1407						Lua 0:10:20:167

[mod] [SMRTK] SMRTK_STREAM assigned=none at_station=true cargo=none command=LoadTrain line=7411-6495 passengers=0 row=train station=6495 train=2000002388 t=20670577 id=1408
[mod] [SMRTK] SMRTK_STREAM assigned=none at_station=true cargo=none command=LoadTrain line=6495-6827 passengers=0 row=train station=6827 train=2000002389 t=20670577 id=1409
[mod] [SMRTK] SMRTK_STREAM assigned=none at_station=true cargo=none command=LoadTrain line=6951-6495 passengers=0 row=train station=6951 train=2000002390 t=20670577 id=1410
[mod] [SMRTK] SMRTK_STREAM assigned=none at_station=true cargo=none command=LoadTrain line=7411-6495 passengers=0 row=train station=7411 train=2000002391 t=20670577 id=1411
[mod] [SMRTK] SMRTK_STREAM assigned=none at_station=true cargo=none command=LoadTrain line=6951-6883 passengers=0 row=train station=6951 train=2000002392 t=20670577 id=1412
						Lua 0:10:22:915
[mod] [SMRTK] SMRTK_MARK action=mark label=STATIONS_EMPTY mark=1530 status=OK t=20672499 id=1413
[SMRTK] SMRTK_MARK action=mark label=STATIONS_EMPTY mark=1530 status=OK t=20672499 id=1413
[mod] [SMRTK] SMRTK_FINGERPRINT action=fingerprint fix_pack_present=45/45 game=405907 mark_action=mark mods=SMR_CommunityFixPack,SMR_CommunityFixPackTestKit,SMR_CommunityOptInPack,SMR_RailShaftDev_20260923,SMR_TrainHubDev_20260918 pack_version=26 read="live registry" save="Double Hub Build.savegame.sav" sol=29 status=OK t=20672499 id=1414
[SMRTK] SMRTK_FINGERPRINT action=fingerprint fix_pack_present=45/45 game=405907 mark_action=mark mods=SMR_CommunityFixPack,SMR_CommunityFixPackTestKit,SMR_CommunityOptInPack,SMR_RailShaftDev_20260923,SMR_TrainHubDev_20260918 pack_version=26 read="live registry" save="Double Hub Build.savegame.sav" sol=29 status=OK t=20672499 id=1414
						Lua 0:10:22:918
[mod] [SMRTK] SMRTK_ACTION action=slot_1 added=0 errors=0 game_time=20672499 held=0 mark=1530 phase=EMPTY removed=1580000 skipped=0 stations=11 status=OK train_cargo=105000 trains_loaded=1 t=20672499 id=1415
[SMRTK] SMRTK_ACTION action=slot_1 added=0 errors=0 game_time=20672499 held=0 mark=1530 phase=EMPTY removed=1580000 skipped=0 stations=11 status=OK train_cargo=105000 trains_loaded=1 t=20672499 id=1415
						Lua 0:10:24:413
[mod] [SMRTK] SMRTK_STREAM assigned=none at_station=true cargo=none command=UnloadTrain line=2011-2009 passengers=0 row=train station=2011 train=2000001851 t=20672577 id=1416
						Lua 0:10:24:423
[mod] [SMRTK] SMRTK_STREAM before=10000 calls=14 cubes=none expected_cubes=none hub=false res=Herbs row=stock station=1994 stock=0 target=10000 t=20672577 id=1417
[mod] [SMRTK] SMRTK_STREAM before=10000 calls=14 cubes=none expected_cubes=none hub=false res=Metals row=stock station=1994 stock=0 target=10000 t=20672577 id=1418
[mod] [SMRTK] SMRTK_STREAM before=10000 calls=14 cubes=none expected_cubes=none hub=false res=Concrete row=stock station=1994 stock=0 target=10000 t=20672577 id=1419
[mod] [SMRTK] SMRTK_STREAM before=10000 calls=14 cubes=none expected_cubes=none hub=false res=Spices row=stock station=1994 stock=0 target=10000 t=20672577 id=1420
[mod] [SMRTK] SMRTK_STREAM before=10000 calls=14 cubes=none expected_cubes=none hub=false res=Food row=stock station=1994 stock=0 target=10000 t=20672577 id=1421
[mod] [SMRTK] SMRTK_STREAM before=10000 calls=14 cubes=none expected_cubes=none hub=false res=Sugar row=stock station=1994 stock=0 target=10000 t=20672577 id=1422
[mod] [SMRTK] SMRTK_STREAM before=10000 calls=14 cubes=none expected_cubes=none hub=false res=Butter row=stock station=1994 stock=0 target=10000 t=20672577 id=1423
[mod] [SMRTK] SMRTK_STREAM before=10000 calls=14 cubes=none expected_cubes=none hub=false res=PreciousMetals row=stock station=1994 stock=0 target=10000 t=20672577 id=1424
[mod] [SMRTK] SMRTK_STREAM before=10000 calls=14 cubes=none expected_cubes=none hub=false res=Bread row=stock station=1994 stock=0 target=10000 t=20672577 id=1425
[mod] [SMRTK] SMRTK_STREAM before=10000 calls=14 cubes=none expected_cubes=none hub=false res=PreciousMinerals row=stock station=1994 stock=0 target=10000 t=20672577 id=1426
[mod] [SMRTK] SMRTK_STREAM before=5000 calls=14 cubes=none expected_cubes=none hub=false res=Cheese row=stock station=1994 stock=0 target=10000 t=20672577 id=1427
[mod] [SMRTK] SMRTK_STREAM before=10000 calls=15 cubes=none expected_cubes=none hub=false res=Herbs row=stock station=2007 stock=0 target=10000 t=20672577 id=1428
[mod] [SMRTK] SMRTK_STREAM before=10000 calls=15 cubes=none expected_cubes=none hub=false res=Metals row=stock station=2007 stock=0 target=10000 t=20672577 id=1429
[mod] [SMRTK] SMRTK_STREAM before=10000 calls=15 cubes=none expected_cubes=none hub=false res=Concrete row=stock station=2007 stock=0 target=10000 t=20672577 id=1430
[mod] [SMRTK] SMRTK_STREAM before=10000 calls=15 cubes=none expected_cubes=none hub=false res=Spices row=stock station=2007 stock=0 target=10000 t=20672577 id=1431
[mod] [SMRTK] SMRTK_STREAM before=10000 calls=15 cubes=none expected_cubes=none hub=false res=Food row=stock station=2007 stock=0 target=10000 t=20672577 id=1432
[mod] [SMRTK] SMRTK_STREAM before=10000 calls=15 cubes=none expected_cubes=none hub=false res=Sugar row=stock station=2007 stock=0 target=10000 t=20672577 id=1433
[mod] [SMRTK] SMRTK_STREAM before=10000 calls=15 cubes=none expected_cubes=none hub=false res=Butter row=stock station=2007 stock=0 target=10000 t=20672577 id=1434
[mod] [SMRTK] SMRTK_STREAM before=10000 calls=15 cubes=none expected_cubes=none hub=false res=PreciousMetals row=stock station=2007 stock=0 target=10000 t=20672577 id=1435
[mod] [SMRTK] SMRTK_STREAM before=10000 calls=15 cubes=none expected_cubes=none hub=false res=Bread row=stock station=2007 stock=0 target=10000 t=20672577 id=1436
[mod] [SMRTK] SMRTK_STREAM before=10000 calls=15 cubes=none expected_cubes=none hub=false res=PreciousMinerals row=stock station=2007 stock=0 target=10000 t=20672577 id=1437
[mod] [SMRTK] SMRTK_STREAM before=5000 calls=15 cubes=none expected_cubes=none hub=false res=Cheese row=stock station=2007 stock=0 target=10000 t=20672577 id=1438
						Lua 0:10:24:424
[mod] [SMRTK] SMRTK_STREAM before=10000 calls=7 cubes=none expected_cubes=none hub=false res=Herbs row=stock station=2008 stock=0 target=10000 t=20672577 id=1439
[mod] [SMRTK] SMRTK_STREAM before=10000 calls=7 cubes=none expected_cubes=none hub=false res=Metals row=stock station=2008 stock=0 target=10000 t=20672577 id=1440
[mod] [SMRTK] SMRTK_STREAM before=10000 calls=7 cubes=none expected_cubes=none hub=false res=Concrete row=stock station=2008 stock=0 target=10000 t=20672577 id=1441
[mod] [SMRTK] SMRTK_STREAM before=10000 calls=7 cubes=none expected_cubes=none hub=false res=Spices row=stock station=2008 stock=0 target=10000 t=20672577 id=1442
[mod] [SMRTK] SMRTK_STREAM before=10000 calls=7 cubes=none expected_cubes=none hub=false res=Food row=stock station=2008 stock=0 target=10000 t=20672577 id=1443
[mod] [SMRTK] SMRTK_STREAM before=10000 calls=7 cubes=none expected_cubes=none hub=false res=Sugar row=stock station=2008 stock=0 target=10000 t=20672577 id=1444
[mod] [SMRTK] SMRTK_STREAM before=10000 calls=7 cubes=none expected_cubes=none hub=false res=Butter row=stock station=2008 stock=0 target=10000 t=20672577 id=1445
[mod] [SMRTK] SMRTK_STREAM before=10000 calls=7 cubes=none expected_cubes=none hub=false res=PreciousMetals row=stock station=2008 stock=0 target=10000 t=20672577 id=1446
[mod] [SMRTK] SMRTK_STREAM before=10000 calls=7 cubes=none expected_cubes=none hub=false res=Bread row=stock station=2008 stock=0 target=10000 t=20672577 id=1447
[mod] [SMRTK] SMRTK_STREAM before=10000 calls=7 cubes=none expected_cubes=none hub=false res=PreciousMinerals row=stock station=2008 stock=0 target=10000 t=20672577 id=1448
[mod] [SMRTK] SMRTK_STREAM before=5000 calls=7 cubes=none expected_cubes=none hub=false res=Cheese row=stock station=2008 stock=0 target=10000 t=20672577 id=1449
[mod] [SMRTK] SMRTK_STREAM before=10000 calls=19 cubes=none expected_cubes=none hub=false res=Herbs row=stock station=2009 stock=0 target=10000 t=20672577 id=1450
[mod] [SMRTK] SMRTK_STREAM before=10000 calls=19 cubes=none expected_cubes=none hub=false res=Metals row=stock station=2009 stock=0 target=10000 t=20672577 id=1451
[mod] [SMRTK] SMRTK_STREAM before=10000 calls=19 cubes=none expected_cubes=none hub=false res=Concrete row=stock station=2009 stock=0 target=10000 t=20672577 id=1452
[mod] [SMRTK] SMRTK_STREAM before=10000 calls=19 cubes=none expected_cubes=none hub=false res=Spices row=stock station=2009 stock=0 target=10000 t=20672577 id=1453
[mod] [SMRTK] SMRTK_STREAM before=10000 calls=19 cubes=none expected_cubes=none hub=false res=Food row=stock station=2009 stock=0 target=10000 t=20672577 id=1454
[mod] [SMRTK] SMRTK_STREAM before=10000 calls=19 cubes=none expected_cubes=none hub=false res=Sugar row=stock station=2009 stock=0 target=10000 t=20672577 id=1455
[mod] [SMRTK] SMRTK_STREAM before=10000 calls=19 cubes=none expected_cubes=none hub=false res=Butter row=stock station=2009 stock=0 target=10000 t=20672577 id=1456
[mod] [SMRTK] SMRTK_STREAM before=10000 calls=19 cubes=none expected_cubes=none hub=false res=PreciousMetals row=stock station=2009 stock=0 target=10000 t=20672577 id=1457
[mod] [SMRTK] SMRTK_STREAM before=10000 calls=19 cubes=none expected_cubes=none hub=false res=Bread row=stock station=2009 stock=0 target=10000 t=20672577 id=1458
[mod] [SMRTK] SMRTK_STREAM before=10000 calls=19 cubes=none expected_cubes=none hub=false res=PreciousMinerals row=stock station=2009 stock=0 target=10000 t=20672577 id=1459
[mod] [SMRTK] SMRTK_STREAM before=5000 calls=19 cubes=none expected_cubes=none hub=false res=Cheese row=stock station=2009 stock=0 target=10000 t=20672577 id=1460
[mod] [SMRTK] SMRTK_STREAM before=10000 calls=15 cubes=none expected_cubes=none hub=false res=Herbs row=stock station=2011 stock=0 target=10000 t=20672577 id=1461
[mod] [SMRTK] SMRTK_STREAM before=10000 calls=15 cubes=none expected_cubes=none hub=false res=Metals row=stock station=2011 stock=0 target=10000 t=20672577 id=1462
[mod] [SMRTK] SMRTK_STREAM before=10000 calls=15 cubes=none expected_cubes=none hub=false res=Concrete row=stock station=2011 stock=0 target=10000 t=20672577 id=1463
[mod] [SMRTK] SMRTK_STREAM before=10000 calls=15 cubes=none expected_cubes=none hub=false res=Spices row=stock station=2011 stock=0 target=10000 t=20672577 id=1464
[mod] [SMRTK] SMRTK_STREAM before=10000 calls=15 cubes=none expected_cubes=none hub=false res=Food row=stock station=2011 stock=0 target=10000 t=20672577 id=1465
[mod] [SMRTK] SMRTK_STREAM before=10000 calls=15 cubes=none expected_cubes=none hub=false res=Sugar row=stock station=2011 stock=0 target=10000 t=20672577 id=1466						Lua 0:10:24:425

[mod] [SMRTK] SMRTK_STREAM before=10000 calls=15 cubes=none expected_cubes=none hub=false res=Butter row=stock station=2011 stock=0 target=10000 t=20672577 id=1467
[mod] [SMRTK] SMRTK_STREAM before=10000 calls=15 cubes=none expected_cubes=none hub=false res=PreciousMetals row=stock station=2011 stock=0 target=10000 t=20672577 id=1468
[mod] [SMRTK] SMRTK_STREAM before=10000 calls=15 cubes=none expected_cubes=none hub=false res=Bread row=stock station=2011 stock=0 target=10000 t=20672577 id=1469
[mod] [SMRTK] SMRTK_STREAM before=10000 calls=15 cubes=none expected_cubes=none hub=false res=PreciousMinerals row=stock station=2011 stock=0 target=10000 t=20672577 id=1470
[mod] [SMRTK] SMRTK_STREAM before=10000 calls=15 cubes=none expected_cubes=none hub=false res=Cheese row=stock station=2011 stock=0 target=10000 t=20672577 id=1471
[mod] [SMRTK] SMRTK_STREAM before=10000 calls=15 cubes=none expected_cubes=none hub=false res=Polymers row=stock station=2011 stock=0 target=10000 t=20672577 id=1472
[mod] [SMRTK] SMRTK_STREAM before=10000 calls=15 cubes=none expected_cubes=none hub=false res=Coffee row=stock station=2011 stock=0 target=10000 t=20672577 id=1473
[mod] [SMRTK] SMRTK_STREAM before=10000 calls=15 cubes=none expected_cubes=none hub=false res=MachineParts row=stock station=2011 stock=0 target=10000 t=20672577 id=1474
[mod] [SMRTK] SMRTK_STREAM before=10000 calls=15 cubes=none expected_cubes=none hub=false res=Electronics row=stock station=2011 stock=0 target=10000 t=20672577 id=1475
[mod] [SMRTK] SMRTK_STREAM before=10000 calls=15 cubes=none expected_cubes=none hub=false res=Meat row=stock station=2011 stock=0 target=10000 t=20672577 id=1476
[mod] [SMRTK] SMRTK_STREAM before=10000 calls=15 cubes=none expected_cubes=none hub=false res=Fuel row=stock station=2011 stock=0 target=10000 t=20672577 id=1477
[mod] [SMRTK] SMRTK_STREAM before=10000 calls=15 cubes=none expected_cubes=none hub=false res=Seeds row=stock station=2011 stock=0 target=10000 t=20672577 id=1478
[mod] [SMRTK] SMRTK_STREAM before=10000 calls=15 cubes=none expected_cubes=none hub=false res=WasteRock row=stock station=2011 stock=0 target=10000 t=20672577 id=1479
[mod] [SMRTK] SMRTK_STREAM before=10000 calls=6 cubes=none expected_cubes=none hub=false res=Herbs row=stock station=2012 stock=0 target=10000 t=20672577 id=1480
[mod] [SMRTK] SMRTK_STREAM before=10000 calls=6 cubes=none expected_cubes=none hub=false res=Metals row=stock station=2012 stock=0 target=10000 t=20672577 id=1481
[mod] [SMRTK] SMRTK_STREAM before=10000 calls=6 cubes=none expected_cubes=none hub=false res=Concrete row=stock station=2012 stock=0 target=10000 t=20672577 id=1482
[mod] [SMRTK] SMRTK_STREAM before=10000 calls=6 cubes=none expected_cubes=none hub=false res=Spices row=stock station=2012 stock=0 target=10000 t=20672577 id=1483
[mod] [SMRTK] SMRTK_STREAM before=10000 calls=6 cubes=none expected_cubes=none hub=false res=Food row=stock station=2012 stock=0 target=10000 t=20672577 id=1484
[mod] [SMRTK] SMRTK_STREAM before=10000 calls=6 cubes=none expected_cubes=none hub=false res=Sugar row=stock station=2012 stock=0 target=10000 t=20672577 id=1485
[mod] [SMRTK] SMRTK_STREAM before=10000 calls=6 cubes=none expected_cubes=none hub=false res=Butter row=stock station=2012 stock=0 target=10000 t=20672577 id=1486
[mod] [SMRTK] SMRTK_STREAM before=10000 calls=6 cubes=none expected_cubes=none hub=false res=PreciousMetals row=stock station=2012 stock=0 target=10000 t=20672577 id=1487
[mod] [SMRTK] SMRTK_STREAM before=10000 calls=6 cubes=none expected_cubes=none hub=false res=Bread row=stock station=2012 stock=0 target=10000 t=20672577 id=1488
[mod] [SMRTK] SMRTK_STREAM before=10000 calls=6 cubes=none expected_cubes=none hub=false res=PreciousMinerals row=stock station=2012 stock=0 target=10000 t=20672577 id=1489
[mod] [SMRTK] SMRTK_STREAM before=5000 calls=6 cubes=none expected_cubes=none hub=false res=Cheese row=stock station=2012 stock=0 target=10000 t=20672577 id=1490
[mod] [SMRTK] SMRTK_STREAM before=10000 calls=6 cubes=none expected_cubes=none hub=false res=Polymers row=stock station=2012 stock=0 target=10000 t=20672577 id=1491
[mod] [SMRTK] SMRTK_STREAM before=10000 calls=6 cubes=none expected_cubes=none hub=false res=Coffee row=stock station=2012 stock=0 target=10000 t=20672577 id=1492
[mod] [SMRTK] SMRTK_STREAM before=10000 calls=6 cubes=none expected_cubes=none hub=false res=MachineParts row=stock station=2012 stock=0 target=10000 t=20672577 id=1493
[mod] [SMRTK] SMRTK_STREAM before=10000 calls=6 cubes=none expected_cubes=none hub=false res=Electronics row=stock station=2012 stock=0 target=10000 t=20672577 id=1494
						Lua 0:10:24:426
[mod] [SMRTK] SMRTK_STREAM before=10000 calls=6 cubes=none expected_cubes=none hub=false res=Meat row=stock station=2012 stock=0 target=10000 t=20672577 id=1495
[mod] [SMRTK] SMRTK_STREAM before=10000 calls=6 cubes=none expected_cubes=none hub=false res=Fuel row=stock station=2012 stock=0 target=10000 t=20672577 id=1496
[mod] [SMRTK] SMRTK_STREAM before=10000 calls=6 cubes=none expected_cubes=none hub=false res=Seeds row=stock station=2012 stock=0 target=10000 t=20672577 id=1497
[mod] [SMRTK] SMRTK_STREAM before=10000 calls=6 cubes=none expected_cubes=none hub=false res=WasteRock row=stock station=2012 stock=0 target=10000 t=20672577 id=1498
[mod] [SMRTK] SMRTK_STREAM before=10000 calls=8 cubes=none expected_cubes=none hub=false res=Herbs row=stock station=6243 stock=0 target=10000 t=20672577 id=1499
[mod] [SMRTK] SMRTK_STREAM before=10000 calls=8 cubes=none expected_cubes=none hub=false res=Metals row=stock station=6243 stock=0 target=10000 t=20672577 id=1500
[mod] [SMRTK] SMRTK_STREAM before=5000 calls=8 cubes=none expected_cubes=none hub=false res=Concrete row=stock station=6243 stock=0 target=10000 t=20672577 id=1501
						Lua 0:10:24:427
[mod] [SMRTK] SMRTK_STREAM before=10000 calls=3 cubes=none expected_cubes=none hub=false res=Herbs row=stock station=6827 stock=0 target=10000 t=20672577 id=1502
[mod] [SMRTK] SMRTK_STREAM before=10000 calls=3 cubes=none expected_cubes=none hub=false res=Metals row=stock station=6827 stock=0 target=10000 t=20672577 id=1503
[mod] [SMRTK] SMRTK_STREAM before=10000 calls=3 cubes=none expected_cubes=none hub=false res=Concrete row=stock station=6827 stock=0 target=10000 t=20672577 id=1504
[mod] [SMRTK] SMRTK_STREAM before=10000 calls=3 cubes=none expected_cubes=none hub=false res=Spices row=stock station=6827 stock=0 target=10000 t=20672577 id=1505
						Lua 0:10:24:428
[mod] [SMRTK] SMRTK_STREAM before=10000 calls=3 cubes=none expected_cubes=none hub=false res=Food row=stock station=6827 stock=0 target=10000 t=20672577 id=1506
[mod] [SMRTK] SMRTK_STREAM before=10000 calls=3 cubes=none expected_cubes=none hub=false res=Sugar row=stock station=6827 stock=0 target=10000 t=20672577 id=1507
[mod] [SMRTK] SMRTK_STREAM before=10000 calls=3 cubes=none expected_cubes=none hub=false res=Butter row=stock station=6827 stock=0 target=10000 t=20672577 id=1508
[mod] [SMRTK] SMRTK_STREAM before=10000 calls=3 cubes=none expected_cubes=none hub=false res=PreciousMetals row=stock station=6827 stock=0 target=10000 t=20672577 id=1509
[mod] [SMRTK] SMRTK_STREAM before=10000 calls=3 cubes=none expected_cubes=none hub=false res=Bread row=stock station=6827 stock=0 target=10000 t=20672577 id=1510
[mod] [SMRTK] SMRTK_STREAM before=10000 calls=3 cubes=none expected_cubes=none hub=false res=PreciousMinerals row=stock station=6827 stock=0 target=10000 t=20672577 id=1511
[mod] [SMRTK] SMRTK_STREAM before=10000 calls=3 cubes=none expected_cubes=none hub=false res=Cheese row=stock station=6827 stock=0 target=10000 t=20672577 id=1512
[mod] [SMRTK] SMRTK_STREAM before=10000 calls=3 cubes=none expected_cubes=none hub=false res=Polymers row=stock station=6827 stock=0 target=10000 t=20672577 id=1513
[mod] [SMRTK] SMRTK_STREAM before=10000 calls=3 cubes=none expected_cubes=none hub=false res=Coffee row=stock station=6827 stock=0 target=10000 t=20672577 id=1514
[mod] [SMRTK] SMRTK_STREAM before=10000 calls=3 cubes=none expected_cubes=none hub=false res=MachineParts row=stock station=6827 stock=0 target=10000 t=20672577 id=1515
[mod] [SMRTK] SMRTK_STREAM before=10000 calls=3 cubes=none expected_cubes=none hub=false res=Electronics row=stock station=6827 stock=0 target=10000 t=20672577 id=1516
[mod] [SMRTK] SMRTK_STREAM before=10000 calls=3 cubes=none expected_cubes=none hub=false res=Meat row=stock station=6827 stock=0 target=10000 t=20672577 id=1517
[mod] [SMRTK] SMRTK_STREAM before=10000 calls=3 cubes=none expected_cubes=none hub=false res=Fuel row=stock station=6827 stock=0 target=10000 t=20672577 id=1518
[mod] [SMRTK] SMRTK_STREAM before=10000 calls=3 cubes=none expected_cubes=none hub=false res=Seeds row=stock station=6827 stock=0 target=10000 t=20672577 id=1519
[mod] [SMRTK] SMRTK_STREAM before=10000 calls=3 cubes=none expected_cubes=none hub=false res=WasteRock row=stock station=6827 stock=0 target=10000 t=20672577 id=1520
[mod] [SMRTK] SMRTK_STREAM before=10000 calls=8 cubes=none expected_cubes=none hub=false res=Herbs row=stock station=6883 stock=0 target=10000 t=20672577 id=1521
[mod] [SMRTK] SMRTK_STREAM before=10000 calls=8 cubes=none expected_cubes=none hub=false res=Metals row=stock station=6883 stock=0 target=10000 t=20672577 id=1522
[mod] [SMRTK] SMRTK_STREAM before=10000 calls=8 cubes=none expected_cubes=none hub=false res=Concrete row=stock station=6883 stock=0 target=10000 t=20672577 id=1523
[mod] [SMRTK] SMRTK_STREAM before=10000 calls=8 cubes=none expected_cubes=none hub=false res=Spices row=stock station=6883 stock=0 target=10000 t=20672577 id=1524
[mod] [SMRTK] SMRTK_STREAM before=10000 calls=8 cubes=none expected_cubes=none hub=false res=Food row=stock station=6883 stock=0 target=10000 t=20672577 id=1525
[mod] [SMRTK] SMRTK_STREAM before=10000 calls=8 cubes=none expected_cubes=none hub=false res=Sugar row=stock station=6883 stock=0 target=10000 t=20672577 id=1526
[mod] [SMRTK] SMRTK_STREAM before=10000 calls=8 cubes=none expected_cubes=none hub=false res=Butter row=stock station=6883 stock=0 target=10000 t=20672577 id=1527
[mod] [SMRTK] SMRTK_STREAM before=10000 calls=8 cubes=none expected_cubes=none hub=false res=PreciousMetals row=stock station=6883 stock=0 target=10000 t=20672577 id=1528
[mod] [SMRTK] SMRTK_STREAM before=10000 calls=8 cubes=none expected_cubes=none hub=false res=Bread row=stock station=6883 stock=0 target=10000 t=20672577 id=1529
[mod] [SMRTK] SMRTK_STREAM before=10000 calls=8 cubes=none expected_cubes=none hub=false res=PreciousMinerals row=stock station=6883 stock=0 target=10000 t=20672577 id=1530
[mod] [SMRTK] SMRTK_STREAM before=10000 calls=8 cubes=none expected_cubes=none hub=false res=Cheese row=stock station=6883 stock=0 target=10000 t=20672577 id=1531
[mod] [SMRTK] SMRTK_STREAM before=10000 calls=8 cubes=none expected_cubes=none hub=false res=Polymers row=stock station=6883 stock=0 target=10000 t=20672577 id=1532
[mod] [SMRTK] SMRTK_STREAM before=10000 calls=8 cubes=none expected_cubes=none hub=false res=Coffee row=stock station=6883 stock=0 target=10000 t=20672577 id=1533
						Lua 0:10:24:429
[mod] [SMRTK] SMRTK_STREAM before=10000 calls=8 cubes=none expected_cubes=none hub=false res=MachineParts row=stock station=6883 stock=0 target=10000 t=20672577 id=1534
[mod] [SMRTK] SMRTK_STREAM before=10000 calls=8 cubes=none expected_cubes=none hub=false res=Electronics row=stock station=6883 stock=0 target=10000 t=20672577 id=1535
[mod] [SMRTK] SMRTK_STREAM before=10000 calls=8 cubes=none expected_cubes=none hub=false res=Meat row=stock station=6883 stock=0 target=10000 t=20672577 id=1536
[mod] [SMRTK] SMRTK_STREAM before=10000 calls=8 cubes=none expected_cubes=none hub=false res=Fuel row=stock station=6883 stock=0 target=10000 t=20672577 id=1537
[mod] [SMRTK] SMRTK_STREAM before=10000 calls=8 cubes=none expected_cubes=none hub=false res=Seeds row=stock station=6883 stock=0 target=10000 t=20672577 id=1538
[mod] [SMRTK] SMRTK_STREAM before=10000 calls=8 cubes=none expected_cubes=none hub=false res=WasteRock row=stock station=6883 stock=0 target=10000 t=20672577 id=1539
[mod] [SMRTK] SMRTK_STREAM before=10000 calls=19 cubes=none expected_cubes=none hub=false res=Herbs row=stock station=6951 stock=0 target=10000 t=20672577 id=1540
[mod] [SMRTK] SMRTK_STREAM before=10000 calls=19 cubes=none expected_cubes=none hub=false res=Metals row=stock station=6951 stock=0 target=10000 t=20672577 id=1541
[mod] [SMRTK] SMRTK_STREAM before=10000 calls=19 cubes=none expected_cubes=none hub=false res=Concrete row=stock station=6951 stock=0 target=10000 t=20672577 id=1542
[mod] [SMRTK] SMRTK_STREAM before=10000 calls=19 cubes=none expected_cubes=none hub=false res=Spices row=stock station=6951 stock=0 target=10000 t=20672577 id=1543
[mod] [SMRTK] SMRTK_STREAM before=10000 calls=19 cubes=none expected_cubes=none hub=false res=Food row=stock station=6951 stock=0 target=10000 t=20672577 id=1544
[mod] [SMRTK] SMRTK_STREAM before=10000 calls=19 cubes=none expected_cubes=none hub=false res=Sugar row=stock station=6951 stock=0 target=10000 t=20672577 id=1545
[mod] [SMRTK] SMRTK_STREAM before=10000 calls=19 cubes=none expected_cubes=none hub=false res=Butter row=stock station=6951 stock=0 target=10000 t=20672577 id=1546
[mod] [SMRTK] SMRTK_STREAM before=10000 calls=19 cubes=none expected_cubes=none hub=false res=PreciousMetals row=stock station=6951 stock=0 target=10000 t=20672577 id=1547
[mod] [SMRTK] SMRTK_STREAM before=10000 calls=19 cubes=none expected_cubes=none hub=false res=Bread row=stock station=6951 stock=0 target=10000 t=20672577 id=1548
[mod] [SMRTK] SMRTK_STREAM before=10000 calls=19 cubes=none expected_cubes=none hub=false res=PreciousMinerals row=stock station=6951 stock=0 target=10000 t=20672577 id=1549
[mod] [SMRTK] SMRTK_STREAM before=10000 calls=19 cubes=none expected_cubes=none hub=false res=Cheese row=stock station=6951 stock=0 target=10000 t=20672577 id=1550
[mod] [SMRTK] SMRTK_STREAM before=10000 calls=19 cubes=none expected_cubes=none hub=false res=Polymers row=stock station=6951 stock=0 target=10000 t=20672577 id=1551
[mod] [SMRTK] SMRTK_STREAM before=10000 calls=19 cubes=none expected_cubes=none hub=false res=Coffee row=stock station=6951 stock=0 target=10000 t=20672577 id=1552
[mod] [SMRTK] SMRTK_STREAM before=10000 calls=19 cubes=none expected_cubes=none hub=false res=MachineParts row=stock station=6951 stock=0 target=10000 t=20672577 id=1553
[mod] [SMRTK] SMRTK_STREAM before=10000 calls=19 cubes=none expected_cubes=none hub=false res=Electronics row=stock station=6951 stock=0 target=10000 t=20672577 id=1554
[mod] [SMRTK] SMRTK_STREAM before=10000 calls=19 cubes=none expected_cubes=none hub=false res=Meat row=stock station=6951 stock=0 target=10000 t=20672577 id=1555
[mod] [SMRTK] SMRTK_STREAM before=10000 calls=19 cubes=none expected_cubes=none hub=false res=Fuel row=stock station=6951 stock=0 target=10000 t=20672577 id=1556
[mod] [SMRTK] SMRTK_STREAM before=10000 calls=19 cubes=none expected_cubes=none hub=false res=Seeds row=stock station=6951 stock=0 target=10000 t=20672577 id=1557
[mod] [SMRTK] SMRTK_STREAM before=10000 calls=19 cubes=none expected_cubes=none hub=false res=WasteRock row=stock station=6951 stock=0 target=10000 t=20672577 id=1558
[mod] [SMRTK] SMRTK_STREAM before=10000 calls=12 cubes=none expected_cubes=none hub=false res=Herbs row=stock station=7411 stock=0 target=10000 t=20672577 id=1559
[mod] [SMRTK] SMRTK_STREAM before=10000 calls=12 cubes=none expected_cubes=none hub=false res=Metals row=stock station=7411 stock=0 target=10000 t=20672577 id=1560
[mod] [SMRTK] SMRTK_STREAM before=10000 calls=12 cubes=none expected_cubes=none hub=false res=Concrete row=stock station=7411 stock=0 target=10000 t=20672577 id=1561
[mod] [SMRTK] SMRTK_STREAM before=10000 calls=12 cubes=none expected_cubes=none hub=false res=Spices row=stock station=7411 stock=0 target=10000 t=20672577 id=1562
						Lua 0:10:24:430
[mod] [SMRTK] SMRTK_STREAM before=10000 calls=12 cubes=none expected_cubes=none hub=false res=Food row=stock station=7411 stock=0 target=10000 t=20672577 id=1563
[mod] [SMRTK] SMRTK_STREAM before=10000 calls=12 cubes=none expected_cubes=none hub=false res=Sugar row=stock station=7411 stock=0 target=10000 t=20672577 id=1564
[mod] [SMRTK] SMRTK_STREAM before=10000 calls=12 cubes=none expected_cubes=none hub=false res=Butter row=stock station=7411 stock=0 target=10000 t=20672577 id=1565
[mod] [SMRTK] SMRTK_STREAM before=10000 calls=12 cubes=none expected_cubes=none hub=false res=PreciousMetals row=stock station=7411 stock=0 target=10000 t=20672577 id=1566
[mod] [SMRTK] SMRTK_STREAM before=10000 calls=12 cubes=none expected_cubes=none hub=false res=Bread row=stock station=7411 stock=0 target=10000 t=20672577 id=1567
[mod] [SMRTK] SMRTK_STREAM before=10000 calls=12 cubes=none expected_cubes=none hub=false res=PreciousMinerals row=stock station=7411 stock=0 target=10000 t=20672577 id=1568
[mod] [SMRTK] SMRTK_STREAM before=10000 calls=12 cubes=none expected_cubes=none hub=false res=Cheese row=stock station=7411 stock=0 target=10000 t=20672577 id=1569
[mod] [SMRTK] SMRTK_STREAM before=10000 calls=12 cubes=none expected_cubes=none hub=false res=Polymers row=stock station=7411 stock=0 target=10000 t=20672577 id=1570
[mod] [SMRTK] SMRTK_STREAM before=10000 calls=12 cubes=none expected_cubes=none hub=false res=Coffee row=stock station=7411 stock=0 target=10000 t=20672577 id=1571
[mod] [SMRTK] SMRTK_STREAM before=10000 calls=12 cubes=none expected_cubes=none hub=false res=MachineParts row=stock station=7411 stock=0 target=10000 t=20672577 id=1572
[mod] [SMRTK] SMRTK_STREAM before=10000 calls=12 cubes=none expected_cubes=none hub=false res=Electronics row=stock station=7411 stock=0 target=10000 t=20672577 id=1573
[mod] [SMRTK] SMRTK_STREAM before=10000 calls=12 cubes=none expected_cubes=none hub=false res=Meat row=stock station=7411 stock=0 target=10000 t=20672577 id=1574
[mod] [SMRTK] SMRTK_STREAM before=10000 calls=12 cubes=none expected_cubes=none hub=false res=Fuel row=stock station=7411 stock=0 target=10000 t=20672577 id=1575
[mod] [SMRTK] SMRTK_STREAM before=10000 calls=12 cubes=none expected_cubes=none hub=false res=Seeds row=stock station=7411 stock=0 target=10000 t=20672577 id=1576
[mod] [SMRTK] SMRTK_STREAM before=10000 calls=12 cubes=none expected_cubes=none hub=false res=WasteRock row=stock station=7411 stock=0 target=10000 t=20672577 id=1577
						Lua 0:10:25:415
[mod] [SMRTK] SMRTK_STREAM assigned=none at_station=true cargo=none command=false line=2011-6430 passengers=0 row=train station=2011 train=2000001850 t=20673577 id=1578
						Lua 0:10:27:412
[mod] [SMRTK] SMRTK_STREAM assigned=6243:Bread:10000,6243:Butter:10000,6243:Cheese:10000,6243:Coffee:10000,6243:Food:10000,6243:MachineParts:5000,6243:Polymers:10000,6243:PreciousMetals:10000,6243:PreciousMinerals:10000,6243:Spices:10000,6243:Sugar:10000 at_station=false cargo=Bread:10000,Butter:10000,Cheese:10000,Coffee:10000,Food:10000,MachineParts:5000,Polymers:10000,PreciousMetals:10000,PreciousMinerals:10000,Spices:10000,Sugar:10000 command=GotoStation line=2012-6430 passengers=0 row=train station=6430 train=2000001849 t=20675577 id=1579
						Lua 0:10:28:412
[mod] [SMRTK] SMRTK_STREAM assigned=none at_station=true cargo=none command=false line=2011-2009 passengers=0 row=train station=2009 train=2000001847 t=20676577 id=1580
						Lua 0:10:28:413
[mod] [SMRTK] SMRTK_STREAM assigned=none at_station=true cargo=none command=false line=6883-6495 passengers=0 row=train station=6883 train=2000002387 t=20676577 id=1581
[mod] [SMRTK] SMRTK_STREAM assigned=none at_station=true cargo=none command=false line=7411-6495 passengers=0 row=train station=6495 train=2000002388 t=20676577 id=1582
[mod] [SMRTK] SMRTK_STREAM assigned=none at_station=true cargo=none command=false line=6495-6827 passengers=0 row=train station=6827 train=2000002389 t=20676577 id=1583
[mod] [SMRTK] SMRTK_STREAM assigned=none at_station=true cargo=none command=false line=6951-6495 passengers=0 row=train station=6951 train=2000002390 t=20676577 id=1584
[mod] [SMRTK] SMRTK_STREAM assigned=none at_station=true cargo=none command=false line=7411-6495 passengers=0 row=train station=7411 train=2000002391 t=20676577 id=1585
[mod] [SMRTK] SMRTK_STREAM assigned=none at_station=true cargo=none command=false line=6951-6883 passengers=0 row=train station=6951 train=2000002392 t=20676577 id=1586
						Lua 0:10:30:067
[mod] [SMRTK] SMRTK_SECTION action=section_attach attached=true dialog=ipBuilding object=SMROptInTrainHub6(6495) status=OK t=20678215 id=1587
						Lua 0:10:30:416
[mod] [SMRTK] SMRTK_STREAM assigned=none at_station=true cargo=none command=LoadTrain line=2011-2009 passengers=0 row=train station=2011 train=2000001851 t=20678577 id=1588
						Lua 0:10:33:413
[mod] [SMRTK] SMRTK_STREAM assigned=none at_station=true cargo=none command=UnloadTrain line=6243-2012 passengers=0 row=train station=2012 train=2000001848 t=20681577 id=1589
						Lua 0:10:36:413
[mod] [SMRTK] SMRTK_STREAM assigned=none at_station=true cargo=none command=UnloadTrain line=2009-6430 passengers=0 row=train station=6430 train=2000001652 t=20684577 id=1590
[mod] [SMRTK] SMRTK_STREAM assigned=none at_station=false cargo=none command=GotoStation line=2011-6430 passengers=0 row=train station=2011 train=2000001851 t=20684577 id=1591
						Lua 0:10:38:783
[mod] [SMRTK] SMRTK_SECTION action=section_attach attached=true dialog=ipBuilding object=StationSmall(6951) status=OK t=20686928 id=1592
						Lua 0:10:39:412
[mod] [SMRTK] SMRTK_STREAM assigned=none at_station=true cargo=none command=LoadTrain line=6243-2012 passengers=0 row=train station=2012 train=2000001848 t=20687577 id=1593
						Lua 0:10:40:413
[mod] [SMRTK] SMRTK_STREAM assigned=none at_station=true cargo=none command=UnloadTrain line=6430-2007 passengers=0 row=train station=6430 train=2000001846 t=20688577 id=1594
						Lua 0:10:42:413
[mod] [SMRTK] SMRTK_STREAM assigned=1994:Bread:10000,1994:Butter:10000,1994:Cheese:5000,1994:Concrete:10000,1994:Food:10000,1994:Herbs:10000,1994:Metals:10000,1994:PreciousMetals:10000,1994:PreciousMinerals:10000,1994:Spices:10000,1994:Sugar:10000 at_station=true cargo=Bread:10000,Butter:10000,Cheese:5000,Concrete:10000,Food:10000,Herbs:10000,Metals:10000,PreciousMetals:10000,PreciousMinerals:10000,Spices:10000,Sugar:10000 command=LoadTrain line=2009-6430 passengers=0 row=train station=6430 train=2000001652 t=20690577 id=1595
[mod] [SMRTK] SMRTK_STREAM before=94000 calls=22 cubes=84 expected_cubes=84 hub=true res=Herbs row=stock station=6430 stock=84000 target=none t=20690577 id=1596
[mod] [SMRTK] SMRTK_STREAM before=169500 calls=22 cubes=159 expected_cubes=159 hub=true res=Metals row=stock station=6430 stock=159500 target=none t=20690577 id=1597
						Lua 0:10:42:414
[mod] [SMRTK] SMRTK_STREAM before=85000 calls=22 cubes=75 expected_cubes=75 hub=true res=Concrete row=stock station=6430 stock=75000 target=none t=20690577 id=1598
[mod] [SMRTK] SMRTK_STREAM before=93000 calls=22 cubes=83 expected_cubes=83 hub=true res=Spices row=stock station=6430 stock=83000 target=none t=20690577 id=1599
[mod] [SMRTK] SMRTK_STREAM before=92000 calls=22 cubes=82 expected_cubes=82 hub=true res=Food row=stock station=6430 stock=82000 target=none t=20690577 id=1600
[mod] [SMRTK] SMRTK_STREAM before=93000 calls=22 cubes=83 expected_cubes=83 hub=true res=Sugar row=stock station=6430 stock=83000 target=none t=20690577 id=1601
[mod] [SMRTK] SMRTK_STREAM before=93000 calls=22 cubes=83 expected_cubes=83 hub=true res=Butter row=stock station=6430 stock=83000 target=none t=20690577 id=1602
[mod] [SMRTK] SMRTK_STREAM before=100000 calls=22 cubes=90 expected_cubes=90 hub=true res=PreciousMetals row=stock station=6430 stock=90000 target=none t=20690577 id=1603
[mod] [SMRTK] SMRTK_STREAM before=93000 calls=22 cubes=83 expected_cubes=83 hub=true res=Bread row=stock station=6430 stock=83000 target=none t=20690577 id=1604
[mod] [SMRTK] SMRTK_STREAM before=100000 calls=22 cubes=90 expected_cubes=90 hub=true res=PreciousMinerals row=stock station=6430 stock=90000 target=none t=20690577 id=1605
[mod] [SMRTK] SMRTK_STREAM before=118000 calls=22 cubes=113 expected_cubes=113 hub=true res=Cheese row=stock station=6430 stock=113000 target=none t=20690577 id=1606
						Lua 0:10:44:414
[mod] [SMRTK] SMRTK_STREAM assigned=none at_station=true cargo=none command=UnloadTrain line=2012-6430 passengers=0 row=train station=6430 train=2000001844 t=20692577 id=1607
						Lua 0:10:45:414
[mod] [SMRTK] SMRTK_STREAM assigned=none at_station=false cargo=none command=GotoStation line=2012-6430 passengers=0 row=train station=2012 train=2000001848 t=20693577 id=1608
						Lua 0:10:45:831
[mod] [SMRTK] SMRTK_SECTION action=section_attach attached=true dialog=ipTrain object=Train(2000002390) status=OK t=20693987 id=1609
						Lua 0:10:46:416
[mod] [SMRTK] SMRTK_STREAM assigned=2011:Bread:10000,2011:Butter:10000,2011:Cheese:5000,2011:Concrete:10000,2011:Food:10000,2011:Herbs:10000,2011:Metals:10000,2011:PreciousMetals:10000,2011:PreciousMinerals:10000,2011:Spices:10000,2011:Sugar:10000 at_station=true cargo=Bread:10000,Butter:10000,Cheese:5000,Concrete:10000,Food:10000,Herbs:10000,Metals:10000,PreciousMetals:10000,PreciousMinerals:10000,Spices:10000,Sugar:10000 command=LoadTrain line=6430-2007 passengers=0 row=train station=6430 train=2000001846 t=20694577 id=1610
[mod] [SMRTK] SMRTK_STREAM before=84000 calls=23 cubes=74 expected_cubes=74 hub=true res=Herbs row=stock station=6430 stock=74000 target=none t=20694577 id=1611
						Lua 0:10:46:417
[mod] [SMRTK] SMRTK_STREAM before=159500 calls=23 cubes=149 expected_cubes=149 hub=true res=Metals row=stock station=6430 stock=149500 target=none t=20694577 id=1612
[mod] [SMRTK] SMRTK_STREAM before=75000 calls=23 cubes=65 expected_cubes=65 hub=true res=Concrete row=stock station=6430 stock=65000 target=none t=20694577 id=1613
[mod] [SMRTK] SMRTK_STREAM before=83000 calls=23 cubes=73 expected_cubes=73 hub=true res=Spices row=stock station=6430 stock=73000 target=none t=20694577 id=1614
[mod] [SMRTK] SMRTK_STREAM before=82000 calls=23 cubes=72 expected_cubes=72 hub=true res=Food row=stock station=6430 stock=72000 target=none t=20694577 id=1615
[mod] [SMRTK] SMRTK_STREAM before=83000 calls=23 cubes=73 expected_cubes=73 hub=true res=Sugar row=stock station=6430 stock=73000 target=none t=20694577 id=1616
[mod] [SMRTK] SMRTK_STREAM before=83000 calls=23 cubes=73 expected_cubes=73 hub=true res=Butter row=stock station=6430 stock=73000 target=none t=20694577 id=1617
[mod] [SMRTK] SMRTK_STREAM before=90000 calls=23 cubes=80 expected_cubes=80 hub=true res=PreciousMetals row=stock station=6430 stock=80000 target=none t=20694577 id=1618
[mod] [SMRTK] SMRTK_STREAM before=83000 calls=23 cubes=73 expected_cubes=73 hub=true res=Bread row=stock station=6430 stock=73000 target=none t=20694577 id=1619
[mod] [SMRTK] SMRTK_STREAM before=90000 calls=23 cubes=80 expected_cubes=80 hub=true res=PreciousMinerals row=stock station=6430 stock=80000 target=none t=20694577 id=1620
[mod] [SMRTK] SMRTK_STREAM before=113000 calls=23 cubes=108 expected_cubes=108 hub=true res=Cheese row=stock station=6430 stock=108000 target=none t=20694577 id=1621
						Lua 0:10:47:404
[mod] [SMRTK] SMRTK_SECTION action=section_attach attached=true dialog=ipBuilding object=StationSmall(6951) status=OK t=20695553 id=1622
						Lua 0:10:48:422
[mod] [SMRTK] SMRTK_STREAM assigned=1994:Bread:10000,1994:Butter:10000,1994:Cheese:5000,1994:Concrete:10000,1994:Food:10000,1994:Herbs:10000,1994:Metals:10000,1994:PreciousMetals:10000,1994:PreciousMinerals:10000,1994:Spices:10000,1994:Sugar:10000 at_station=false cargo=Bread:10000,Butter:10000,Cheese:5000,Concrete:10000,Food:10000,Herbs:10000,Metals:10000,PreciousMetals:10000,PreciousMinerals:10000,Spices:10000,Sugar:10000 command=GotoStation line=6430-1994 passengers=0 row=train station=6430 train=2000001652 t=20696577 id=1623
						Lua 0:10:50:412
[mod] [SMRTK] SMRTK_STREAM assigned=2008:Bread:10000,2008:Butter:10000,2008:Cheese:5000,2008:Concrete:10000,2008:Food:10000,2008:Herbs:10000,2008:Metals:10000,2008:PreciousMetals:10000,2008:PreciousMinerals:10000,2008:Spices:10000,2008:Sugar:10000 at_station=true cargo=Bread:10000,Butter:10000,Cheese:5000,Concrete:10000,Food:10000,Herbs:10000,Metals:10000,PreciousMetals:10000,PreciousMinerals:10000,Spices:10000,Sugar:10000 command=LoadTrain line=2012-6430 passengers=0 row=train station=6430 train=2000001844 t=20698577 id=1624
[mod] [SMRTK] SMRTK_STREAM before=74000 calls=24 cubes=64 expected_cubes=64 hub=true res=Herbs row=stock station=6430 stock=64000 target=none t=20698577 id=1625
[mod] [SMRTK] SMRTK_STREAM before=149500 calls=24 cubes=139 expected_cubes=139 hub=true res=Metals row=stock station=6430 stock=139500 target=none t=20698577 id=1626
						Lua 0:10:50:413
[mod] [SMRTK] SMRTK_STREAM before=65000 calls=24 cubes=55 expected_cubes=55 hub=true res=Concrete row=stock station=6430 stock=55000 target=none t=20698577 id=1627
[mod] [SMRTK] SMRTK_STREAM before=73000 calls=24 cubes=63 expected_cubes=63 hub=true res=Spices row=stock station=6430 stock=63000 target=none t=20698577 id=1628
[mod] [SMRTK] SMRTK_STREAM before=72000 calls=24 cubes=62 expected_cubes=62 hub=true res=Food row=stock station=6430 stock=62000 target=none t=20698577 id=1629
[mod] [SMRTK] SMRTK_STREAM before=73000 calls=24 cubes=63 expected_cubes=63 hub=true res=Sugar row=stock station=6430 stock=63000 target=none t=20698577 id=1630
[mod] [SMRTK] SMRTK_STREAM before=73000 calls=24 cubes=63 expected_cubes=63 hub=true res=Butter row=stock station=6430 stock=63000 target=none t=20698577 id=1631
[mod] [SMRTK] SMRTK_STREAM before=80000 calls=24 cubes=70 expected_cubes=70 hub=true res=PreciousMetals row=stock station=6430 stock=70000 target=none t=20698577 id=1632
[mod] [SMRTK] SMRTK_STREAM before=73000 calls=24 cubes=63 expected_cubes=63 hub=true res=Bread row=stock station=6430 stock=63000 target=none t=20698577 id=1633
[mod] [SMRTK] SMRTK_STREAM before=80000 calls=24 cubes=70 expected_cubes=70 hub=true res=PreciousMinerals row=stock station=6430 stock=70000 target=none t=20698577 id=1634
[mod] [SMRTK] SMRTK_STREAM before=108000 calls=24 cubes=103 expected_cubes=103 hub=true res=Cheese row=stock station=6430 stock=103000 target=none t=20698577 id=1635
						Lua 0:10:51:097
[mod] [SMRTK] SMRTK_SECTION action=section_attach attached=true dialog=ipBuilding object=SMROptInTrainHub6(6495) status=OK t=20699243 id=1636
						Lua 0:10:52:415
[mod] [SMRTK] SMRTK_STREAM assigned=1994:Bread:10000,1994:Butter:10000,1994:Cheese:5000,1994:Concrete:10000,1994:Food:10000,1994:Herbs:10000,1994:Metals:10000,1994:PreciousMetals:10000,1994:PreciousMinerals:10000,1994:Spices:10000,1994:Sugar:10000 at_station=false cargo=Bread:10000,Butter:9000,Cheese:5000,Concrete:10000,Food:9000,Herbs:9000,Metals:10000,PreciousMetals:10000,PreciousMinerals:10000,Spices:10000,Sugar:10000 command=GotoStation line=6430-1994 passengers=0 row=train station=6430 train=2000001652 t=20700577 id=1637
[mod] [SMRTK] SMRTK_STREAM assigned=2008:Bread:10000,2008:Butter:10000,2008:Cheese:5000,2008:Concrete:10000,2008:Food:10000,2008:Herbs:10000,2008:Metals:10000,2008:PreciousMetals:10000,2008:PreciousMinerals:10000,2008:Spices:10000,2008:Sugar:10000 at_station=true cargo=Bread:10000,Butter:10000,Cheese:5000,Concrete:10000,Food:10000,Herbs:9000,Metals:10000,PreciousMetals:10000,PreciousMinerals:10000,Spices:9000,Sugar:9000 command=LoadTrain line=2012-6430 passengers=0 row=train station=6430 train=2000001844 t=20700577 id=1638
[mod] [SMRTK] SMRTK_STREAM assigned=2011:Bread:10000,2011:Butter:10000,2011:Cheese:5000,2011:Concrete:10000,2011:Food:10000,2011:Herbs:10000,2011:Metals:10000,2011:PreciousMetals:10000,2011:PreciousMinerals:10000,2011:Spices:10000,2011:Sugar:10000 at_station=true cargo=Bread:10000,Butter:10000,Cheese:5000,Concrete:10000,Food:10000,Herbs:10000,Metals:10000,PreciousMetals:10000,PreciousMinerals:10000,Spices:9000,Sugar:10000 command=GotoStation line=2011-6430 passengers=0 row=train station=6430 train=2000001846 t=20700577 id=1639
[mod] [SMRTK] SMRTK_STREAM assigned=none at_station=true cargo=none command=LoadTrain line=2011-2009 passengers=0 row=train station=2009 train=2000001847 t=20700577 id=1640
						Lua 0:10:52:416
[mod] [SMRTK] SMRTK_STREAM assigned=6243:Bread:10000,6243:Butter:10000,6243:Cheese:10000,6243:Coffee:10000,6243:Food:10000,6243:MachineParts:5000,6243:Polymers:10000,6243:PreciousMetals:10000,6243:PreciousMinerals:10000,6243:Spices:10000,6243:Sugar:10000 at_station=false cargo=Bread:9000,Butter:10000,Cheese:9000,Coffee:9000,Food:9000,MachineParts:5000,Polymers:10000,PreciousMetals:10000,PreciousMinerals:10000,Spices:9000,Sugar:10000 command=GotoStation line=2012-6430 passengers=0 row=train station=6430 train=2000001849 t=20700577 id=1641
[mod] [SMRTK] SMRTK_STREAM assigned=none at_station=true cargo=none command=LoadTrain line=2011-6430 passengers=0 row=train station=2011 train=2000001850 t=20700577 id=1642
[mod] [SMRTK] SMRTK_STREAM assigned=none at_station=true cargo=none command=LoadTrain line=6883-6495 passengers=0 row=train station=6883 train=2000002387 t=20700577 id=1643
[mod] [SMRTK] SMRTK_STREAM assigned=7411:Bread:10000,7411:Butter:10000,7411:Cheese:5000,7411:Concrete:10000,7411:Food:10000,7411:Herbs:10000,7411:Metals:10000,7411:PreciousMetals:10000,7411:PreciousMinerals:10000,7411:Spices:10000,7411:Sugar:10000 at_station=true cargo=Bread:10000,Butter:10000,Cheese:5000,Concrete:10000,Food:10000,Herbs:10000,Metals:10000,PreciousMetals:10000,PreciousMinerals:10000,Spices:10000,Sugar:10000 command=LoadTrain line=7411-6495 passengers=0 row=train station=6495 train=2000002388 t=20700577 id=1644
[mod] [SMRTK] SMRTK_STREAM assigned=none at_station=true cargo=none command=LoadTrain line=6495-6827 passengers=0 row=train station=6827 train=2000002389 t=20700577 id=1645
[mod] [SMRTK] SMRTK_STREAM assigned=none at_station=true cargo=none command=LoadTrain line=6951-6495 passengers=0 row=train station=6951 train=2000002390 t=20700577 id=1646
[mod] [SMRTK] SMRTK_STREAM assigned=none at_station=true cargo=none command=LoadTrain line=7411-6495 passengers=0 row=train station=7411 train=2000002391 t=20700577 id=1647
[mod] [SMRTK] SMRTK_STREAM assigned=none at_station=true cargo=none command=LoadTrain line=6951-6883 passengers=0 row=train station=6951 train=2000002392 t=20700577 id=1648
						Lua 0:10:52:417
[mod] [SMRTK] SMRTK_STREAM before=440000 calls=46 cubes=171 expected_cubes=171 hub=true res=Herbs row=stock station=6495 stock=430000 target=none t=20700577 id=1649
[mod] [SMRTK] SMRTK_STREAM before=440000 calls=46 cubes=171 expected_cubes=171 hub=true res=Metals row=stock station=6495 stock=430000 target=none t=20700577 id=1650
[mod] [SMRTK] SMRTK_STREAM before=440000 calls=46 cubes=171 expected_cubes=171 hub=true res=Concrete row=stock station=6495 stock=430000 target=none t=20700577 id=1651
[mod] [SMRTK] SMRTK_STREAM before=440000 calls=46 cubes=171 expected_cubes=171 hub=true res=Spices row=stock station=6495 stock=430000 target=none t=20700577 id=1652
[mod] [SMRTK] SMRTK_STREAM before=440000 calls=46 cubes=171 expected_cubes=171 hub=true res=Food row=stock station=6495 stock=430000 target=none t=20700577 id=1653
[mod] [SMRTK] SMRTK_STREAM before=440000 calls=46 cubes=171 expected_cubes=171 hub=true res=Sugar row=stock station=6495 stock=430000 target=none t=20700577 id=1654
[mod] [SMRTK] SMRTK_STREAM before=440000 calls=46 cubes=171 expected_cubes=171 hub=true res=Butter row=stock station=6495 stock=430000 target=none t=20700577 id=1655
[mod] [SMRTK] SMRTK_STREAM before=440000 calls=46 cubes=171 expected_cubes=171 hub=true res=PreciousMetals row=stock station=6495 stock=430000 target=none t=20700577 id=1656
[mod] [SMRTK] SMRTK_STREAM before=440000 calls=46 cubes=171 expected_cubes=171 hub=true res=Bread row=stock station=6495 stock=430000 target=none t=20700577 id=1657
[mod] [SMRTK] SMRTK_STREAM before=440000 calls=46 cubes=171 expected_cubes=171 hub=true res=PreciousMinerals row=stock station=6495 stock=430000 target=none t=20700577 id=1658
						Lua 0:10:52:418
[mod] [SMRTK] SMRTK_STREAM before=440000 calls=46 cubes=171 expected_cubes=171 hub=true res=Cheese row=stock station=6495 stock=435000 target=none t=20700577 id=1659
						Lua 0:10:53:412
[mod] [SMRTK] SMRTK_STREAM before=64000 calls=24 cubes=62 expected_cubes=62 hub=true res=Herbs row=stock station=6430 stock=62000 target=none t=20701577 id=1660
						Lua 0:10:53:413
[mod] [SMRTK] SMRTK_STREAM before=63000 calls=24 cubes=61 expected_cubes=61 hub=true res=Spices row=stock station=6430 stock=61000 target=none t=20701577 id=1661
[mod] [SMRTK] SMRTK_STREAM before=62000 calls=24 cubes=60 expected_cubes=60 hub=true res=Food row=stock station=6430 stock=60000 target=none t=20701577 id=1662
[mod] [SMRTK] SMRTK_STREAM before=63000 calls=24 cubes=60 expected_cubes=60 hub=true res=Sugar row=stock station=6430 stock=60000 target=none t=20701577 id=1663
[mod] [SMRTK] SMRTK_STREAM before=63000 calls=24 cubes=61 expected_cubes=61 hub=true res=Butter row=stock station=6430 stock=61000 target=none t=20701577 id=1664
[mod] [SMRTK] SMRTK_STREAM before=63000 calls=24 cubes=61 expected_cubes=61 hub=true res=Bread row=stock station=6430 stock=61000 target=none t=20701577 id=1665
[mod] [SMRTK] SMRTK_STREAM before=103000 calls=24 cubes=99 expected_cubes=99 hub=true res=Cheese row=stock station=6430 stock=99000 target=none t=20701577 id=1666
[mod] [SMRTK] SMRTK_STREAM before=133000 calls=24 cubes=127 expected_cubes=127 hub=true res=Coffee row=stock station=6430 stock=127000 target=none t=20701577 id=1667
[mod] [SMRTK] SMRTK_STREAM before=143000 calls=24 cubes=137 expected_cubes=137 hub=true res=Meat row=stock station=6430 stock=137000 target=none t=20701577 id=1668
						Lua 0:10:55:414
[mod] [SMRTK] SMRTK_STREAM before=430000 calls=46 cubes=171 expected_cubes=171 hub=true res=Herbs row=stock station=6495 stock=413000 target=none t=20703577 id=1669
						Lua 0:10:55:415
[mod] [SMRTK] SMRTK_STREAM before=430000 calls=46 cubes=171 expected_cubes=171 hub=true res=Spices row=stock station=6495 stock=413000 target=none t=20703577 id=1670
[mod] [SMRTK] SMRTK_STREAM before=430000 calls=46 cubes=171 expected_cubes=171 hub=true res=Food row=stock station=6495 stock=413000 target=none t=20703577 id=1671
[mod] [SMRTK] SMRTK_STREAM before=430000 calls=46 cubes=171 expected_cubes=171 hub=true res=Sugar row=stock station=6495 stock=413000 target=none t=20703577 id=1672
[mod] [SMRTK] SMRTK_STREAM before=430000 calls=46 cubes=171 expected_cubes=171 hub=true res=Butter row=stock station=6495 stock=413000 target=none t=20703577 id=1673
[mod] [SMRTK] SMRTK_STREAM before=430000 calls=46 cubes=171 expected_cubes=171 hub=true res=Bread row=stock station=6495 stock=413000 target=none t=20703577 id=1674
[mod] [SMRTK] SMRTK_STREAM before=435000 calls=46 cubes=171 expected_cubes=171 hub=true res=Cheese row=stock station=6495 stock=417000 target=none t=20703577 id=1675
[mod] [SMRTK] SMRTK_STREAM before=440000 calls=46 cubes=171 expected_cubes=171 hub=true res=Coffee row=stock station=6495 stock=423000 target=none t=20703577 id=1676
[mod] [SMRTK] SMRTK_STREAM before=440000 calls=46 cubes=171 expected_cubes=171 hub=true res=Meat row=stock station=6495 stock=422000 target=none t=20703577 id=1677
						Lua 0:10:56:413
[mod] [SMRTK] SMRTK_STREAM assigned=2008:Bread:10000,2008:Butter:10000,2008:Cheese:5000,2008:Concrete:10000,2008:Food:10000,2008:Herbs:10000,2008:Metals:10000,2008:PreciousMetals:10000,2008:PreciousMinerals:10000,2008:Spices:10000,2008:Sugar:10000 at_station=true cargo=Bread:10000,Butter:10000,Cheese:5000,Concrete:10000,Food:10000,Herbs:9000,Metals:10000,PreciousMetals:10000,PreciousMinerals:10000,Spices:9000,Sugar:9000 command=GotoStation line=6430-2008 passengers=0 row=train station=6430 train=2000001844 t=20704577 id=1678
						Lua 0:10:57:412
[mod] [SMRTK] SMRTK_STREAM assigned=none at_station=true cargo=none command=UnloadTrain line=6430-1994 passengers=0 row=train station=6430 train=2000001845 t=20705577 id=1679
[mod] [SMRTK] SMRTK_STREAM assigned=2011:Bread:10000,2011:Butter:10000,2011:Cheese:5000,2011:Concrete:10000,2011:Food:10000,2011:Herbs:10000,2011:Metals:10000,2011:PreciousMetals:10000,2011:PreciousMinerals:10000,2011:Spices:10000,2011:Sugar:10000 at_station=false cargo=Bread:10000,Butter:10000,Cheese:5000,Concrete:10000,Food:10000,Herbs:10000,Metals:10000,PreciousMetals:10000,PreciousMinerals:10000,Spices:9000,Sugar:10000 command=GotoStation line=2011-6430 passengers=0 row=train station=6430 train=2000001846 t=20705577 id=1680
						Lua 0:10:58:413
[mod] [SMRTK] SMRTK_STREAM assigned=none at_station=true cargo=none command=false line=2011-2009 passengers=0 row=train station=2009 train=2000001847 t=20706577 id=1681
[mod] [SMRTK] SMRTK_STREAM assigned=none at_station=true cargo=none command=GotoStation line=2011-6430 passengers=0 row=train station=2011 train=2000001850 t=20706577 id=1682
[mod] [SMRTK] SMRTK_STREAM assigned=none at_station=false cargo=none command=GotoStation line=6951-6883 passengers=0 row=train station=6883 train=2000002387 t=20706577 id=1683
[mod] [SMRTK] SMRTK_STREAM assigned=7411:Bread:10000,7411:Butter:10000,7411:Cheese:5000,7411:Concrete:10000,7411:Food:10000,7411:Herbs:10000,7411:Metals:10000,7411:PreciousMetals:10000,7411:PreciousMinerals:10000,7411:Spices:10000,7411:Sugar:10000 at_station=false cargo=Bread:10000,Butter:10000,Cheese:5000,Concrete:10000,Food:10000,Herbs:10000,Metals:10000,PreciousMetals:10000,PreciousMinerals:10000,Spices:10000,Sugar:10000 command=GotoStation line=7411-6495 passengers=0 row=train station=6495 train=2000002388 t=20706577 id=1684
[mod] [SMRTK] SMRTK_STREAM assigned=none at_station=false cargo=none command=GotoStation line=6495-6827 passengers=0 row=train station=6827 train=2000002389 t=20706577 id=1685
[mod] [SMRTK] SMRTK_STREAM assigned=none at_station=false cargo=none command=GotoStation line=6951-6883 passengers=0 row=train station=6951 train=2000002390 t=20706577 id=1686
[mod] [SMRTK] SMRTK_STREAM assigned=none at_station=false cargo=none command=GotoStation line=7411-6495 passengers=0 row=train station=7411 train=2000002391 t=20706577 id=1687
[mod] [SMRTK] SMRTK_STREAM assigned=none at_station=false cargo=none command=GotoStation line=6951-6495 passengers=0 row=train station=6951 train=2000002392 t=20706577 id=1688
						Lua 0:10:58:414
[mod] [SMRTK] SMRTK_STREAM before=60000 calls=24 cubes=60 expected_cubes=59 hub=true res=Food row=stock station=6430 stock=59000 target=none t=20706577 id=1689
						Lua 0:10:59:413
[mod] [SMRTK] SMRTK_STREAM before=59000 calls=24 cubes=59 expected_cubes=59 hub=true res=Food row=stock station=6430 stock=59000 target=none t=20707577 id=1690
						Lua 0:11:01:412
[mod] [SMRTK] SMRTK_STREAM assigned=2008:Bread:10000,2008:Butter:10000,2008:Cheese:5000,2008:Concrete:10000,2008:Food:10000,2008:Herbs:10000,2008:Metals:10000,2008:PreciousMetals:10000,2008:PreciousMinerals:10000,2008:Spices:10000,2008:Sugar:10000 at_station=false cargo=Bread:10000,Butter:10000,Cheese:5000,Concrete:10000,Food:10000,Herbs:9000,Metals:10000,PreciousMetals:10000,PreciousMinerals:10000,Spices:9000,Sugar:9000 command=GotoStation line=6430-2008 passengers=0 row=train station=6430 train=2000001844 t=20709577 id=1691
						Lua 0:11:03:413
[mod] [SMRTK] SMRTK_STREAM assigned=2009:Bread:10000,2009:Butter:10000,2009:Cheese:5000,2009:Concrete:10000,2009:Food:10000,2009:Herbs:10000,2009:Metals:10000,2009:PreciousMetals:10000,2009:PreciousMinerals:10000,2009:Spices:10000,2009:Sugar:10000 at_station=true cargo=Bread:10000,Butter:10000,Cheese:5000,Concrete:10000,Food:10000,Herbs:10000,Metals:10000,PreciousMetals:10000,PreciousMinerals:10000,Spices:10000,Sugar:10000 command=LoadTrain line=6430-1994 passengers=0 row=train station=6430 train=2000001845 t=20711577 id=1692
[mod] [SMRTK] SMRTK_STREAM assigned=none at_station=true cargo=none command=LoadTrain line=2011-6430 passengers=0 row=train station=2011 train=2000001850 t=20711577 id=1693
[mod] [SMRTK] SMRTK_STREAM before=62000 calls=25 cubes=52 expected_cubes=52 hub=true res=Herbs row=stock station=6430 stock=52000 target=none t=20711577 id=1694
[mod] [SMRTK] SMRTK_STREAM before=139500 calls=25 cubes=129 expected_cubes=129 hub=true res=Metals row=stock station=6430 stock=129500 target=none t=20711577 id=1695
[mod] [SMRTK] SMRTK_STREAM before=55000 calls=25 cubes=45 expected_cubes=45 hub=true res=Concrete row=stock station=6430 stock=45000 target=none t=20711577 id=1696
[mod] [SMRTK] SMRTK_STREAM before=61000 calls=25 cubes=51 expected_cubes=51 hub=true res=Spices row=stock station=6430 stock=51000 target=none t=20711577 id=1697
[mod] [SMRTK] SMRTK_STREAM before=59000 calls=25 cubes=49 expected_cubes=49 hub=true res=Food row=stock station=6430 stock=49000 target=none t=20711577 id=1698
						Lua 0:11:03:414
[mod] [SMRTK] SMRTK_STREAM before=60000 calls=25 cubes=50 expected_cubes=50 hub=true res=Sugar row=stock station=6430 stock=50000 target=none t=20711577 id=1699
[mod] [SMRTK] SMRTK_STREAM before=61000 calls=25 cubes=51 expected_cubes=51 hub=true res=Butter row=stock station=6430 stock=51000 target=none t=20711577 id=1700
[mod] [SMRTK] SMRTK_STREAM before=70000 calls=25 cubes=60 expected_cubes=60 hub=true res=PreciousMetals row=stock station=6430 stock=60000 target=none t=20711577 id=1701
[mod] [SMRTK] SMRTK_STREAM before=61000 calls=25 cubes=51 expected_cubes=51 hub=true res=Bread row=stock station=6430 stock=51000 target=none t=20711577 id=1702
[mod] [SMRTK] SMRTK_STREAM before=70000 calls=25 cubes=60 expected_cubes=60 hub=true res=PreciousMinerals row=stock station=6430 stock=60000 target=none t=20711577 id=1703
[mod] [SMRTK] SMRTK_STREAM before=99000 calls=25 cubes=94 expected_cubes=94 hub=true res=Cheese row=stock station=6430 stock=94000 target=none t=20711577 id=1704
						Lua 0:11:04:677
[mod] [SMRTK] SMRTK_SECTION action=section_attach attached=true dialog=ipTrain object=Train(2000002389) status=OK t=20712833 id=1705
						Lua 0:11:06:412
[mod] [SMRTK] SMRTK_STREAM assigned=6243:Bread:10000,6243:Butter:10000,6243:Cheese:10000,6243:Coffee:10000,6243:Food:10000,6243:MachineParts:5000,6243:Polymers:10000,6243:PreciousMetals:10000,6243:PreciousMinerals:10000,6243:Spices:10000,6243:Sugar:10000 at_station=false cargo=Bread:9000,Butter:10000,Cheese:9000,Coffee:9000,Food:9000,MachineParts:5000,Polymers:10000,PreciousMetals:10000,PreciousMinerals:10000,Spices:9000,Sugar:10000 command=GotoStation line=6243-2012 passengers=0 row=train station=2012 train=2000001849 t=20714577 id=1706
						Lua 0:11:09:412
[mod] [SMRTK] SMRTK_STREAM assigned=2009:Bread:10000,2009:Butter:10000,2009:Cheese:5000,2009:Concrete:10000,2009:Food:10000,2009:Herbs:10000,2009:Metals:10000,2009:PreciousMetals:10000,2009:PreciousMinerals:10000,2009:Spices:10000,2009:Sugar:10000 at_station=false cargo=Bread:10000,Butter:10000,Cheese:5000,Concrete:10000,Food:10000,Herbs:10000,Metals:10000,PreciousMetals:10000,PreciousMinerals:10000,Spices:10000,Sugar:10000 command=GotoStation line=2009-6430 passengers=0 row=train station=6430 train=2000001845 t=20717577 id=1707
[mod] [SMRTK] SMRTK_STREAM assigned=none at_station=false cargo=none command=GotoStation line=2011-2009 passengers=0 row=train station=2011 train=2000001850 t=20717577 id=1708
						Lua 0:11:10:413
[mod] [SMRTK] SMRTK_STREAM assigned=none at_station=true cargo=none command=UnloadTrain line=6951-6883 passengers=0 row=train station=6951 train=2000002387 t=20718577 id=1709
[mod] [SMRTK] SMRTK_STREAM assigned=none at_station=true cargo=none command=UnloadTrain line=6951-6883 passengers=0 row=train station=6883 train=2000002390 t=20718577 id=1710
						Lua 0:11:16:413
[mod] [SMRTK] SMRTK_STREAM assigned=2008:Bread:10000,2008:Butter:10000,2008:Cheese:5000,2008:Concrete:10000,2008:Food:10000,2008:Herbs:10000,2008:Metals:10000,2008:PreciousMetals:10000,2008:PreciousMinerals:10000,2008:Spices:10000,2008:Sugar:10000 at_station=true cargo=Bread:10000,Butter:10000,Cheese:5000,Concrete:10000,Food:10000,Herbs:9000,Metals:10000,PreciousMetals:10000,PreciousMinerals:10000,Spices:9000,Sugar:9000 command=UnloadTrain line=6430-2008 passengers=0 row=train station=2008 train=2000001844 t=20724577 id=1711
[mod] [SMRTK] SMRTK_STREAM assigned=none at_station=true cargo=none command=LoadTrain line=6951-6883 passengers=0 row=train station=6951 train=2000002387 t=20724577 id=1712
[mod] [SMRTK] SMRTK_STREAM assigned=none at_station=true cargo=none command=LoadTrain line=6951-6883 passengers=0 row=train station=6883 train=2000002390 t=20724577 id=1713
						Lua 0:11:16:473
[mod] [SMRTK] SMRTK_SECTION action=section_attach attached=true dialog=ipTrain object=Train(2000002389) status=OK t=20724631 id=1714
						Lua 0:11:18:412
[mod] [SMRTK] SMRTK_STREAM assigned=7411:Bread:10000,7411:Butter:10000,7411:Cheese:5000,7411:Concrete:10000,7411:Food:10000,7411:Herbs:10000,7411:Metals:10000,7411:PreciousMetals:10000,7411:PreciousMinerals:10000,7411:Spices:10000,7411:Sugar:10000 at_station=true cargo=Bread:10000,Butter:10000,Cheese:5000,Concrete:10000,Food:10000,Herbs:10000,Metals:10000,PreciousMetals:10000,PreciousMinerals:10000,Spices:10000,Sugar:10000 command=UnloadTrain line=7411-6495 passengers=0 row=train station=7411 train=2000002388 t=20726577 id=1715
[mod] [SMRTK] SMRTK_STREAM assigned=none at_station=true cargo=none command=UnloadTrain line=6495-6827 passengers=0 row=train station=6495 train=2000002389 t=20726577 id=1716
						Lua 0:11:19:831
[mod] [SMRTK] SMRTK_SECTION action=section_attach attached=true dialog=ipBuilding object=SMROptInTrainHub6(6430) status=OK t=20727981 id=1717
						Lua 0:11:21:413
[mod] [SMRTK] SMRTK_STREAM assigned=6243:Bread:10000,6243:Butter:10000,6243:Cheese:10000,6243:Coffee:10000,6243:Food:10000,6243:MachineParts:5000,6243:Polymers:10000,6243:PreciousMetals:10000,6243:PreciousMinerals:10000,6243:Spices:10000,6243:Sugar:10000 at_station=true cargo=Bread:9000,Butter:10000,Cheese:9000,Coffee:9000,Food:9000,MachineParts:5000,Polymers:10000,PreciousMetals:10000,PreciousMinerals:10000,Spices:9000,Sugar:10000 command=UnloadTrain line=6243-2012 passengers=0 row=train station=6243 train=2000001849 t=20729577 id=1718
[mod] [SMRTK] SMRTK_STREAM assigned=none at_station=true cargo=none command=UnloadTrain line=2011-6430 passengers=0 row=train station=6430 train=2000001851 t=20729577 id=1719
						Lua 0:11:22:413
[mod] [SMRTK] SMRTK_STREAM assigned=1994:Bread:10000,1994:Butter:10000,1994:Cheese:5000,1994:Concrete:10000,1994:Food:10000,1994:Herbs:10000,1994:Metals:10000,1994:PreciousMetals:10000,1994:PreciousMinerals:10000,1994:Spices:10000,1994:Sugar:10000 at_station=true cargo=Bread:10000,Butter:9000,Cheese:5000,Concrete:10000,Food:9000,Herbs:9000,Metals:10000,PreciousMetals:10000,PreciousMinerals:10000,Spices:10000,Sugar:10000 command=UnloadTrain line=6430-1994 passengers=0 row=train station=1994 train=2000001652 t=20730577 id=1720
[mod] [SMRTK] SMRTK_STREAM assigned=none at_station=true cargo=none command=LoadTrain line=6430-2008 passengers=0 row=train station=2008 train=2000001844 t=20730577 id=1721
[mod] [SMRTK] SMRTK_STREAM assigned=none at_station=true cargo=none command=LoadTrain line=2011-2009 passengers=0 row=train station=2009 train=2000001847 t=20730577 id=1722
[mod] [SMRTK] SMRTK_STREAM assigned=none at_station=true cargo=none command=GotoStation line=6951-6883 passengers=0 row=train station=6951 train=2000002387 t=20730577 id=1723
[mod] [SMRTK] SMRTK_STREAM assigned=none at_station=false cargo=none command=GotoStation line=6883-6495 passengers=0 row=train station=6883 train=2000002390 t=20730577 id=1724
[mod] [SMRTK] SMRTK_STREAM assigned=none at_station=true cargo=none command=UnloadTrain line=7411-6495 passengers=0 row=train station=6495 train=2000002391 t=20730577 id=1725
[mod] [SMRTK] SMRTK_STREAM before=0 calls=8 cubes=none expected_cubes=none hub=false res=Herbs row=stock station=2008 stock=10000 target=10000 t=20730577 id=1726
[mod] [SMRTK] SMRTK_STREAM before=0 calls=8 cubes=none expected_cubes=none hub=false res=Metals row=stock station=2008 stock=10000 target=10000 t=20730577 id=1727
[mod] [SMRTK] SMRTK_STREAM before=0 calls=8 cubes=none expected_cubes=none hub=false res=Concrete row=stock station=2008 stock=10000 target=10000 t=20730577 id=1728
[mod] [SMRTK] SMRTK_STREAM before=0 calls=8 cubes=none expected_cubes=none hub=false res=Spices row=stock station=2008 stock=10000 target=10000 t=20730577 id=1729
[mod] [SMRTK] SMRTK_STREAM before=0 calls=8 cubes=none expected_cubes=none hub=false res=Food row=stock station=2008 stock=10000 target=10000 t=20730577 id=1730
[mod] [SMRTK] SMRTK_STREAM before=0 calls=8 cubes=none expected_cubes=none hub=false res=Sugar row=stock station=2008 stock=10000 target=10000 t=20730577 id=1731
[mod] [SMRTK] SMRTK_STREAM before=0 calls=8 cubes=none expected_cubes=none hub=false res=Butter row=stock station=2008 stock=10000 target=10000 t=20730577 id=1732
[mod] [SMRTK] SMRTK_STREAM before=0 calls=8 cubes=none expected_cubes=none hub=false res=PreciousMetals row=stock station=2008 stock=10000 target=10000 t=20730577 id=1733
[mod] [SMRTK] SMRTK_STREAM before=0 calls=8 cubes=none expected_cubes=none hub=false res=Bread row=stock station=2008 stock=10000 target=10000 t=20730577 id=1734
[mod] [SMRTK] SMRTK_STREAM before=0 calls=8 cubes=none expected_cubes=none hub=false res=PreciousMinerals row=stock station=2008 stock=10000 target=10000 t=20730577 id=1735
[mod] [SMRTK] SMRTK_STREAM before=0 calls=8 cubes=none expected_cubes=none hub=false res=Cheese row=stock station=2008 stock=5000 target=10000 t=20730577 id=1736
						Lua 0:11:24:413
[mod] [SMRTK] SMRTK_STREAM assigned=none at_station=true cargo=none command=LoadTrain line=7411-6495 passengers=0 row=train station=7411 train=2000002388 t=20732577 id=1737
[mod] [SMRTK] SMRTK_STREAM assigned=6951:Bread:10000,6951:Butter:10000,6951:Cheese:5000,6951:Concrete:10000,6951:Food:10000,6951:Herbs:10000,6951:Metals:10000,6951:PreciousMetals:10000,6951:PreciousMinerals:10000,6951:Spices:10000,6951:Sugar:10000 at_station=true cargo=Bread:10000,Butter:10000,Cheese:5000,Concrete:10000,Food:10000,Herbs:10000,Metals:10000,PreciousMetals:10000,PreciousMinerals:10000,Spices:10000,Sugar:10000 command=LoadTrain line=6495-6827 passengers=0 row=train station=6495 train=2000002389 t=20732577 id=1738
						Lua 0:11:24:414
[mod] [SMRTK] SMRTK_STREAM before=413000 calls=47 cubes=171 expected_cubes=171 hub=true res=Herbs row=stock station=6495 stock=403000 target=none t=20732577 id=1739
[mod] [SMRTK] SMRTK_STREAM before=430000 calls=47 cubes=171 expected_cubes=171 hub=true res=Metals row=stock station=6495 stock=420000 target=none t=20732577 id=1740
[mod] [SMRTK] SMRTK_STREAM before=430000 calls=47 cubes=171 expected_cubes=171 hub=true res=Concrete row=stock station=6495 stock=420000 target=none t=20732577 id=1741
[mod] [SMRTK] SMRTK_STREAM before=413000 calls=47 cubes=171 expected_cubes=171 hub=true res=Spices row=stock station=6495 stock=403000 target=none t=20732577 id=1742
[mod] [SMRTK] SMRTK_STREAM before=413000 calls=47 cubes=171 expected_cubes=171 hub=true res=Food row=stock station=6495 stock=403000 target=none t=20732577 id=1743
[mod] [SMRTK] SMRTK_STREAM before=413000 calls=47 cubes=171 expected_cubes=171 hub=true res=Sugar row=stock station=6495 stock=403000 target=none t=20732577 id=1744
						Lua 0:11:24:415
[mod] [SMRTK] SMRTK_STREAM before=413000 calls=47 cubes=171 expected_cubes=171 hub=true res=Butter row=stock station=6495 stock=403000 target=none t=20732577 id=1745
[mod] [SMRTK] SMRTK_STREAM before=430000 calls=47 cubes=171 expected_cubes=171 hub=true res=PreciousMetals row=stock station=6495 stock=420000 target=none t=20732577 id=1746
[mod] [SMRTK] SMRTK_STREAM before=413000 calls=47 cubes=171 expected_cubes=171 hub=true res=Bread row=stock station=6495 stock=403000 target=none t=20732577 id=1747
[mod] [SMRTK] SMRTK_STREAM before=430000 calls=47 cubes=171 expected_cubes=171 hub=true res=PreciousMinerals row=stock station=6495 stock=420000 target=none t=20732577 id=1748
[mod] [SMRTK] SMRTK_STREAM before=417000 calls=47 cubes=171 expected_cubes=171 hub=true res=Cheese row=stock station=6495 stock=412000 target=none t=20732577 id=1749
[mod] [SMRTK] SMRTK_STREAM before=0 calls=14 cubes=none expected_cubes=none hub=false res=Herbs row=stock station=7411 stock=10000 target=10000 t=20732577 id=1750
[mod] [SMRTK] SMRTK_STREAM before=0 calls=14 cubes=none expected_cubes=none hub=false res=Metals row=stock station=7411 stock=10000 target=10000 t=20732577 id=1751
[mod] [SMRTK] SMRTK_STREAM before=0 calls=14 cubes=none expected_cubes=none hub=false res=Concrete row=stock station=7411 stock=10000 target=10000 t=20732577 id=1752
[mod] [SMRTK] SMRTK_STREAM before=0 calls=14 cubes=none expected_cubes=none hub=false res=Spices row=stock station=7411 stock=10000 target=10000 t=20732577 id=1753
[mod] [SMRTK] SMRTK_STREAM before=0 calls=14 cubes=none expected_cubes=none hub=false res=Food row=stock station=7411 stock=10000 target=10000 t=20732577 id=1754
[mod] [SMRTK] SMRTK_STREAM before=0 calls=14 cubes=none expected_cubes=none hub=false res=Sugar row=stock station=7411 stock=10000 target=10000 t=20732577 id=1755
[mod] [SMRTK] SMRTK_STREAM before=0 calls=14 cubes=none expected_cubes=none hub=false res=Butter row=stock station=7411 stock=10000 target=10000 t=20732577 id=1756
[mod] [SMRTK] SMRTK_STREAM before=0 calls=14 cubes=none expected_cubes=none hub=false res=PreciousMetals row=stock station=7411 stock=10000 target=10000 t=20732577 id=1757
[mod] [SMRTK] SMRTK_STREAM before=0 calls=14 cubes=none expected_cubes=none hub=false res=Bread row=stock station=7411 stock=10000 target=10000 t=20732577 id=1758
[mod] [SMRTK] SMRTK_STREAM before=0 calls=14 cubes=none expected_cubes=none hub=false res=PreciousMinerals row=stock station=7411 stock=10000 target=10000 t=20732577 id=1759
						Lua 0:11:24:416
[mod] [SMRTK] SMRTK_STREAM before=0 calls=14 cubes=none expected_cubes=none hub=false res=Cheese row=stock station=7411 stock=5000 target=10000 t=20732577 id=1760
						Lua 0:11:25:413
[mod] [SMRTK] SMRTK_STREAM assigned=none at_station=true cargo=none command=UnloadTrain line=2012-6430 passengers=0 row=train station=6430 train=2000001848 t=20733577 id=1761
						Lua 0:11:27:412
[mod] [SMRTK] SMRTK_STREAM assigned=none at_station=true cargo=none command=LoadTrain line=6243-2012 passengers=0 row=train station=6243 train=2000001849 t=20735577 id=1762
[mod] [SMRTK] SMRTK_STREAM assigned=2007:Bread:10000,2007:Butter:10000,2007:Cheese:5000,2007:Concrete:10000,2007:Food:10000,2007:Herbs:10000,2007:Metals:10000,2007:PreciousMetals:10000,2007:PreciousMinerals:10000,2007:Spices:10000,2007:Sugar:10000 at_station=true cargo=Bread:10000,Butter:10000,Cheese:5000,Concrete:10000,Food:10000,Herbs:10000,Metals:10000,PreciousMetals:10000,PreciousMinerals:10000,Spices:10000,Sugar:10000 command=LoadTrain line=2011-6430 passengers=0 row=train station=6430 train=2000001851 t=20735577 id=1763
[mod] [SMRTK] SMRTK_STREAM assigned=none at_station=true cargo=none command=LoadTrain line=6951-6883 passengers=0 row=train station=6951 train=2000002387 t=20735577 id=1764
[mod] [SMRTK] SMRTK_STREAM before=0 calls=9 cubes=none expected_cubes=none hub=false res=Spices row=stock station=6243 stock=10000 target=10000 t=20735577 id=1765
						Lua 0:11:27:413
[mod] [SMRTK] SMRTK_STREAM before=0 calls=9 cubes=none expected_cubes=none hub=false res=Food row=stock station=6243 stock=10000 target=10000 t=20735577 id=1766
[mod] [SMRTK] SMRTK_STREAM before=0 calls=9 cubes=none expected_cubes=none hub=false res=Sugar row=stock station=6243 stock=10000 target=10000 t=20735577 id=1767
[mod] [SMRTK] SMRTK_STREAM before=0 calls=9 cubes=none expected_cubes=none hub=false res=Butter row=stock station=6243 stock=10000 target=10000 t=20735577 id=1768
[mod] [SMRTK] SMRTK_STREAM before=0 calls=9 cubes=none expected_cubes=none hub=false res=PreciousMetals row=stock station=6243 stock=10000 target=10000 t=20735577 id=1769
[mod] [SMRTK] SMRTK_STREAM before=0 calls=9 cubes=none expected_cubes=none hub=false res=Bread row=stock station=6243 stock=10000 target=10000 t=20735577 id=1770
[mod] [SMRTK] SMRTK_STREAM before=0 calls=9 cubes=none expected_cubes=none hub=false res=PreciousMinerals row=stock station=6243 stock=10000 target=10000 t=20735577 id=1771
[mod] [SMRTK] SMRTK_STREAM before=0 calls=9 cubes=none expected_cubes=none hub=false res=Cheese row=stock station=6243 stock=10000 target=10000 t=20735577 id=1772
[mod] [SMRTK] SMRTK_STREAM before=0 calls=9 cubes=none expected_cubes=none hub=false res=Polymers row=stock station=6243 stock=10000 target=10000 t=20735577 id=1773
[mod] [SMRTK] SMRTK_STREAM before=0 calls=9 cubes=none expected_cubes=none hub=false res=Coffee row=stock station=6243 stock=10000 target=10000 t=20735577 id=1774
[mod] [SMRTK] SMRTK_STREAM before=0 calls=9 cubes=none expected_cubes=none hub=false res=MachineParts row=stock station=6243 stock=5000 target=10000 t=20735577 id=1775
[mod] [SMRTK] SMRTK_STREAM before=52000 calls=26 cubes=42 expected_cubes=42 hub=true res=Herbs row=stock station=6430 stock=42000 target=none t=20735577 id=1776
[mod] [SMRTK] SMRTK_STREAM before=129500 calls=26 cubes=119 expected_cubes=119 hub=true res=Metals row=stock station=6430 stock=119500 target=none t=20735577 id=1777
[mod] [SMRTK] SMRTK_STREAM before=45000 calls=26 cubes=35 expected_cubes=35 hub=true res=Concrete row=stock station=6430 stock=35000 target=none t=20735577 id=1778
[mod] [SMRTK] SMRTK_STREAM before=51000 calls=26 cubes=41 expected_cubes=41 hub=true res=Spices row=stock station=6430 stock=41000 target=none t=20735577 id=1779
[mod] [SMRTK] SMRTK_STREAM before=49000 calls=26 cubes=39 expected_cubes=39 hub=true res=Food row=stock station=6430 stock=39000 target=none t=20735577 id=1780
[mod] [SMRTK] SMRTK_STREAM before=50000 calls=26 cubes=40 expected_cubes=40 hub=true res=Sugar row=stock station=6430 stock=40000 target=none t=20735577 id=1781
[mod] [SMRTK] SMRTK_STREAM before=51000 calls=26 cubes=41 expected_cubes=41 hub=true res=Butter row=stock station=6430 stock=41000 target=none t=20735577 id=1782
[mod] [SMRTK] SMRTK_STREAM before=60000 calls=26 cubes=50 expected_cubes=50 hub=true res=PreciousMetals row=stock station=6430 stock=50000 target=none t=20735577 id=1783
[mod] [SMRTK] SMRTK_STREAM before=51000 calls=26 cubes=41 expected_cubes=41 hub=true res=Bread row=stock station=6430 stock=41000 target=none t=20735577 id=1784
[mod] [SMRTK] SMRTK_STREAM before=60000 calls=26 cubes=50 expected_cubes=50 hub=true res=PreciousMinerals row=stock station=6430 stock=50000 target=none t=20735577 id=1785
[mod] [SMRTK] SMRTK_STREAM before=94000 calls=26 cubes=89 expected_cubes=89 hub=true res=Cheese row=stock station=6430 stock=89000 target=none t=20735577 id=1786
						Lua 0:11:28:413
[mod] [SMRTK] SMRTK_STREAM assigned=none at_station=true cargo=none command=LoadTrain line=6430-1994 passengers=0 row=train station=1994 train=2000001652 t=20736577 id=1787
[mod] [SMRTK] SMRTK_STREAM assigned=none at_station=false cargo=none command=GotoStation line=6430-2008 passengers=0 row=train station=2008 train=2000001844 t=20736577 id=1788
[mod] [SMRTK] SMRTK_STREAM assigned=none at_station=false cargo=none command=GotoStation line=2011-2009 passengers=0 row=train station=2009 train=2000001847 t=20736577 id=1789
						Lua 0:11:28:414
[mod] [SMRTK] SMRTK_STREAM assigned=7411:Cheese:5000,7411:Coffee:10000,7411:Electronics:10000,7411:Fuel:10000,7411:MachineParts:10000,7411:Meat:10000,7411:Polymers:10000,7411:Seeds:10000,7411:WasteRock:10000 at_station=true cargo=Cheese:5000,Coffee:10000,Electronics:10000,Fuel:10000,MachineParts:10000,Meat:10000,Polymers:10000,Seeds:10000,WasteRock:10000 command=LoadTrain line=7411-6495 passengers=0 row=train station=6495 train=2000002391 t=20736577 id=1790
[mod] [SMRTK] SMRTK_STREAM assigned=none at_station=true cargo=none command=UnloadTrain line=6951-6495 passengers=0 row=train station=6495 train=2000002392 t=20736577 id=1791
						Lua 0:11:28:424
[mod] [SMRTK] SMRTK_STREAM before=0 calls=15 cubes=none expected_cubes=none hub=false res=Herbs row=stock station=1994 stock=10000 target=10000 t=20736577 id=1792
[mod] [SMRTK] SMRTK_STREAM before=0 calls=15 cubes=none expected_cubes=none hub=false res=Metals row=stock station=1994 stock=10000 target=10000 t=20736577 id=1793
[mod] [SMRTK] SMRTK_STREAM before=0 calls=15 cubes=none expected_cubes=none hub=false res=Concrete row=stock station=1994 stock=10000 target=10000 t=20736577 id=1794
[mod] [SMRTK] SMRTK_STREAM before=0 calls=15 cubes=none expected_cubes=none hub=false res=Spices row=stock station=1994 stock=10000 target=10000 t=20736577 id=1795
[mod] [SMRTK] SMRTK_STREAM before=0 calls=15 cubes=none expected_cubes=none hub=false res=Food row=stock station=1994 stock=10000 target=10000 t=20736577 id=1796
[mod] [SMRTK] SMRTK_STREAM before=0 calls=15 cubes=none expected_cubes=none hub=false res=Sugar row=stock station=1994 stock=10000 target=10000 t=20736577 id=1797
[mod] [SMRTK] SMRTK_STREAM before=0 calls=15 cubes=none expected_cubes=none hub=false res=Butter row=stock station=1994 stock=10000 target=10000 t=20736577 id=1798
[mod] [SMRTK] SMRTK_STREAM before=0 calls=15 cubes=none expected_cubes=none hub=false res=PreciousMetals row=stock station=1994 stock=10000 target=10000 t=20736577 id=1799
[mod] [SMRTK] SMRTK_STREAM before=0 calls=15 cubes=none expected_cubes=none hub=false res=Bread row=stock station=1994 stock=10000 target=10000 t=20736577 id=1800
[mod] [SMRTK] SMRTK_STREAM before=0 calls=15 cubes=none expected_cubes=none hub=false res=PreciousMinerals row=stock station=1994 stock=10000 target=10000 t=20736577 id=1801
[mod] [SMRTK] SMRTK_STREAM before=0 calls=15 cubes=none expected_cubes=none hub=false res=Cheese row=stock station=1994 stock=5000 target=10000 t=20736577 id=1802
						Lua 0:11:28:425
[mod] [SMRTK] SMRTK_STREAM before=412000 calls=48 cubes=171 expected_cubes=171 hub=true res=Cheese row=stock station=6495 stock=407000 target=none t=20736577 id=1803
[mod] [SMRTK] SMRTK_STREAM before=440000 calls=48 cubes=171 expected_cubes=171 hub=true res=Polymers row=stock station=6495 stock=430000 target=none t=20736577 id=1804
[mod] [SMRTK] SMRTK_STREAM before=423000 calls=48 cubes=171 expected_cubes=171 hub=true res=Coffee row=stock station=6495 stock=413000 target=none t=20736577 id=1805
[mod] [SMRTK] SMRTK_STREAM before=440000 calls=48 cubes=171 expected_cubes=171 hub=true res=MachineParts row=stock station=6495 stock=430000 target=none t=20736577 id=1806
						Lua 0:11:28:426
[mod] [SMRTK] SMRTK_STREAM before=440000 calls=48 cubes=171 expected_cubes=171 hub=true res=Electronics row=stock station=6495 stock=430000 target=none t=20736577 id=1807
[mod] [SMRTK] SMRTK_STREAM before=422000 calls=48 cubes=171 expected_cubes=171 hub=true res=Meat row=stock station=6495 stock=412000 target=none t=20736577 id=1808
[mod] [SMRTK] SMRTK_STREAM before=440000 calls=48 cubes=171 expected_cubes=171 hub=true res=Fuel row=stock station=6495 stock=430000 target=none t=20736577 id=1809
[mod] [SMRTK] SMRTK_STREAM before=440000 calls=48 cubes=171 expected_cubes=171 hub=true res=Seeds row=stock station=6495 stock=430000 target=none t=20736577 id=1810
[mod] [SMRTK] SMRTK_STREAM before=440000 calls=48 cubes=162 expected_cubes=162 hub=true res=WasteRock row=stock station=6495 stock=430000 target=none t=20736577 id=1811
						Lua 0:11:30:412
[mod] [SMRTK] SMRTK_STREAM assigned=none at_station=false cargo=none command=GotoStation line=7411-6495 passengers=0 row=train station=7411 train=2000002388 t=20738577 id=1812
[mod] [SMRTK] SMRTK_STREAM assigned=6951:Bread:10000,6951:Butter:10000,6951:Cheese:5000,6951:Concrete:10000,6951:Food:10000,6951:Herbs:10000,6951:Metals:10000,6951:PreciousMetals:10000,6951:PreciousMinerals:10000,6951:Spices:10000,6951:Sugar:10000 at_station=false cargo=Bread:10000,Butter:10000,Cheese:5000,Concrete:10000,Food:10000,Herbs:10000,Metals:10000,PreciousMetals:10000,PreciousMinerals:10000,Spices:10000,Sugar:10000 command=GotoStation line=6951-6495 passengers=0 row=train station=6495 train=2000002389 t=20738577 id=1813
						Lua 0:11:42:022
[mod] [SMRTK] SMRTK_MARK action=mark label=DISTRIBUTION_READ mark=1931 status=OK t=20738777 id=1814
[SMRTK] SMRTK_MARK action=mark label=DISTRIBUTION_READ mark=1931 status=OK t=20738777 id=1814
[mod] [SMRTK] SMRTK_FINGERPRINT action=fingerprint fix_pack_present=45/45 game=405907 mark_action=mark mods=SMR_CommunityFixPack,SMR_CommunityFixPackTestKit,SMR_CommunityOptInPack,SMR_RailShaftDev_20260923,SMR_TrainHubDev_20260918 pack_version=26 read="live registry" save="Double Hub Build.savegame.sav" sol=30 status=OK t=20738777 id=1815
[SMRTK] SMRTK_FINGERPRINT action=fingerprint fix_pack_present=45/45 game=405907 mark_action=mark mods=SMR_CommunityFixPack,SMR_CommunityFixPackTestKit,SMR_CommunityOptInPack,SMR_RailShaftDev_20260923,SMR_TrainHubDev_20260918 pack_version=26 read="live registry" save="Double Hub Build.savegame.sav" sol=30 status=OK t=20738777 id=1815
						Lua 0:11:42:023
[mod] [SMRTK] SMRTK_TAINT_READ action=taint_read status=OK used=false t=20738777 id=1816
[SMRTK] SMRTK_TAINT_READ action=taint_read status=OK used=false t=20738777 id=1816
[mod] [SMRTK] SMRTK_ELIGIBILITY action=eligibility reason=UNAVAILABLE:sandbox status=OK t=20738777 id=1817
[SMRTK] SMRTK_ELIGIBILITY action=eligibility reason=UNAVAILABLE:sandbox status=OK t=20738777 id=1817
[mod] [SMRTK] SMRTK_DUMP calls=26 cap=480000 configured=false covered=true demand_desired=470000 demand_target=360500 enabled=true hub=none hub_room=none hub_stock=none mode=vanilla percent=unset phase=READ res=Metals sitting=distribution_pass2 station=6430 stock=119500 supply_desired=10000 supply_target=119500 target=unset t=20738777 id=1818
[SMRTK] SMRTK_DUMP calls=26 cap=480000 configured=false covered=true demand_desired=470000 demand_target=360500 enabled=true hub=none hub_room=none hub_stock=none mode=vanilla percent=unset phase=READ res=Metals sitting=distribution_pass2 station=6430 stock=119500 supply_desired=10000 supply_target=119500 target=unset t=20738777 id=1818
[mod] [SMRTK] SMRTK_DUMP assigned_here=0 cargo=10000 object=2000001845 row=train sitting=distribution_pass2 station=6430 t=20738777 id=1819
[SMRTK] SMRTK_DUMP assigned_here=0 cargo=10000 object=2000001845 row=train sitting=distribution_pass2 station=6430 t=20738777 id=1819
[mod] [SMRTK] SMRTK_DUMP assigned_here=0 cargo=10000 object=2000001846 row=train sitting=distribution_pass2 station=6430 t=20738777 id=1820
[SMRTK] SMRTK_DUMP assigned_here=0 cargo=10000 object=2000001846 row=train sitting=distribution_pass2 station=6430 t=20738777 id=1820
[mod] [SMRTK] SMRTK_DUMP assigned_here=0 cargo=0 object=2000001848 row=train sitting=distribution_pass2 station=6430 t=20738777 id=1821
[SMRTK] SMRTK_DUMP assigned_here=0 cargo=0 object=2000001848 row=train sitting=distribution_pass2 station=6430 t=20738777 id=1821
[mod] [SMRTK] SMRTK_DUMP assigned_here=0 cargo=10000 object=2000001851 row=train sitting=distribution_pass2 station=6430 t=20738777 id=1822
[SMRTK] SMRTK_DUMP assigned_here=0 cargo=10000 object=2000001851 row=train sitting=distribution_pass2 station=6430 t=20738777 id=1822
[mod] [SMRTK] SMRTK_DUMP assigned_here=0 cargo=10000 object=2000002389 row=train sitting=distribution_pass2 station=6495 t=20738777 id=1823
[SMRTK] SMRTK_DUMP assigned_here=0 cargo=10000 object=2000002389 row=train sitting=distribution_pass2 station=6495 t=20738777 id=1823
[mod] [SMRTK] SMRTK_ACTION action=slot_4 errors=0 game_time=20738777 mark=1931 phase=READ rows=1 runtime_error=none sitting=distribution_pass2 station=6430 status=OK t=20738777 id=1824
[SMRTK] SMRTK_ACTION action=slot_4 errors=0 game_time=20738777 mark=1931 phase=READ rows=1 runtime_error=none sitting=distribution_pass2 station=6430 status=OK t=20738777 id=1824
						Lua 0:11:48:204
[mod] [SMRTK] SMRTK_MARK action=mark label=REACTOR_DUST_REFERENCE mark=1942 status=OK t=20738777 id=1825
[SMRTK] SMRTK_MARK action=mark label=REACTOR_DUST_REFERENCE mark=1942 status=OK t=20738777 id=1825
[mod] [SMRTK] SMRTK_FINGERPRINT action=fingerprint fix_pack_present=45/45 game=405907 mark_action=mark mods=SMR_CommunityFixPack,SMR_CommunityFixPackTestKit,SMR_CommunityOptInPack,SMR_RailShaftDev_20260923,SMR_TrainHubDev_20260918 pack_version=26 read="live registry" save="Double Hub Build.savegame.sav" sol=30 status=OK t=20738777 id=1826
[SMRTK] SMRTK_FINGERPRINT action=fingerprint fix_pack_present=45/45 game=405907 mark_action=mark mods=SMR_CommunityFixPack,SMR_CommunityFixPackTestKit,SMR_CommunityOptInPack,SMR_RailShaftDev_20260923,SMR_TrainHubDev_20260918 pack_version=26 read="live registry" save="Double Hub Build.savegame.sav" sol=30 status=OK t=20738777 id=1826
[mod] [SMRTK] SMRTK_DUMP dust=255 entity=FusionReactor mark=1942 object=5443566337 row=reactor_dust_reference t=20738777 id=1827
[SMRTK] SMRTK_DUMP dust=255 entity=FusionReactor mark=1942 object=5443566337 row=reactor_dust_reference t=20738777 id=1827
[mod] [SMRTK] SMRTK_ARM action=slot_2 expected_dust=255 hold_real_ms=2000 mark=1942 status=OK t=20738777 id=1828
[SMRTK] SMRTK_ARM action=slot_2 expected_dust=255 hold_real_ms=2000 mark=1942 status=OK t=20738777 id=1828
						Lua 0:11:49:197
[mod] [SMRTK] SMRTK_MARK action=mark label=REACTOR_DUST_RESTORED mark=1946 status=OK t=20738777 id=1829
[SMRTK] SMRTK_MARK action=mark label=REACTOR_DUST_RESTORED mark=1946 status=OK t=20738777 id=1829
						Lua 0:11:49:198
[mod] [SMRTK] SMRTK_FINGERPRINT action=fingerprint fix_pack_present=45/45 game=405907 mark_action=mark mods=SMR_CommunityFixPack,SMR_CommunityFixPackTestKit,SMR_CommunityOptInPack,SMR_RailShaftDev_20260923,SMR_TrainHubDev_20260918 pack_version=26 read="live registry" save="Double Hub Build.savegame.sav" sol=30 status=OK t=20738777 id=1830
[SMRTK] SMRTK_FINGERPRINT action=fingerprint fix_pack_present=45/45 game=405907 mark_action=mark mods=SMR_CommunityFixPack,SMR_CommunityFixPackTestKit,SMR_CommunityOptInPack,SMR_RailShaftDev_20260923,SMR_TrainHubDev_20260918 pack_version=26 read="live registry" save="Double Hub Build.savegame.sav" sol=30 status=OK t=20738777 id=1830
[mod] [SMRTK] SMRTK_DUMP dust=0 mark=1946 row=reactor_dust_restored t=20738777 id=1831
[SMRTK] SMRTK_DUMP dust=0 mark=1946 row=reactor_dust_restored t=20738777 id=1831
[mod] [SMRTK] SMRTK_DISARM action=slot_2 dust=0 mark=1946 reason=manual status=OK t=20738777 id=1832
[SMRTK] SMRTK_DISARM action=slot_2 dust=0 mark=1946 reason=manual status=OK t=20738777 id=1832
						Lua 0:11:53:184
[mod] [SMRTK] SMRTK_SECTION action=section_attach attached=true dialog=ipBuilding object=SMROptInTrainHub6(6430) status=OK t=20738777 id=1833
						Lua 0:11:54:802
[mod] [SMRTK] SMRTK_SECTION action=section_attach attached=true dialog=ipBuilding object=SMROptInTrainHub6(6495) status=OK t=20738777 id=1834
						Lua 0:11:57:112
[mod] [SMRTK] SMRTK_MARK action=mark label=DISTRIBUTION_READ mark=1952 status=OK t=20738777 id=1835
[SMRTK] SMRTK_MARK action=mark label=DISTRIBUTION_READ mark=1952 status=OK t=20738777 id=1835
[mod] [SMRTK] SMRTK_FINGERPRINT action=fingerprint fix_pack_present=45/45 game=405907 mark_action=mark mods=SMR_CommunityFixPack,SMR_CommunityFixPackTestKit,SMR_CommunityOptInPack,SMR_RailShaftDev_20260923,SMR_TrainHubDev_20260918 pack_version=26 read="live registry" save="Double Hub Build.savegame.sav" sol=30 status=OK t=20738777 id=1836
[SMRTK] SMRTK_FINGERPRINT action=fingerprint fix_pack_present=45/45 game=405907 mark_action=mark mods=SMR_CommunityFixPack,SMR_CommunityFixPackTestKit,SMR_CommunityOptInPack,SMR_RailShaftDev_20260923,SMR_TrainHubDev_20260918 pack_version=26 read="live registry" save="Double Hub Build.savegame.sav" sol=30 status=OK t=20738777 id=1836
[mod] [SMRTK] SMRTK_TAINT_READ action=taint_read status=OK used=false t=20738777 id=1837
[SMRTK] SMRTK_TAINT_READ action=taint_read status=OK used=false t=20738777 id=1837
[mod] [SMRTK] SMRTK_ELIGIBILITY action=eligibility reason=UNAVAILABLE:sandbox status=OK t=20738777 id=1838
[SMRTK] SMRTK_ELIGIBILITY action=eligibility reason=UNAVAILABLE:sandbox status=OK t=20738777 id=1838
[mod] [SMRTK] SMRTK_DUMP calls=48 cap=480000 configured=false covered=true demand_desired=470000 demand_target=60000 enabled=true hub=none hub_room=none hub_stock=none mode=vanilla percent=unset phase=READ res=Metals sitting=distribution_pass2 station=6495 stock=420000 supply_desired=10000 supply_target=420000 target=unset t=20738777 id=1839
[SMRTK] SMRTK_DUMP calls=48 cap=480000 configured=false covered=true demand_desired=470000 demand_target=60000 enabled=true hub=none hub_room=none hub_stock=none mode=vanilla percent=unset phase=READ res=Metals sitting=distribution_pass2 station=6495 stock=420000 supply_desired=10000 supply_target=420000 target=unset t=20738777 id=1839
[mod] [SMRTK] SMRTK_DUMP assigned_here=0 cargo=10000 object=2000001845 row=train sitting=distribution_pass2 station=6430 t=20738777 id=1840
[SMRTK] SMRTK_DUMP assigned_here=0 cargo=10000 object=2000001845 row=train sitting=distribution_pass2 station=6430 t=20738777 id=1840
[mod] [SMRTK] SMRTK_DUMP assigned_here=0 cargo=10000 object=2000001846 row=train sitting=distribution_pass2 station=6430 t=20738777 id=1841
[SMRTK] SMRTK_DUMP assigned_here=0 cargo=10000 object=2000001846 row=train sitting=distribution_pass2 station=6430 t=20738777 id=1841
[mod] [SMRTK] SMRTK_DUMP assigned_here=0 cargo=10000 object=2000001851 row=train sitting=distribution_pass2 station=6430 t=20738777 id=1842
[SMRTK] SMRTK_DUMP assigned_here=0 cargo=10000 object=2000001851 row=train sitting=distribution_pass2 station=6430 t=20738777 id=1842
[mod] [SMRTK] SMRTK_DUMP assigned_here=0 cargo=10000 object=2000002389 row=train sitting=distribution_pass2 station=6495 t=20738777 id=1843
[SMRTK] SMRTK_DUMP assigned_here=0 cargo=10000 object=2000002389 row=train sitting=distribution_pass2 station=6495 t=20738777 id=1843
[mod] [SMRTK] SMRTK_DUMP assigned_here=0 cargo=0 object=2000002391 row=train sitting=distribution_pass2 station=6495 t=20738777 id=1844
[SMRTK] SMRTK_DUMP assigned_here=0 cargo=0 object=2000002391 row=train sitting=distribution_pass2 station=6495 t=20738777 id=1844
[mod] [SMRTK] SMRTK_DUMP assigned_here=0 cargo=0 object=2000002392 row=train sitting=distribution_pass2 station=6495 t=20738777 id=1845
[SMRTK] SMRTK_DUMP assigned_here=0 cargo=0 object=2000002392 row=train sitting=distribution_pass2 station=6495 t=20738777 id=1845
[mod] [SMRTK] SMRTK_ACTION action=slot_4 errors=0 game_time=20738777 mark=1952 phase=READ rows=1 runtime_error=none sitting=distribution_pass2 station=6495 status=OK t=20738777 id=1846
[SMRTK] SMRTK_ACTION action=slot_4 errors=0 game_time=20738777 mark=1952 phase=READ rows=1 runtime_error=none sitting=distribution_pass2 station=6495 status=OK t=20738777 id=1846
						Lua 0:11:59:136
[mod] [SMRTK] SMRTK_COPY action=copy flushed=true from=1952 lines=12 status=OK truncated=false t=20738777 id=1847
[SMRTK] SMRTK_COPY action=copy flushed=true from=1952 lines=12 status=OK truncated=false t=20738777 id=1847
						Lua 0:13:13:576
[mod] [SMRTK] SMRTK_PANEL action=panel_toggle open=false status=OK tab=Agent t=20738777 id=1848
						Lua 0:13:17:351
[mod] [SMRTK] SMRTK_PANEL action=panel_toggle open=true status=OK tab=Agent t=20738777 id=1849
						Lua 0:13:18:584
[mod] [SMRTK] SMRTK_CLEAR action=clear status=OK t=20738777 id=1850
						Lua 0:13:57:011
75 0 0 0
						Lua 0:14:01:161
[mod] [SMRTK] SMRTK_SECTION action=section_attach attached=true dialog=ipBuilding object=SMROptInTrainHub6(6430) status=OK t=20738777 id=1851
						Lua 0:14:02:610
145 255 255 0
						Lua 0:14:07:318
[mod] [SMRTK] SMRTK_COPY action=copy flushed=true from=1952 lines=21 status=OK truncated=false t=20738777 id=1852
[SMRTK] SMRTK_COPY action=copy flushed=true from=1952 lines=21 status=OK truncated=false t=20738777 id=1852
						Lua 0:16:58:919


Stopping the game threads from the Lua side with exit code 0.



Stopping the game threads after receiving WM_QUIT.

					Render 0:16:59:261


*** Debug::Done()
Time (ms)	1019261


